cardnumber,cardname,page_title,card_type_raw,work_title,group,unit,cost,blade,blade_heart_raw,base_hearts_raw,required_hearts_raw,score,effect_text_raw,source_url,card_type_norm,base_hearts_counts_json,base_hearts_total,base_hearts_tags_json,required_hearts_counts_json,required_hearts_total,required_hearts_tags_json,blade_heart_counts_json,blade_heart_total,blade_heart_tags_json,effect_text_norm,effect_text_status,effect_text_is_no_ability,effect_tokens_json,tok_blade_icon_n,tok_energy_icon_n,tok_all_heart_n,tok_score_delta_icon,tok_unknown_tags_n,blade_heart_special_counts_json,blade_heart_draw_n,blade_heart_score_n,blade_heart_colorless_n,manual_override_applied,manual_override_reason
LL-PR-004,愛♡スクリ～ム！,LL-PR-004 愛♡スクリ～ム！ - ラブライブ！シリーズ オフィシャルカードゲーム(ラブカ) 非公式 Wiki*,ライブ,-,,AiScReam,,,<ALL>,,<桃> 3 <赤> 3 <緑> 3 (合計9),3.0,"<ライブ開始時>
相手に何が好き？と聞く。
回答がチョコミントかストロベリーフレイバーかクッキー&クリームの場合、自分と相手は手札を1枚控え室に置く。
回答があなたの場合、自分と相手はカードを1枚引く。
回答がそれ以外の場合、ライブ終了時まで、自分と相手のステージにいるメンバーは
<(ブレード)>
を得る。",https://wikiwiki.jp/llocardgame/LL-PR-004%20%E6%84%9B%E2%99%A1%E3%82%B9%E3%82%AF%E3%83%AA%EF%BD%9E%E3%83%A0%EF%BC%81,LIVE,{},0,[],{},9,[],"{""all"": 1}",1,[],"<ライブ開始時>
相手に何が好き？と聞く。
回答がチョコミントかストロベリーフレイバーかクッキー&クリームの場合、自分と相手は手札を1枚控え室に置く。
回答があなたの場合、自分と相手はカードを1枚引く。
回答がそれ以外の場合、ライブ終了時まで、自分と相手のステージにいるメンバーは
<(ブレード)>
を得る。",HAS_TEXT,0,"{""hearts"": {}, ""blade_mentions"": [], ""tags"": [], ""blade_icon_n"": 1, ""energy_icon_n"": 0, ""all_heart_n"": 0, ""score_delta_icon"": 0, ""unknown_tags"": []}",1,0,0,0,0,"{""draw"": 0, ""score"": 0, ""colorless"": 0}",0,0,0,,
LL-bp1-001,上原歩夢＆澁谷かのん＆日野下花帆,LL-bp1-001 上原歩夢＆澁谷かのん＆日野下花帆 - ラブライブ！シリーズ オフィシャルカードゲーム(ラブカ) 非公式 Wiki*,メンバー,ラブライブ！虹ヶ咲学園スクールアイドル同好会 ラブライブ！スーパースター!! ラブライブ！蓮ノ空女学院スクールアイドルクラブ,虹ヶ咲 / Liella! / 蓮ノ空,,20.0,5.0,なし,<桃> 3 <緑> 3 <紫> 3,,,"<登場>
自分の控え室からメンバーカードを1枚手札に加える。
<ライブ開始時>
手札の「上原歩夢」と「澁谷かのん」と「日野下花帆」を、好きな組み合わせで合計3枚、控え室に置いてもよい：ライブ終了時まで、「
<常時>
ライブの合計スコアを+3する。」を得る。",https://wikiwiki.jp/llocardgame/LL-bp1-001%20%E4%B8%8A%E5%8E%9F%E6%AD%A9%E5%A4%A2%EF%BC%86%E6%BE%81%E8%B0%B7%E3%81%8B%E3%81%AE%E3%82%93%EF%BC%86%E6%97%A5%E9%87%8E%E4%B8%8B%E8%8A%B1%E5%B8%86,MEMBER,{},0,[],{},0,[],{},0,[],"<登場>
自分の控え室からメンバーカードを1枚手札に加える。
<ライブ開始時>
手札の「上原歩夢」と「澁谷かのん」と「日野下花帆」を、好きな組み合わせで合計3枚、控え室に置いてもよい：ライブ終了時まで、「
<常時>
ライブの合計スコアを+3する。」を得る。",HAS_TEXT,0,"{""hearts"": {}, ""blade_mentions"": [], ""blade_icon_n"": 0, ""energy_icon_n"": 0, ""all_heart_n"": 0, ""score_delta_icon"": 0, ""unknown_tags"": [], ""tags"": []}",0,0,0,0,0,"{""draw"": 0, ""score"": 0, ""colorless"": 0}",0,0,0,,
LL-bp2-001,渡辺曜＆鬼塚夏美＆大沢瑠璃乃,LL-bp2-001 渡辺曜＆鬼塚夏美＆大沢瑠璃乃 - ラブライブ！シリーズ オフィシャルカードゲーム(ラブカ) 非公式 Wiki*,メンバー,ラブライブ！サンシャイン!! ラブライブ！スーパースター!! ラブライブ！蓮ノ空女学院スクールアイドルクラブ,Aqours / Liella! / 蓮ノ空,,20.0,6.0,なし,<桃> 2 <黄> 2 <緑> 2,,,"<常時>
手札にあるこのメンバーカードのコストは、このカード以外の自分の手札1枚につき、1少なくなる。
<常時>
このメンバーはバトンタッチで控え室に置けない。
<ライブ開始時>
手札の「渡辺曜」と「鬼塚夏美」と「大沢瑠璃乃」を好きな枚数控え室に置いてもよい：ライブ終了時まで、これによって控え室に置いた枚数1枚につき
<(ブレード)>
を得る。",https://wikiwiki.jp/llocardgame/LL-bp2-001%20%E6%B8%A1%E8%BE%BA%E6%9B%9C%EF%BC%86%E9%AC%BC%E5%A1%9A%E5%A4%8F%E7%BE%8E%EF%BC%86%E5%A4%A7%E6%B2%A2%E7%91%A0%E7%92%83%E4%B9%83,MEMBER,{},0,[],{},0,[],{},0,[],"<常時>
手札にあるこのメンバーカードのコストは、このカード以外の自分の手札1枚につき、1少なくなる。
<常時>
このメンバーはバトンタッチで控え室に置けない。
<ライブ開始時>
手札の「渡辺曜」と「鬼塚夏美」と「大沢瑠璃乃」を好きな枚数控え室に置いてもよい：ライブ終了時まで、これによって控え室に置いた枚数1枚につき
<(ブレード)>
を得る。",HAS_TEXT,0,"{""hearts"": {}, ""blade_mentions"": [], ""tags"": [], ""blade_icon_n"": 1, ""energy_icon_n"": 0, ""all_heart_n"": 0, ""score_delta_icon"": 0, ""unknown_tags"": []}",1,0,0,0,0,"{""draw"": 0, ""score"": 0, ""colorless"": 0}",0,0,0,,
LL-bp3-001,園田海未＆津島善子＆天王寺璃奈,LL-bp3-001 園田海未＆津島善子＆天王寺璃奈 - ラブライブ！シリーズ オフィシャルカードゲーム(ラブカ) 非公式 Wiki*,メンバー,ラブライブ！ ラブライブ！サンシャイン!! ラブライブ！虹ヶ咲学園スクールアイドル同好会,μ's / Aqours / 虹ヶ咲,,20.0,5.0,なし,<桃> 2 <青> 2 <紫> 2,,,"<起動>
<ターン1回>
自分の控え室にある「園田海未」と「津島善子」と「天王寺璃奈」を、合計6枚をシャッフルしてデッキの一番下に置く：エネルギーを6枚までアクティブにする。
<ライブ開始時>
<(E)>
<(E)>
<(E)>
<(E)>
<(E)>
<(E)>
支払ってもよい：ライブ終了時まで、
<(ブレード)>
<(ブレード)>
<(ブレード)>
を得る。",https://wikiwiki.jp/llocardgame/LL-bp3-001%20%E5%9C%92%E7%94%B0%E6%B5%B7%E6%9C%AA%EF%BC%86%E6%B4%A5%E5%B3%B6%E5%96%84%E5%AD%90%EF%BC%86%E5%A4%A9%E7%8E%8B%E5%AF%BA%E7%92%83%E5%A5%88,MEMBER,{},0,[],{},0,[],{},0,[],"<起動>
<ターン1回>
自分の控え室にある「園田海未」と「津島善子」と「天王寺璃奈」を、合計6枚をシャッフルしてデッキの一番下に置く：エネルギーを6枚までアクティブにする。
<ライブ開始時>
<(E)>
<(E)>
<(E)>
<(E)>
<(E)>
<(E)>
支払ってもよい：ライブ終了時まで、
<(ブレード)>
<(ブレード)>
<(ブレード)>
を得る。",HAS_TEXT,0,"{""hearts"": {}, ""blade_mentions"": [], ""tags"": [], ""blade_icon_n"": 3, ""energy_icon_n"": 6, ""all_heart_n"": 0, ""score_delta_icon"": 0, ""unknown_tags"": []}",3,6,0,0,0,"{""draw"": 0, ""score"": 0, ""colorless"": 0}",0,0,0,,
LL-bp4-001,絢瀬絵里＆朝香果林＆葉月恋,LL-bp4-001 絢瀬絵里＆朝香果林＆葉月恋 - ラブライブ！シリーズ オフィシャルカードゲーム(ラブカ) 非公式 Wiki*,メンバー,ラブライブ！ ラブライブ！虹ヶ咲学園スクールアイドル同好会 ラブライブ！スーパースター!!,μ's / 虹ヶ咲 / Liella!,,20.0,6.0,なし,<赤> 2 <青> 2 <紫> 2,,,"<登場>
/
<ライブ開始時>
自分のデッキの上からカードを5枚見る。その中から「絢瀬絵里」か「朝香果林」か「葉月恋」のメンバーカードを1枚公開して手札に加えてもよい。残りを控え室に置く。その後、相手のステージにいる、これにより公開したカードのコスト以下で、かつ元々持つ
<(ブレード)>
の数が3つ以下のメンバーをすべてウェイトにする。",https://wikiwiki.jp/llocardgame/LL-bp4-001%20%E7%B5%A2%E7%80%AC%E7%B5%B5%E9%87%8C%EF%BC%86%E6%9C%9D%E9%A6%99%E6%9E%9C%E6%9E%97%EF%BC%86%E8%91%89%E6%9C%88%E6%81%8B,MEMBER,{},0,[],{},0,[],{},0,[],"<登場>
/
<ライブ開始時>
自分のデッキの上からカードを5枚見る。その中から「絢瀬絵里」か「朝香果林」か「葉月恋」のメンバーカードを1枚公開して手札に加えてもよい。残りを控え室に置く。その後、相手のステージにいる、これにより公開したカードのコスト以下で、かつ元々持つ
<(ブレード)>
の数が3つ以下のメンバーをすべてウェイトにする。",HAS_TEXT,0,"{""hearts"": {}, ""blade_mentions"": [], ""tags"": [], ""blade_icon_n"": 1, ""energy_icon_n"": 0, ""all_heart_n"": 0, ""score_delta_icon"": 0, ""unknown_tags"": []}",1,0,0,0,0,"{""draw"": 0, ""score"": 0, ""colorless"": 0}",0,0,0,,
LL-bp5-001,Live with a smile!,LL-bp5-001 Live with a smile! - ラブライブ！シリーズ オフィシャルカードゲーム(ラブカ) 非公式 Wiki*,ライブ,ラブライブ！サンシャイン!! ラブライブ！虹ヶ咲学園スクールアイドル同好会 ラブライブ！スーパースター!!,,,,,<スコア+1>,,<赤> 1 <任意> 3 (合計4),1.0,"<ライブ成功時>
エールにより公開された自分のカードの中にライブカードが2枚以上あるか、自分のステージにいるメンバーが持つハートの中に
<桃>
、
<赤>
、
<黄>
、
<緑>
、
<青>
、
<紫>
のうち合計5種類以上あるか、このターンに自分のステージにいるメンバーがエリアを移動している場合、このカードのスコアを+1する。",https://wikiwiki.jp/llocardgame/LL-bp5-001%20Live%20with%20a%20smile%21,LIVE,{},0,[],{},4,[],{},0,[],"<ライブ成功時>
エールにより公開された自分のカードの中にライブカードが2枚以上あるか、自分のステージにいるメンバーが持つハートの中に
<桃>
、
<赤>
、
<黄>
、
<緑>
、
<青>
、
<紫>
のうち合計5種類以上あるか、このターンに自分のステージにいるメンバーがエリアを移動している場合、このカードのスコアを+1する。",HAS_TEXT,0,"{""hearts"": {}, ""blade_mentions"": [], ""blade_icon_n"": 0, ""energy_icon_n"": 0, ""all_heart_n"": 0, ""score_delta_icon"": 0, ""unknown_tags"": [], ""tags"": []}",0,0,0,0,0,"{""draw"": 0, ""score"": 1, ""colorless"": 0}",0,1,0,,
LL-bp5-002,Bring the LOVE！,LL-bp5-002 Bring the LOVE！ - ラブライブ！シリーズ オフィシャルカードゲーム(ラブカ) 非公式 Wiki*,ライブ,-,,,,,<ALL>,,<桃> 2 <赤> 2 <黄> 1 <任意> 5 (合計10),4.0,"<ライブ開始時>
自分のステージにグループ名がそれぞれ異なるメンバーが3人以上いる場合、ライブ終了時まで、自分のセンターエリアにいるメンバーは
<ALL>
を得る。
<ライブ成功時>
自分の控え室にある、自分のステージにいるすべてのメンバーと異なるグループ名を持つカード1枚を手札に加える。",https://wikiwiki.jp/llocardgame/LL-bp5-002%20Bring%20the%20LOVE%EF%BC%81,LIVE,{},0,[],{},10,[],"{""all"": 1}",1,[],"<ライブ開始時>
自分のステージにグループ名がそれぞれ異なるメンバーが3人以上いる場合、ライブ終了時まで、自分のセンターエリアにいるメンバーは
<ALL>
を得る。
<ライブ成功時>
自分の控え室にある、自分のステージにいるすべてのメンバーと異なるグループ名を持つカード1枚を手札に加える。",HAS_TEXT,0,"{""hearts"": {}, ""blade_mentions"": [], ""blade_icon_n"": 0, ""energy_icon_n"": 0, ""all_heart_n"": 0, ""score_delta_icon"": 0, ""unknown_tags"": [], ""tags"": []}",0,0,0,0,0,"{""draw"": 0, ""score"": 0, ""colorless"": 0}",0,0,0,,
LL-bp6-001,南ことり＆黒澤ダイヤ＆徒町小鈴,LL-bp6-001 南ことり＆黒澤ダイヤ＆徒町小鈴 - ラブライブ！シリーズ オフィシャルカードゲーム(ラブカ) 非公式 Wiki*,メンバー,ラブライブ！ ラブライブ！サンシャイン!! ラブライブ！蓮ノ空女学院スクールアイドルクラブ,μ's / Aqours / 蓮ノ空,,20.0,7.0,なし,<赤> 2 <黄> 2 <青> 2,,,"<登場>
自分のデッキの上からカードを6枚見る。その中からカードを2枚手札に加え、残りを控え室に置く。
<ライブ開始時>
手札の「南ことり」と「黒澤ダイヤ」と「徒町小鈴」を好きな枚数控え室に置いてもよい：ライブ終了時まで、これにより控え室に置いたそれらのカードが持つハートの色1つにつき、その色のハートを1つずつ得る。",https://wikiwiki.jp/llocardgame/LL-bp6-001%20%E5%8D%97%E3%81%93%E3%81%A8%E3%82%8A%EF%BC%86%E9%BB%92%E6%BE%A4%E3%83%80%E3%82%A4%E3%83%A4%EF%BC%86%E5%BE%92%E7%94%BA%E5%B0%8F%E9%88%B4,MEMBER,{},0,[],{},0,[],{},0,[],"<登場>
自分のデッキの上からカードを6枚見る。その中からカードを2枚手札に加え、残りを控え室に置く。
<ライブ開始時>
手札の「南ことり」と「黒澤ダイヤ」と「徒町小鈴」を好きな枚数控え室に置いてもよい：ライブ終了時まで、これにより控え室に置いたそれらのカードが持つハートの色1つにつき、その色のハートを1つずつ得る。",HAS_TEXT,0,"{""hearts"": {}, ""blade_mentions"": [], ""blade_icon_n"": 0, ""energy_icon_n"": 0, ""all_heart_n"": 0, ""score_delta_icon"": 0, ""unknown_tags"": [], ""tags"": []}",0,0,0,0,0,"{""draw"": 0, ""score"": 0, ""colorless"": 0}",0,0,0,,
LL-bp7-001,国木田花丸＆優木せつ菜＆嵐千砂都,LL-bp7-001 国木田花丸＆優木せつ菜＆嵐千砂都 - ラブライブ！シリーズ オフィシャルカードゲーム(ラブカ) 非公式 Wiki*,メンバー,ラブライブ！サンシャイン!! ラブライブ！虹ヶ咲学園スクールアイドル同好会 ラブライブ！スーパースター!!,,,15.0,4.0,なし,<赤> 2 <緑> 2 <紫> 2,,,"<常時>
このカードのプレイに際し、自分の手札から「国木田花丸」と「優木せつ菜」と「嵐千砂都」のメンバーカードをそれぞれ1枚ずつ控え室に置いてもよい。そうしたとき、このカードのコストは10になる。
<登場>
自分の控え室からライブカードを1枚手札に加える。
<ライブ成功時>
自分の控え室からメンバーカードを1枚手札に加える。",https://wikiwiki.jp/llocardgame/LL-bp7-001%20%E5%9B%BD%E6%9C%A8%E7%94%B0%E8%8A%B1%E4%B8%B8%EF%BC%86%E5%84%AA%E6%9C%A8%E3%81%9B%E3%81%A4%E8%8F%9C%EF%BC%86%E5%B5%90%E5%8D%83%E7%A0%82%E9%83%BD,MEMBER,{},0,[],{},0,[],{},0,[],"<常時>
このカードのプレイに際し、自分の手札から「国木田花丸」と「優木せつ菜」と「嵐千砂都」のメンバーカードをそれぞれ1枚ずつ控え室に置いてもよい。そうしたとき、このカードのコストは10になる。
<登場>
自分の控え室からライブカードを1枚手札に加える。
<ライブ成功時>
自分の控え室からメンバーカードを1枚手札に加える。",HAS_TEXT,0,"{""hearts"": {}, ""blade_mentions"": [], ""blade_icon_n"": 0, ""energy_icon_n"": 0, ""all_heart_n"": 0, ""score_delta_icon"": 0, ""unknown_tags"": [], ""tags"": []}",0,0,0,0,0,"{""draw"": 0, ""score"": 0, ""colorless"": 0}",0,0,0,,
PL!-PR-001,高坂穂乃果,PL!-PR-001 高坂穂乃果 - ラブライブ！シリーズ オフィシャルカードゲーム(ラブカ) 非公式 Wiki*,メンバー,ラブライブ！,μ's,Printemps,4.0,1.0,なし,<黄> 2,,,"<自動>
このメンバーがステージから控え室に置かれたとき、メンバー1人をアクティブにしてもよい。",https://wikiwiki.jp/llocardgame/PL%21-PR-001%20%E9%AB%98%E5%9D%82%E7%A9%82%E4%B9%83%E6%9E%9C,MEMBER,{},0,[],{},0,[],{},0,[],"<自動>
このメンバーがステージから控え室に置かれたとき、メンバー1人をアクティブにしてもよい。",HAS_TEXT,0,"{""hearts"": {}, ""blade_mentions"": [], ""blade_icon_n"": 0, ""energy_icon_n"": 0, ""all_heart_n"": 0, ""score_delta_icon"": 0, ""unknown_tags"": [], ""tags"": []}",0,0,0,0,0,"{""draw"": 0, ""score"": 0, ""colorless"": 0}",0,0,0,,
PL!-PR-002,絢瀬絵里,PL!-PR-002 絢瀬絵里 - ラブライブ！シリーズ オフィシャルカードゲーム(ラブカ) 非公式 Wiki*,メンバー,ラブライブ！,μ's,BiBi,4.0,1.0,なし,<紫> 2,,,"<自動>
このメンバーがステージから控え室に置かれたとき、メンバー1人をアクティブにしてもよい。",https://wikiwiki.jp/llocardgame/PL%21-PR-002%20%E7%B5%A2%E7%80%AC%E7%B5%B5%E9%87%8C,MEMBER,{},0,[],{},0,[],{},0,[],"<自動>
このメンバーがステージから控え室に置かれたとき、メンバー1人をアクティブにしてもよい。",HAS_TEXT,0,"{""hearts"": {}, ""blade_mentions"": [], ""blade_icon_n"": 0, ""energy_icon_n"": 0, ""all_heart_n"": 0, ""score_delta_icon"": 0, ""unknown_tags"": [], ""tags"": []}",0,0,0,0,0,"{""draw"": 0, ""score"": 0, ""colorless"": 0}",0,0,0,,
PL!-PR-003,南ことり,PL!-PR-003 南ことり - ラブライブ！シリーズ オフィシャルカードゲーム(ラブカ) 非公式 Wiki*,メンバー,ラブライブ！,μ's,Printemps,15.0,4.0,<黄>,<桃> 2 <黄> 3 <紫> 1,,,"<起動>
<ターン1回>
手札を1枚控え室に置く：控え室から必要ハートに
<黄>
を3以上含むライブカードを1枚手札に加える。",https://wikiwiki.jp/llocardgame/PL%21-PR-003%20%E5%8D%97%E3%81%93%E3%81%A8%E3%82%8A,MEMBER,{},0,[],{},0,[],"{""yellow"": 1}",1,[],"<起動>
<ターン1回>
手札を1枚控え室に置く：控え室から必要ハートに
<黄>
を3以上含むライブカードを1枚手札に加える。",HAS_TEXT,0,"{""hearts"": {}, ""blade_mentions"": [], ""blade_icon_n"": 0, ""energy_icon_n"": 0, ""all_heart_n"": 0, ""score_delta_icon"": 0, ""unknown_tags"": [], ""tags"": []}",0,0,0,0,0,"{""draw"": 0, ""score"": 0, ""colorless"": 0}",0,0,0,,
PL!-PR-004,園田海未,PL!-PR-004 園田海未 - ラブライブ！シリーズ オフィシャルカードゲーム(ラブカ) 非公式 Wiki*,メンバー,ラブライブ！,μ's,lily white,15.0,4.0,<桃>,<桃> 3 <黄> 1 <紫> 2,,,"<起動>
<ターン1回>
手札を1枚控え室に置く：自分の控え室から必要ハートに
<桃>
を3以上含むライブカードを1枚手札に加える。",https://wikiwiki.jp/llocardgame/PL%21-PR-004%20%E5%9C%92%E7%94%B0%E6%B5%B7%E6%9C%AA,MEMBER,{},0,[],{},0,[],"{""pink"": 1}",1,[],"<起動>
<ターン1回>
手札を1枚控え室に置く：自分の控え室から必要ハートに
<桃>
を3以上含むライブカードを1枚手札に加える。",HAS_TEXT,0,"{""hearts"": {}, ""blade_mentions"": [], ""blade_icon_n"": 0, ""energy_icon_n"": 0, ""all_heart_n"": 0, ""score_delta_icon"": 0, ""unknown_tags"": [], ""tags"": []}",0,0,0,0,0,"{""draw"": 0, ""score"": 0, ""colorless"": 0}",0,0,0,,
PL!-PR-005,星空凛,PL!-PR-005 星空凛 - ラブライブ！シリーズ オフィシャルカードゲーム(ラブカ) 非公式 Wiki*,メンバー,ラブライブ！,μ's,lily white,9.0,3.0,なし,<桃> 1 <黄> 1 <紫> 1,,,"<登場>
以下から1つを選ぶ。
・カードを1枚引き、手札を1枚控え室に置く。
・相手のステージにいるすべてのコスト2以下のメンバーをウェイトにする。",https://wikiwiki.jp/llocardgame/PL%21-PR-005%20%E6%98%9F%E7%A9%BA%E5%87%9B,MEMBER,{},0,[],{},0,[],{},0,[],"<登場>
以下から1つを選ぶ。
・カードを1枚引き、手札を1枚控え室に置く。
・相手のステージにいるすべてのコスト2以下のメンバーをウェイトにする。",HAS_TEXT,0,"{""hearts"": {}, ""blade_mentions"": [], ""blade_icon_n"": 0, ""energy_icon_n"": 0, ""all_heart_n"": 0, ""score_delta_icon"": 0, ""unknown_tags"": [], ""tags"": []}",0,0,0,0,0,"{""draw"": 0, ""score"": 0, ""colorless"": 0}",0,0,0,,
PL!-PR-006,西木野真姫,PL!-PR-006 西木野真姫 - ラブライブ！シリーズ オフィシャルカードゲーム(ラブカ) 非公式 Wiki*,メンバー,ラブライブ！,μ's,BiBi,9.0,3.0,なし,<桃> 1 <黄> 1 <紫> 1,,,"<登場>
以下から1つを選ぶ。
・カードを1枚引き、手札を1枚控え室に置く。
・相手のステージにいるすべてのコスト2以下のメンバーをウェイトにする。",https://wikiwiki.jp/llocardgame/PL%21-PR-006%20%E8%A5%BF%E6%9C%A8%E9%87%8E%E7%9C%9F%E5%A7%AB,MEMBER,{},0,[],{},0,[],{},0,[],"<登場>
以下から1つを選ぶ。
・カードを1枚引き、手札を1枚控え室に置く。
・相手のステージにいるすべてのコスト2以下のメンバーをウェイトにする。",HAS_TEXT,0,"{""hearts"": {}, ""blade_mentions"": [], ""blade_icon_n"": 0, ""energy_icon_n"": 0, ""all_heart_n"": 0, ""score_delta_icon"": 0, ""unknown_tags"": [], ""tags"": []}",0,0,0,0,0,"{""draw"": 0, ""score"": 0, ""colorless"": 0}",0,0,0,,
PL!-PR-007,東條希,PL!-PR-007 東條希 - ラブライブ！シリーズ オフィシャルカードゲーム(ラブカ) 非公式 Wiki*,メンバー,ラブライブ！,μ's,lily white,4.0,2.0,なし,<桃> 1,,,"<登場>
/
<ライブ開始時>
このメンバーをウェイトにしてもよい：相手のステージにいるコスト4以下のメンバー1人をウェイトにする。
（ウェイト状態のメンバーが持つ
<(ブレード)>
は、エールで公開する枚数を増やさない。）",https://wikiwiki.jp/llocardgame/PL%21-PR-007%20%E6%9D%B1%E6%A2%9D%E5%B8%8C,MEMBER,{},0,[],{},0,[],{},0,[],"<登場>
/
<ライブ開始時>
このメンバーをウェイトにしてもよい：相手のステージにいるコスト4以下のメンバー1人をウェイトにする。
（ウェイト状態のメンバーが持つ
<(ブレード)>
は、エールで公開する枚数を増やさない。）",HAS_TEXT,0,"{""hearts"": {}, ""blade_mentions"": [], ""tags"": [], ""blade_icon_n"": 1, ""energy_icon_n"": 0, ""all_heart_n"": 0, ""score_delta_icon"": 0, ""unknown_tags"": []}",1,0,0,0,0,"{""draw"": 0, ""score"": 0, ""colorless"": 0}",0,0,0,,
PL!-PR-008,小泉花陽,PL!-PR-008 小泉花陽 - ラブライブ！シリーズ オフィシャルカードゲーム(ラブカ) 非公式 Wiki*,メンバー,ラブライブ！,μ's,Printemps,9.0,3.0,なし,<桃> 1 <黄> 1 <紫> 1,,,"<登場>
以下から1つを選ぶ。
・カードを1枚引き、手札を1枚控え室に置く。
・相手のステージにいるすべてのコスト2以下のメンバーをウェイトにする。",https://wikiwiki.jp/llocardgame/PL%21-PR-008%20%E5%B0%8F%E6%B3%89%E8%8A%B1%E9%99%BD,MEMBER,{},0,[],{},0,[],{},0,[],"<登場>
以下から1つを選ぶ。
・カードを1枚引き、手札を1枚控え室に置く。
・相手のステージにいるすべてのコスト2以下のメンバーをウェイトにする。",HAS_TEXT,0,"{""hearts"": {}, ""blade_mentions"": [], ""blade_icon_n"": 0, ""energy_icon_n"": 0, ""all_heart_n"": 0, ""score_delta_icon"": 0, ""unknown_tags"": [], ""tags"": []}",0,0,0,0,0,"{""draw"": 0, ""score"": 0, ""colorless"": 0}",0,0,0,,
PL!-PR-009,矢澤にこ,PL!-PR-009 矢澤にこ - ラブライブ！シリーズ オフィシャルカードゲーム(ラブカ) 非公式 Wiki*,メンバー,ラブライブ！,μ's,BiBi,4.0,2.0,なし,<紫> 1,,,"<登場>
/
<ライブ開始時>
このメンバーをウェイトにしてもよい：相手のステージにいるコスト4以下のメンバー1人をウェイトにする。",https://wikiwiki.jp/llocardgame/PL%21-PR-009%20%E7%9F%A2%E6%BE%A4%E3%81%AB%E3%81%93,MEMBER,{},0,[],{},0,[],{},0,[],"<登場>
/
<ライブ開始時>
このメンバーをウェイトにしてもよい：相手のステージにいるコスト4以下のメンバー1人をウェイトにする。",HAS_TEXT,0,"{""hearts"": {}, ""blade_mentions"": [], ""blade_icon_n"": 0, ""energy_icon_n"": 0, ""all_heart_n"": 0, ""score_delta_icon"": 0, ""unknown_tags"": [], ""tags"": []}",0,0,0,0,0,"{""draw"": 0, ""score"": 0, ""colorless"": 0}",0,0,0,,
PL!-PR-012,小泉花陽,PL!-PR-012 小泉花陽 - ラブライブ！シリーズ オフィシャルカードゲーム(ラブカ) 非公式 Wiki*,メンバー,ラブライブ！,μ's,Printemps,4.0,2.0,<黄>,<黄> 1,,,"<起動>
<ターン1回>
このメンバーをウェイトにし、手札を1枚控え室に置く：カードを1枚引く。",https://wikiwiki.jp/llocardgame/PL%21-PR-012%20%E5%B0%8F%E6%B3%89%E8%8A%B1%E9%99%BD,MEMBER,{},0,[],{},0,[],"{""yellow"": 1}",1,[],"<起動>
<ターン1回>
このメンバーをウェイトにし、手札を1枚控え室に置く：カードを1枚引く。",HAS_TEXT,0,"{""hearts"": {}, ""blade_mentions"": [], ""blade_icon_n"": 0, ""energy_icon_n"": 0, ""all_heart_n"": 0, ""score_delta_icon"": 0, ""unknown_tags"": [], ""tags"": []}",0,0,0,0,0,"{""draw"": 0, ""score"": 0, ""colorless"": 0}",0,0,0,,
PL!-PR-014,園田海未,PL!-PR-014 園田海未 - ラブライブ！シリーズ オフィシャルカードゲーム(ラブカ) 非公式 Wiki*,メンバー,ラブライブ！,μ's,lily white,2.0,1.0,<桃>,<桃> 1,,,"<登場>
相手の手札を、自分は見ないで3枚選び公開する。これにより公開されたカードの中にライブカードがない場合、カードを1枚引く。",https://wikiwiki.jp/llocardgame/PL%21-PR-014%20%E5%9C%92%E7%94%B0%E6%B5%B7%E6%9C%AA,MEMBER,{},0,[],{},0,[],"{""pink"": 1}",1,[],"<登場>
相手の手札を、自分は見ないで3枚選び公開する。これにより公開されたカードの中にライブカードがない場合、カードを1枚引く。",HAS_TEXT,0,"{""hearts"": {}, ""blade_mentions"": [], ""blade_icon_n"": 0, ""energy_icon_n"": 0, ""all_heart_n"": 0, ""score_delta_icon"": 0, ""unknown_tags"": [], ""tags"": []}",0,0,0,0,0,"{""draw"": 0, ""score"": 0, ""colorless"": 0}",0,0,0,,
PL!-PR-015,西木野真姫,PL!-PR-015 西木野真姫 - ラブライブ！シリーズ オフィシャルカードゲーム(ラブカ) 非公式 Wiki*,メンバー,ラブライブ！,μ's,BiBi,17.0,4.0,<紫>,<黄> 3 <紫> 3,,,"<登場>
このメンバーよりコストが低いメンバーからバトンタッチして登場した場合、自分の手札からコスト4以下のメンバーカードを1枚ステージに登場させてよい。",https://wikiwiki.jp/llocardgame/PL%21-PR-015%20%E8%A5%BF%E6%9C%A8%E9%87%8E%E7%9C%9F%E5%A7%AB,MEMBER,{},0,[],{},0,[],"{""purple"": 1}",1,[],"<登場>
このメンバーよりコストが低いメンバーからバトンタッチして登場した場合、自分の手札からコスト4以下のメンバーカードを1枚ステージに登場させてよい。",HAS_TEXT,0,"{""hearts"": {}, ""blade_mentions"": [], ""blade_icon_n"": 0, ""energy_icon_n"": 0, ""all_heart_n"": 0, ""score_delta_icon"": 0, ""unknown_tags"": [], ""tags"": []}",0,0,0,0,0,"{""draw"": 0, ""score"": 0, ""colorless"": 0}",0,0,0,,
PL!-PR-017,矢澤にこ,PL!-PR-017 矢澤にこ - ラブライブ！シリーズ オフィシャルカードゲーム(ラブカ) 非公式 Wiki*,メンバー,ラブライブ！,μ's,BiBi,2.0,0.0,<紫>,<紫> 1,,,"<起動>
このメンバーをステージから控え室に置く：自分の控え室から『μ's』のライブカードを1枚手札に加える。自分の成功ライブカード置き場にあるカードのスコアの合計が9以上の場合、エネルギーを2枚アクティブにする。",https://wikiwiki.jp/llocardgame/PL%21-PR-017%20%E7%9F%A2%E6%BE%A4%E3%81%AB%E3%81%93,MEMBER,{},0,[],{},0,[],"{""purple"": 1}",1,[],"<起動>
このメンバーをステージから控え室に置く：自分の控え室から『μ's』のライブカードを1枚手札に加える。自分の成功ライブカード置き場にあるカードのスコアの合計が9以上の場合、エネルギーを2枚アクティブにする。",HAS_TEXT,0,"{""hearts"": {}, ""blade_mentions"": [], ""blade_icon_n"": 0, ""energy_icon_n"": 0, ""all_heart_n"": 0, ""score_delta_icon"": 0, ""unknown_tags"": [], ""tags"": []}",0,0,0,0,0,"{""draw"": 0, ""score"": 0, ""colorless"": 0}",0,0,0,,
PL!-PR-018,東條希,PL!-PR-018 東條希 - ラブライブ！シリーズ オフィシャルカードゲーム(ラブカ) 非公式 Wiki*,メンバー,ラブライブ！,μ's,lily white,15.0,5.0,<桃>,<桃> 3 <紫> 3,,,"<登場>
自分の控え室から、スコア6以上のライブカードを1枚手札に加える。",https://wikiwiki.jp/llocardgame/PL%21-PR-018%20%E6%9D%B1%E6%A2%9D%E5%B8%8C,MEMBER,{},0,[],{},0,[],"{""pink"": 1}",1,[],"<登場>
自分の控え室から、スコア6以上のライブカードを1枚手札に加える。",HAS_TEXT,0,"{""hearts"": {}, ""blade_mentions"": [], ""blade_icon_n"": 0, ""energy_icon_n"": 0, ""all_heart_n"": 0, ""score_delta_icon"": 0, ""unknown_tags"": [], ""tags"": []}",0,0,0,0,0,"{""draw"": 0, ""score"": 0, ""colorless"": 0}",0,0,0,,
PL!-PR-020,高坂穂乃果,PL!-PR-020 高坂穂乃果 - ラブライブ！シリーズ オフィシャルカードゲーム(ラブカ) 非公式 Wiki*,メンバー,ラブライブ！,μ's,Printemps,13.0,4.0,<紫>,<桃> 1 <赤> 1 <紫> 3,,,"<ライブ開始時>
<センター>
自分のライブカード置き場にあるライブカードのスコアの合計が8以上の場合、『
<常時>
ライブの合計スコアを+1する。』を得る。",https://wikiwiki.jp/llocardgame/PL%21-PR-020%20%E9%AB%98%E5%9D%82%E7%A9%82%E4%B9%83%E6%9E%9C,MEMBER,{},0,[],{},0,[],"{""purple"": 1}",1,[],"<ライブ開始時>
<センター>
自分のライブカード置き場にあるライブカードのスコアの合計が8以上の場合、『
<常時>
ライブの合計スコアを+1する。』を得る。",HAS_TEXT,0,"{""hearts"": {}, ""blade_mentions"": [], ""blade_icon_n"": 0, ""energy_icon_n"": 0, ""all_heart_n"": 0, ""score_delta_icon"": 0, ""unknown_tags"": [], ""tags"": []}",0,0,0,0,0,"{""draw"": 0, ""score"": 0, ""colorless"": 0}",0,0,0,,
PL!-PR-021,矢澤にこ,PL!-PR-021 矢澤にこ - ラブライブ！シリーズ オフィシャルカードゲーム(ラブカ) 非公式 Wiki*,メンバー,ラブライブ！,μ's,BiBi,7.0,3.0,なし,<桃> 1 <赤> 1,,,"<常時>
自分のエネルギーがちょうど7枚あるかぎり、
<(ブレード)>
<(ブレード)>
を得る。",https://wikiwiki.jp/llocardgame/PL%21-PR-021%20%E7%9F%A2%E6%BE%A4%E3%81%AB%E3%81%93,MEMBER,{},0,[],{},0,[],{},0,[],"<常時>
自分のエネルギーがちょうど7枚あるかぎり、
<(ブレード)>
<(ブレード)>
を得る。",HAS_TEXT,0,"{""hearts"": {}, ""blade_mentions"": [], ""tags"": [], ""blade_icon_n"": 2, ""energy_icon_n"": 0, ""all_heart_n"": 0, ""score_delta_icon"": 0, ""unknown_tags"": []}",2,0,0,0,0,"{""draw"": 0, ""score"": 0, ""colorless"": 0}",0,0,0,,
PL!-bp3-001,高坂穂乃果,PL!-bp3-001 高坂穂乃果 - ラブライブ！シリーズ オフィシャルカードゲーム(ラブカ) 非公式 Wiki*,メンバー,ラブライブ！,μ's,Printemps,13.0,3.0,<黄>,<桃> 2 <黄> 2 <紫> 2,,,"<起動>
<ターン1回>
このメンバーをウェイトにする：カードを1枚引き、手札を1枚控え室に置く。
（ウェイト状態のメンバーが持つ
<(ブレード)>
は、エールで公開する枚数を増やさない。）
<ライブ開始時>
自分のステージにいるメンバーを1人までアクティブにする。",https://wikiwiki.jp/llocardgame/PL%21-bp3-001%20%E9%AB%98%E5%9D%82%E7%A9%82%E4%B9%83%E6%9E%9C,MEMBER,{},0,[],{},0,[],"{""yellow"": 1}",1,[],"<起動>
<ターン1回>
このメンバーをウェイトにする：カードを1枚引き、手札を1枚控え室に置く。
（ウェイト状態のメンバーが持つ
<(ブレード)>
は、エールで公開する枚数を増やさない。）
<ライブ開始時>
自分のステージにいるメンバーを1人までアクティブにする。",HAS_TEXT,0,"{""hearts"": {}, ""blade_mentions"": [], ""tags"": [], ""blade_icon_n"": 1, ""energy_icon_n"": 0, ""all_heart_n"": 0, ""score_delta_icon"": 0, ""unknown_tags"": []}",1,0,0,0,0,"{""draw"": 0, ""score"": 0, ""colorless"": 0}",0,0,0,,
PL!-bp3-002,絢瀬絵里,PL!-bp3-002 絢瀬絵里 - ラブライブ！シリーズ オフィシャルカードゲーム(ラブカ) 非公式 Wiki*,メンバー,ラブライブ！,μ's,BiBi,9.0,1.0,なし,<桃> 1 <黄> 1 <紫> 2,,,"<登場>
手札を1枚控え室に置いてもよい：相手のステージにいるコスト4以下のメンバーを2人までウェイト状態にする。
（ウェイト状態のメンバーが持つ
<(ブレード)>
は、エールで公開する枚数を増やさない。）
<常時>
相手のステージにいるウェイト状態のメンバー1人につき、
<(ブレード)>
を得る。",https://wikiwiki.jp/llocardgame/PL%21-bp3-002%20%E7%B5%A2%E7%80%AC%E7%B5%B5%E9%87%8C,MEMBER,{},0,[],{},0,[],{},0,[],"<登場>
手札を1枚控え室に置いてもよい：相手のステージにいるコスト4以下のメンバーを2人までウェイト状態にする。
（ウェイト状態のメンバーが持つ
<(ブレード)>
は、エールで公開する枚数を増やさない。）
<常時>
相手のステージにいるウェイト状態のメンバー1人につき、
<(ブレード)>
を得る。",HAS_TEXT,0,"{""hearts"": {}, ""blade_mentions"": [], ""tags"": [], ""blade_icon_n"": 2, ""energy_icon_n"": 0, ""all_heart_n"": 0, ""score_delta_icon"": 0, ""unknown_tags"": []}",2,0,0,0,0,"{""draw"": 0, ""score"": 0, ""colorless"": 0}",0,0,0,,
PL!-bp3-003,南ことり,PL!-bp3-003 南ことり - ラブライブ！シリーズ オフィシャルカードゲーム(ラブカ) 非公式 Wiki*,メンバー,ラブライブ！,μ's,Printemps,11.0,4.0,<黄>,<桃> 1 <黄> 1 <紫> 1,,,"<登場>
このメンバーをウェイトにしてもよい：自分の控え室から『μ's』のメンバーカードを1枚手札に加える。
（ウェイト状態のメンバーが持つ
<(ブレード)>
は、エールで公開する枚数を増やさない。）",https://wikiwiki.jp/llocardgame/PL%21-bp3-003%20%E5%8D%97%E3%81%93%E3%81%A8%E3%82%8A,MEMBER,{},0,[],{},0,[],"{""yellow"": 1}",1,[],"<登場>
このメンバーをウェイトにしてもよい：自分の控え室から『μ's』のメンバーカードを1枚手札に加える。
（ウェイト状態のメンバーが持つ
<(ブレード)>
は、エールで公開する枚数を増やさない。）",HAS_TEXT,0,"{""hearts"": {}, ""blade_mentions"": [], ""tags"": [], ""blade_icon_n"": 1, ""energy_icon_n"": 0, ""all_heart_n"": 0, ""score_delta_icon"": 0, ""unknown_tags"": []}",1,0,0,0,0,"{""draw"": 0, ""score"": 0, ""colorless"": 0}",0,0,0,,
PL!-bp3-004,園田海未,PL!-bp3-004 園田海未 - ラブライブ！シリーズ オフィシャルカードゲーム(ラブカ) 非公式 Wiki*,メンバー,ラブライブ！,μ's,lily white,11.0,3.0,なし,<桃> 2 <黄> 1 <紫> 1,,,"<登場>
自分のステージにいるメンバー1人につき、カードを1枚引く。その後、手札を1枚控え室に置く。
<ライブ開始時>
自分の成功カード置き場にカードがある場合、手札を1枚控え室に置いてもよい。そうした場合、自分の控え室から『μ's』のライブカードを1枚手札に加える。",https://wikiwiki.jp/llocardgame/PL%21-bp3-004%20%E5%9C%92%E7%94%B0%E6%B5%B7%E6%9C%AA,MEMBER,{},0,[],{},0,[],{},0,[],"<登場>
自分のステージにいるメンバー1人につき、カードを1枚引く。その後、手札を1枚控え室に置く。
<ライブ開始時>
自分の成功カード置き場にカードがある場合、手札を1枚控え室に置いてもよい。そうした場合、自分の控え室から『μ's』のライブカードを1枚手札に加える。",HAS_TEXT,0,"{""hearts"": {}, ""blade_mentions"": [], ""blade_icon_n"": 0, ""energy_icon_n"": 0, ""all_heart_n"": 0, ""score_delta_icon"": 0, ""unknown_tags"": [], ""tags"": []}",0,0,0,0,0,"{""draw"": 0, ""score"": 0, ""colorless"": 0}",0,0,0,,
PL!-bp3-005,星空凛,PL!-bp3-005 星空凛 - ラブライブ！シリーズ オフィシャルカードゲーム(ラブカ) 非公式 Wiki*,メンバー,ラブライブ！,μ's,lily white,4.0,2.0,<桃>,<桃> 1,,,"<登場>
自分のステージにいるすべてのメンバーをアクティブにする。",https://wikiwiki.jp/llocardgame/PL%21-bp3-005%20%E6%98%9F%E7%A9%BA%E5%87%9B,MEMBER,{},0,[],{},0,[],"{""pink"": 1}",1,[],"<登場>
自分のステージにいるすべてのメンバーをアクティブにする。",HAS_TEXT,0,"{""hearts"": {}, ""blade_mentions"": [], ""blade_icon_n"": 0, ""energy_icon_n"": 0, ""all_heart_n"": 0, ""score_delta_icon"": 0, ""unknown_tags"": [], ""tags"": []}",0,0,0,0,0,"{""draw"": 0, ""score"": 0, ""colorless"": 0}",0,0,0,,
PL!-bp3-006,西木野真姫,PL!-bp3-006 西木野真姫 - ラブライブ！シリーズ オフィシャルカードゲーム(ラブカ) 非公式 Wiki*,メンバー,ラブライブ！,μ's,BiBi,13.0,4.0,なし,<桃> 2 <黄> 1 <紫> 2,,,"<ライブ開始時>
手札を1枚控え室に置いてもよい：ライブ終了時まで、自分の成功ライブカード置き場にあるカード1枚につき、
<(ブレード)>
<(ブレード)>
を得る。",https://wikiwiki.jp/llocardgame/PL%21-bp3-006%20%E8%A5%BF%E6%9C%A8%E9%87%8E%E7%9C%9F%E5%A7%AB,MEMBER,{},0,[],{},0,[],{},0,[],"<ライブ開始時>
手札を1枚控え室に置いてもよい：ライブ終了時まで、自分の成功ライブカード置き場にあるカード1枚につき、
<(ブレード)>
<(ブレード)>
を得る。",HAS_TEXT,0,"{""hearts"": {}, ""blade_mentions"": [], ""tags"": [], ""blade_icon_n"": 2, ""energy_icon_n"": 0, ""all_heart_n"": 0, ""score_delta_icon"": 0, ""unknown_tags"": []}",2,0,0,0,0,"{""draw"": 0, ""score"": 0, ""colorless"": 0}",0,0,0,,
PL!-bp3-007,東條希,PL!-bp3-007 東條希 - ラブライブ！シリーズ オフィシャルカードゲーム(ラブカ) 非公式 Wiki*,メンバー,ラブライブ！,μ's,lily white,9.0,3.0,なし,<桃> 1 <黄> 1 <紫> 1,,,"<ライブ開始時>
手札を2枚控え室に置いてもよい：自分のデッキの上からカードを3枚見る。その中から1枚を手札に加え、1枚をデッキの上に置き、1枚を控え室に置く。",https://wikiwiki.jp/llocardgame/PL%21-bp3-007%20%E6%9D%B1%E6%A2%9D%E5%B8%8C,MEMBER,{},0,[],{},0,[],{},0,[],"<ライブ開始時>
手札を2枚控え室に置いてもよい：自分のデッキの上からカードを3枚見る。その中から1枚を手札に加え、1枚をデッキの上に置き、1枚を控え室に置く。",HAS_TEXT,0,"{""hearts"": {}, ""blade_mentions"": [], ""blade_icon_n"": 0, ""energy_icon_n"": 0, ""all_heart_n"": 0, ""score_delta_icon"": 0, ""unknown_tags"": [], ""tags"": []}",0,0,0,0,0,"{""draw"": 0, ""score"": 0, ""colorless"": 0}",0,0,0,,
PL!-bp3-008,小泉花陽,PL!-bp3-008 小泉花陽 - ラブライブ！シリーズ オフィシャルカードゲーム(ラブカ) 非公式 Wiki*,メンバー,ラブライブ！,μ's,Printemps,15.0,3.0,<黄>,<桃> 2 <黄> 2 <紫> 2,,,"<起動>
<ターン1回>
このメンバーをウェイトにする：自分の控え室から『μ's』のライブカードを1枚手札に加える。
（ウェイト状態のメンバーが持つ
<(ブレード)>
は、エールで公開する枚数を増やさない。）
<ライブ開始時>
『μ's』のメンバー1人をウェイトにしてもよい：ライブ終了時まで、
<黄>
<黄>
を得る。",https://wikiwiki.jp/llocardgame/PL%21-bp3-008%20%E5%B0%8F%E6%B3%89%E8%8A%B1%E9%99%BD,MEMBER,{},0,[],{},0,[],"{""yellow"": 1}",1,[],"<起動>
<ターン1回>
このメンバーをウェイトにする：自分の控え室から『μ's』のライブカードを1枚手札に加える。
（ウェイト状態のメンバーが持つ
<(ブレード)>
は、エールで公開する枚数を増やさない。）
<ライブ開始時>
『μ's』のメンバー1人をウェイトにしてもよい：ライブ終了時まで、
<黄>
<黄>
を得る。",HAS_TEXT,0,"{""hearts"": {}, ""blade_mentions"": [], ""tags"": [], ""blade_icon_n"": 1, ""energy_icon_n"": 0, ""all_heart_n"": 0, ""score_delta_icon"": 0, ""unknown_tags"": []}",1,0,0,0,0,"{""draw"": 0, ""score"": 0, ""colorless"": 0}",0,0,0,,
PL!-bp3-009,矢澤にこ,PL!-bp3-009 矢澤にこ - ラブライブ！シリーズ オフィシャルカードゲーム(ラブカ) 非公式 Wiki*,メンバー,ラブライブ！,μ's,BiBi,2.0,2.0,なし,<紫> 1,,,"<登場>
自分のステージにコスト13以上のメンバーがいる場合、カードを1枚引く。
<起動>
<ターン1回>
このメンバーをウェイトにする：
<桃>
か
<黄>
か
<紫>
のうち、1つを選ぶ。ライブ終了時まで、選んだハートを1つ得る。",https://wikiwiki.jp/llocardgame/PL%21-bp3-009%20%E7%9F%A2%E6%BE%A4%E3%81%AB%E3%81%93,MEMBER,{},0,[],{},0,[],{},0,[],"<登場>
自分のステージにコスト13以上のメンバーがいる場合、カードを1枚引く。
<起動>
<ターン1回>
このメンバーをウェイトにする：
<桃>
か
<黄>
か
<紫>
のうち、1つを選ぶ。ライブ終了時まで、選んだハートを1つ得る。",HAS_TEXT,0,"{""hearts"": {}, ""blade_mentions"": [], ""blade_icon_n"": 0, ""energy_icon_n"": 0, ""all_heart_n"": 0, ""score_delta_icon"": 0, ""unknown_tags"": [], ""tags"": []}",0,0,0,0,0,"{""draw"": 0, ""score"": 0, ""colorless"": 0}",0,0,0,,
PL!-bp3-010,高坂穂乃果,PL!-bp3-010 高坂穂乃果 - ラブライブ！シリーズ オフィシャルカードゲーム(ラブカ) 非公式 Wiki*,メンバー,ラブライブ！,μ's,Printemps,9.0,3.0,なし,<桃> 1 <黄> 2,,,"<登場>
手札を1枚控え室に置いてもよい：自分のデッキの上からカードを5枚見る。その中からライブカードを1枚公開して手札に加えてもよい。残りを控え室に置く。",https://wikiwiki.jp/llocardgame/PL%21-bp3-010%20%E9%AB%98%E5%9D%82%E7%A9%82%E4%B9%83%E6%9E%9C,MEMBER,{},0,[],{},0,[],{},0,[],"<登場>
手札を1枚控え室に置いてもよい：自分のデッキの上からカードを5枚見る。その中からライブカードを1枚公開して手札に加えてもよい。残りを控え室に置く。",HAS_TEXT,0,"{""hearts"": {}, ""blade_mentions"": [], ""blade_icon_n"": 0, ""energy_icon_n"": 0, ""all_heart_n"": 0, ""score_delta_icon"": 0, ""unknown_tags"": [], ""tags"": []}",0,0,0,0,0,"{""draw"": 0, ""score"": 0, ""colorless"": 0}",0,0,0,,
PL!-bp3-011,絢瀬絵里,PL!-bp3-011 絢瀬絵里 - ラブライブ！シリーズ オフィシャルカードゲーム(ラブカ) 非公式 Wiki*,メンバー,ラブライブ！,μ's,BiBi,7.0,2.0,なし,<桃> 1 <紫> 1,,,"<ライブ開始時>
<桃>
か
<黄>
か
<紫>
のうち、1つを選ぶ。ライブ終了時まで、自分の成功ライブカード置き場にあるカード1枚につき、選んだハートを1つ得る。",https://wikiwiki.jp/llocardgame/PL%21-bp3-011%20%E7%B5%A2%E7%80%AC%E7%B5%B5%E9%87%8C,MEMBER,{},0,[],{},0,[],{},0,[],"<ライブ開始時>
<桃>
か
<黄>
か
<紫>
のうち、1つを選ぶ。ライブ終了時まで、自分の成功ライブカード置き場にあるカード1枚につき、選んだハートを1つ得る。",HAS_TEXT,0,"{""hearts"": {}, ""blade_mentions"": [], ""blade_icon_n"": 0, ""energy_icon_n"": 0, ""all_heart_n"": 0, ""score_delta_icon"": 0, ""unknown_tags"": [], ""tags"": []}",0,0,0,0,0,"{""draw"": 0, ""score"": 0, ""colorless"": 0}",0,0,0,,
PL!-bp3-012,南ことり,PL!-bp3-012 南ことり - ラブライブ！シリーズ オフィシャルカードゲーム(ラブカ) 非公式 Wiki*,メンバー,ラブライブ！,μ's,Printemps,2.0,2.0,<黄>,なし,,,"<ライブ開始時>
<桃>
か
<黄>
か
<紫>
のうち、1つを選ぶ。ライブ終了時まで、自分の成功ライブカード置き場にあるカード1枚につき、選んだハートを1つ得る。",https://wikiwiki.jp/llocardgame/PL%21-bp3-012%20%E5%8D%97%E3%81%93%E3%81%A8%E3%82%8A,MEMBER,{},0,[],{},0,[],"{""yellow"": 1}",1,[],"<ライブ開始時>
<桃>
か
<黄>
か
<紫>
のうち、1つを選ぶ。ライブ終了時まで、自分の成功ライブカード置き場にあるカード1枚につき、選んだハートを1つ得る。",HAS_TEXT,0,"{""hearts"": {}, ""blade_mentions"": [], ""blade_icon_n"": 0, ""energy_icon_n"": 0, ""all_heart_n"": 0, ""score_delta_icon"": 0, ""unknown_tags"": [], ""tags"": []}",0,0,0,0,0,"{""draw"": 0, ""score"": 0, ""colorless"": 0}",0,0,0,,
PL!-bp3-013,園田海未,PL!-bp3-013 園田海未 - ラブライブ！シリーズ オフィシャルカードゲーム(ラブカ) 非公式 Wiki*,メンバー,ラブライブ！,μ's,lily white,13.0,3.0,<桃>,<桃> 3 <黄> 1 <紫> 1,,,"<ライブ開始時>
<桃>
か
<黄>
か
<紫>
のうち、1つを選ぶ。ライブ終了時まで、自分の成功ライブカード置き場にあるカード1枚につき、選んだハートを1つ得る。",https://wikiwiki.jp/llocardgame/PL%21-bp3-013%20%E5%9C%92%E7%94%B0%E6%B5%B7%E6%9C%AA,MEMBER,{},0,[],{},0,[],"{""pink"": 1}",1,[],"<ライブ開始時>
<桃>
か
<黄>
か
<紫>
のうち、1つを選ぶ。ライブ終了時まで、自分の成功ライブカード置き場にあるカード1枚につき、選んだハートを1つ得る。",HAS_TEXT,0,"{""hearts"": {}, ""blade_mentions"": [], ""blade_icon_n"": 0, ""energy_icon_n"": 0, ""all_heart_n"": 0, ""score_delta_icon"": 0, ""unknown_tags"": [], ""tags"": []}",0,0,0,0,0,"{""draw"": 0, ""score"": 0, ""colorless"": 0}",0,0,0,,
PL!-bp3-014,星空凛,PL!-bp3-014 星空凛 - ラブライブ！シリーズ オフィシャルカードゲーム(ラブカ) 非公式 Wiki*,メンバー,ラブライブ！,μ's,lily white,4.0,2.0,<桃>,<桃> 1,,,"<登場>
このメンバーをウェイトにしてもよい：自分のデッキの上からカードを2枚見る。その中から好きな枚数を好きな順番でデッキの上に置き、残りを控え室に置く。
（ウェイト状態のメンバーが持つ
<(ブレード)>
は、エールで公開する枚数を増やさない。）",https://wikiwiki.jp/llocardgame/PL%21-bp3-014%20%E6%98%9F%E7%A9%BA%E5%87%9B,MEMBER,{},0,[],{},0,[],"{""pink"": 1}",1,[],"<登場>
このメンバーをウェイトにしてもよい：自分のデッキの上からカードを2枚見る。その中から好きな枚数を好きな順番でデッキの上に置き、残りを控え室に置く。
（ウェイト状態のメンバーが持つ
<(ブレード)>
は、エールで公開する枚数を増やさない。）",HAS_TEXT,0,"{""hearts"": {}, ""blade_mentions"": [], ""tags"": [], ""blade_icon_n"": 1, ""energy_icon_n"": 0, ""all_heart_n"": 0, ""score_delta_icon"": 0, ""unknown_tags"": []}",1,0,0,0,0,"{""draw"": 0, ""score"": 0, ""colorless"": 0}",0,0,0,,
PL!-bp3-015,西木野真姫,PL!-bp3-015 西木野真姫 - ラブライブ！シリーズ オフィシャルカードゲーム(ラブカ) 非公式 Wiki*,メンバー,ラブライブ！,μ's,BiBi,4.0,1.0,<紫>,<黄> 1 <紫> 1,,,(なし),https://wikiwiki.jp/llocardgame/PL%21-bp3-015%20%E8%A5%BF%E6%9C%A8%E9%87%8E%E7%9C%9F%E5%A7%AB,MEMBER,{},0,[],{},0,[],"{""purple"": 1}",1,[],(なし),NO_ABILITY,1,"{""hearts"": {}, ""blade_mentions"": [], ""blade_icon_n"": 0, ""energy_icon_n"": 0, ""all_heart_n"": 0, ""score_delta_icon"": 0, ""unknown_tags"": [], ""tags"": []}",0,0,0,0,0,"{""draw"": 0, ""score"": 0, ""colorless"": 0}",0,0,0,,
PL!-bp3-016,東條希,PL!-bp3-016 東條希 - ラブライブ！シリーズ オフィシャルカードゲーム(ラブカ) 非公式 Wiki*,メンバー,ラブライブ！,μ's,lily white,7.0,2.0,なし,<桃> 2 <紫> 1,,,(なし),https://wikiwiki.jp/llocardgame/PL%21-bp3-016%20%E6%9D%B1%E6%A2%9D%E5%B8%8C,MEMBER,{},0,[],{},0,[],{},0,[],(なし),NO_ABILITY,1,"{""hearts"": {}, ""blade_mentions"": [], ""blade_icon_n"": 0, ""energy_icon_n"": 0, ""all_heart_n"": 0, ""score_delta_icon"": 0, ""unknown_tags"": [], ""tags"": []}",0,0,0,0,0,"{""draw"": 0, ""score"": 0, ""colorless"": 0}",0,0,0,,
PL!-bp3-017,小泉花陽,PL!-bp3-017 小泉花陽 - ラブライブ！シリーズ オフィシャルカードゲーム(ラブカ) 非公式 Wiki*,メンバー,ラブライブ！,μ's,Printemps,4.0,2.0,<黄>,<黄> 1,,,"<登場>
このメンバーをウェイトにしてもよい：自分のデッキの上からカードを2枚見る。その中から好きな枚数を好きな順番でデッキの上に置き、残りを控え室に置く。
（ウェイト状態のメンバーが持つ
<(ブレード)>
は、エールで公開する枚数を増やさない。）",https://wikiwiki.jp/llocardgame/PL%21-bp3-017%20%E5%B0%8F%E6%B3%89%E8%8A%B1%E9%99%BD,MEMBER,{},0,[],{},0,[],"{""yellow"": 1}",1,[],"<登場>
このメンバーをウェイトにしてもよい：自分のデッキの上からカードを2枚見る。その中から好きな枚数を好きな順番でデッキの上に置き、残りを控え室に置く。
（ウェイト状態のメンバーが持つ
<(ブレード)>
は、エールで公開する枚数を増やさない。）",HAS_TEXT,0,"{""hearts"": {}, ""blade_mentions"": [], ""tags"": [], ""blade_icon_n"": 1, ""energy_icon_n"": 0, ""all_heart_n"": 0, ""score_delta_icon"": 0, ""unknown_tags"": []}",1,0,0,0,0,"{""draw"": 0, ""score"": 0, ""colorless"": 0}",0,0,0,,
PL!-bp3-018,矢澤にこ,PL!-bp3-018 矢澤にこ - ラブライブ！シリーズ オフィシャルカードゲーム(ラブカ) 非公式 Wiki*,メンバー,ラブライブ！,μ's,BiBi,4.0,2.0,<紫>,<紫> 1,,,"<登場>
このメンバーをウェイトにしてもよい：自分のデッキの上からカードを2枚見る。その中から好きな枚数を好きな順番でデッキの上に置き、残りを控え室に置く。
（ウェイト状態のメンバーが持つ
<(ブレード)>
は、エールで公開する枚数を増やさない。）",https://wikiwiki.jp/llocardgame/PL%21-bp3-018%20%E7%9F%A2%E6%BE%A4%E3%81%AB%E3%81%93,MEMBER,{},0,[],{},0,[],"{""purple"": 1}",1,[],"<登場>
このメンバーをウェイトにしてもよい：自分のデッキの上からカードを2枚見る。その中から好きな枚数を好きな順番でデッキの上に置き、残りを控え室に置く。
（ウェイト状態のメンバーが持つ
<(ブレード)>
は、エールで公開する枚数を増やさない。）",HAS_TEXT,0,"{""hearts"": {}, ""blade_mentions"": [], ""tags"": [], ""blade_icon_n"": 1, ""energy_icon_n"": 0, ""all_heart_n"": 0, ""score_delta_icon"": 0, ""unknown_tags"": []}",1,0,0,0,0,"{""draw"": 0, ""score"": 0, ""colorless"": 0}",0,0,0,,
PL!-bp3-019,僕らのLIVE 君とのLIFE,PL!-bp3-019 僕らのLIVE 君とのLIFE - ラブライブ！シリーズ オフィシャルカードゲーム(ラブカ) 非公式 Wiki*,ライブ,ラブライブ！,μ's,,,,<スコア+1>,,<桃> 1 <紫> 1 (合計2),0.0,"<ライブ開始時>
自分のライブ中の『μ's』のカードが2枚以上ある場合、このカードのスコアを+1する。",https://wikiwiki.jp/llocardgame/PL%21-bp3-019%20%E5%83%95%E3%82%89%E3%81%AELIVE%20%E5%90%9B%E3%81%A8%E3%81%AELIFE,LIVE,{},0,[],{},2,[],{},0,[],"<ライブ開始時>
自分のライブ中の『μ's』のカードが2枚以上ある場合、このカードのスコアを+1する。",HAS_TEXT,0,"{""hearts"": {}, ""blade_mentions"": [], ""blade_icon_n"": 0, ""energy_icon_n"": 0, ""all_heart_n"": 0, ""score_delta_icon"": 0, ""unknown_tags"": [], ""tags"": []}",0,0,0,0,0,"{""draw"": 0, ""score"": 1, ""colorless"": 0}",0,1,0,,
PL!-bp3-020,Snow halation,PL!-bp3-020 Snow halation - ラブライブ！シリーズ オフィシャルカードゲーム(ラブカ) 非公式 Wiki*,ライブ,ラブライブ！,μ's,,,,<ALL>,,<桃> 1 <紫> 1 <任意> 3 (合計5),2.0,(なし),https://wikiwiki.jp/llocardgame/PL%21-bp3-020%20Snow%20halation,LIVE,{},0,[],{},5,[],"{""all"": 1}",1,[],(なし),NO_ABILITY,1,"{""hearts"": {}, ""blade_mentions"": [], ""blade_icon_n"": 0, ""energy_icon_n"": 0, ""all_heart_n"": 0, ""score_delta_icon"": 0, ""unknown_tags"": [], ""tags"": []}",0,0,0,0,0,"{""draw"": 0, ""score"": 0, ""colorless"": 0}",0,0,0,,
PL!-bp3-021,愛してるばんざーい!,PL!-bp3-021 愛してるばんざーい! - ラブライブ！シリーズ オフィシャルカードゲーム(ラブカ) 非公式 Wiki*,ライブ,ラブライブ！,μ's,,,,<紫> <ドロー+1>,,<桃> 3 <紫> 4 <任意> 7 (合計14),6.0,(なし),https://wikiwiki.jp/llocardgame/PL%21-bp3-021%20%E6%84%9B%E3%81%97%E3%81%A6%E3%82%8B%E3%81%B0%E3%82%93%E3%81%96%E3%83%BC%E3%81%84%21,LIVE,{},0,[],{},14,[],"{""purple"": 1}",1,[],(なし),NO_ABILITY,1,"{""hearts"": {}, ""blade_mentions"": [], ""blade_icon_n"": 0, ""energy_icon_n"": 0, ""all_heart_n"": 0, ""score_delta_icon"": 0, ""unknown_tags"": [], ""tags"": []}",0,0,0,0,0,"{""draw"": 1, ""score"": 0, ""colorless"": 0}",1,0,0,,
PL!-bp3-022,ユメノトビラ,PL!-bp3-022 ユメノトビラ - ラブライブ！シリーズ オフィシャルカードゲーム(ラブカ) 非公式 Wiki*,ライブ,ラブライブ！,μ's,,,,<桃> <ドロー+1>,,<桃> 3 <黄> 3 <紫> 3 <任意> 4 (合計13),5.0,"<ライブ開始時>
自分のデッキの上から、自分と相手のステージにいるメンバー1人につき、1枚公開する。それらの中にあるライブカード1枚につきこのカードのスコアを+1する。その後、これにより公開したカードを控え室に置く。",https://wikiwiki.jp/llocardgame/PL%21-bp3-022%20%E3%83%A6%E3%83%A1%E3%83%8E%E3%83%88%E3%83%93%E3%83%A9,LIVE,{},0,[],{},13,[],"{""pink"": 1}",1,[],"<ライブ開始時>
自分のデッキの上から、自分と相手のステージにいるメンバー1人につき、1枚公開する。それらの中にあるライブカード1枚につきこのカードのスコアを+1する。その後、これにより公開したカードを控え室に置く。",HAS_TEXT,0,"{""hearts"": {}, ""blade_mentions"": [], ""blade_icon_n"": 0, ""energy_icon_n"": 0, ""all_heart_n"": 0, ""score_delta_icon"": 0, ""unknown_tags"": [], ""tags"": []}",0,0,0,0,0,"{""draw"": 1, ""score"": 0, ""colorless"": 0}",1,0,0,,
PL!-bp3-023,ミはμ'sicのミ,PL!-bp3-023 ミはμ'sicのミ - ラブライブ！シリーズ オフィシャルカードゲーム(ラブカ) 非公式 Wiki*,ライブ,ラブライブ！,μ's,,,,<ALL>,,<桃> 2 <紫> 2 <任意> 4 (合計8),3.0,"<ライブ開始時>
自分のステージにいるメンバーが持つ
<(ブレード)>
の合計が10以上の場合、このカードを成功させるための必要ハートは
<任意>
<任意>
少なくなる。",https://wikiwiki.jp/llocardgame/PL%21-bp3-023%20%E3%83%9F%E3%81%AF%CE%BC%27sic%E3%81%AE%E3%83%9F,LIVE,{},0,[],{},8,[],"{""all"": 1}",1,[],"<ライブ開始時>
自分のステージにいるメンバーが持つ
<(ブレード)>
の合計が10以上の場合、このカードを成功させるための必要ハートは
<任意>
<任意>
少なくなる。",HAS_TEXT,0,"{""hearts"": {}, ""blade_mentions"": [], ""tags"": [], ""blade_icon_n"": 1, ""energy_icon_n"": 0, ""all_heart_n"": 0, ""score_delta_icon"": 0, ""unknown_tags"": []}",1,0,0,0,0,"{""draw"": 0, ""score"": 0, ""colorless"": 0}",0,0,0,,
PL!-bp3-024,"夏色えがおで1,2,Jump!","PL!-bp3-024 夏色えがおで1,2,Jump! - ラブライブ！シリーズ オフィシャルカードゲーム(ラブカ) 非公式 Wiki*",ライブ,ラブライブ！,μ's,,,,<ALL>,,<桃> 2 <黄> 2 <紫> 2 (合計6),2.0,"<ライブ開始時>
自分の成功ライブカード置き場にカードがある場合、
<桃>
か
<黄>
か
<紫>
のうち、1つを選ぶ。ライブ終了時まで、自分のステージにいる『μ's』のメンバー1人は、選んだハートを1つ得る。
<ライブ開始時>
自分の成功ライブカード置き場にカードが2枚以上ある場合、このカードのスコアを+1する。",https://wikiwiki.jp/llocardgame/PL%21-bp3-024%20%E5%A4%8F%E8%89%B2%E3%81%88%E3%81%8C%E3%81%8A%E3%81%A71%2C2%2CJump%21,LIVE,{},0,[],{},6,[],"{""all"": 1}",1,[],"<ライブ開始時>
自分の成功ライブカード置き場にカードがある場合、
<桃>
か
<黄>
か
<紫>
のうち、1つを選ぶ。ライブ終了時まで、自分のステージにいる『μ's』のメンバー1人は、選んだハートを1つ得る。
<ライブ開始時>
自分の成功ライブカード置き場にカードが2枚以上ある場合、このカードのスコアを+1する。",HAS_TEXT,0,"{""hearts"": {}, ""blade_mentions"": [], ""blade_icon_n"": 0, ""energy_icon_n"": 0, ""all_heart_n"": 0, ""score_delta_icon"": 0, ""unknown_tags"": [], ""tags"": []}",0,0,0,0,0,"{""draw"": 0, ""score"": 0, ""colorless"": 0}",0,0,0,,
PL!-bp3-025,タカラモノズ,PL!-bp3-025 タカラモノズ - ラブライブ！シリーズ オフィシャルカードゲーム(ラブカ) 非公式 Wiki*,ライブ,ラブライブ！,μ's,,,,<ALL>,,<桃> 2 <黄> 2 <紫> 2 <任意> 4 (合計10),4.0,"<ライブ成功時>
このターン、自分が余剰ハートを持たない場合、このカードのスコアを+1する。",https://wikiwiki.jp/llocardgame/PL%21-bp3-025%20%E3%82%BF%E3%82%AB%E3%83%A9%E3%83%A2%E3%83%8E%E3%82%BA,LIVE,{},0,[],{},10,[],"{""all"": 1}",1,[],"<ライブ成功時>
このターン、自分が余剰ハートを持たない場合、このカードのスコアを+1する。",HAS_TEXT,0,"{""hearts"": {}, ""blade_mentions"": [], ""blade_icon_n"": 0, ""energy_icon_n"": 0, ""all_heart_n"": 0, ""score_delta_icon"": 0, ""unknown_tags"": [], ""tags"": []}",0,0,0,0,0,"{""draw"": 0, ""score"": 0, ""colorless"": 0}",0,0,0,,
PL!-bp3-026,"Oh,Love＆Peace!","PL!-bp3-026 Oh,Love＆Peace! - ラブライブ！シリーズ オフィシャルカードゲーム(ラブカ) 非公式 Wiki*",ライブ,ラブライブ！,μ's,,,,<ALL>,,<桃> 2 <黄> 5 <紫> 2 <任意> 6 (合計15),6.0,"<ライブ開始時>
手札を2枚控え室に置いてもよい：ライブ終了時まで、自分のステージにいるメンバー1人は
<(ブレード)>
<(ブレード)>
<(ブレード)>
を得る。
<ライブ成功時>
自分のステージにいるメンバーが持つハートの総数が、相手のステージにいるメンバーが持つハートの総数より多い場合、このカードのスコアを+1する。",https://wikiwiki.jp/llocardgame/PL%21-bp3-026%20Oh%2CLove%EF%BC%86Peace%21,LIVE,{},0,[],{},15,[],"{""all"": 1}",1,[],"<ライブ開始時>
手札を2枚控え室に置いてもよい：ライブ終了時まで、自分のステージにいるメンバー1人は
<(ブレード)>
<(ブレード)>
<(ブレード)>
を得る。
<ライブ成功時>
自分のステージにいるメンバーが持つハートの総数が、相手のステージにいるメンバーが持つハートの総数より多い場合、このカードのスコアを+1する。",HAS_TEXT,0,"{""hearts"": {}, ""blade_mentions"": [], ""tags"": [], ""blade_icon_n"": 3, ""energy_icon_n"": 0, ""all_heart_n"": 0, ""score_delta_icon"": 0, ""unknown_tags"": []}",3,0,0,0,0,"{""draw"": 0, ""score"": 0, ""colorless"": 0}",0,0,0,,
PL!-bp4-001,高坂穂乃果,PL!-bp4-001 高坂穂乃果 - ラブライブ！シリーズ オフィシャルカードゲーム(ラブカ) 非公式 Wiki*,メンバー,ラブライブ！,μ's,Printemps,9.0,4.0,なし,<桃> 1 <黄> 1 <紫> 1,,,"<ライブ開始時>
自分ステージにいるメンバーのコストの合計が相手より低い場合、カードを1枚引く。",https://wikiwiki.jp/llocardgame/PL%21-bp4-001%20%E9%AB%98%E5%9D%82%E7%A9%82%E4%B9%83%E6%9E%9C,MEMBER,{},0,[],{},0,[],{},0,[],"<ライブ開始時>
自分ステージにいるメンバーのコストの合計が相手より低い場合、カードを1枚引く。",HAS_TEXT,0,"{""hearts"": {}, ""blade_mentions"": [], ""blade_icon_n"": 0, ""energy_icon_n"": 0, ""all_heart_n"": 0, ""score_delta_icon"": 0, ""unknown_tags"": [], ""tags"": []}",0,0,0,0,0,"{""draw"": 0, ""score"": 0, ""colorless"": 0}",0,0,0,,
PL!-bp4-002,絢瀬絵里,PL!-bp4-002 絢瀬絵里 - ラブライブ！シリーズ オフィシャルカードゲーム(ラブカ) 非公式 Wiki*,メンバー,ラブライブ！,μ's,BiBi,15.0,4.0,<紫>,<桃> 2 <黄> 2 <紫> 2,,,"<常時>
自分のライブ中のライブカードに、
<ライブ開始時>
能力も
<ライブ成功時>
能力も持たないカードがあるかぎり、
<紫>
<紫>
を加える。
<起動>
<ターン1回>
手札を2枚控え室に置く：自分の控え室から『μ's』のライブカードを1枚手札に加える。この能力は、自分の成功ライブカード置き場にあるカードのスコアの合計が6以上の場合のみ起動できる。",https://wikiwiki.jp/llocardgame/PL%21-bp4-002%20%E7%B5%A2%E7%80%AC%E7%B5%B5%E9%87%8C,MEMBER,{},0,[],{},0,[],"{""purple"": 1}",1,[],"<常時>
自分のライブ中のライブカードに、
<ライブ開始時>
能力も
<ライブ成功時>
能力も持たないカードがあるかぎり、
<紫>
<紫>
を加える。
<起動>
<ターン1回>
手札を2枚控え室に置く：自分の控え室から『μ's』のライブカードを1枚手札に加える。この能力は、自分の成功ライブカード置き場にあるカードのスコアの合計が6以上の場合のみ起動できる。",HAS_TEXT,0,"{""hearts"": {}, ""blade_mentions"": [], ""blade_icon_n"": 0, ""energy_icon_n"": 0, ""all_heart_n"": 0, ""score_delta_icon"": 0, ""unknown_tags"": [], ""tags"": []}",0,0,0,0,0,"{""draw"": 0, ""score"": 0, ""colorless"": 0}",0,0,0,,
PL!-bp4-003,南ことり,PL!-bp4-003 南ことり - ラブライブ！シリーズ オフィシャルカードゲーム(ラブカ) 非公式 Wiki*,メンバー,ラブライブ！,μ's,Printemps,2.0,1.0,<黄>,<黄> 1,,,"<起動>
このメンバーをステージから控え室に置く：自分の控え室からライブカードを1枚手札に加える。",https://wikiwiki.jp/llocardgame/PL%21-bp4-003%20%E5%8D%97%E3%81%93%E3%81%A8%E3%82%8A,MEMBER,{},0,[],{},0,[],"{""yellow"": 1}",1,[],"<起動>
このメンバーをステージから控え室に置く：自分の控え室からライブカードを1枚手札に加える。",HAS_TEXT,0,"{""hearts"": {}, ""blade_mentions"": [], ""blade_icon_n"": 0, ""energy_icon_n"": 0, ""all_heart_n"": 0, ""score_delta_icon"": 0, ""unknown_tags"": [], ""tags"": []}",0,0,0,0,0,"{""draw"": 0, ""score"": 0, ""colorless"": 0}",0,0,0,,
PL!-bp4-004,園田海未,PL!-bp4-004 園田海未 - ラブライブ！シリーズ オフィシャルカードゲーム(ラブカ) 非公式 Wiki*,メンバー,ラブライブ！,μ's,lily white,2.0,1.0,<紫>,<紫> 1,,,"<登場>
自分の成功ライブカード置き場にあるカードのスコアの合計が6以上の場合、エネルギーを2枚アクティブにする。",https://wikiwiki.jp/llocardgame/PL%21-bp4-004%20%E5%9C%92%E7%94%B0%E6%B5%B7%E6%9C%AA,MEMBER,{},0,[],{},0,[],"{""purple"": 1}",1,[],"<登場>
自分の成功ライブカード置き場にあるカードのスコアの合計が6以上の場合、エネルギーを2枚アクティブにする。",HAS_TEXT,0,"{""hearts"": {}, ""blade_mentions"": [], ""blade_icon_n"": 0, ""energy_icon_n"": 0, ""all_heart_n"": 0, ""score_delta_icon"": 0, ""unknown_tags"": [], ""tags"": []}",0,0,0,0,0,"{""draw"": 0, ""score"": 0, ""colorless"": 0}",0,0,0,,
PL!-bp4-005,星空凛,PL!-bp4-005 星空凛 - ラブライブ！シリーズ オフィシャルカードゲーム(ラブカ) 非公式 Wiki*,メンバー,ラブライブ！,μ's,lily white,13.0,4.0,<桃>,<桃> 2 <黄> 2 <紫> 1,,,"<登場>
自分の控え室からコスト2以下のメンバーカードを1枚手札に加える。
<常時>
<センター>
ライブの合計スコアを+1する。
<ライブ開始時>
自分のステージに
<(ブレード)>
を5つ以上持つ『μ's』のメンバーがいない場合、このメンバーはセンターエリア以外にポジションチェンジする。",https://wikiwiki.jp/llocardgame/PL%21-bp4-005%20%E6%98%9F%E7%A9%BA%E5%87%9B,MEMBER,{},0,[],{},0,[],"{""pink"": 1}",1,[],"<登場>
自分の控え室からコスト2以下のメンバーカードを1枚手札に加える。
<常時>
<センター>
ライブの合計スコアを+1する。
<ライブ開始時>
自分のステージに
<(ブレード)>
を5つ以上持つ『μ's』のメンバーがいない場合、このメンバーはセンターエリア以外にポジションチェンジする。",HAS_TEXT,0,"{""hearts"": {}, ""blade_mentions"": [], ""tags"": [], ""blade_icon_n"": 1, ""energy_icon_n"": 0, ""all_heart_n"": 0, ""score_delta_icon"": 0, ""unknown_tags"": []}",1,0,0,0,0,"{""draw"": 0, ""score"": 0, ""colorless"": 0}",0,0,0,,
PL!-bp4-006,西木野真姫,PL!-bp4-006 西木野真姫 - ラブライブ！シリーズ オフィシャルカードゲーム(ラブカ) 非公式 Wiki*,メンバー,ラブライブ！,μ's,BiBi,4.0,2.0,<紫>,<紫> 1,,,"<登場>
自分の成功ライブカード置き場にあるカードのスコア合計が3以上の場合、自分のデッキの上からカードを5枚見る。その中から『μ's』のメンバーカードを1枚公開して手札に加えてもよい。残りを控え室に置く。",https://wikiwiki.jp/llocardgame/PL%21-bp4-006%20%E8%A5%BF%E6%9C%A8%E9%87%8E%E7%9C%9F%E5%A7%AB,MEMBER,{},0,[],{},0,[],"{""purple"": 1}",1,[],"<登場>
自分の成功ライブカード置き場にあるカードのスコア合計が3以上の場合、自分のデッキの上からカードを5枚見る。その中から『μ's』のメンバーカードを1枚公開して手札に加えてもよい。残りを控え室に置く。",HAS_TEXT,0,"{""hearts"": {}, ""blade_mentions"": [], ""blade_icon_n"": 0, ""energy_icon_n"": 0, ""all_heart_n"": 0, ""score_delta_icon"": 0, ""unknown_tags"": [], ""tags"": []}",0,0,0,0,0,"{""draw"": 0, ""score"": 0, ""colorless"": 0}",0,0,0,,
PL!-bp4-007,東條希,PL!-bp4-007 東條希 - ラブライブ！シリーズ オフィシャルカードゲーム(ラブカ) 非公式 Wiki*,メンバー,ラブライブ！,μ's,lily white,11.0,3.0,<桃>,<桃> 2 <黄> 1 <紫> 1,,,"<登場>
自分の成功ライブカード置き場にカードが1枚以上あり、かつスコアの合計が1以下の場合、ライブ終了時まで、「
<常時>
ライブの合計スコアを+1する。」を得る。",https://wikiwiki.jp/llocardgame/PL%21-bp4-007%20%E6%9D%B1%E6%A2%9D%E5%B8%8C,MEMBER,{},0,[],{},0,[],"{""pink"": 1}",1,[],"<登場>
自分の成功ライブカード置き場にカードが1枚以上あり、かつスコアの合計が1以下の場合、ライブ終了時まで、「
<常時>
ライブの合計スコアを+1する。」を得る。",HAS_TEXT,0,"{""hearts"": {}, ""blade_mentions"": [], ""blade_icon_n"": 0, ""energy_icon_n"": 0, ""all_heart_n"": 0, ""score_delta_icon"": 0, ""unknown_tags"": [], ""tags"": []}",0,0,0,0,0,"{""draw"": 0, ""score"": 0, ""colorless"": 0}",0,0,0,,
PL!-bp4-008,小泉花陽,PL!-bp4-008 小泉花陽 - ラブライブ！シリーズ オフィシャルカードゲーム(ラブカ) 非公式 Wiki*,メンバー,ラブライブ！,μ's,Printemps,4.0,3.0,なし,<黄> 1,,,"<常時>
自分の成功ライブカード置き場にあるカードのスコアの合計が6以上である限り、ステージにいるこのメンバーのコストを+3する。",https://wikiwiki.jp/llocardgame/PL%21-bp4-008%20%E5%B0%8F%E6%B3%89%E8%8A%B1%E9%99%BD,MEMBER,{},0,[],{},0,[],{},0,[],"<常時>
自分の成功ライブカード置き場にあるカードのスコアの合計が6以上である限り、ステージにいるこのメンバーのコストを+3する。",HAS_TEXT,0,"{""hearts"": {}, ""blade_mentions"": [], ""blade_icon_n"": 0, ""energy_icon_n"": 0, ""all_heart_n"": 0, ""score_delta_icon"": 0, ""unknown_tags"": [], ""tags"": []}",0,0,0,0,0,"{""draw"": 0, ""score"": 0, ""colorless"": 0}",0,0,0,,
PL!-bp4-009,矢澤にこ,PL!-bp4-009 矢澤にこ - ラブライブ！シリーズ オフィシャルカードゲーム(ラブカ) 非公式 Wiki*,メンバー,ラブライブ！,μ's,BiBi,7.0,1.0,なし,<桃> 1 <黄> 1 <紫> 1,,,"<登場>
相手は、自身のステージにいるアクティブ状態のメンバー1人をウェイトにする。",https://wikiwiki.jp/llocardgame/PL%21-bp4-009%20%E7%9F%A2%E6%BE%A4%E3%81%AB%E3%81%93,MEMBER,{},0,[],{},0,[],{},0,[],"<登場>
相手は、自身のステージにいるアクティブ状態のメンバー1人をウェイトにする。",HAS_TEXT,0,"{""hearts"": {}, ""blade_mentions"": [], ""blade_icon_n"": 0, ""energy_icon_n"": 0, ""all_heart_n"": 0, ""score_delta_icon"": 0, ""unknown_tags"": [], ""tags"": []}",0,0,0,0,0,"{""draw"": 0, ""score"": 0, ""colorless"": 0}",0,0,0,,
PL!-bp4-010,高坂穂乃果,PL!-bp4-010 高坂穂乃果 - ラブライブ！シリーズ オフィシャルカードゲーム(ラブカ) 非公式 Wiki*,メンバー,ラブライブ！,μ's,Printemps,15.0,5.0,<桃>,<桃> 2 <黄> 2 <紫> 2,,,"<ライブ開始時>
<(E)>
支払ってもよい：ライブ終了時まで、
<(ブレード)>
<(ブレード)>
を得る。",https://wikiwiki.jp/llocardgame/PL%21-bp4-010%20%E9%AB%98%E5%9D%82%E7%A9%82%E4%B9%83%E6%9E%9C,MEMBER,{},0,[],{},0,[],"{""pink"": 1}",1,[],"<ライブ開始時>
<(E)>
支払ってもよい：ライブ終了時まで、
<(ブレード)>
<(ブレード)>
を得る。",HAS_TEXT,0,"{""hearts"": {}, ""blade_mentions"": [], ""tags"": [], ""blade_icon_n"": 2, ""energy_icon_n"": 1, ""all_heart_n"": 0, ""score_delta_icon"": 0, ""unknown_tags"": []}",2,1,0,0,0,"{""draw"": 0, ""score"": 0, ""colorless"": 0}",0,0,0,,
PL!-bp4-011,絢瀬絵里,PL!-bp4-011 絢瀬絵里 - ラブライブ！シリーズ オフィシャルカードゲーム(ラブカ) 非公式 Wiki*,メンバー,ラブライブ！,μ's,BiBi,4.0,1.0,なし,<桃> 1 <紫> 1,,,"<ライブ開始時>
このメンバーをウェイトにしてよい：ライブ終了時まで、自分のセンターエリアにいる『
μ's
』のメンバーは、
<(ブレード)>
<(ブレード)>
を得る。",https://wikiwiki.jp/llocardgame/PL%21-bp4-011%20%E7%B5%A2%E7%80%AC%E7%B5%B5%E9%87%8C,MEMBER,{},0,[],{},0,[],{},0,[],"<ライブ開始時>
このメンバーをウェイトにしてよい：ライブ終了時まで、自分のセンターエリアにいる『
μ's
』のメンバーは、
<(ブレード)>
<(ブレード)>
を得る。",HAS_TEXT,0,"{""hearts"": {}, ""blade_mentions"": [], ""tags"": [], ""blade_icon_n"": 2, ""energy_icon_n"": 0, ""all_heart_n"": 0, ""score_delta_icon"": 0, ""unknown_tags"": []}",2,0,0,0,0,"{""draw"": 0, ""score"": 0, ""colorless"": 0}",0,0,0,,
PL!-bp4-012,南ことり,PL!-bp4-012 南ことり - ラブライブ！シリーズ オフィシャルカードゲーム(ラブカ) 非公式 Wiki*,メンバー,ラブライブ！,μ's,Printemps,7.0,2.0,なし,<桃> 1 <黄> 2,,,(なし),https://wikiwiki.jp/llocardgame/PL%21-bp4-012%20%E5%8D%97%E3%81%93%E3%81%A8%E3%82%8A,MEMBER,{},0,[],{},0,[],{},0,[],(なし),NO_ABILITY,1,"{""hearts"": {}, ""blade_mentions"": [], ""blade_icon_n"": 0, ""energy_icon_n"": 0, ""all_heart_n"": 0, ""score_delta_icon"": 0, ""unknown_tags"": [], ""tags"": []}",0,0,0,0,0,"{""draw"": 0, ""score"": 0, ""colorless"": 0}",0,0,0,,
PL!-bp4-013,園田海未,PL!-bp4-013 園田海未 - ラブライブ！シリーズ オフィシャルカードゲーム(ラブカ) 非公式 Wiki*,メンバー,ラブライブ！,μ's,lily white,4.0,1.0,なし,<桃> 1 <紫> 1,,,"<ライブ開始時>
手札を1枚控え室に置いてもよい：ライブ終了時まで、自分のステージにいるこのメンバー以外のメンバー1人は、
<桃>
を得る。",https://wikiwiki.jp/llocardgame/PL%21-bp4-013%20%E5%9C%92%E7%94%B0%E6%B5%B7%E6%9C%AA,MEMBER,{},0,[],{},0,[],{},0,[],"<ライブ開始時>
手札を1枚控え室に置いてもよい：ライブ終了時まで、自分のステージにいるこのメンバー以外のメンバー1人は、
<桃>
を得る。",HAS_TEXT,0,"{""hearts"": {}, ""blade_mentions"": [], ""blade_icon_n"": 0, ""energy_icon_n"": 0, ""all_heart_n"": 0, ""score_delta_icon"": 0, ""unknown_tags"": [], ""tags"": []}",0,0,0,0,0,"{""draw"": 0, ""score"": 0, ""colorless"": 0}",0,0,0,,
PL!-bp4-014,星空凛,PL!-bp4-014 星空凛 - ラブライブ！シリーズ オフィシャルカードゲーム(ラブカ) 非公式 Wiki*,メンバー,ラブライブ！,μ's,lily white,9.0,3.0,なし,<桃> 1 <黄> 1 <紫> 1,,,"<ライブ開始時>
自分のライブ中のライブカードに、
<ライブ開始時>
能力も
<ライブ成功時>
能力も持たないカードがある場合、ライブ終了時まで、自分のステージにいるこのメンバー以外のメンバー1人は、
<(ブレード)>
<(ブレード)>
を得る。",https://wikiwiki.jp/llocardgame/PL%21-bp4-014%20%E6%98%9F%E7%A9%BA%E5%87%9B,MEMBER,{},0,[],{},0,[],{},0,[],"<ライブ開始時>
自分のライブ中のライブカードに、
<ライブ開始時>
能力も
<ライブ成功時>
能力も持たないカードがある場合、ライブ終了時まで、自分のステージにいるこのメンバー以外のメンバー1人は、
<(ブレード)>
<(ブレード)>
を得る。",HAS_TEXT,0,"{""hearts"": {}, ""blade_mentions"": [], ""tags"": [], ""blade_icon_n"": 2, ""energy_icon_n"": 0, ""all_heart_n"": 0, ""score_delta_icon"": 0, ""unknown_tags"": []}",2,0,0,0,0,"{""draw"": 0, ""score"": 0, ""colorless"": 0}",0,0,0,,
PL!-bp4-015,西木野真姫,PL!-bp4-015 西木野真姫 - ラブライブ！シリーズ オフィシャルカードゲーム(ラブカ) 非公式 Wiki*,メンバー,ラブライブ！,μ's,BiBi,7.0,2.0,なし,<黄> 1 <紫> 2,,,(なし),https://wikiwiki.jp/llocardgame/PL%21-bp4-015%20%E8%A5%BF%E6%9C%A8%E9%87%8E%E7%9C%9F%E5%A7%AB,MEMBER,{},0,[],{},0,[],{},0,[],(なし),NO_ABILITY,1,"{""hearts"": {}, ""blade_mentions"": [], ""blade_icon_n"": 0, ""energy_icon_n"": 0, ""all_heart_n"": 0, ""score_delta_icon"": 0, ""unknown_tags"": [], ""tags"": []}",0,0,0,0,0,"{""draw"": 0, ""score"": 0, ""colorless"": 0}",0,0,0,,
PL!-bp4-016,東條希,PL!-bp4-016 東條希 - ラブライブ！シリーズ オフィシャルカードゲーム(ラブカ) 非公式 Wiki*,メンバー,ラブライブ！,μ's,lily white,4.0,2.0,<桃>,<桃> 1,,,"<登場>
自分の成功ライブカード置き場にあるカードのスコアの合計が3以上の場合、カードを1枚引く。",https://wikiwiki.jp/llocardgame/PL%21-bp4-016%20%E6%9D%B1%E6%A2%9D%E5%B8%8C,MEMBER,{},0,[],{},0,[],"{""pink"": 1}",1,[],"<登場>
自分の成功ライブカード置き場にあるカードのスコアの合計が3以上の場合、カードを1枚引く。",HAS_TEXT,0,"{""hearts"": {}, ""blade_mentions"": [], ""blade_icon_n"": 0, ""energy_icon_n"": 0, ""all_heart_n"": 0, ""score_delta_icon"": 0, ""unknown_tags"": [], ""tags"": []}",0,0,0,0,0,"{""draw"": 0, ""score"": 0, ""colorless"": 0}",0,0,0,,
PL!-bp4-017,小泉花陽,PL!-bp4-017 小泉花陽 - ラブライブ！シリーズ オフィシャルカードゲーム(ラブカ) 非公式 Wiki*,メンバー,ラブライブ！,μ's,Printemps,2.0,1.0,<黄>,<黄> 1,,,"<ライブ開始時>
このメンバーをウェイトにしてもよい：ライブ終了時まで、自分のセンターエリアにいる『μ's』のメンバーは、
<(ブレード)>
を得る。",https://wikiwiki.jp/llocardgame/PL%21-bp4-017%20%E5%B0%8F%E6%B3%89%E8%8A%B1%E9%99%BD,MEMBER,{},0,[],{},0,[],"{""yellow"": 1}",1,[],"<ライブ開始時>
このメンバーをウェイトにしてもよい：ライブ終了時まで、自分のセンターエリアにいる『μ's』のメンバーは、
<(ブレード)>
を得る。",HAS_TEXT,0,"{""hearts"": {}, ""blade_mentions"": [], ""tags"": [], ""blade_icon_n"": 1, ""energy_icon_n"": 0, ""all_heart_n"": 0, ""score_delta_icon"": 0, ""unknown_tags"": []}",1,0,0,0,0,"{""draw"": 0, ""score"": 0, ""colorless"": 0}",0,0,0,,
PL!-bp4-018,矢澤にこ,PL!-bp4-018 矢澤にこ - ラブライブ！シリーズ オフィシャルカードゲーム(ラブカ) 非公式 Wiki*,メンバー,ラブライブ！,μ's,BiBi,11.0,2.0,<黄>,<桃> 1 <黄> 2 <紫> 2,,,"<常時>
自分の成功ライブカード置き場にあるカードのスコアの合計が相手より高いかぎり、
<(ブレード)>
<(ブレード)>
を得る。",https://wikiwiki.jp/llocardgame/PL%21-bp4-018%20%E7%9F%A2%E6%BE%A4%E3%81%AB%E3%81%93,MEMBER,{},0,[],{},0,[],"{""yellow"": 1}",1,[],"<常時>
自分の成功ライブカード置き場にあるカードのスコアの合計が相手より高いかぎり、
<(ブレード)>
<(ブレード)>
を得る。",HAS_TEXT,0,"{""hearts"": {}, ""blade_mentions"": [], ""tags"": [], ""blade_icon_n"": 2, ""energy_icon_n"": 0, ""all_heart_n"": 0, ""score_delta_icon"": 0, ""unknown_tags"": []}",2,0,0,0,0,"{""draw"": 0, ""score"": 0, ""colorless"": 0}",0,0,0,,
PL!-bp4-019,Angelic Angel,PL!-bp4-019 Angelic Angel - ラブライブ！シリーズ オフィシャルカードゲーム(ラブカ) 非公式 Wiki*,ライブ,ラブライブ！,μ's,,,,<ALL>,,<桃> 2 <黄> 2 <紫> 2 <任意> 4 (合計10),4.0,"<常時>
このカードが自分の成功ライブカード置き場にあり、かつ自分のステージに『μ's』のメンバーがいるかぎり、自分の成功ライブカード置き場にあるこのカードのスコアを+5する。",https://wikiwiki.jp/llocardgame/PL%21-bp4-019%20Angelic%20Angel,LIVE,{},0,[],{},10,[],"{""all"": 1}",1,[],"<常時>
このカードが自分の成功ライブカード置き場にあり、かつ自分のステージに『μ's』のメンバーがいるかぎり、自分の成功ライブカード置き場にあるこのカードのスコアを+5する。",HAS_TEXT,0,"{""hearts"": {}, ""blade_mentions"": [], ""blade_icon_n"": 0, ""energy_icon_n"": 0, ""all_heart_n"": 0, ""score_delta_icon"": 0, ""unknown_tags"": [], ""tags"": []}",0,0,0,0,0,"{""draw"": 0, ""score"": 0, ""colorless"": 0}",0,0,0,,
PL!-bp4-020,Love wing bell,PL!-bp4-020 Love wing bell - ラブライブ！シリーズ オフィシャルカードゲーム(ラブカ) 非公式 Wiki*,ライブ,ラブライブ！,μ's,,,,<ALL>,,<桃> 3 <黄> 3 <任意> 2 (合計8),3.0,"<ライブ開始時>
自分のステージにいるメンバーが『μ's』のみの場合、自分のステージにいるメンバー1人をポジションチェンジさせてもよい。
<常時>
このカードが自分の成功ライブカード置き場にあるかぎり、自分のセンターエリアにいる『μ's』のメンバーは
<(ブレード)>
を得る。",https://wikiwiki.jp/llocardgame/PL%21-bp4-020%20Love%20wing%20bell,LIVE,{},0,[],{},8,[],"{""all"": 1}",1,[],"<ライブ開始時>
自分のステージにいるメンバーが『μ's』のみの場合、自分のステージにいるメンバー1人をポジションチェンジさせてもよい。
<常時>
このカードが自分の成功ライブカード置き場にあるかぎり、自分のセンターエリアにいる『μ's』のメンバーは
<(ブレード)>
を得る。",HAS_TEXT,0,"{""hearts"": {}, ""blade_mentions"": [], ""tags"": [], ""blade_icon_n"": 1, ""energy_icon_n"": 0, ""all_heart_n"": 0, ""score_delta_icon"": 0, ""unknown_tags"": []}",1,0,0,0,0,"{""draw"": 0, ""score"": 0, ""colorless"": 0}",0,0,0,,
PL!-bp4-021,？←HEARTBEAT,PL!-bp4-021 ？←HEARTBEAT - ラブライブ！シリーズ オフィシャルカードゲーム(ラブカ) 非公式 Wiki*,ライブ,ラブライブ！,μ's,,,,<黄> <ドロー+1>,,<桃> 2 <黄> 2 <紫> 2 <任意> 8 (合計14),6.0,"<ライブ開始時>
自分の成功ライブカード置き場にあるカードのスコアの合計が6以上の場合、このライブを成功させるための必要ハートを
<任意>
減らす。スコアの合計が9以上の場合、さらにこのカードのスコアを+1する。",https://wikiwiki.jp/llocardgame/PL%21-bp4-021%20%EF%BC%9F%E2%86%90HEARTBEAT,LIVE,{},0,[],{},14,[],"{""yellow"": 1}",1,[],"<ライブ開始時>
自分の成功ライブカード置き場にあるカードのスコアの合計が6以上の場合、このライブを成功させるための必要ハートを
<任意>
減らす。スコアの合計が9以上の場合、さらにこのカードのスコアを+1する。",HAS_TEXT,0,"{""hearts"": {}, ""blade_mentions"": [], ""blade_icon_n"": 0, ""energy_icon_n"": 0, ""all_heart_n"": 0, ""score_delta_icon"": 0, ""unknown_tags"": [], ""tags"": []}",0,0,0,0,0,"{""draw"": 1, ""score"": 0, ""colorless"": 0}",1,0,0,,
PL!-bp4-022,No brand girls,PL!-bp4-022 No brand girls - ラブライブ！シリーズ オフィシャルカードゲーム(ラブカ) 非公式 Wiki*,ライブ,ラブライブ！,μ's,,,,<スコア+1>,,<桃> 3 <黄> 3 <紫> 3 <任意> 9 (合計18),7.0,"<ライブ開始時>
自分のセンターエリアに
<(ブレード)>
を9つ以上持つ『μ's』のメンバーがいる場合、このカードのスコアを+2する。",https://wikiwiki.jp/llocardgame/PL%21-bp4-022%20No%20brand%20girls,LIVE,{},0,[],{},18,[],{},0,[],"<ライブ開始時>
自分のセンターエリアに
<(ブレード)>
を9つ以上持つ『μ's』のメンバーがいる場合、このカードのスコアを+2する。",HAS_TEXT,0,"{""hearts"": {}, ""blade_mentions"": [], ""tags"": [], ""blade_icon_n"": 1, ""energy_icon_n"": 0, ""all_heart_n"": 0, ""score_delta_icon"": 0, ""unknown_tags"": []}",1,0,0,0,0,"{""draw"": 0, ""score"": 1, ""colorless"": 0}",0,1,0,,
PL!-bp4-023,もぎゅっと”love”で接近中！,PL!-bp4-023 もぎゅっと”love”で接近中！ - ラブライブ！シリーズ オフィシャルカードゲーム(ラブカ) 非公式 Wiki*,ライブ,ラブライブ！,μ's,,,,<ALL>,,<桃> 2 <黄> 1 <紫> 1 <任意> 3 (合計7),3.0,"<ライブ成功時>
自分が余剰ハートに
<桃>
を1つ以上持つ場合、カードを1枚引く。",https://wikiwiki.jp/llocardgame/PL%21-bp4-023%20%E3%82%82%E3%81%8E%E3%82%85%E3%81%A3%E3%81%A8%E2%80%9Dlove%E2%80%9D%E3%81%A7%E6%8E%A5%E8%BF%91%E4%B8%AD%EF%BC%81,LIVE,{},0,[],{},7,[],"{""all"": 1}",1,[],"<ライブ成功時>
自分が余剰ハートに
<桃>
を1つ以上持つ場合、カードを1枚引く。",HAS_TEXT,0,"{""hearts"": {}, ""blade_mentions"": [], ""blade_icon_n"": 0, ""energy_icon_n"": 0, ""all_heart_n"": 0, ""score_delta_icon"": 0, ""unknown_tags"": [], ""tags"": []}",0,0,0,0,0,"{""draw"": 0, ""score"": 0, ""colorless"": 0}",0,0,0,,
PL!-bp4-024,小夜啼鳥恋詩,PL!-bp4-024 小夜啼鳥恋詩 - ラブライブ！シリーズ オフィシャルカードゲーム(ラブカ) 非公式 Wiki*,ライブ,ラブライブ！,μ's,Printemps,,,<ALL>,,<桃> 2 <黄> 2 <任意> 1 (合計5),2.0,"<ライブ開始時>
ライブ終了時まで、自分のステージにいる『μ's』のメンバー1人は、
<(ブレード)>
を得る。",https://wikiwiki.jp/llocardgame/PL%21-bp4-024%20%E5%B0%8F%E5%A4%9C%E5%95%BC%E9%B3%A5%E6%81%8B%E8%A9%A9,LIVE,{},0,[],{},5,[],"{""all"": 1}",1,[],"<ライブ開始時>
ライブ終了時まで、自分のステージにいる『μ's』のメンバー1人は、
<(ブレード)>
を得る。",HAS_TEXT,0,"{""hearts"": {}, ""blade_mentions"": [], ""tags"": [], ""blade_icon_n"": 1, ""energy_icon_n"": 0, ""all_heart_n"": 0, ""score_delta_icon"": 0, ""unknown_tags"": []}",1,0,0,0,0,"{""draw"": 0, ""score"": 0, ""colorless"": 0}",0,0,0,,
PL!-bp4-025,微熱からMystery,PL!-bp4-025 微熱からMystery - ラブライブ！シリーズ オフィシャルカードゲーム(ラブカ) 非公式 Wiki*,ライブ,ラブライブ！,μ's,lily white,,,<桃> <ドロー+1>,,<桃> 3 <紫> 3 <任意> 6 (合計12),5.0,(なし),https://wikiwiki.jp/llocardgame/PL%21-bp4-025%20%E5%BE%AE%E7%86%B1%E3%81%8B%E3%82%89Mystery,LIVE,{},0,[],{},12,[],"{""pink"": 1}",1,[],(なし),NO_ABILITY,1,"{""hearts"": {}, ""blade_mentions"": [], ""blade_icon_n"": 0, ""energy_icon_n"": 0, ""all_heart_n"": 0, ""score_delta_icon"": 0, ""unknown_tags"": [], ""tags"": []}",0,0,0,0,0,"{""draw"": 1, ""score"": 0, ""colorless"": 0}",1,0,0,,
PL!-bp4-026,ダイヤモンドプリンセスの憂鬱,PL!-bp4-026 ダイヤモンドプリンセスの憂鬱 - ラブライブ！シリーズ オフィシャルカードゲーム(ラブカ) 非公式 Wiki*,ライブ,ラブライブ！,μ's,BiBi,,,<スコア+1>,,<黄> 1 <紫> 1 <任意> 1 (合計3),1.0,(なし),https://wikiwiki.jp/llocardgame/PL%21-bp4-026%20%E3%83%80%E3%82%A4%E3%83%A4%E3%83%A2%E3%83%B3%E3%83%89%E3%83%97%E3%83%AA%E3%83%B3%E3%82%BB%E3%82%B9%E3%81%AE%E6%86%82%E9%AC%B1,LIVE,{},0,[],{},3,[],{},0,[],(なし),NO_ABILITY,1,"{""hearts"": {}, ""blade_mentions"": [], ""blade_icon_n"": 0, ""energy_icon_n"": 0, ""all_heart_n"": 0, ""score_delta_icon"": 0, ""unknown_tags"": [], ""tags"": []}",0,0,0,0,0,"{""draw"": 0, ""score"": 1, ""colorless"": 0}",0,1,0,,
PL!-bp5-001,高坂穂乃果,PL!-bp5-001 高坂穂乃果 - ラブライブ！シリーズ オフィシャルカードゲーム(ラブカ) 非公式 Wiki*,メンバー,ラブライブ！,μ's,Printemps,4.0,2.0,なし,<黄> 1 <青> 1,,,"<ライブ成功時>
手札を1枚控え室に置いてもよい：自分のデッキの上から、自分のライブの合計スコアに2を足した数に等しい枚数見る。その中からカードを1枚手札に加える。残りを控え室に置く。",https://wikiwiki.jp/llocardgame/PL%21-bp5-001%20%E9%AB%98%E5%9D%82%E7%A9%82%E4%B9%83%E6%9E%9C,MEMBER,{},0,[],{},0,[],{},0,[],"<ライブ成功時>
手札を1枚控え室に置いてもよい：自分のデッキの上から、自分のライブの合計スコアに2を足した数に等しい枚数見る。その中からカードを1枚手札に加える。残りを控え室に置く。",HAS_TEXT,0,"{""hearts"": {}, ""blade_mentions"": [], ""blade_icon_n"": 0, ""energy_icon_n"": 0, ""all_heart_n"": 0, ""score_delta_icon"": 0, ""unknown_tags"": [], ""tags"": []}",0,0,0,0,0,"{""draw"": 0, ""score"": 0, ""colorless"": 0}",0,0,0,,
PL!-bp5-002,絢瀬絵里,PL!-bp5-002 絢瀬絵里 - ラブライブ！シリーズ オフィシャルカードゲーム(ラブカ) 非公式 Wiki*,メンバー,ラブライブ！,μ's,BiBi,4.0,2.0,<桃>,<桃> 1,,,"<登場>
このメンバーをウェイトにし、手札を1枚控え室に置いてもよい：自分のデッキの上からカードを5枚見る。その中からコスト9以上の『μ's』のメンバーカードを1枚公開して手札に加えてもよい。残りを控え室に置く。",https://wikiwiki.jp/llocardgame/PL%21-bp5-002%20%E7%B5%A2%E7%80%AC%E7%B5%B5%E9%87%8C,MEMBER,{},0,[],{},0,[],"{""pink"": 1}",1,[],"<登場>
このメンバーをウェイトにし、手札を1枚控え室に置いてもよい：自分のデッキの上からカードを5枚見る。その中からコスト9以上の『μ's』のメンバーカードを1枚公開して手札に加えてもよい。残りを控え室に置く。",HAS_TEXT,0,"{""hearts"": {}, ""blade_mentions"": [], ""blade_icon_n"": 0, ""energy_icon_n"": 0, ""all_heart_n"": 0, ""score_delta_icon"": 0, ""unknown_tags"": [], ""tags"": []}",0,0,0,0,0,"{""draw"": 0, ""score"": 0, ""colorless"": 0}",0,0,0,,
PL!-bp5-003,南ことり,PL!-bp5-003 南ことり - ラブライブ！シリーズ オフィシャルカードゲーム(ラブカ) 非公式 Wiki*,メンバー,ラブライブ！,μ's,Printemps,11.0,4.0,<黄>,<黄> 3 <青> 1,,,"<常時>
自分のステージに名前が異なるメンバーが3人以上いるかぎり、
<黄>
を得る。
<起動>
<ターン1回>
<(E)>
<(E)>
手札を1枚控え室に置く：これにより控え室に置いたカードが『μ's』のカードの場合、自分のデッキの上からカードを4枚見る。その中からカードを2枚手札に加える。残りを控え室に置く。『μ's』のカード以外の場合、自分の控え室からライブカードを1枚手札に加える。",https://wikiwiki.jp/llocardgame/PL%21-bp5-003%20%E5%8D%97%E3%81%93%E3%81%A8%E3%82%8A,MEMBER,{},0,[],{},0,[],"{""yellow"": 1}",1,[],"<常時>
自分のステージに名前が異なるメンバーが3人以上いるかぎり、
<黄>
を得る。
<起動>
<ターン1回>
<(E)>
<(E)>
手札を1枚控え室に置く：これにより控え室に置いたカードが『μ's』のカードの場合、自分のデッキの上からカードを4枚見る。その中からカードを2枚手札に加える。残りを控え室に置く。『μ's』のカード以外の場合、自分の控え室からライブカードを1枚手札に加える。",HAS_TEXT,0,"{""hearts"": {}, ""blade_mentions"": [], ""tags"": [], ""blade_icon_n"": 0, ""energy_icon_n"": 2, ""all_heart_n"": 0, ""score_delta_icon"": 0, ""unknown_tags"": []}",0,2,0,0,0,"{""draw"": 0, ""score"": 0, ""colorless"": 0}",0,0,0,,
PL!-bp5-004,園田海未,PL!-bp5-004 園田海未 - ラブライブ！シリーズ オフィシャルカードゲーム(ラブカ) 非公式 Wiki*,メンバー,ラブライブ！,μ's,lily white,13.0,3.0,<桃>,<桃> 2 <黄> 2 <紫> 2,,,"<起動>
<(E)>
<(E)>
<(E)>
<(E)>
：相手のステージいるコスト10以下のメンバー1人をウェイトにする。この能力は自分のステージにいるメンバーの中のグループ名1種類につき、
<(E)>
減る。
<自動>
<ターン1回>
自分がエールしたとき、エールにより公開された自分のカードの中にブレードハートを持たないメンバーカードが3枚以上ある場合、ライブ終了時まで、
<ALL>
を得る。",https://wikiwiki.jp/llocardgame/PL%21-bp5-004%20%E5%9C%92%E7%94%B0%E6%B5%B7%E6%9C%AA,MEMBER,{},0,[],{},0,[],"{""pink"": 1}",1,[],"<起動>
<(E)>
<(E)>
<(E)>
<(E)>
：相手のステージいるコスト10以下のメンバー1人をウェイトにする。この能力は自分のステージにいるメンバーの中のグループ名1種類につき、
<(E)>
減る。
<自動>
<ターン1回>
自分がエールしたとき、エールにより公開された自分のカードの中にブレードハートを持たないメンバーカードが3枚以上ある場合、ライブ終了時まで、
<ALL>
を得る。",HAS_TEXT,0,"{""hearts"": {}, ""blade_mentions"": [], ""tags"": [], ""blade_icon_n"": 0, ""energy_icon_n"": 5, ""all_heart_n"": 0, ""score_delta_icon"": 0, ""unknown_tags"": []}",0,5,0,0,0,"{""draw"": 0, ""score"": 0, ""colorless"": 0}",0,0,0,,
PL!-bp5-005,星空凛,PL!-bp5-005 星空凛 - ラブライブ！シリーズ オフィシャルカードゲーム(ラブカ) 非公式 Wiki*,メンバー,ラブライブ！,μ's,lily white,10.0,3.0,なし,<桃> 1 <黄> 1 <紫> 2,,,"<登場>
自分の成功ライブカード置き場にあるカードのスコアの合計が6以上の場合、自分のエネルギーデッキから、エネルギーカードを1枚アクティブ状態で置く。",https://wikiwiki.jp/llocardgame/PL%21-bp5-005%20%E6%98%9F%E7%A9%BA%E5%87%9B,MEMBER,{},0,[],{},0,[],{},0,[],"<登場>
自分の成功ライブカード置き場にあるカードのスコアの合計が6以上の場合、自分のエネルギーデッキから、エネルギーカードを1枚アクティブ状態で置く。",HAS_TEXT,0,"{""hearts"": {}, ""blade_mentions"": [], ""blade_icon_n"": 0, ""energy_icon_n"": 0, ""all_heart_n"": 0, ""score_delta_icon"": 0, ""unknown_tags"": [], ""tags"": []}",0,0,0,0,0,"{""draw"": 0, ""score"": 0, ""colorless"": 0}",0,0,0,,
PL!-bp5-006,西木野真姫,PL!-bp5-006 西木野真姫 - ラブライブ！シリーズ オフィシャルカードゲーム(ラブカ) 非公式 Wiki*,メンバー,ラブライブ！,μ's,BiBi,2.0,1.0,<紫>,<紫> 1,,,"<ライブ開始時>
自分のライブカード置き場にカードが2枚以上ある場合、カードを1枚引く。",https://wikiwiki.jp/llocardgame/PL%21-bp5-006%20%E8%A5%BF%E6%9C%A8%E9%87%8E%E7%9C%9F%E5%A7%AB,MEMBER,{},0,[],{},0,[],"{""purple"": 1}",1,[],"<ライブ開始時>
自分のライブカード置き場にカードが2枚以上ある場合、カードを1枚引く。",HAS_TEXT,0,"{""hearts"": {}, ""blade_mentions"": [], ""blade_icon_n"": 0, ""energy_icon_n"": 0, ""all_heart_n"": 0, ""score_delta_icon"": 0, ""unknown_tags"": [], ""tags"": []}",0,0,0,0,0,"{""draw"": 0, ""score"": 0, ""colorless"": 0}",0,0,0,,
PL!-bp5-007,東條希,PL!-bp5-007 東條希 - ラブライブ！シリーズ オフィシャルカードゲーム(ラブカ) 非公式 Wiki*,メンバー,ラブライブ！,μ's,lily white,13.0,4.0,<桃>,<桃> 2 <黄> 1 <紫> 2,,,"<登場>
このメンバーよりコストが低いメンバーからバトンタッチして登場した場合、自分と相手はそれぞれ自身の手札の枚数が3枚になるまで手札を控え室に置き、その後、自分と相手はそれぞれカードを3枚引く。",https://wikiwiki.jp/llocardgame/PL%21-bp5-007%20%E6%9D%B1%E6%A2%9D%E5%B8%8C,MEMBER,{},0,[],{},0,[],"{""pink"": 1}",1,[],"<登場>
このメンバーよりコストが低いメンバーからバトンタッチして登場した場合、自分と相手はそれぞれ自身の手札の枚数が3枚になるまで手札を控え室に置き、その後、自分と相手はそれぞれカードを3枚引く。",HAS_TEXT,0,"{""hearts"": {}, ""blade_mentions"": [], ""blade_icon_n"": 0, ""energy_icon_n"": 0, ""all_heart_n"": 0, ""score_delta_icon"": 0, ""unknown_tags"": [], ""tags"": []}",0,0,0,0,0,"{""draw"": 0, ""score"": 0, ""colorless"": 0}",0,0,0,,
PL!-bp5-008,小泉花陽,PL!-bp5-008 小泉花陽 - ラブライブ！シリーズ オフィシャルカードゲーム(ラブカ) 非公式 Wiki*,メンバー,ラブライブ！,μ's,Printemps,13.0,3.0,<黄>,<桃> 1 <黄> 3 <紫> 2,,,"<常時>
自分の成功ライブカード置き場にあるカードのスコアの合計が6以上であるかぎり、
<黄>
<黄>
を得る。",https://wikiwiki.jp/llocardgame/PL%21-bp5-008%20%E5%B0%8F%E6%B3%89%E8%8A%B1%E9%99%BD,MEMBER,{},0,[],{},0,[],"{""yellow"": 1}",1,[],"<常時>
自分の成功ライブカード置き場にあるカードのスコアの合計が6以上であるかぎり、
<黄>
<黄>
を得る。",HAS_TEXT,0,"{""hearts"": {}, ""blade_mentions"": [], ""blade_icon_n"": 0, ""energy_icon_n"": 0, ""all_heart_n"": 0, ""score_delta_icon"": 0, ""unknown_tags"": [], ""tags"": []}",0,0,0,0,0,"{""draw"": 0, ""score"": 0, ""colorless"": 0}",0,0,0,,
PL!-bp5-009,矢澤にこ,PL!-bp5-009 矢澤にこ - ラブライブ！シリーズ オフィシャルカードゲーム(ラブカ) 非公式 Wiki*,メンバー,ラブライブ！,μ's,BiBi,15.0,4.0,<紫>,<桃> 1 <黄> 2 <紫> 3,,,"<起動>
<ターン1回>
手札を1枚控え室に置く：控え室から必要ハートに
<紫>
を3以上含むライブカードを1枚手札に加える。",https://wikiwiki.jp/llocardgame/PL%21-bp5-009%20%E7%9F%A2%E6%BE%A4%E3%81%AB%E3%81%93,MEMBER,{},0,[],{},0,[],"{""purple"": 1}",1,[],"<起動>
<ターン1回>
手札を1枚控え室に置く：控え室から必要ハートに
<紫>
を3以上含むライブカードを1枚手札に加える。",HAS_TEXT,0,"{""hearts"": {}, ""blade_mentions"": [], ""blade_icon_n"": 0, ""energy_icon_n"": 0, ""all_heart_n"": 0, ""score_delta_icon"": 0, ""unknown_tags"": [], ""tags"": []}",0,0,0,0,0,"{""draw"": 0, ""score"": 0, ""colorless"": 0}",0,0,0,,
PL!-bp5-010,高坂穂乃果,PL!-bp5-010 高坂穂乃果 - ラブライブ！シリーズ オフィシャルカードゲーム(ラブカ) 非公式 Wiki*,メンバー,,μ's,Printemps,4.0,2.0,なし,<桃> 1 <青> 1,,,"<ライブ開始時>
手札を1枚控え室に置いてもよい：自分のデッキの上からカードを3枚控え室に置く。その後、自分の控え室から『A-RISE』のメンバーカードを1枚手札に加える。",https://wikiwiki.jp/llocardgame/PL%21-bp5-010%20%E9%AB%98%E5%9D%82%E7%A9%82%E4%B9%83%E6%9E%9C,MEMBER,{},0,[],{},0,[],{},0,[],"<ライブ開始時>
手札を1枚控え室に置いてもよい：自分のデッキの上からカードを3枚控え室に置く。その後、自分の控え室から『A-RISE』のメンバーカードを1枚手札に加える。",HAS_TEXT,0,"{""hearts"": {}, ""blade_mentions"": [], ""blade_icon_n"": 0, ""energy_icon_n"": 0, ""all_heart_n"": 0, ""score_delta_icon"": 0, ""unknown_tags"": [], ""tags"": []}",0,0,0,0,0,"{""draw"": 0, ""score"": 0, ""colorless"": 0}",0,0,0,,
PL!-bp5-011,絢瀬絵里,PL!-bp5-011 絢瀬絵里 - ラブライブ！シリーズ オフィシャルカードゲーム(ラブカ) 非公式 Wiki*,メンバー,ラブライブ！,μ's,BiBi,2.0,2.0,<紫>,なし,,,"<ライブ開始時>
<緑>
か
<青>
か
<紫>
のうち、1つを選ぶ。ライブ終了時まで、自分の成功ライブカード置き場にあるカード1枚につき、選んだハートを1つ得る。",https://wikiwiki.jp/llocardgame/PL%21-bp5-011%20%E7%B5%A2%E7%80%AC%E7%B5%B5%E9%87%8C,MEMBER,{},0,[],{},0,[],"{""purple"": 1}",1,[],"<ライブ開始時>
<緑>
か
<青>
か
<紫>
のうち、1つを選ぶ。ライブ終了時まで、自分の成功ライブカード置き場にあるカード1枚につき、選んだハートを1つ得る。",HAS_TEXT,0,"{""hearts"": {}, ""blade_mentions"": [], ""blade_icon_n"": 0, ""energy_icon_n"": 0, ""all_heart_n"": 0, ""score_delta_icon"": 0, ""unknown_tags"": [], ""tags"": []}",0,0,0,0,0,"{""draw"": 0, ""score"": 0, ""colorless"": 0}",0,0,0,,
PL!-bp5-012,南ことり,PL!-bp5-012 南ことり - ラブライブ！シリーズ オフィシャルカードゲーム(ラブカ) 非公式 Wiki*,メンバー,ラブライブ！,μ's,Printemps,4.0,1.0,<黄>,<黄> 1 <紫> 1,,,(なし),https://wikiwiki.jp/llocardgame/PL%21-bp5-012%20%E5%8D%97%E3%81%93%E3%81%A8%E3%82%8A,MEMBER,{},0,[],{},0,[],"{""yellow"": 1}",1,[],(なし),NO_ABILITY,1,"{""hearts"": {}, ""blade_mentions"": [], ""blade_icon_n"": 0, ""energy_icon_n"": 0, ""all_heart_n"": 0, ""score_delta_icon"": 0, ""unknown_tags"": [], ""tags"": []}",0,0,0,0,0,"{""draw"": 0, ""score"": 0, ""colorless"": 0}",0,0,0,,
PL!-bp5-013,園田海未,PL!-bp5-013 園田海未 - ラブライブ！シリーズ オフィシャルカードゲーム(ラブカ) 非公式 Wiki*,メンバー,ラブライブ！,μ's,lily white,9.0,3.0,なし,<桃> 1 <黄> 1 <紫> 1,,,"<登場>
相手のステージにいるコスト4以下のメンバー1人をウェイトにする。",https://wikiwiki.jp/llocardgame/PL%21-bp5-013%20%E5%9C%92%E7%94%B0%E6%B5%B7%E6%9C%AA,MEMBER,{},0,[],{},0,[],{},0,[],"<登場>
相手のステージにいるコスト4以下のメンバー1人をウェイトにする。",HAS_TEXT,0,"{""hearts"": {}, ""blade_mentions"": [], ""blade_icon_n"": 0, ""energy_icon_n"": 0, ""all_heart_n"": 0, ""score_delta_icon"": 0, ""unknown_tags"": [], ""tags"": []}",0,0,0,0,0,"{""draw"": 0, ""score"": 0, ""colorless"": 0}",0,0,0,,
PL!-bp5-014,星空凛,PL!-bp5-014 星空凛 - ラブライブ！シリーズ オフィシャルカードゲーム(ラブカ) 非公式 Wiki*,メンバー,ラブライブ！,μ's,lily white,4.0,2.0,なし,<青> 1 <紫> 1,,,"<登場>
手札を1枚控え室に置いてもよい：自分のデッキの上からカードを4枚見る。その中からハートに
<青>
か
<紫>
を持つメンバーカードを1枚公開して手札に加えてもよい。残りを控え室に置く。",https://wikiwiki.jp/llocardgame/PL%21-bp5-014%20%E6%98%9F%E7%A9%BA%E5%87%9B,MEMBER,{},0,[],{},0,[],{},0,[],"<登場>
手札を1枚控え室に置いてもよい：自分のデッキの上からカードを4枚見る。その中からハートに
<青>
か
<紫>
を持つメンバーカードを1枚公開して手札に加えてもよい。残りを控え室に置く。",HAS_TEXT,0,"{""hearts"": {}, ""blade_mentions"": [], ""blade_icon_n"": 0, ""energy_icon_n"": 0, ""all_heart_n"": 0, ""score_delta_icon"": 0, ""unknown_tags"": [], ""tags"": []}",0,0,0,0,0,"{""draw"": 0, ""score"": 0, ""colorless"": 0}",0,0,0,,
PL!-bp5-015,西木野真姫,PL!-bp5-015 西木野真姫 - ラブライブ！シリーズ オフィシャルカードゲーム(ラブカ) 非公式 Wiki*,メンバー,,μ's,BiBi,4.0,2.0,<赤>,<赤> 1,,,"<登場>
自分の成功ライブカード置き場にあるカードのスコアの合計が3以上の場合、カードを1枚引く。",https://wikiwiki.jp/llocardgame/PL%21-bp5-015%20%E8%A5%BF%E6%9C%A8%E9%87%8E%E7%9C%9F%E5%A7%AB,MEMBER,{},0,[],{},0,[],"{""red"": 1}",1,[],"<登場>
自分の成功ライブカード置き場にあるカードのスコアの合計が3以上の場合、カードを1枚引く。",HAS_TEXT,0,"{""hearts"": {}, ""blade_mentions"": [], ""blade_icon_n"": 0, ""energy_icon_n"": 0, ""all_heart_n"": 0, ""score_delta_icon"": 0, ""unknown_tags"": [], ""tags"": []}",0,0,0,0,0,"{""draw"": 0, ""score"": 0, ""colorless"": 0}",0,0,0,,
PL!-bp5-016,東條希,PL!-bp5-016 東條希 - ラブライブ！シリーズ オフィシャルカードゲーム(ラブカ) 非公式 Wiki*,メンバー,ラブライブ！,μ's,lily white,4.0,1.0,<桃>,<桃> 1 <黄> 1,,,(なし),https://wikiwiki.jp/llocardgame/PL%21-bp5-016%20%E6%9D%B1%E6%A2%9D%E5%B8%8C,MEMBER,{},0,[],{},0,[],"{""pink"": 1}",1,[],(なし),NO_ABILITY,1,"{""hearts"": {}, ""blade_mentions"": [], ""blade_icon_n"": 0, ""energy_icon_n"": 0, ""all_heart_n"": 0, ""score_delta_icon"": 0, ""unknown_tags"": [], ""tags"": []}",0,0,0,0,0,"{""draw"": 0, ""score"": 0, ""colorless"": 0}",0,0,0,,
PL!-bp5-017,小泉花陽,PL!-bp5-017 小泉花陽 - ラブライブ！シリーズ オフィシャルカードゲーム(ラブカ) 非公式 Wiki*,メンバー,ラブライブ！,μ's,Printemps,9.0,3.0,なし,<桃> 1 <黄> 1 <青> 1 <紫> 1,,,(なし),https://wikiwiki.jp/llocardgame/PL%21-bp5-017%20%E5%B0%8F%E6%B3%89%E8%8A%B1%E9%99%BD,MEMBER,{},0,[],{},0,[],{},0,[],(なし),NO_ABILITY,1,"{""hearts"": {}, ""blade_mentions"": [], ""blade_icon_n"": 0, ""energy_icon_n"": 0, ""all_heart_n"": 0, ""score_delta_icon"": 0, ""unknown_tags"": [], ""tags"": []}",0,0,0,0,0,"{""draw"": 0, ""score"": 0, ""colorless"": 0}",0,0,0,,
PL!-bp5-018,矢澤にこ,PL!-bp5-018 矢澤にこ - ラブライブ！シリーズ オフィシャルカードゲーム(ラブカ) 非公式 Wiki*,メンバー,ラブライブ！,μ's,BiBi,4.0,1.0,<紫>,<桃> 1 <紫> 1,,,(なし),https://wikiwiki.jp/llocardgame/PL%21-bp5-018%20%E7%9F%A2%E6%BE%A4%E3%81%AB%E3%81%93,MEMBER,{},0,[],{},0,[],"{""purple"": 1}",1,[],(なし),NO_ABILITY,1,"{""hearts"": {}, ""blade_mentions"": [], ""blade_icon_n"": 0, ""energy_icon_n"": 0, ""all_heart_n"": 0, ""score_delta_icon"": 0, ""unknown_tags"": [], ""tags"": []}",0,0,0,0,0,"{""draw"": 0, ""score"": 0, ""colorless"": 0}",0,0,0,,
PL!-bp5-019,それは僕たちの奇跡,PL!-bp5-019 それは僕たちの奇跡 - ラブライブ！シリーズ オフィシャルカードゲーム(ラブカ) 非公式 Wiki*,ライブ,ラブライブ！,μ's,,,,<ALL>,,<黄> 1 <紫> 1 <任意> 3 (合計5),2.0,,https://wikiwiki.jp/llocardgame/PL%21-bp5-019%20%E3%81%9D%E3%82%8C%E3%81%AF%E5%83%95%E3%81%9F%E3%81%A1%E3%81%AE%E5%A5%87%E8%B7%A1,LIVE,{},0,[],{},5,[],"{""all"": 1}",1,[],,NO_ABILITY,1,"{""hearts"": {}, ""blade_mentions"": [], ""blade_icon_n"": 0, ""energy_icon_n"": 0, ""all_heart_n"": 0, ""score_delta_icon"": 0, ""unknown_tags"": [], ""tags"": []}",0,0,0,0,0,"{""draw"": 0, ""score"": 0, ""colorless"": 0}",0,0,0,,
PL!-bp5-020,Wonder zone,PL!-bp5-020 Wonder zone - ラブライブ！シリーズ オフィシャルカードゲーム(ラブカ) 非公式 Wiki*,ライブ,ラブライブ！,μ's,,,,<ALL>,,<黄> 3 <青> 2 <任意> 7 (合計12),5.0,"<ライブ開始時>
自分のセンターエリアに『μ's』のメンバーがいる場合、そのメンバーが持つ
<黄>
2つにつき、このカードの必要ハートを
<任意>
減らす。この能力では
<任意>
は3つまでしか減らない。",https://wikiwiki.jp/llocardgame/PL%21-bp5-020%20Wonder%20zone,LIVE,{},0,[],{},12,[],"{""all"": 1}",1,[],"<ライブ開始時>
自分のセンターエリアに『μ's』のメンバーがいる場合、そのメンバーが持つ
<黄>
2つにつき、このカードの必要ハートを
<任意>
減らす。この能力では
<任意>
は3つまでしか減らない。",HAS_TEXT,0,"{""hearts"": {}, ""blade_mentions"": [], ""blade_icon_n"": 0, ""energy_icon_n"": 0, ""all_heart_n"": 0, ""score_delta_icon"": 0, ""unknown_tags"": [], ""tags"": []}",0,0,0,0,0,"{""draw"": 0, ""score"": 0, ""colorless"": 0}",0,0,0,,
PL!-bp5-021,SUNNY DAY SONG,PL!-bp5-021 SUNNY DAY SONG - ラブライブ！シリーズ オフィシャルカードゲーム(ラブカ) 非公式 Wiki*,ライブ,ラブライブ！,μ's,,,,<ALL>,,<桃> 2 <黄> 3 <紫> 2 <任意> 2 (合計9),3.0,"<ライブ開始時>
自分のステージにメンバーが1人以上いる場合、自分と相手はカードを1枚引き、手札を1枚控え室に置く。2人以上いる場合、さらに自分のステージにいる『μ's』のメンバー1人は、ライブ終了時まで
<黄>
を得る。3人以上おり、かつそれぞれ名前が異なる場合、さらにこのカードのスコアを+1する。",https://wikiwiki.jp/llocardgame/PL%21-bp5-021%20SUNNY%20DAY%20SONG,LIVE,{},0,[],{},9,[],"{""all"": 1}",1,[],"<ライブ開始時>
自分のステージにメンバーが1人以上いる場合、自分と相手はカードを1枚引き、手札を1枚控え室に置く。2人以上いる場合、さらに自分のステージにいる『μ's』のメンバー1人は、ライブ終了時まで
<黄>
を得る。3人以上おり、かつそれぞれ名前が異なる場合、さらにこのカードのスコアを+1する。",HAS_TEXT,0,"{""hearts"": {}, ""blade_mentions"": [], ""blade_icon_n"": 0, ""energy_icon_n"": 0, ""all_heart_n"": 0, ""score_delta_icon"": 0, ""unknown_tags"": [], ""tags"": []}",0,0,0,0,0,"{""draw"": 0, ""score"": 0, ""colorless"": 0}",0,0,0,,
PL!-bp5-022,A song for You! You? You!!,PL!-bp5-022 A song for You! You? You!! - ラブライブ！シリーズ オフィシャルカードゲーム(ラブカ) 非公式 Wiki*,ライブ,ラブライブ！,μ's,,,,<桃> <ドロー+1>,,<桃> 2 <黄> 2 <紫> 2 <任意> 6 (合計12),5.0,"<ライブ開始時>
自分の成功ライブカード置き場にあるカード1枚につき、このカードのスコアを+2し、必要ハートを
<桃>
<黄>
<紫>
<任意>
増やす。",https://wikiwiki.jp/llocardgame/PL%21-bp5-022%20A%20song%20for%20You%21%20You%3F%20You%21%21,LIVE,{},0,[],{},12,[],"{""pink"": 1}",1,[],"<ライブ開始時>
自分の成功ライブカード置き場にあるカード1枚につき、このカードのスコアを+2し、必要ハートを
<桃>
<黄>
<紫>
<任意>
増やす。",HAS_TEXT,0,"{""hearts"": {}, ""blade_mentions"": [], ""blade_icon_n"": 0, ""energy_icon_n"": 0, ""all_heart_n"": 0, ""score_delta_icon"": 0, ""unknown_tags"": [], ""tags"": []}",0,0,0,0,0,"{""draw"": 1, ""score"": 0, ""colorless"": 0}",1,0,0,,
PL!-bp5-023,乙姫心で恋宮殿,PL!-bp5-023 乙姫心で恋宮殿 - ラブライブ！シリーズ オフィシャルカードゲーム(ラブカ) 非公式 Wiki*,ライブ,ラブライブ！,μ's,lily white,,,<ALL>,,<桃> 3 <紫> 2 <任意> 3 (合計8),3.0,"<ライブ開始時>
自分のステージにいる
<桃>
と
<紫>
以外の色のハートを持つメンバー1人につき、このカードの必要ハートを
<任意>
減らす。",https://wikiwiki.jp/llocardgame/PL%21-bp5-023%20%E4%B9%99%E5%A7%AB%E5%BF%83%E3%81%A7%E6%81%8B%E5%AE%AE%E6%AE%BF,LIVE,{},0,[],{},8,[],"{""all"": 1}",1,[],"<ライブ開始時>
自分のステージにいる
<桃>
と
<紫>
以外の色のハートを持つメンバー1人につき、このカードの必要ハートを
<任意>
減らす。",HAS_TEXT,0,"{""hearts"": {}, ""blade_mentions"": [], ""blade_icon_n"": 0, ""energy_icon_n"": 0, ""all_heart_n"": 0, ""score_delta_icon"": 0, ""unknown_tags"": [], ""tags"": []}",0,0,0,0,0,"{""draw"": 0, ""score"": 0, ""colorless"": 0}",0,0,0,,
PL!-bp5-024,Private Wars,PL!-bp5-024 Private Wars - ラブライブ！シリーズ オフィシャルカードゲーム(ラブカ) 非公式 Wiki*,ライブ,ラブライブ！,A-RISE,,,,<ALL>,,<桃> 1 <黄> 1 <青> 7 <紫> 1 (合計10),5.0,"<ライブ開始時>
自分のステージに『A-RISE』のメンバーがいる場合、以下から1つを選ぶ。
・ウェイト状態のメンバー1人をアクティブにし、ライブ終了時まで、そのメンバーは
<(ブレード)>
を得る。
・相手のステージにいる元々持つ
<(ブレード)>
が3つ以下のメンバー1人をウェイトにする。",https://wikiwiki.jp/llocardgame/PL%21-bp5-024%20Private%20Wars,LIVE,{},0,[],{},10,[],"{""all"": 1}",1,[],"<ライブ開始時>
自分のステージに『A-RISE』のメンバーがいる場合、以下から1つを選ぶ。
・ウェイト状態のメンバー1人をアクティブにし、ライブ終了時まで、そのメンバーは
<(ブレード)>
を得る。
・相手のステージにいる元々持つ
<(ブレード)>
が3つ以下のメンバー1人をウェイトにする。",HAS_TEXT,0,"{""hearts"": {}, ""blade_mentions"": [], ""tags"": [], ""blade_icon_n"": 2, ""energy_icon_n"": 0, ""all_heart_n"": 0, ""score_delta_icon"": 0, ""unknown_tags"": []}",2,0,0,0,0,"{""draw"": 0, ""score"": 0, ""colorless"": 0}",0,0,0,,
PL!-bp5-111,綺羅ツバサ,PL!-bp5-111 綺羅ツバサ - ラブライブ！シリーズ オフィシャルカードゲーム(ラブカ) 非公式 Wiki*,メンバー,ラブライブ！,A-RISE,,11.0,4.0,<(青)>,<(黄)> 1 <(青)> 3,,,"<常時>
自分のステージにいるこのメンバー以外の『A-RISE』のメンバー1人につき、
<(青)>
を得る。
<起動>
<ターン1回>
手札を1枚控え室に置く：ウェイト状態のメンバー1人をアクティブにする。これにより相手のステージにいるメンバーをアクティブにした場合、自分の控え室からライブカードを1枚控え室に置く。",https://wikiwiki.jp/llocardgame/PL%21-bp5-111%20%E7%B6%BA%E7%BE%85%E3%83%84%E3%83%90%E3%82%B5,MEMBER,"{""yellow"": 1, ""blue"": 3}",4,[],{},0,[],"{""blue"": 1}",1,[],"<常時>
自分のステージにいるこのメンバー以外の『A-RISE』のメンバー1人につき、
<(青)>
を得る。
<起動>
<ターン1回>
手札を1枚控え室に置く：ウェイト状態のメンバー1人をアクティブにする。これにより相手のステージにいるメンバーをアクティブにした場合、自分の控え室からライブカードを1枚控え室に置く。",HAS_TEXT,0,"{""hearts"": {""blue"": 1}, ""blade_mentions"": [], ""blade_icon_n"": 0, ""energy_icon_n"": 0, ""all_heart_n"": 0, ""score_delta_icon"": 0, ""unknown_tags"": [], ""tags"": []}",0,0,0,0,0,"{""draw"": 0, ""score"": 0, ""colorless"": 0}",0,0,0,,
PL!-bp5-222,優木あんじゅ,PL!-bp5-222 優木あんじゅ - ラブライブ！シリーズ オフィシャルカードゲーム(ラブカ) 非公式 Wiki*,メンバー,ラブライブ！,A-RISE,,4.0,2.0,<青>,<桃> 1,,,"<登場>
このメンバーをウェイトにし、手札を1枚控え室に置いてもよい：自分のデッキの上からカードを3枚見る。その中から1枚を手札に加える。残りを控え室に置く。",https://wikiwiki.jp/llocardgame/PL%21-bp5-222%20%E5%84%AA%E6%9C%A8%E3%81%82%E3%82%93%E3%81%98%E3%82%85,MEMBER,{},0,[],{},0,[],"{""blue"": 1}",1,[],"<登場>
このメンバーをウェイトにし、手札を1枚控え室に置いてもよい：自分のデッキの上からカードを3枚見る。その中から1枚を手札に加える。残りを控え室に置く。",HAS_TEXT,0,"{""hearts"": {}, ""blade_mentions"": [], ""blade_icon_n"": 0, ""energy_icon_n"": 0, ""all_heart_n"": 0, ""score_delta_icon"": 0, ""unknown_tags"": [], ""tags"": []}",0,0,0,0,0,"{""draw"": 0, ""score"": 0, ""colorless"": 0}",0,0,0,,
PL!-bp5-333,統堂英玲奈,PL!-bp5-333 統堂英玲奈 - ラブライブ！シリーズ オフィシャルカードゲーム(ラブカ) 非公式 Wiki*,メンバー,ラブライブ！,A-RISE,,7.0,1.0,なし,<青> 2 <紫> 1,,,"<登場>
このメンバーをウェイトにしてもよい：相手のステージにいるコスト9以下のメンバー1人をウェイトにする。
<常時>
このメンバーがウェイト状態であるかぎり、
<青>
を得る。",https://wikiwiki.jp/llocardgame/PL%21-bp5-333%20%E7%B5%B1%E5%A0%82%E8%8B%B1%E7%8E%B2%E5%A5%88,MEMBER,{},0,[],{},0,[],{},0,[],"<登場>
このメンバーをウェイトにしてもよい：相手のステージにいるコスト9以下のメンバー1人をウェイトにする。
<常時>
このメンバーがウェイト状態であるかぎり、
<青>
を得る。",HAS_TEXT,0,"{""hearts"": {}, ""blade_mentions"": [], ""blade_icon_n"": 0, ""energy_icon_n"": 0, ""all_heart_n"": 0, ""score_delta_icon"": 0, ""unknown_tags"": [], ""tags"": []}",0,0,0,0,0,"{""draw"": 0, ""score"": 0, ""colorless"": 0}",0,0,0,,
PL!-bp6-001,高坂穂乃果,PL!-bp6-001 高坂穂乃果 - ラブライブ！シリーズ オフィシャルカードゲーム(ラブカ) 非公式 Wiki*,メンバー,ラブライブ！,μ's,Printemps,2.0,0.0,なし,<黄> 1,,,"<ライブ開始時>
<センター>
自分のライブカード置き場に『μ's』のカードがある場合、ライブ終了時まで、自分のステージにいるすべての『μ's』メンバーは
<(ブレード)>
を得る。
<ライブ成功時>
エールにより公開された自分のカードの中に、ブレードハートを持たない『μ's』のメンバーカードがある場合、カードを1枚引き、手札を1枚控え室に置く。",https://wikiwiki.jp/llocardgame/PL%21-bp6-001%20%E9%AB%98%E5%9D%82%E7%A9%82%E4%B9%83%E6%9E%9C,MEMBER,{},0,[],{},0,[],{},0,[],"<ライブ開始時>
<センター>
自分のライブカード置き場に『μ's』のカードがある場合、ライブ終了時まで、自分のステージにいるすべての『μ's』メンバーは
<(ブレード)>
を得る。
<ライブ成功時>
エールにより公開された自分のカードの中に、ブレードハートを持たない『μ's』のメンバーカードがある場合、カードを1枚引き、手札を1枚控え室に置く。",HAS_TEXT,0,"{""hearts"": {}, ""blade_mentions"": [], ""tags"": [], ""blade_icon_n"": 1, ""energy_icon_n"": 0, ""all_heart_n"": 0, ""score_delta_icon"": 0, ""unknown_tags"": []}",1,0,0,0,0,"{""draw"": 0, ""score"": 0, ""colorless"": 0}",0,0,0,,
PL!-bp6-002,絢瀬絵里,PL!-bp6-002 絢瀬絵里 - ラブライブ！シリーズ オフィシャルカードゲーム(ラブカ) 非公式 Wiki*,メンバー,ラブライブ！,μ's,BiBi,2.0,1.0,<紫>,<紫> 1,,,"<登場>
自分のデッキの上からカードを2枚見る。その中から能力を持たない『μ's』のカードか
<常時>
能力を持つ『μ's』のカードを1枚公開して手札に加えてもよい。残りを控え室に置く。",https://wikiwiki.jp/llocardgame/PL%21-bp6-002%20%E7%B5%A2%E7%80%AC%E7%B5%B5%E9%87%8C,MEMBER,{},0,[],{},0,[],"{""purple"": 1}",1,[],"<登場>
自分のデッキの上からカードを2枚見る。その中から能力を持たない『μ's』のカードか
<常時>
能力を持つ『μ's』のカードを1枚公開して手札に加えてもよい。残りを控え室に置く。",HAS_TEXT,0,"{""hearts"": {}, ""blade_mentions"": [], ""blade_icon_n"": 0, ""energy_icon_n"": 0, ""all_heart_n"": 0, ""score_delta_icon"": 0, ""unknown_tags"": [], ""tags"": []}",0,0,0,0,0,"{""draw"": 0, ""score"": 0, ""colorless"": 0}",0,0,0,,
PL!-bp6-003,南ことり,PL!-bp6-003 南ことり - ラブライブ！シリーズ オフィシャルカードゲーム(ラブカ) 非公式 Wiki*,メンバー,ラブライブ！,μ's,Printemps,15.0,7.0,<黄>,<桃> 1 <黄> 3 <紫> 1,,,"<ライブ開始時>
<センター>
手札にあるコスト2以下の『μ's』のメンバーカードを1枚公開し、このメンバーの下に置いてもよい。そうした場合、好きなハートの色を1つ指定する。ライブ終了時まで、そのハートを1つ得る。
<ライブ成功時>
このメンバーの下にあるコスト2以下の『μ's』のメンバーカードを1枚、メンバーのいないエリアに登場させてもよい。",https://wikiwiki.jp/llocardgame/PL%21-bp6-003%20%E5%8D%97%E3%81%93%E3%81%A8%E3%82%8A,MEMBER,{},0,[],{},0,[],"{""yellow"": 1}",1,[],"<ライブ開始時>
<センター>
手札にあるコスト2以下の『μ's』のメンバーカードを1枚公開し、このメンバーの下に置いてもよい。そうした場合、好きなハートの色を1つ指定する。ライブ終了時まで、そのハートを1つ得る。
<ライブ成功時>
このメンバーの下にあるコスト2以下の『μ's』のメンバーカードを1枚、メンバーのいないエリアに登場させてもよい。",HAS_TEXT,0,"{""hearts"": {}, ""blade_mentions"": [], ""blade_icon_n"": 0, ""energy_icon_n"": 0, ""all_heart_n"": 0, ""score_delta_icon"": 0, ""unknown_tags"": [], ""tags"": []}",0,0,0,0,0,"{""draw"": 0, ""score"": 0, ""colorless"": 0}",0,0,0,,
PL!-bp6-004,園田海未,PL!-bp6-004 園田海未 - ラブライブ！シリーズ オフィシャルカードゲーム(ラブカ) 非公式 Wiki*,メンバー,ラブライブ！,μ's,lily white,5.0,2.0,なし,<桃> 1 <黄> 1,,,"<登場>
手札を1枚控え室に置いてもよい：自分のデッキの上からカードを5枚見る。その中から『μ's』のカードを1枚公開して手札に加えてもよい。残りを控え室に置く。",https://wikiwiki.jp/llocardgame/PL%21-bp6-004%20%E5%9C%92%E7%94%B0%E6%B5%B7%E6%9C%AA,MEMBER,{},0,[],{},0,[],{},0,[],"<登場>
手札を1枚控え室に置いてもよい：自分のデッキの上からカードを5枚見る。その中から『μ's』のカードを1枚公開して手札に加えてもよい。残りを控え室に置く。",HAS_TEXT,0,"{""hearts"": {}, ""blade_mentions"": [], ""blade_icon_n"": 0, ""energy_icon_n"": 0, ""all_heart_n"": 0, ""score_delta_icon"": 0, ""unknown_tags"": [], ""tags"": []}",0,0,0,0,0,"{""draw"": 0, ""score"": 0, ""colorless"": 0}",0,0,0,,
PL!-bp6-005,星空凛,PL!-bp6-005 星空凛 - ラブライブ！シリーズ オフィシャルカードゲーム(ラブカ) 非公式 Wiki*,メンバー,ラブライブ！,μ's,lily white,11.0,2.0,<黄>,<桃> 1 <黄> 2 <紫> 1,,,"<登場>
手札を2枚控え室に置いてもよい：自分の控え室にある
<黄>
を持つメンバーカード1枚までと、必要ハートに
<黄>
を含むライブカード1枚までを手札に加える。",https://wikiwiki.jp/llocardgame/PL%21-bp6-005%20%E6%98%9F%E7%A9%BA%E5%87%9B,MEMBER,{},0,[],{},0,[],"{""yellow"": 1}",1,[],"<登場>
手札を2枚控え室に置いてもよい：自分の控え室にある
<黄>
を持つメンバーカード1枚までと、必要ハートに
<黄>
を含むライブカード1枚までを手札に加える。",HAS_TEXT,0,"{""hearts"": {}, ""blade_mentions"": [], ""blade_icon_n"": 0, ""energy_icon_n"": 0, ""all_heart_n"": 0, ""score_delta_icon"": 0, ""unknown_tags"": [], ""tags"": []}",0,0,0,0,0,"{""draw"": 0, ""score"": 0, ""colorless"": 0}",0,0,0,,
PL!-bp6-006,西木野真姫,PL!-bp6-006 西木野真姫 - ラブライブ！シリーズ オフィシャルカードゲーム(ラブカ) 非公式 Wiki*,メンバー,ラブライブ！,μ's,BiBi,17.0,4.0,<紫>,<桃> 2 <黄> 2 <紫> 3,,,"<起動>
<ターン1回>
手札を1枚控え室に置く：好きなハートの色を1つ指定する。その後、自分のデッキの上からカードを5枚公開する。公開されたカードの中に指定した色のハートを持つメンバーカードと必要ハートに指定した色を含むライブカードが合計5枚含まれる場合、その中から『μ's』のカードを1枚手札に加え、ライブ終了時まで、
<(ブレード)>
<(ブレード)>
<(ブレード)>
を得る。公開した残りのカードを控え室に置く。",https://wikiwiki.jp/llocardgame/PL%21-bp6-006%20%E8%A5%BF%E6%9C%A8%E9%87%8E%E7%9C%9F%E5%A7%AB,MEMBER,{},0,[],{},0,[],"{""purple"": 1}",1,[],"<起動>
<ターン1回>
手札を1枚控え室に置く：好きなハートの色を1つ指定する。その後、自分のデッキの上からカードを5枚公開する。公開されたカードの中に指定した色のハートを持つメンバーカードと必要ハートに指定した色を含むライブカードが合計5枚含まれる場合、その中から『μ's』のカードを1枚手札に加え、ライブ終了時まで、
<(ブレード)>
<(ブレード)>
<(ブレード)>
を得る。公開した残りのカードを控え室に置く。",HAS_TEXT,0,"{""hearts"": {}, ""blade_mentions"": [], ""tags"": [], ""blade_icon_n"": 3, ""energy_icon_n"": 0, ""all_heart_n"": 0, ""score_delta_icon"": 0, ""unknown_tags"": []}",3,0,0,0,0,"{""draw"": 0, ""score"": 0, ""colorless"": 0}",0,0,0,,
PL!-bp6-007,東條希,PL!-bp6-007 東條希 - ラブライブ！シリーズ オフィシャルカードゲーム(ラブカ) 非公式 Wiki*,メンバー,ラブライブ！,μ's,lily white,11.0,4.0,<桃>,<桃> 2 <黄> 1 <紫> 1,,,"<ライブ成功時>
自分のデッキの一番上のカードを公開し、手札に加える。それがブレードハートを持たないメンバーカードの場合、ライブの合計スコアを+1する。",https://wikiwiki.jp/llocardgame/PL%21-bp6-007%20%E6%9D%B1%E6%A2%9D%E5%B8%8C,MEMBER,{},0,[],{},0,[],"{""pink"": 1}",1,[],"<ライブ成功時>
自分のデッキの一番上のカードを公開し、手札に加える。それがブレードハートを持たないメンバーカードの場合、ライブの合計スコアを+1する。",HAS_TEXT,0,"{""hearts"": {}, ""blade_mentions"": [], ""blade_icon_n"": 0, ""energy_icon_n"": 0, ""all_heart_n"": 0, ""score_delta_icon"": 0, ""unknown_tags"": [], ""tags"": []}",0,0,0,0,0,"{""draw"": 0, ""score"": 0, ""colorless"": 0}",0,0,0,,
PL!-bp6-008,小泉花陽,PL!-bp6-008 小泉花陽 - ラブライブ！シリーズ オフィシャルカードゲーム(ラブカ) 非公式 Wiki*,メンバー,ラブライブ！,μ's,Printemps,7.0,1.0,なし,<桃> 1 <黄> 1 <紫> 1,,,"<起動>
<ターン1回>
このメンバーをウェイトにする：自分のステージにいるメンバー1人をアクティブにする。",https://wikiwiki.jp/llocardgame/PL%21-bp6-008%20%E5%B0%8F%E6%B3%89%E8%8A%B1%E9%99%BD,MEMBER,{},0,[],{},0,[],{},0,[],"<起動>
<ターン1回>
このメンバーをウェイトにする：自分のステージにいるメンバー1人をアクティブにする。",HAS_TEXT,0,"{""hearts"": {}, ""blade_mentions"": [], ""blade_icon_n"": 0, ""energy_icon_n"": 0, ""all_heart_n"": 0, ""score_delta_icon"": 0, ""unknown_tags"": [], ""tags"": []}",0,0,0,0,0,"{""draw"": 0, ""score"": 0, ""colorless"": 0}",0,0,0,,
PL!-bp6-009,矢澤にこ,PL!-bp6-009 矢澤にこ - ラブライブ！シリーズ オフィシャルカードゲーム(ラブカ) 非公式 Wiki*,メンバー,ラブライブ！,μ's,BiBi,9.0,5.0,なし,<黄> 1 <紫> 1,,,"<常時>
<センター>
自分のステージの右サイドエリアと左サイドエリアに、元々持つ
<(ブレード)>
の数が2つのメンバーがいるかぎり、ライブの合計スコアを+1する。",https://wikiwiki.jp/llocardgame/PL%21-bp6-009%20%E7%9F%A2%E6%BE%A4%E3%81%AB%E3%81%93,MEMBER,{},0,[],{},0,[],{},0,[],"<常時>
<センター>
自分のステージの右サイドエリアと左サイドエリアに、元々持つ
<(ブレード)>
の数が2つのメンバーがいるかぎり、ライブの合計スコアを+1する。",HAS_TEXT,0,"{""hearts"": {}, ""blade_mentions"": [], ""tags"": [], ""blade_icon_n"": 1, ""energy_icon_n"": 0, ""all_heart_n"": 0, ""score_delta_icon"": 0, ""unknown_tags"": []}",1,0,0,0,0,"{""draw"": 0, ""score"": 0, ""colorless"": 0}",0,0,0,,
PL!-bp6-010,高坂穂乃果,PL!-bp6-010 高坂穂乃果 - ラブライブ！シリーズ オフィシャルカードゲーム(ラブカ) 非公式 Wiki*,メンバー,ラブライブ！,μ's,Printemps,2.0,1.0,<黄>,<黄> 1,,,"<起動>
このメンバーをステージから控え室に置く：相手のステージにいるコスト4以下のメンバー1人をウェイトにする。
（ウェイト状態のメンバーが持つ
<(ブレード)>
は、エールで公開する枚数を増やさない。）",https://wikiwiki.jp/llocardgame/PL%21-bp6-010%20%E9%AB%98%E5%9D%82%E7%A9%82%E4%B9%83%E6%9E%9C,MEMBER,{},0,[],{},0,[],"{""yellow"": 1}",1,[],"<起動>
このメンバーをステージから控え室に置く：相手のステージにいるコスト4以下のメンバー1人をウェイトにする。
（ウェイト状態のメンバーが持つ
<(ブレード)>
は、エールで公開する枚数を増やさない。）",HAS_TEXT,0,"{""hearts"": {}, ""blade_mentions"": [], ""tags"": [], ""blade_icon_n"": 1, ""energy_icon_n"": 0, ""all_heart_n"": 0, ""score_delta_icon"": 0, ""unknown_tags"": []}",1,0,0,0,0,"{""draw"": 0, ""score"": 0, ""colorless"": 0}",0,0,0,,
PL!-bp6-011,絢瀬絵里,PL!-bp6-011 絢瀬絵里 - ラブライブ！シリーズ オフィシャルカードゲーム(ラブカ) 非公式 Wiki*,メンバー,ラブライブ！,μ's,BiBi,11.0,4.0,<紫>,<桃> 1 <黄> 1 <紫> 2,,,"<ライブ成功時>
カードを2枚引き、手札を2枚控え室に置く。",https://wikiwiki.jp/llocardgame/PL%21-bp6-011%20%E7%B5%A2%E7%80%AC%E7%B5%B5%E9%87%8C,MEMBER,{},0,[],{},0,[],"{""purple"": 1}",1,[],"<ライブ成功時>
カードを2枚引き、手札を2枚控え室に置く。",HAS_TEXT,0,"{""hearts"": {}, ""blade_mentions"": [], ""blade_icon_n"": 0, ""energy_icon_n"": 0, ""all_heart_n"": 0, ""score_delta_icon"": 0, ""unknown_tags"": [], ""tags"": []}",0,0,0,0,0,"{""draw"": 0, ""score"": 0, ""colorless"": 0}",0,0,0,,
PL!-bp6-012,南ことり,PL!-bp6-012 南ことり - ラブライブ！シリーズ オフィシャルカードゲーム(ラブカ) 非公式 Wiki*,メンバー,ラブライブ！,μ's,Printemps,4.0,2.0,<黄>,<黄> 1,,,"<常時>
自分の成功ライブカード置き場に『Printemps』のカードがあるかぎり、
<黄>
を得る。",https://wikiwiki.jp/llocardgame/PL%21-bp6-012%20%E5%8D%97%E3%81%93%E3%81%A8%E3%82%8A,MEMBER,{},0,[],{},0,[],"{""yellow"": 1}",1,[],"<常時>
自分の成功ライブカード置き場に『Printemps』のカードがあるかぎり、
<黄>
を得る。",HAS_TEXT,0,"{""hearts"": {}, ""blade_mentions"": [], ""blade_icon_n"": 0, ""energy_icon_n"": 0, ""all_heart_n"": 0, ""score_delta_icon"": 0, ""unknown_tags"": [], ""tags"": []}",0,0,0,0,0,"{""draw"": 0, ""score"": 0, ""colorless"": 0}",0,0,0,,
PL!-bp6-013,園田海未,PL!-bp6-013 園田海未 - ラブライブ！シリーズ オフィシャルカードゲーム(ラブカ) 非公式 Wiki*,メンバー,ラブライブ！,μ's,lily white,9.0,4.0,なし,<桃> 1 <黄> 1 <紫> 1,,,"<登場>
自分の成功ライブカード置き場にあるカードのスコアの合計が6以上の場合、自分の控え室から『μ's』のライブカードを1枚手札に加える。",https://wikiwiki.jp/llocardgame/PL%21-bp6-013%20%E5%9C%92%E7%94%B0%E6%B5%B7%E6%9C%AA,MEMBER,{},0,[],{},0,[],{},0,[],"<登場>
自分の成功ライブカード置き場にあるカードのスコアの合計が6以上の場合、自分の控え室から『μ's』のライブカードを1枚手札に加える。",HAS_TEXT,0,"{""hearts"": {}, ""blade_mentions"": [], ""blade_icon_n"": 0, ""energy_icon_n"": 0, ""all_heart_n"": 0, ""score_delta_icon"": 0, ""unknown_tags"": [], ""tags"": []}",0,0,0,0,0,"{""draw"": 0, ""score"": 0, ""colorless"": 0}",0,0,0,,
PL!-bp6-014,星空凛,PL!-bp6-014 星空凛 - ラブライブ！シリーズ オフィシャルカードゲーム(ラブカ) 非公式 Wiki*,メンバー,ラブライブ！,μ's,lily white,4.0,2.0,<桃>,<桃> 1,,,"<常時>
自分の成功ライブカード置き場に『lily white』のカードがあるかぎり、
<桃>
を得る。",https://wikiwiki.jp/llocardgame/PL%21-bp6-014%20%E6%98%9F%E7%A9%BA%E5%87%9B,MEMBER,{},0,[],{},0,[],"{""pink"": 1}",1,[],"<常時>
自分の成功ライブカード置き場に『lily white』のカードがあるかぎり、
<桃>
を得る。",HAS_TEXT,0,"{""hearts"": {}, ""blade_mentions"": [], ""blade_icon_n"": 0, ""energy_icon_n"": 0, ""all_heart_n"": 0, ""score_delta_icon"": 0, ""unknown_tags"": [], ""tags"": []}",0,0,0,0,0,"{""draw"": 0, ""score"": 0, ""colorless"": 0}",0,0,0,,
PL!-bp6-015,西木野真姫,PL!-bp6-015 西木野真姫 - ラブライブ！シリーズ オフィシャルカードゲーム(ラブカ) 非公式 Wiki*,メンバー,ラブライブ！,μ's,BiBi,4.0,2.0,<紫>,<紫> 1,,,"<常時>
自分の成功ライブカード置き場に『BiBi』のカードがあるかぎり、
<紫>
を得る。",https://wikiwiki.jp/llocardgame/PL%21-bp6-015%20%E8%A5%BF%E6%9C%A8%E9%87%8E%E7%9C%9F%E5%A7%AB,MEMBER,{},0,[],{},0,[],"{""purple"": 1}",1,[],"<常時>
自分の成功ライブカード置き場に『BiBi』のカードがあるかぎり、
<紫>
を得る。",HAS_TEXT,0,"{""hearts"": {}, ""blade_mentions"": [], ""blade_icon_n"": 0, ""energy_icon_n"": 0, ""all_heart_n"": 0, ""score_delta_icon"": 0, ""unknown_tags"": [], ""tags"": []}",0,0,0,0,0,"{""draw"": 0, ""score"": 0, ""colorless"": 0}",0,0,0,,
PL!-bp6-016,東條希,PL!-bp6-016 東條希 - ラブライブ！シリーズ オフィシャルカードゲーム(ラブカ) 非公式 Wiki*,メンバー,ラブライブ！,μ's,lily white,2.0,1.0,<桃>,<桃> 1,,,"<ライブ成功時>
自分のデッキの上からカードを3枚見る。それらを好きな順番でデッキの上に置く。",https://wikiwiki.jp/llocardgame/PL%21-bp6-016%20%E6%9D%B1%E6%A2%9D%E5%B8%8C,MEMBER,{},0,[],{},0,[],"{""pink"": 1}",1,[],"<ライブ成功時>
自分のデッキの上からカードを3枚見る。それらを好きな順番でデッキの上に置く。",HAS_TEXT,0,"{""hearts"": {}, ""blade_mentions"": [], ""blade_icon_n"": 0, ""energy_icon_n"": 0, ""all_heart_n"": 0, ""score_delta_icon"": 0, ""unknown_tags"": [], ""tags"": []}",0,0,0,0,0,"{""draw"": 0, ""score"": 0, ""colorless"": 0}",0,0,0,,
PL!-bp6-017,小泉花陽,PL!-bp6-017 小泉花陽 - ラブライブ！シリーズ オフィシャルカードゲーム(ラブカ) 非公式 Wiki*,メンバー,ラブライブ！,μ's,Printemps,2.0,0.0,<黄>,<桃> 1 <黄> 1,,,(なし),https://wikiwiki.jp/llocardgame/PL%21-bp6-017%20%E5%B0%8F%E6%B3%89%E8%8A%B1%E9%99%BD,MEMBER,{},0,[],{},0,[],"{""yellow"": 1}",1,[],(なし),NO_ABILITY,1,"{""hearts"": {}, ""blade_mentions"": [], ""blade_icon_n"": 0, ""energy_icon_n"": 0, ""all_heart_n"": 0, ""score_delta_icon"": 0, ""unknown_tags"": [], ""tags"": []}",0,0,0,0,0,"{""draw"": 0, ""score"": 0, ""colorless"": 0}",0,0,0,,
PL!-bp6-018,矢澤にこ,PL!-bp6-018 矢澤にこ - ラブライブ！シリーズ オフィシャルカードゲーム(ラブカ) 非公式 Wiki*,メンバー,ラブライブ！,μ's,BiBi,13.0,4.0,<桃>,<桃> 3 <黄> 3,,,(なし),https://wikiwiki.jp/llocardgame/PL%21-bp6-018%20%E7%9F%A2%E6%BE%A4%E3%81%AB%E3%81%93,MEMBER,{},0,[],{},0,[],"{""pink"": 1}",1,[],(なし),NO_ABILITY,1,"{""hearts"": {}, ""blade_mentions"": [], ""blade_icon_n"": 0, ""energy_icon_n"": 0, ""all_heart_n"": 0, ""score_delta_icon"": 0, ""unknown_tags"": [], ""tags"": []}",0,0,0,0,0,"{""draw"": 0, ""score"": 0, ""colorless"": 0}",0,0,0,,
PL!-bp6-019,Music S.T.A.R.T!!,PL!-bp6-019 Music S.T.A.R.T!! - ラブライブ！シリーズ オフィシャルカードゲーム(ラブカ) 非公式 Wiki*,ライブ,ラブライブ！,μ's,,,,<ALL>,,<桃> 1 <黄> 1 <紫> 1 <任意> 2 (合計5),2.0,"<常時>
このカードが自分の成功ライブカード置き場にあるかぎり、元々のコストが17以上の『μ's』のメンバーカードを自分の手札から登場させるためのコストは2減る。この効果は重複しない。",https://wikiwiki.jp/llocardgame/PL%21-bp6-019%20Music%20S.T.A.R.T%21%21,LIVE,{},0,[],{},5,[],"{""all"": 1}",1,[],"<常時>
このカードが自分の成功ライブカード置き場にあるかぎり、元々のコストが17以上の『μ's』のメンバーカードを自分の手札から登場させるためのコストは2減る。この効果は重複しない。",HAS_TEXT,0,"{""hearts"": {}, ""blade_mentions"": [], ""blade_icon_n"": 0, ""energy_icon_n"": 0, ""all_heart_n"": 0, ""score_delta_icon"": 0, ""unknown_tags"": [], ""tags"": []}",0,0,0,0,0,"{""draw"": 0, ""score"": 0, ""colorless"": 0}",0,0,0,,
PL!-bp6-020,Dancing stars on me!,PL!-bp6-020 Dancing stars on me! - ラブライブ！シリーズ オフィシャルカードゲーム(ラブカ) 非公式 Wiki*,ライブ,ラブライブ！,μ's,,,,<桃> <ドロー+1>,,<桃> 2 <黄> 2 <紫> 2 <任意> 6 (合計12),5.0,"<自動>
<ターン1回>
自分のステージのセンターエリアにいる『μ's』のメンバーの
<ライブ開始時>
能力が解決したとき、そのメンバーをポジションチェンジする。
<自動>
<ターン1回>
自分のステージのセンターエリアにいる『μ's』のメンバーの
<ライブ成功時>
能力が解決したとき、そのメンバーがこのターン中に移動している場合、このカードのスコアを+1する。",https://wikiwiki.jp/llocardgame/PL%21-bp6-020%20Dancing%20stars%20on%20me%21,LIVE,{},0,[],{},12,[],"{""pink"": 1}",1,[],"<自動>
<ターン1回>
自分のステージのセンターエリアにいる『μ's』のメンバーの
<ライブ開始時>
能力が解決したとき、そのメンバーをポジションチェンジする。
<自動>
<ターン1回>
自分のステージのセンターエリアにいる『μ's』のメンバーの
<ライブ成功時>
能力が解決したとき、そのメンバーがこのターン中に移動している場合、このカードのスコアを+1する。",HAS_TEXT,0,"{""hearts"": {}, ""blade_mentions"": [], ""blade_icon_n"": 0, ""energy_icon_n"": 0, ""all_heart_n"": 0, ""score_delta_icon"": 0, ""unknown_tags"": [], ""tags"": []}",0,0,0,0,0,"{""draw"": 1, ""score"": 0, ""colorless"": 0}",1,0,0,,
PL!-bp6-021,Wonderful Rush,PL!-bp6-021 Wonderful Rush - ラブライブ！シリーズ オフィシャルカードゲーム(ラブカ) 非公式 Wiki*,ライブ,ラブライブ！,μ's,,,,<ALL>,,<黄> 8 <任意> 7 (合計15),7.0,"<ライブ成功時>
『μ's』のメンバー1人をステージから控え室に置いてもよい：このカードのスコアを+1し、自分の控え室から『μ's』のライブカード1枚を手札に加える。",https://wikiwiki.jp/llocardgame/PL%21-bp6-021%20Wonderful%20Rush,LIVE,{},0,[],{},15,[],"{""all"": 1}",1,[],"<ライブ成功時>
『μ's』のメンバー1人をステージから控え室に置いてもよい：このカードのスコアを+1し、自分の控え室から『μ's』のライブカード1枚を手札に加える。",HAS_TEXT,0,"{""hearts"": {}, ""blade_mentions"": [], ""blade_icon_n"": 0, ""energy_icon_n"": 0, ""all_heart_n"": 0, ""score_delta_icon"": 0, ""unknown_tags"": [], ""tags"": []}",0,0,0,0,0,"{""draw"": 0, ""score"": 0, ""colorless"": 0}",0,0,0,,
PL!-bp6-022,Dreamin' Go! Go!!,PL!-bp6-022 Dreamin' Go! Go!! - ラブライブ！シリーズ オフィシャルカードゲーム(ラブカ) 非公式 Wiki*,ライブ,ラブライブ！,μ's,,,,<スコア+1>,,<桃> 5 <黄> 5 <紫> 5 <任意> 5 (合計20),9.0,"<常時>
このカードが自分の成功ライブカード置き場にある限り、自分の元々のスコア5以上の『μ's』のライブカードの必要ハートを
<任意>
<任意>
減らす。この効果は重複しない。",https://wikiwiki.jp/llocardgame/PL%21-bp6-022%20Dreamin%27%20Go%21%20Go%21%21,LIVE,{},0,[],{},20,[],{},0,[],"<常時>
このカードが自分の成功ライブカード置き場にある限り、自分の元々のスコア5以上の『μ's』のライブカードの必要ハートを
<任意>
<任意>
減らす。この効果は重複しない。",HAS_TEXT,0,"{""hearts"": {}, ""blade_mentions"": [], ""blade_icon_n"": 0, ""energy_icon_n"": 0, ""all_heart_n"": 0, ""score_delta_icon"": 0, ""unknown_tags"": [], ""tags"": []}",0,0,0,0,0,"{""draw"": 0, ""score"": 1, ""colorless"": 0}",0,1,0,,
PL!-bp6-023,sweet＆sweet holiday,PL!-bp6-023 sweet＆sweet holiday - ラブライブ！シリーズ オフィシャルカードゲーム(ラブカ) 非公式 Wiki*,ライブ,ラブライブ！,μ's,Printemps,,,<黄> <ドロー+1>,,<桃> 2 <黄> 4 <任意> 4 (合計10),4.0,"<ライブ成功時>
カードを1枚引く。自分の成功ライブ置き場に『μ's』のカードがあるなら、さらにカードを1枚引く。",https://wikiwiki.jp/llocardgame/PL%21-bp6-023%20sweet%EF%BC%86sweet%20holiday,LIVE,{},0,[],{},10,[],"{""yellow"": 1}",1,[],"<ライブ成功時>
カードを1枚引く。自分の成功ライブ置き場に『μ's』のカードがあるなら、さらにカードを1枚引く。",HAS_TEXT,0,"{""hearts"": {}, ""blade_mentions"": [], ""blade_icon_n"": 0, ""energy_icon_n"": 0, ""all_heart_n"": 0, ""score_delta_icon"": 0, ""unknown_tags"": [], ""tags"": []}",0,0,0,0,0,"{""draw"": 1, ""score"": 0, ""colorless"": 0}",1,0,0,,
PL!-bp6-024,錯覚CROSSROADS,PL!-bp6-024 錯覚CROSSROADS - ラブライブ！シリーズ オフィシャルカードゲーム(ラブカ) 非公式 Wiki*,ライブ,ラブライブ！,μ's,BiBi,,,<ALL>,,<桃> 1 <黄> 1 <紫> 2 <任意> 3 (合計7),3.0,"<常時>
このカードを成功ライブカード置き場に置く場合、代わりに自分の控え室にある『μ's』のライブカードを1枚置いてもよい。",https://wikiwiki.jp/llocardgame/PL%21-bp6-024%20%E9%8C%AF%E8%A6%9ACROSSROADS,LIVE,{},0,[],{},7,[],"{""all"": 1}",1,[],"<常時>
このカードを成功ライブカード置き場に置く場合、代わりに自分の控え室にある『μ's』のライブカードを1枚置いてもよい。",HAS_TEXT,0,"{""hearts"": {}, ""blade_mentions"": [], ""blade_icon_n"": 0, ""energy_icon_n"": 0, ""all_heart_n"": 0, ""score_delta_icon"": 0, ""unknown_tags"": [], ""tags"": []}",0,0,0,0,0,"{""draw"": 0, ""score"": 0, ""colorless"": 0}",0,0,0,,
PL!-pb1-001,高坂穂乃果,PL!-pb1-001 高坂穂乃果 - ラブライブ！シリーズ オフィシャルカードゲーム(ラブカ) 非公式 Wiki*,メンバー,ラブライブ！,μ's,Printemps,13.0,3.0,<黄>,<桃> 2 <黄> 3 <紫> 1,,,"<起動>
<センター>
<ターン1回>
このメンバーをウェイトにし、手札を1枚控え室に置く：ライブカードかコスト10以上のメンバーカードのどちらか1つを選ぶ。選んだカードが公開されるまで、自分のデッキの一番上からカードを1枚ずつ公開する。そのカードを手札に加え、これにより公開されたほかのすべてのカードを控え室に置く。",https://wikiwiki.jp/llocardgame/PL%21-pb1-001%20%E9%AB%98%E5%9D%82%E7%A9%82%E4%B9%83%E6%9E%9C,MEMBER,{},0,[],{},0,[],"{""yellow"": 1}",1,[],"<起動>
<センター>
<ターン1回>
このメンバーをウェイトにし、手札を1枚控え室に置く：ライブカードかコスト10以上のメンバーカードのどちらか1つを選ぶ。選んだカードが公開されるまで、自分のデッキの一番上からカードを1枚ずつ公開する。そのカードを手札に加え、これにより公開されたほかのすべてのカードを控え室に置く。",HAS_TEXT,0,"{""hearts"": {}, ""blade_mentions"": [], ""blade_icon_n"": 0, ""energy_icon_n"": 0, ""all_heart_n"": 0, ""score_delta_icon"": 0, ""unknown_tags"": [], ""tags"": []}",0,0,0,0,0,"{""draw"": 0, ""score"": 0, ""colorless"": 0}",0,0,0,,
PL!-pb1-002,絢瀬絵里,PL!-pb1-002 絢瀬絵里 - ラブライブ！シリーズ オフィシャルカードゲーム(ラブカ) 非公式 Wiki*,メンバー,ラブライブ！,μ's,BiBi,13.0,3.0,<紫>,<桃> 1 <黄> 2 <紫> 2,,,"<登場>
/
<ライブ開始時>
自分のステージにいるメンバーが『BiBi』のみの場合、相手のステージにいる元々持つ
<(ブレード)>
の数が3つ以下のメンバー1人をウェイトにする。
<常時>
相手のステージにいるウェイト状態のメンバー1人につき、
<紫>
を得る。",https://wikiwiki.jp/llocardgame/PL%21-pb1-002%20%E7%B5%A2%E7%80%AC%E7%B5%B5%E9%87%8C,MEMBER,{},0,[],{},0,[],"{""purple"": 1}",1,[],"<登場>
/
<ライブ開始時>
自分のステージにいるメンバーが『BiBi』のみの場合、相手のステージにいる元々持つ
<(ブレード)>
の数が3つ以下のメンバー1人をウェイトにする。
<常時>
相手のステージにいるウェイト状態のメンバー1人につき、
<紫>
を得る。",HAS_TEXT,0,"{""hearts"": {}, ""blade_mentions"": [], ""tags"": [], ""blade_icon_n"": 1, ""energy_icon_n"": 0, ""all_heart_n"": 0, ""score_delta_icon"": 0, ""unknown_tags"": []}",1,0,0,0,0,"{""draw"": 0, ""score"": 0, ""colorless"": 0}",0,0,0,,
PL!-pb1-003,南ことり,PL!-pb1-003 南ことり - ラブライブ！シリーズ オフィシャルカードゲーム(ラブカ) 非公式 Wiki*,メンバー,ラブライブ！,μ's,Printemps,13.0,3.0,<黄>,<桃> 2 <黄> 2 <紫> 1,,,"<登場>
このメンバーをウェイトにしてもよい：自分のステージにいる『Printemps』のメンバー1人につき、エネルギーを1枚アクティブにする。",https://wikiwiki.jp/llocardgame/PL%21-pb1-003%20%E5%8D%97%E3%81%93%E3%81%A8%E3%82%8A,MEMBER,{},0,[],{},0,[],"{""yellow"": 1}",1,[],"<登場>
このメンバーをウェイトにしてもよい：自分のステージにいる『Printemps』のメンバー1人につき、エネルギーを1枚アクティブにする。",HAS_TEXT,0,"{""hearts"": {}, ""blade_mentions"": [], ""blade_icon_n"": 0, ""energy_icon_n"": 0, ""all_heart_n"": 0, ""score_delta_icon"": 0, ""unknown_tags"": [], ""tags"": []}",0,0,0,0,0,"{""draw"": 0, ""score"": 0, ""colorless"": 0}",0,0,0,,
PL!-pb1-004,園田海未,PL!-pb1-004 園田海未 - ラブライブ！シリーズ オフィシャルカードゲーム(ラブカ) 非公式 Wiki*,メンバー,ラブライブ！,μ's,lily white,15.0,4.0,<桃>,<桃> 3 <黄> 1 <紫> 2,,,"<登場>
<センター>
自分の成功ライブカード置き場に
<スコア+1>
を持つ『μ's』のカードが1枚ある場合、ライブ終了時まで、「
<常時>
ライブの合計スコアを+1する。」を得る。2枚以上ある場合、代わりに「
<常時>
』ライブの合計スコアを+2する。」を得る。
（この能力はセンターエリアに登場した場合のみ発動する。）",https://wikiwiki.jp/llocardgame/PL%21-pb1-004%20%E5%9C%92%E7%94%B0%E6%B5%B7%E6%9C%AA,MEMBER,{},0,[],{},0,[],"{""pink"": 1}",1,[],"<登場>
<センター>
自分の成功ライブカード置き場に
<スコア+1>
を持つ『μ's』のカードが1枚ある場合、ライブ終了時まで、「
<常時>
ライブの合計スコアを+1する。」を得る。2枚以上ある場合、代わりに「
<常時>
』ライブの合計スコアを+2する。」を得る。
（この能力はセンターエリアに登場した場合のみ発動する。）",HAS_TEXT,0,"{""hearts"": {}, ""blade_mentions"": [], ""blade_icon_n"": 0, ""energy_icon_n"": 0, ""all_heart_n"": 0, ""score_delta_icon"": 0, ""unknown_tags"": [], ""tags"": []}",0,0,0,0,0,"{""draw"": 0, ""score"": 0, ""colorless"": 0}",0,0,0,,
PL!-pb1-005,星空凛,PL!-pb1-005 星空凛 - ラブライブ！シリーズ オフィシャルカードゲーム(ラブカ) 非公式 Wiki*,メンバー,ラブライブ！,μ's,lily white,2.0,1.0,<桃>,<桃> 1,,,"<登場>
自分の成功ライブカード置き場にカードがある場合、カードを1枚引く。",https://wikiwiki.jp/llocardgame/PL%21-pb1-005%20%E6%98%9F%E7%A9%BA%E5%87%9B,MEMBER,{},0,[],{},0,[],"{""pink"": 1}",1,[],"<登場>
自分の成功ライブカード置き場にカードがある場合、カードを1枚引く。",HAS_TEXT,0,"{""hearts"": {}, ""blade_mentions"": [], ""blade_icon_n"": 0, ""energy_icon_n"": 0, ""all_heart_n"": 0, ""score_delta_icon"": 0, ""unknown_tags"": [], ""tags"": []}",0,0,0,0,0,"{""draw"": 0, ""score"": 0, ""colorless"": 0}",0,0,0,,
PL!-pb1-006,西木野真姫,PL!-pb1-006 西木野真姫 - ラブライブ！シリーズ オフィシャルカードゲーム(ラブカ) 非公式 Wiki*,メンバー,ラブライブ！,μ's,BiBi,11.0,2.0,<紫>,<黄> 2 <紫> 3,,,"<登場>
自分の控え室から『μ's』のライブカードを1枚までデッキの一番上に置く。その後、相手のステージにウェイト状態のメンバーがいる場合、カードを1枚引く。",https://wikiwiki.jp/llocardgame/PL%21-pb1-006%20%E8%A5%BF%E6%9C%A8%E9%87%8E%E7%9C%9F%E5%A7%AB,MEMBER,{},0,[],{},0,[],"{""purple"": 1}",1,[],"<登場>
自分の控え室から『μ's』のライブカードを1枚までデッキの一番上に置く。その後、相手のステージにウェイト状態のメンバーがいる場合、カードを1枚引く。",HAS_TEXT,0,"{""hearts"": {}, ""blade_mentions"": [], ""blade_icon_n"": 0, ""energy_icon_n"": 0, ""all_heart_n"": 0, ""score_delta_icon"": 0, ""unknown_tags"": [], ""tags"": []}",0,0,0,0,0,"{""draw"": 0, ""score"": 0, ""colorless"": 0}",0,0,0,,
PL!-pb1-007,東條希,PL!-pb1-007 東條希 - ラブライブ！シリーズ オフィシャルカードゲーム(ラブカ) 非公式 Wiki*,メンバー,ラブライブ！,μ's,lily white,13.0,3.0,なし,<桃> 3 <黄> 1 <紫> 2,,,"<起動>
<ターン1回>
手札を3枚控え室に置く：自分のステージにほかの『lily white』のメンバーがいる場合、自分の控え室から『μ's』のライブカードを1枚手札に加える。この能力を起動するためのコストは、自分の成功ライブカード置き場にあるカード1枚につき、控え室に置く手札の数が1枚減る。",https://wikiwiki.jp/llocardgame/PL%21-pb1-007%20%E6%9D%B1%E6%A2%9D%E5%B8%8C,MEMBER,{},0,[],{},0,[],{},0,[],"<起動>
<ターン1回>
手札を3枚控え室に置く：自分のステージにほかの『lily white』のメンバーがいる場合、自分の控え室から『μ's』のライブカードを1枚手札に加える。この能力を起動するためのコストは、自分の成功ライブカード置き場にあるカード1枚につき、控え室に置く手札の数が1枚減る。",HAS_TEXT,0,"{""hearts"": {}, ""blade_mentions"": [], ""blade_icon_n"": 0, ""energy_icon_n"": 0, ""all_heart_n"": 0, ""score_delta_icon"": 0, ""unknown_tags"": [], ""tags"": []}",0,0,0,0,0,"{""draw"": 0, ""score"": 0, ""colorless"": 0}",0,0,0,,
PL!-pb1-008,小泉花陽,PL!-pb1-008 小泉花陽 - ラブライブ！シリーズ オフィシャルカードゲーム(ラブカ) 非公式 Wiki*,メンバー,ラブライブ！,μ's,Printemps,11.0,3.0,なし,<桃> 1 <黄> 3 <紫> 1,,,"<登場>
メンバーを3人までウェイトにしてもよい：これによりウェイト状態にしたメンバー1人につき、カードを1枚引く。",https://wikiwiki.jp/llocardgame/PL%21-pb1-008%20%E5%B0%8F%E6%B3%89%E8%8A%B1%E9%99%BD,MEMBER,{},0,[],{},0,[],{},0,[],"<登場>
メンバーを3人までウェイトにしてもよい：これによりウェイト状態にしたメンバー1人につき、カードを1枚引く。",HAS_TEXT,0,"{""hearts"": {}, ""blade_mentions"": [], ""blade_icon_n"": 0, ""energy_icon_n"": 0, ""all_heart_n"": 0, ""score_delta_icon"": 0, ""unknown_tags"": [], ""tags"": []}",0,0,0,0,0,"{""draw"": 0, ""score"": 0, ""colorless"": 0}",0,0,0,,
PL!-pb1-009,矢澤にこ,PL!-pb1-009 矢澤にこ - ラブライブ！シリーズ オフィシャルカードゲーム(ラブカ) 非公式 Wiki*,メンバー,ラブライブ！,μ's,BiBi,4.0,1.0,なし,<黄> 1 <紫> 1,,,"<登場>
相手のステージにいる元々持つ
<(ブレード)>
の数が1つ以下のメンバー1人をウェイトにする。
<登場>
このターン、自分と相手のステージにいるメンバーは、効果によってはアクティブにならない。",https://wikiwiki.jp/llocardgame/PL%21-pb1-009%20%E7%9F%A2%E6%BE%A4%E3%81%AB%E3%81%93,MEMBER,{},0,[],{},0,[],{},0,[],"<登場>
相手のステージにいる元々持つ
<(ブレード)>
の数が1つ以下のメンバー1人をウェイトにする。
<登場>
このターン、自分と相手のステージにいるメンバーは、効果によってはアクティブにならない。",HAS_TEXT,0,"{""hearts"": {}, ""blade_mentions"": [], ""tags"": [], ""blade_icon_n"": 1, ""energy_icon_n"": 0, ""all_heart_n"": 0, ""score_delta_icon"": 0, ""unknown_tags"": []}",1,0,0,0,0,"{""draw"": 0, ""score"": 0, ""colorless"": 0}",0,0,0,,
PL!-pb1-010,高坂穂乃果,PL!-pb1-010 高坂穂乃果 - ラブライブ！シリーズ オフィシャルカードゲーム(ラブカ) 非公式 Wiki*,メンバー,ラブライブ！,μ's,Printemps,11.0,3.0,なし,<桃> 2 <黄> 3,,,"<ライブ開始時>
手札を1枚控え室に置いてもよい：ライブ終了時まで、自分のステージにいるほかのメンバーは
<(ブレード)>
を得る。",https://wikiwiki.jp/llocardgame/PL%21-pb1-010%20%E9%AB%98%E5%9D%82%E7%A9%82%E4%B9%83%E6%9E%9C,MEMBER,{},0,[],{},0,[],{},0,[],"<ライブ開始時>
手札を1枚控え室に置いてもよい：ライブ終了時まで、自分のステージにいるほかのメンバーは
<(ブレード)>
を得る。",HAS_TEXT,0,"{""hearts"": {}, ""blade_mentions"": [], ""tags"": [], ""blade_icon_n"": 1, ""energy_icon_n"": 0, ""all_heart_n"": 0, ""score_delta_icon"": 0, ""unknown_tags"": []}",1,0,0,0,0,"{""draw"": 0, ""score"": 0, ""colorless"": 0}",0,0,0,,
PL!-pb1-011,絢瀬絵里,PL!-pb1-011 絢瀬絵里 - ラブライブ！シリーズ オフィシャルカードゲーム(ラブカ) 非公式 Wiki*,メンバー,ラブライブ！,μ's,BiBi,2.0,1.0,<紫>,<紫> 1,,,"<登場>
自分のステージに名前の異なる『BiBi』のメンバーが2人以上いる場合、相手のステージにいるコスト4以下のメンバー1人をウェイトにする。",https://wikiwiki.jp/llocardgame/PL%21-pb1-011%20%E7%B5%A2%E7%80%AC%E7%B5%B5%E9%87%8C,MEMBER,{},0,[],{},0,[],"{""purple"": 1}",1,[],"<登場>
自分のステージに名前の異なる『BiBi』のメンバーが2人以上いる場合、相手のステージにいるコスト4以下のメンバー1人をウェイトにする。",HAS_TEXT,0,"{""hearts"": {}, ""blade_mentions"": [], ""blade_icon_n"": 0, ""energy_icon_n"": 0, ""all_heart_n"": 0, ""score_delta_icon"": 0, ""unknown_tags"": [], ""tags"": []}",0,0,0,0,0,"{""draw"": 0, ""score"": 0, ""colorless"": 0}",0,0,0,,
PL!-pb1-012,南ことり,PL!-pb1-012 南ことり - ラブライブ！シリーズ オフィシャルカードゲーム(ラブカ) 非公式 Wiki*,メンバー,ラブライブ！,μ's,Printemps,2.0,1.0,なし,<黄> 1,,,"<登場>
自分のステージにいる『Printemps』のメンバーを1人までアクティブにする。",https://wikiwiki.jp/llocardgame/PL%21-pb1-012%20%E5%8D%97%E3%81%93%E3%81%A8%E3%82%8A,MEMBER,{},0,[],{},0,[],{},0,[],"<登場>
自分のステージにいる『Printemps』のメンバーを1人までアクティブにする。",HAS_TEXT,0,"{""hearts"": {}, ""blade_mentions"": [], ""blade_icon_n"": 0, ""energy_icon_n"": 0, ""all_heart_n"": 0, ""score_delta_icon"": 0, ""unknown_tags"": [], ""tags"": []}",0,0,0,0,0,"{""draw"": 0, ""score"": 0, ""colorless"": 0}",0,0,0,,
PL!-pb1-013,園田海未,PL!-pb1-013 園田海未 - ラブライブ！シリーズ オフィシャルカードゲーム(ラブカ) 非公式 Wiki*,メンバー,ラブライブ！,μ's,lily white,9.0,2.0,なし,<桃> 3 <紫> 1,,,"<起動>
<ターン1回>
<(E)>
<(E)>
自分の手札を、相手は見ないで1枚選び公開する。これにより公開されたカードがライブカードの場合、ライブ終了時まで、このメンバーは『
<常時>
ライブの合計スコアを+1する。』を得る。",https://wikiwiki.jp/llocardgame/PL%21-pb1-013%20%E5%9C%92%E7%94%B0%E6%B5%B7%E6%9C%AA,MEMBER,{},0,[],{},0,[],{},0,[],"<起動>
<ターン1回>
<(E)>
<(E)>
自分の手札を、相手は見ないで1枚選び公開する。これにより公開されたカードがライブカードの場合、ライブ終了時まで、このメンバーは『
<常時>
ライブの合計スコアを+1する。』を得る。",HAS_TEXT,0,"{""hearts"": {}, ""blade_mentions"": [], ""tags"": [], ""blade_icon_n"": 0, ""energy_icon_n"": 2, ""all_heart_n"": 0, ""score_delta_icon"": 0, ""unknown_tags"": []}",0,2,0,0,0,"{""draw"": 0, ""score"": 0, ""colorless"": 0}",0,0,0,,
PL!-pb1-014,星空凛,PL!-pb1-014 星空凛 - ラブライブ！シリーズ オフィシャルカードゲーム(ラブカ) 非公式 Wiki*,メンバー,ラブライブ！,μ's,lily white,15.0,3.0,<桃>,<桃> 3 <黄> 2 <紫> 2,,,"<常時>
自分の成功ライブカード置き場に『lily white』のカードがある場合、手札にあるこのメンバーカードのコストは2減る。",https://wikiwiki.jp/llocardgame/PL%21-pb1-014%20%E6%98%9F%E7%A9%BA%E5%87%9B,MEMBER,{},0,[],{},0,[],"{""pink"": 1}",1,[],"<常時>
自分の成功ライブカード置き場に『lily white』のカードがある場合、手札にあるこのメンバーカードのコストは2減る。",HAS_TEXT,0,"{""hearts"": {}, ""blade_mentions"": [], ""blade_icon_n"": 0, ""energy_icon_n"": 0, ""all_heart_n"": 0, ""score_delta_icon"": 0, ""unknown_tags"": [], ""tags"": []}",0,0,0,0,0,"{""draw"": 0, ""score"": 0, ""colorless"": 0}",0,0,0,,
PL!-pb1-015,西木野真姫,PL!-pb1-015 西木野真姫 - ラブライブ！シリーズ オフィシャルカードゲーム(ラブカ) 非公式 Wiki*,メンバー,ラブライブ！,μ's,BiBi,11.0,2.0,<紫>,<桃> 1 <黄> 1 <紫> 3,,,"<登場>
/
<ライブ開始時>
<センター>
『BiBi』のメンバー1人をウェイトにしてもよい：相手は、自身のステージにいるアクティブ状態のメンバー1人をウェイトにする。
<自動>
<ターン1回>
自分のカードの効果によって、相手のステージにいるアクティブ状態のコスト4以下のメンバーがウェイト状態になったとき、カードを1枚引く。",https://wikiwiki.jp/llocardgame/PL%21-pb1-015%20%E8%A5%BF%E6%9C%A8%E9%87%8E%E7%9C%9F%E5%A7%AB,MEMBER,{},0,[],{},0,[],"{""purple"": 1}",1,[],"<登場>
/
<ライブ開始時>
<センター>
『BiBi』のメンバー1人をウェイトにしてもよい：相手は、自身のステージにいるアクティブ状態のメンバー1人をウェイトにする。
<自動>
<ターン1回>
自分のカードの効果によって、相手のステージにいるアクティブ状態のコスト4以下のメンバーがウェイト状態になったとき、カードを1枚引く。",HAS_TEXT,0,"{""hearts"": {}, ""blade_mentions"": [], ""blade_icon_n"": 0, ""energy_icon_n"": 0, ""all_heart_n"": 0, ""score_delta_icon"": 0, ""unknown_tags"": [], ""tags"": []}",0,0,0,0,0,"{""draw"": 0, ""score"": 0, ""colorless"": 0}",0,0,0,,
PL!-pb1-016,東條希,PL!-pb1-016 東條希 - ラブライブ！シリーズ オフィシャルカードゲーム(ラブカ) 非公式 Wiki*,メンバー,ラブライブ！,μ's,lily white,9.0,3.0,なし,<桃> 2 <紫> 1,,,"<登場>
手札を1枚控え室に置いてもよい。自分のデッキの上からカードを4枚見る。その中から『lily white』のカードを1枚公開して手札に加えてもよい。残りを控え室に置く。",https://wikiwiki.jp/llocardgame/PL%21-pb1-016%20%E6%9D%B1%E6%A2%9D%E5%B8%8C,MEMBER,{},0,[],{},0,[],{},0,[],"<登場>
手札を1枚控え室に置いてもよい。自分のデッキの上からカードを4枚見る。その中から『lily white』のカードを1枚公開して手札に加えてもよい。残りを控え室に置く。",HAS_TEXT,0,"{""hearts"": {}, ""blade_mentions"": [], ""blade_icon_n"": 0, ""energy_icon_n"": 0, ""all_heart_n"": 0, ""score_delta_icon"": 0, ""unknown_tags"": [], ""tags"": []}",0,0,0,0,0,"{""draw"": 0, ""score"": 0, ""colorless"": 0}",0,0,0,,
PL!-pb1-017,小泉花陽,PL!-pb1-017 小泉花陽 - ラブライブ！シリーズ オフィシャルカードゲーム(ラブカ) 非公式 Wiki*,メンバー,ラブライブ！,μ's,Printemps,7.0,2.0,なし,<桃> 1 <黄> 1,,,"<登場>
このメンバーをウェイトにしてもよい：カードを1枚引く。その後、このメンバーが『Printemps』のメンバーからバトンタッチして登場していないかぎり、手札を1枚控え室に置く。",https://wikiwiki.jp/llocardgame/PL%21-pb1-017%20%E5%B0%8F%E6%B3%89%E8%8A%B1%E9%99%BD,MEMBER,{},0,[],{},0,[],{},0,[],"<登場>
このメンバーをウェイトにしてもよい：カードを1枚引く。その後、このメンバーが『Printemps』のメンバーからバトンタッチして登場していないかぎり、手札を1枚控え室に置く。",HAS_TEXT,0,"{""hearts"": {}, ""blade_mentions"": [], ""blade_icon_n"": 0, ""energy_icon_n"": 0, ""all_heart_n"": 0, ""score_delta_icon"": 0, ""unknown_tags"": [], ""tags"": []}",0,0,0,0,0,"{""draw"": 0, ""score"": 0, ""colorless"": 0}",0,0,0,,
PL!-pb1-018,矢澤にこ,PL!-pb1-018 矢澤にこ - ラブライブ！シリーズ オフィシャルカードゲーム(ラブカ) 非公式 Wiki*,メンバー,ラブライブ！,μ's,BiBi,7.0,0.0,なし,<紫> 2,,,"<登場>
自分と相手はそれぞれ、自身の控え室からコスト2以下のメンバーカードを1枚、メンバーのいないエリアにウェイト状態で登場させる。
（この効果で登場したメンバーのいるエリアには、このターンにメンバーは登場できない。）",https://wikiwiki.jp/llocardgame/PL%21-pb1-018%20%E7%9F%A2%E6%BE%A4%E3%81%AB%E3%81%93,MEMBER,{},0,[],{},0,[],{},0,[],"<登場>
自分と相手はそれぞれ、自身の控え室からコスト2以下のメンバーカードを1枚、メンバーのいないエリアにウェイト状態で登場させる。
（この効果で登場したメンバーのいるエリアには、このターンにメンバーは登場できない。）",HAS_TEXT,0,"{""hearts"": {}, ""blade_mentions"": [], ""blade_icon_n"": 0, ""energy_icon_n"": 0, ""all_heart_n"": 0, ""score_delta_icon"": 0, ""unknown_tags"": [], ""tags"": []}",0,0,0,0,0,"{""draw"": 0, ""score"": 0, ""colorless"": 0}",0,0,0,,
PL!-pb1-019,高坂穂乃果,PL!-pb1-019 高坂穂乃果 - ラブライブ！シリーズ オフィシャルカードゲーム(ラブカ) 非公式 Wiki*,メンバー,ラブライブ！,μ's,Printemps,2.0,1.0,<黄>,<黄> 1,,,"<起動>
このメンバーをステージから控え室に置く：自分の控え室からメンバーカードを1枚手札に加える。",https://wikiwiki.jp/llocardgame/PL%21-pb1-019%20%E9%AB%98%E5%9D%82%E7%A9%82%E4%B9%83%E6%9E%9C,MEMBER,{},0,[],{},0,[],"{""yellow"": 1}",1,[],"<起動>
このメンバーをステージから控え室に置く：自分の控え室からメンバーカードを1枚手札に加える。",HAS_TEXT,0,"{""hearts"": {}, ""blade_mentions"": [], ""blade_icon_n"": 0, ""energy_icon_n"": 0, ""all_heart_n"": 0, ""score_delta_icon"": 0, ""unknown_tags"": [], ""tags"": []}",0,0,0,0,0,"{""draw"": 0, ""score"": 0, ""colorless"": 0}",0,0,0,,
PL!-pb1-020,絢瀬絵里,PL!-pb1-020 絢瀬絵里 - ラブライブ！シリーズ オフィシャルカードゲーム(ラブカ) 非公式 Wiki*,メンバー,ラブライブ！,μ's,BiBi,4.0,1.0,<紫>,<紫> 2,,,(なし),https://wikiwiki.jp/llocardgame/PL%21-pb1-020%20%E7%B5%A2%E7%80%AC%E7%B5%B5%E9%87%8C,MEMBER,{},0,[],{},0,[],"{""purple"": 1}",1,[],(なし),NO_ABILITY,1,"{""hearts"": {}, ""blade_mentions"": [], ""blade_icon_n"": 0, ""energy_icon_n"": 0, ""all_heart_n"": 0, ""score_delta_icon"": 0, ""unknown_tags"": [], ""tags"": []}",0,0,0,0,0,"{""draw"": 0, ""score"": 0, ""colorless"": 0}",0,0,0,,
PL!-pb1-021,南ことり,PL!-pb1-021 南ことり - ラブライブ！シリーズ オフィシャルカードゲーム(ラブカ) 非公式 Wiki*,メンバー,ラブライブ！,μ's,Printemps,5.0,1.0,なし,<黄> 2 <紫> 1,,,(なし),https://wikiwiki.jp/llocardgame/PL%21-pb1-021%20%E5%8D%97%E3%81%93%E3%81%A8%E3%82%8A,MEMBER,{},0,[],{},0,[],{},0,[],(なし),NO_ABILITY,1,"{""hearts"": {}, ""blade_mentions"": [], ""blade_icon_n"": 0, ""energy_icon_n"": 0, ""all_heart_n"": 0, ""score_delta_icon"": 0, ""unknown_tags"": [], ""tags"": []}",0,0,0,0,0,"{""draw"": 0, ""score"": 0, ""colorless"": 0}",0,0,0,,
PL!-pb1-022,園田海未,PL!-pb1-022 園田海未 - ラブライブ！シリーズ オフィシャルカードゲーム(ラブカ) 非公式 Wiki*,メンバー,ラブライブ！,μ's,lily white,5.0,1.0,なし,<桃> 2 <黄> 1,,,(なし),https://wikiwiki.jp/llocardgame/PL%21-pb1-022%20%E5%9C%92%E7%94%B0%E6%B5%B7%E6%9C%AA,MEMBER,{},0,[],{},0,[],{},0,[],(なし),NO_ABILITY,1,"{""hearts"": {}, ""blade_mentions"": [], ""blade_icon_n"": 0, ""energy_icon_n"": 0, ""all_heart_n"": 0, ""score_delta_icon"": 0, ""unknown_tags"": [], ""tags"": []}",0,0,0,0,0,"{""draw"": 0, ""score"": 0, ""colorless"": 0}",0,0,0,,
PL!-pb1-023,星空凛,PL!-pb1-023 星空凛 - ラブライブ！シリーズ オフィシャルカードゲーム(ラブカ) 非公式 Wiki*,メンバー,ラブライブ！,μ's,lily white,4.0,1.0,<桃>,<桃> 2,,,(なし),https://wikiwiki.jp/llocardgame/PL%21-pb1-023%20%E6%98%9F%E7%A9%BA%E5%87%9B,MEMBER,{},0,[],{},0,[],"{""pink"": 1}",1,[],(なし),NO_ABILITY,1,"{""hearts"": {}, ""blade_mentions"": [], ""blade_icon_n"": 0, ""energy_icon_n"": 0, ""all_heart_n"": 0, ""score_delta_icon"": 0, ""unknown_tags"": [], ""tags"": []}",0,0,0,0,0,"{""draw"": 0, ""score"": 0, ""colorless"": 0}",0,0,0,,
PL!-pb1-024,西木野真姫,PL!-pb1-024 西木野真姫 - ラブライブ！シリーズ オフィシャルカードゲーム(ラブカ) 非公式 Wiki*,メンバー,ラブライブ！,μ's,BiBi,2.0,1.0,<紫>,<紫> 1,,,"<起動>
このメンバーをステージから控え室に置く：自分の控え室からライブカードを1枚手札に加える。",https://wikiwiki.jp/llocardgame/PL%21-pb1-024%20%E8%A5%BF%E6%9C%A8%E9%87%8E%E7%9C%9F%E5%A7%AB,MEMBER,{},0,[],{},0,[],"{""purple"": 1}",1,[],"<起動>
このメンバーをステージから控え室に置く：自分の控え室からライブカードを1枚手札に加える。",HAS_TEXT,0,"{""hearts"": {}, ""blade_mentions"": [], ""blade_icon_n"": 0, ""energy_icon_n"": 0, ""all_heart_n"": 0, ""score_delta_icon"": 0, ""unknown_tags"": [], ""tags"": []}",0,0,0,0,0,"{""draw"": 0, ""score"": 0, ""colorless"": 0}",0,0,0,,
PL!-pb1-025,東條希,PL!-pb1-025 東條希 - ラブライブ！シリーズ オフィシャルカードゲーム(ラブカ) 非公式 Wiki*,メンバー,ラブライブ！,μ's,lily white,2.0,1.0,<桃>,<桃> 1,,,"<起動>
このメンバーをステージから控え室に置く：自分の控え室からメンバーカードを1枚手札に加える。",https://wikiwiki.jp/llocardgame/PL%21-pb1-025%20%E6%9D%B1%E6%A2%9D%E5%B8%8C,MEMBER,{},0,[],{},0,[],"{""pink"": 1}",1,[],"<起動>
このメンバーをステージから控え室に置く：自分の控え室からメンバーカードを1枚手札に加える。",HAS_TEXT,0,"{""hearts"": {}, ""blade_mentions"": [], ""blade_icon_n"": 0, ""energy_icon_n"": 0, ""all_heart_n"": 0, ""score_delta_icon"": 0, ""unknown_tags"": [], ""tags"": []}",0,0,0,0,0,"{""draw"": 0, ""score"": 0, ""colorless"": 0}",0,0,0,,
PL!-pb1-026,小泉花陽,PL!-pb1-026 小泉花陽 - ラブライブ！シリーズ オフィシャルカードゲーム(ラブカ) 非公式 Wiki*,メンバー,ラブライブ！,μ's,Printemps,4.0,1.0,<黄>,<黄> 2,,,(なし),https://wikiwiki.jp/llocardgame/PL%21-pb1-026%20%E5%B0%8F%E6%B3%89%E8%8A%B1%E9%99%BD,MEMBER,{},0,[],{},0,[],"{""yellow"": 1}",1,[],(なし),NO_ABILITY,1,"{""hearts"": {}, ""blade_mentions"": [], ""blade_icon_n"": 0, ""energy_icon_n"": 0, ""all_heart_n"": 0, ""score_delta_icon"": 0, ""unknown_tags"": [], ""tags"": []}",0,0,0,0,0,"{""draw"": 0, ""score"": 0, ""colorless"": 0}",0,0,0,,
PL!-pb1-027,矢澤にこ,PL!-pb1-027 矢澤にこ - ラブライブ！シリーズ オフィシャルカードゲーム(ラブカ) 非公式 Wiki*,メンバー,ラブライブ！,μ's,BiBi,5.0,1.0,なし,<桃> 1 <紫> 2,,,(なし),https://wikiwiki.jp/llocardgame/PL%21-pb1-027%20%E7%9F%A2%E6%BE%A4%E3%81%AB%E3%81%93,MEMBER,{},0,[],{},0,[],{},0,[],(なし),NO_ABILITY,1,"{""hearts"": {}, ""blade_mentions"": [], ""blade_icon_n"": 0, ""energy_icon_n"": 0, ""all_heart_n"": 0, ""score_delta_icon"": 0, ""unknown_tags"": [], ""tags"": []}",0,0,0,0,0,"{""draw"": 0, ""score"": 0, ""colorless"": 0}",0,0,0,,
PL!-pb1-028,WAO-WAO Powerful day!,PL!-pb1-028 WAO-WAO Powerful day! - ラブライブ！シリーズ オフィシャルカードゲーム(ラブカ) 非公式 Wiki*,ライブ,ラブライブ！,μ's,Printemps,,,<黄> <ドロー+1>,,<桃> 2 <黄> 4 <任意> 7 (合計13),5.0,"<ライブ開始時>
自分のステージにいる『Printemps』のメンバーをアクティブにする。これによりウェイト状態のメンバーが3人以上アクティブになったとき、このカードのスコアを+1する。",https://wikiwiki.jp/llocardgame/PL%21-pb1-028%20WAO-WAO%20Powerful%20day%21,LIVE,{},0,[],{},13,[],"{""yellow"": 1}",1,[],"<ライブ開始時>
自分のステージにいる『Printemps』のメンバーをアクティブにする。これによりウェイト状態のメンバーが3人以上アクティブになったとき、このカードのスコアを+1する。",HAS_TEXT,0,"{""hearts"": {}, ""blade_mentions"": [], ""blade_icon_n"": 0, ""energy_icon_n"": 0, ""all_heart_n"": 0, ""score_delta_icon"": 0, ""unknown_tags"": [], ""tags"": []}",0,0,0,0,0,"{""draw"": 1, ""score"": 0, ""colorless"": 0}",1,0,0,,
PL!-pb1-029,知らないLove*教えてLove,PL!-pb1-029 知らないLove*教えてLove - ラブライブ！シリーズ オフィシャルカードゲーム(ラブカ) 非公式 Wiki*,ライブ,ラブライブ！,μ's,lily white,,,<スコア+1>,,<桃> 2 <紫> 1 (合計3),1.0,"<ライブ開始時>
自分の成功ライブカード置き場のカードが0枚で、かつ自分のステージいるメンバーが『lily white』のみの場合、このカードのスコアを+1する。",https://wikiwiki.jp/llocardgame/PL%21-pb1-029%20%E7%9F%A5%E3%82%89%E3%81%AA%E3%81%84Love%2A%E6%95%99%E3%81%88%E3%81%A6Love,LIVE,{},0,[],{},3,[],{},0,[],"<ライブ開始時>
自分の成功ライブカード置き場のカードが0枚で、かつ自分のステージいるメンバーが『lily white』のみの場合、このカードのスコアを+1する。",HAS_TEXT,0,"{""hearts"": {}, ""blade_mentions"": [], ""blade_icon_n"": 0, ""energy_icon_n"": 0, ""all_heart_n"": 0, ""score_delta_icon"": 0, ""unknown_tags"": [], ""tags"": []}",0,0,0,0,0,"{""draw"": 0, ""score"": 1, ""colorless"": 0}",0,1,0,,
PL!-pb1-030,Cutie Panther,PL!-pb1-030 Cutie Panther - ラブライブ！シリーズ オフィシャルカードゲーム(ラブカ) 非公式 Wiki*,ライブ,ラブライブ！,μ's,BiBi,,,<紫> <ドロー+1>,,<黄> 2 <紫> 4 <任意> 7 (合計13),5.0,"<ライブ開始時>
相手のステージにウェイト状態のメンバーがいる場合、このカードを成功させるための必要ハートを
<任意>
<任意>
減らす。
<ライブ成功時>
自分のステージに名前の異なる『BiBi』のメンバーが2人以上いる場合、自分の控え室から『BiBi』のメンバーカードを1枚手札に加える。",https://wikiwiki.jp/llocardgame/PL%21-pb1-030%20Cutie%20Panther,LIVE,{},0,[],{},13,[],"{""purple"": 1}",1,[],"<ライブ開始時>
相手のステージにウェイト状態のメンバーがいる場合、このカードを成功させるための必要ハートを
<任意>
<任意>
減らす。
<ライブ成功時>
自分のステージに名前の異なる『BiBi』のメンバーが2人以上いる場合、自分の控え室から『BiBi』のメンバーカードを1枚手札に加える。",HAS_TEXT,0,"{""hearts"": {}, ""blade_mentions"": [], ""blade_icon_n"": 0, ""energy_icon_n"": 0, ""all_heart_n"": 0, ""score_delta_icon"": 0, ""unknown_tags"": [], ""tags"": []}",0,0,0,0,0,"{""draw"": 1, ""score"": 0, ""colorless"": 0}",1,0,0,,
PL!-pb1-031,輝夜の城で踊りたい,PL!-pb1-031 輝夜の城で踊りたい - ラブライブ！シリーズ オフィシャルカードゲーム(ラブカ) 非公式 Wiki*,ライブ,ラブライブ！,μ's,,,,<ALL>,,<紫> 1 <任意> 2 (合計3),1.0,"<ライブ成功時>
手札を1枚控え室に置いてもよい：エールにより公開された自分のカードの中から、『μ's』のメンバーカードを1枚手札に加える。",https://wikiwiki.jp/llocardgame/PL%21-pb1-031%20%E8%BC%9D%E5%A4%9C%E3%81%AE%E5%9F%8E%E3%81%A7%E8%B8%8A%E3%82%8A%E3%81%9F%E3%81%84,LIVE,{},0,[],{},3,[],"{""all"": 1}",1,[],"<ライブ成功時>
手札を1枚控え室に置いてもよい：エールにより公開された自分のカードの中から、『μ's』のメンバーカードを1枚手札に加える。",HAS_TEXT,0,"{""hearts"": {}, ""blade_mentions"": [], ""blade_icon_n"": 0, ""energy_icon_n"": 0, ""all_heart_n"": 0, ""score_delta_icon"": 0, ""unknown_tags"": [], ""tags"": []}",0,0,0,0,0,"{""draw"": 0, ""score"": 0, ""colorless"": 0}",0,0,0,,
PL!-pb1-032,SENTIMENTAL StepS,PL!-pb1-032 SENTIMENTAL StepS - ラブライブ！シリーズ オフィシャルカードゲーム(ラブカ) 非公式 Wiki*,ライブ,ラブライブ！,μ's,,,,<ALL>,,<桃> 1 <黄> 1 <紫> 1 <任意> 2 (合計5),2.0,"<ライブ成功時>
自分の成功ライブカード置き場に『μ's』のカードがある場合、カードを1枚引く。",https://wikiwiki.jp/llocardgame/PL%21-pb1-032%20SENTIMENTAL%20StepS,LIVE,{},0,[],{},5,[],"{""all"": 1}",1,[],"<ライブ成功時>
自分の成功ライブカード置き場に『μ's』のカードがある場合、カードを1枚引く。",HAS_TEXT,0,"{""hearts"": {}, ""blade_mentions"": [], ""blade_icon_n"": 0, ""energy_icon_n"": 0, ""all_heart_n"": 0, ""score_delta_icon"": 0, ""unknown_tags"": [], ""tags"": []}",0,0,0,0,0,"{""draw"": 0, ""score"": 0, ""colorless"": 0}",0,0,0,,
PL!-pb1-033,KiRa-KiRa Sensation!,PL!-pb1-033 KiRa-KiRa Sensation! - ラブライブ！シリーズ オフィシャルカードゲーム(ラブカ) 非公式 Wiki*,ライブ,ラブライブ！,μ's,,,,<桃> <ドロー+1>,,<桃> 4 <黄> 4 <紫> 4 <任意> 6 (合計18),8.0,(なし),https://wikiwiki.jp/llocardgame/PL%21-pb1-033%20KiRa-KiRa%20Sensation%21,LIVE,{},0,[],{},18,[],"{""pink"": 1}",1,[],(なし),NO_ABILITY,1,"{""hearts"": {}, ""blade_mentions"": [], ""blade_icon_n"": 0, ""energy_icon_n"": 0, ""all_heart_n"": 0, ""score_delta_icon"": 0, ""unknown_tags"": [], ""tags"": []}",0,0,0,0,0,"{""draw"": 1, ""score"": 0, ""colorless"": 0}",1,0,0,,
PL!-sd1-001,高坂穂乃果,PL!-sd1-001 高坂穂乃果 - ラブライブ！シリーズ オフィシャルカードゲーム(ラブカ) 非公式 Wiki*,メンバー,ラブライブ！,μ's,Printemps,11.0,3.0,なし,<桃> 1 <黄> 2 <紫> 1,,,"<登場>
自分の成功ライブカード置き場にカードが2枚以上ある場合、自分の控え室からライブカードを1枚手札に加える。
<常時>
自分の成功ライブカード置き場にあるカード1枚につき、
<(ブレード)>
を得る。",https://wikiwiki.jp/llocardgame/PL%21-sd1-001%20%E9%AB%98%E5%9D%82%E7%A9%82%E4%B9%83%E6%9E%9C,MEMBER,{},0,[],{},0,[],{},0,[],"<登場>
自分の成功ライブカード置き場にカードが2枚以上ある場合、自分の控え室からライブカードを1枚手札に加える。
<常時>
自分の成功ライブカード置き場にあるカード1枚につき、
<(ブレード)>
を得る。",HAS_TEXT,0,"{""hearts"": {}, ""blade_mentions"": [], ""tags"": [], ""blade_icon_n"": 1, ""energy_icon_n"": 0, ""all_heart_n"": 0, ""score_delta_icon"": 0, ""unknown_tags"": []}",1,0,0,0,0,"{""draw"": 0, ""score"": 0, ""colorless"": 0}",0,0,0,,
PL!-sd1-002,絢瀬絵里,PL!-sd1-002 絢瀬絵里 - ラブライブ！シリーズ オフィシャルカードゲーム(ラブカ) 非公式 Wiki*,メンバー,ラブライブ！,μ's,BiBi,2.0,1.0,<紫>,<紫> 1,,,"<起動>
このメンバーをステージから控え室に置く：自分の控え室からメンバーカードを1枚手札に加える。",https://wikiwiki.jp/llocardgame/PL%21-sd1-002%20%E7%B5%A2%E7%80%AC%E7%B5%B5%E9%87%8C,MEMBER,{},0,[],{},0,[],"{""purple"": 1}",1,[],"<起動>
このメンバーをステージから控え室に置く：自分の控え室からメンバーカードを1枚手札に加える。",HAS_TEXT,0,"{""hearts"": {}, ""blade_mentions"": [], ""blade_icon_n"": 0, ""energy_icon_n"": 0, ""all_heart_n"": 0, ""score_delta_icon"": 0, ""unknown_tags"": [], ""tags"": []}",0,0,0,0,0,"{""draw"": 0, ""score"": 0, ""colorless"": 0}",0,0,0,,
PL!-sd1-003,南ことり,PL!-sd1-003 南ことり - ラブライブ！シリーズ オフィシャルカードゲーム(ラブカ) 非公式 Wiki*,メンバー,ラブライブ！,μ's,Printemps,13.0,3.0,<紫>,<桃> 1 <黄> 2 <紫> 2,,,"<登場>
自分の控え室からコスト4以下の『μ's』のメンバーカードを1枚手札に加える。
<ライブ開始時>
手札を1枚控え室に置いてもよい：
<桃>
か
<黄>
か
<紫>
のうち、1つを選ぶ。ライブ終了時まで、選んだハートを1つ得る。",https://wikiwiki.jp/llocardgame/PL%21-sd1-003%20%E5%8D%97%E3%81%93%E3%81%A8%E3%82%8A,MEMBER,{},0,[],{},0,[],"{""purple"": 1}",1,[],"<登場>
自分の控え室からコスト4以下の『μ's』のメンバーカードを1枚手札に加える。
<ライブ開始時>
手札を1枚控え室に置いてもよい：
<桃>
か
<黄>
か
<紫>
のうち、1つを選ぶ。ライブ終了時まで、選んだハートを1つ得る。",HAS_TEXT,0,"{""hearts"": {}, ""blade_mentions"": [], ""blade_icon_n"": 0, ""energy_icon_n"": 0, ""all_heart_n"": 0, ""score_delta_icon"": 0, ""unknown_tags"": [], ""tags"": []}",0,0,0,0,0,"{""draw"": 0, ""score"": 0, ""colorless"": 0}",0,0,0,,
PL!-sd1-004,園田海未,PL!-sd1-004 園田海未 - ラブライブ！シリーズ オフィシャルカードゲーム(ラブカ) 非公式 Wiki*,メンバー,ラブライブ！,μ's,lily white,11.0,3.0,<桃>,<桃> 2 <黄> 1 <紫> 1,,,"<登場>
自分のデッキの上からカードを5枚見る。その中から『μ's』のライブカードを1枚公開して手札に加えてもよい。残りを控え室に置く。",https://wikiwiki.jp/llocardgame/PL%21-sd1-004%20%E5%9C%92%E7%94%B0%E6%B5%B7%E6%9C%AA,MEMBER,{},0,[],{},0,[],"{""pink"": 1}",1,[],"<登場>
自分のデッキの上からカードを5枚見る。その中から『μ's』のライブカードを1枚公開して手札に加えてもよい。残りを控え室に置く。",HAS_TEXT,0,"{""hearts"": {}, ""blade_mentions"": [], ""blade_icon_n"": 0, ""energy_icon_n"": 0, ""all_heart_n"": 0, ""score_delta_icon"": 0, ""unknown_tags"": [], ""tags"": []}",0,0,0,0,0,"{""draw"": 0, ""score"": 0, ""colorless"": 0}",0,0,0,,
PL!-sd1-005,星空凛,PL!-sd1-005 星空凛 - ラブライブ！シリーズ オフィシャルカードゲーム(ラブカ) 非公式 Wiki*,メンバー,ラブライブ！,μ's,lily white,2.0,1.0,<桃>,<桃> 1,,,"<起動>
このメンバーをステージから控え室に置く：自分の控え室からライブカードを1枚手札に加える。",https://wikiwiki.jp/llocardgame/PL%21-sd1-005%20%E6%98%9F%E7%A9%BA%E5%87%9B,MEMBER,{},0,[],{},0,[],"{""pink"": 1}",1,[],"<起動>
このメンバーをステージから控え室に置く：自分の控え室からライブカードを1枚手札に加える。",HAS_TEXT,0,"{""hearts"": {}, ""blade_mentions"": [], ""blade_icon_n"": 0, ""energy_icon_n"": 0, ""all_heart_n"": 0, ""score_delta_icon"": 0, ""unknown_tags"": [], ""tags"": []}",0,0,0,0,0,"{""draw"": 0, ""score"": 0, ""colorless"": 0}",0,0,0,,
PL!-sd1-006,西木野真姫,PL!-sd1-006 西木野真姫 - ラブライブ！シリーズ オフィシャルカードゲーム(ラブカ) 非公式 Wiki*,メンバー,ラブライブ！,μ's,BiBi,9.0,2.0,なし,<桃> 1 <黄> 1 <紫> 2,,,"<登場>
手札のライブカードを1枚公開してもよい：自分の成功ライブカード置き場にあるカードを1枚手札に加える。そうした場合、これにより公開したカードを自分の成功ライブカード置き場に置く。",https://wikiwiki.jp/llocardgame/PL%21-sd1-006%20%E8%A5%BF%E6%9C%A8%E9%87%8E%E7%9C%9F%E5%A7%AB,MEMBER,{},0,[],{},0,[],{},0,[],"<登場>
手札のライブカードを1枚公開してもよい：自分の成功ライブカード置き場にあるカードを1枚手札に加える。そうした場合、これにより公開したカードを自分の成功ライブカード置き場に置く。",HAS_TEXT,0,"{""hearts"": {}, ""blade_mentions"": [], ""blade_icon_n"": 0, ""energy_icon_n"": 0, ""all_heart_n"": 0, ""score_delta_icon"": 0, ""unknown_tags"": [], ""tags"": []}",0,0,0,0,0,"{""draw"": 0, ""score"": 0, ""colorless"": 0}",0,0,0,,
PL!-sd1-007,東條希,PL!-sd1-007 東條希 - ラブライブ！シリーズ オフィシャルカードゲーム(ラブカ) 非公式 Wiki*,メンバー,ラブライブ！,μ's,lily white,7.0,1.0,なし,<桃> 1 <黄> 1 <紫> 1,,,"<登場>
自分のデッキの上からカードを5枚控え室に置く。それらの中にライブカードがある場合、カードを1枚引く。",https://wikiwiki.jp/llocardgame/PL%21-sd1-007%20%E6%9D%B1%E6%A2%9D%E5%B8%8C,MEMBER,{},0,[],{},0,[],{},0,[],"<登場>
自分のデッキの上からカードを5枚控え室に置く。それらの中にライブカードがある場合、カードを1枚引く。",HAS_TEXT,0,"{""hearts"": {}, ""blade_mentions"": [], ""blade_icon_n"": 0, ""energy_icon_n"": 0, ""all_heart_n"": 0, ""score_delta_icon"": 0, ""unknown_tags"": [], ""tags"": []}",0,0,0,0,0,"{""draw"": 0, ""score"": 0, ""colorless"": 0}",0,0,0,,
PL!-sd1-008,小泉花陽,PL!-sd1-008 小泉花陽 - ラブライブ！シリーズ オフィシャルカードゲーム(ラブカ) 非公式 Wiki*,メンバー,ラブライブ！,μ's,Printemps,4.0,0.0,<黄>,<桃> 1 <黄> 1,,,"<起動>
<(E)>
<(E)>
：自分のデッキの上からカードを10枚控え室に置く。",https://wikiwiki.jp/llocardgame/PL%21-sd1-008%20%E5%B0%8F%E6%B3%89%E8%8A%B1%E9%99%BD,MEMBER,{},0,[],{},0,[],"{""yellow"": 1}",1,[],"<起動>
<(E)>
<(E)>
：自分のデッキの上からカードを10枚控え室に置く。",HAS_TEXT,0,"{""hearts"": {}, ""blade_mentions"": [], ""tags"": [], ""blade_icon_n"": 0, ""energy_icon_n"": 2, ""all_heart_n"": 0, ""score_delta_icon"": 0, ""unknown_tags"": []}",0,2,0,0,0,"{""draw"": 0, ""score"": 0, ""colorless"": 0}",0,0,0,,
PL!-sd1-009,矢澤にこ,PL!-sd1-009 矢澤にこ - ラブライブ！シリーズ オフィシャルカードゲーム(ラブカ) 非公式 Wiki*,メンバー,ラブライブ！,μ's,BiBi,15.0,5.0,<紫>,<桃> 2 <黄> 2 <紫> 2,,,"<ライブ開始時>
自分の控え室に『μ's』のカードが25枚以上ある場合、ライブ終了時まで、「
<常時>
ライブの合計スコアを+1する。」を得る。",https://wikiwiki.jp/llocardgame/PL%21-sd1-009%20%E7%9F%A2%E6%BE%A4%E3%81%AB%E3%81%93,MEMBER,{},0,[],{},0,[],"{""purple"": 1}",1,[],"<ライブ開始時>
自分の控え室に『μ's』のカードが25枚以上ある場合、ライブ終了時まで、「
<常時>
ライブの合計スコアを+1する。」を得る。",HAS_TEXT,0,"{""hearts"": {}, ""blade_mentions"": [], ""blade_icon_n"": 0, ""energy_icon_n"": 0, ""all_heart_n"": 0, ""score_delta_icon"": 0, ""unknown_tags"": [], ""tags"": []}",0,0,0,0,0,"{""draw"": 0, ""score"": 0, ""colorless"": 0}",0,0,0,,
PL!-sd1-010,高坂穂乃果,PL!-sd1-010 高坂穂乃果 - ラブライブ！シリーズ オフィシャルカードゲーム(ラブカ) 非公式 Wiki*,メンバー,ラブライブ！,μ's,Printemps,4.0,1.0,<黄>,<桃> 1 <黄> 1,,,(なし),https://wikiwiki.jp/llocardgame/PL%21-sd1-010%20%E9%AB%98%E5%9D%82%E7%A9%82%E4%B9%83%E6%9E%9C,MEMBER,{},0,[],{},0,[],"{""yellow"": 1}",1,[],(なし),NO_ABILITY,1,"{""hearts"": {}, ""blade_mentions"": [], ""blade_icon_n"": 0, ""energy_icon_n"": 0, ""all_heart_n"": 0, ""score_delta_icon"": 0, ""unknown_tags"": [], ""tags"": []}",0,0,0,0,0,"{""draw"": 0, ""score"": 0, ""colorless"": 0}",0,0,0,,
PL!-sd1-011,絢瀬絵里,PL!-sd1-011 絢瀬絵里 - ラブライブ！シリーズ オフィシャルカードゲーム(ラブカ) 非公式 Wiki*,メンバー,ラブライブ！,μ's,BiBi,4.0,1.0,なし,<桃> 1 <紫> 1,,,"<登場>
手札を1枚控え室に置いてもよい：自分のデッキの上からカードを3枚見る。その中から1枚を手札に加え、残りを控え室に置く。",https://wikiwiki.jp/llocardgame/PL%21-sd1-011%20%E7%B5%A2%E7%80%AC%E7%B5%B5%E9%87%8C,MEMBER,{},0,[],{},0,[],{},0,[],"<登場>
手札を1枚控え室に置いてもよい：自分のデッキの上からカードを3枚見る。その中から1枚を手札に加え、残りを控え室に置く。",HAS_TEXT,0,"{""hearts"": {}, ""blade_mentions"": [], ""blade_icon_n"": 0, ""energy_icon_n"": 0, ""all_heart_n"": 0, ""score_delta_icon"": 0, ""unknown_tags"": [], ""tags"": []}",0,0,0,0,0,"{""draw"": 0, ""score"": 0, ""colorless"": 0}",0,0,0,,
PL!-sd1-012,南ことり,PL!-sd1-012 南ことり - ラブライブ！シリーズ オフィシャルカードゲーム(ラブカ) 非公式 Wiki*,メンバー,ラブライブ！,μ's,Printemps,4.0,1.0,なし,<黄> 1 <紫> 1,,,"<登場>
手札を1枚控え室に置いてもよい：自分のデッキの上からカードを3枚見る。その中から1枚を手札に加え、残りを控え室に置く。",https://wikiwiki.jp/llocardgame/PL%21-sd1-012%20%E5%8D%97%E3%81%93%E3%81%A8%E3%82%8A,MEMBER,{},0,[],{},0,[],{},0,[],"<登場>
手札を1枚控え室に置いてもよい：自分のデッキの上からカードを3枚見る。その中から1枚を手札に加え、残りを控え室に置く。",HAS_TEXT,0,"{""hearts"": {}, ""blade_mentions"": [], ""blade_icon_n"": 0, ""energy_icon_n"": 0, ""all_heart_n"": 0, ""score_delta_icon"": 0, ""unknown_tags"": [], ""tags"": []}",0,0,0,0,0,"{""draw"": 0, ""score"": 0, ""colorless"": 0}",0,0,0,,
PL!-sd1-013,園田海未,PL!-sd1-013 園田海未 - ラブライブ！シリーズ オフィシャルカードゲーム(ラブカ) 非公式 Wiki*,メンバー,ラブライブ！,μ's,lily white,4.0,1.0,<桃>,<桃> 1 <紫> 1,,,(なし),https://wikiwiki.jp/llocardgame/PL%21-sd1-013%20%E5%9C%92%E7%94%B0%E6%B5%B7%E6%9C%AA,MEMBER,{},0,[],{},0,[],"{""pink"": 1}",1,[],(なし),NO_ABILITY,1,"{""hearts"": {}, ""blade_mentions"": [], ""blade_icon_n"": 0, ""energy_icon_n"": 0, ""all_heart_n"": 0, ""score_delta_icon"": 0, ""unknown_tags"": [], ""tags"": []}",0,0,0,0,0,"{""draw"": 0, ""score"": 0, ""colorless"": 0}",0,0,0,,
PL!-sd1-014,星空凛,PL!-sd1-014 星空凛 - ラブライブ！シリーズ オフィシャルカードゲーム(ラブカ) 非公式 Wiki*,メンバー,ラブライブ！,μ's,lily white,9.0,3.0,なし,<桃> 2 <黄> 1 <紫> 1,,,(なし),https://wikiwiki.jp/llocardgame/PL%21-sd1-014%20%E6%98%9F%E7%A9%BA%E5%87%9B,MEMBER,{},0,[],{},0,[],{},0,[],(なし),NO_ABILITY,1,"{""hearts"": {}, ""blade_mentions"": [], ""blade_icon_n"": 0, ""energy_icon_n"": 0, ""all_heart_n"": 0, ""score_delta_icon"": 0, ""unknown_tags"": [], ""tags"": []}",0,0,0,0,0,"{""draw"": 0, ""score"": 0, ""colorless"": 0}",0,0,0,,
PL!-sd1-015,西木野真姫,PL!-sd1-015 西木野真姫 - ラブライブ！シリーズ オフィシャルカードゲーム(ラブカ) 非公式 Wiki*,メンバー,ラブライブ！,μ's,BiBi,9.0,3.0,なし,<桃> 1 <紫> 2,,,"<登場>
手札を1枚控え室に置いてもよい：自分のデッキの上からカードを5枚見る。その中からメンバーカードを1枚公開して手札に加えてもよい。残りを控え室に置く。",https://wikiwiki.jp/llocardgame/PL%21-sd1-015%20%E8%A5%BF%E6%9C%A8%E9%87%8E%E7%9C%9F%E5%A7%AB,MEMBER,{},0,[],{},0,[],{},0,[],"<登場>
手札を1枚控え室に置いてもよい：自分のデッキの上からカードを5枚見る。その中からメンバーカードを1枚公開して手札に加えてもよい。残りを控え室に置く。",HAS_TEXT,0,"{""hearts"": {}, ""blade_mentions"": [], ""blade_icon_n"": 0, ""energy_icon_n"": 0, ""all_heart_n"": 0, ""score_delta_icon"": 0, ""unknown_tags"": [], ""tags"": []}",0,0,0,0,0,"{""draw"": 0, ""score"": 0, ""colorless"": 0}",0,0,0,,
PL!-sd1-016,東條希,PL!-sd1-016 東條希 - ラブライブ！シリーズ オフィシャルカードゲーム(ラブカ) 非公式 Wiki*,メンバー,ラブライブ！,μ's,lily white,4.0,1.0,なし,<桃> 1 <黄> 1,,,"<登場>
手札を1枚控え室に置いてもよい：自分のデッキの上からカードを3枚見る。その中から1枚を手札に加え、残りを控え室に置く。",https://wikiwiki.jp/llocardgame/PL%21-sd1-016%20%E6%9D%B1%E6%A2%9D%E5%B8%8C,MEMBER,{},0,[],{},0,[],{},0,[],"<登場>
手札を1枚控え室に置いてもよい：自分のデッキの上からカードを3枚見る。その中から1枚を手札に加え、残りを控え室に置く。",HAS_TEXT,0,"{""hearts"": {}, ""blade_mentions"": [], ""blade_icon_n"": 0, ""energy_icon_n"": 0, ""all_heart_n"": 0, ""score_delta_icon"": 0, ""unknown_tags"": [], ""tags"": []}",0,0,0,0,0,"{""draw"": 0, ""score"": 0, ""colorless"": 0}",0,0,0,,
PL!-sd1-017,小泉花陽,PL!-sd1-017 小泉花陽 - ラブライブ！シリーズ オフィシャルカードゲーム(ラブカ) 非公式 Wiki*,メンバー,ラブライブ！,μ's,Printemps,9.0,3.0,なし,<桃> 1 <黄> 2 <紫> 1,,,(なし),https://wikiwiki.jp/llocardgame/PL%21-sd1-017%20%E5%B0%8F%E6%B3%89%E8%8A%B1%E9%99%BD,MEMBER,{},0,[],{},0,[],{},0,[],(なし),NO_ABILITY,1,"{""hearts"": {}, ""blade_mentions"": [], ""blade_icon_n"": 0, ""energy_icon_n"": 0, ""all_heart_n"": 0, ""score_delta_icon"": 0, ""unknown_tags"": [], ""tags"": []}",0,0,0,0,0,"{""draw"": 0, ""score"": 0, ""colorless"": 0}",0,0,0,,
PL!-sd1-018,矢澤にこ,PL!-sd1-018 矢澤にこ - ラブライブ！シリーズ オフィシャルカードゲーム(ラブカ) 非公式 Wiki*,メンバー,ラブライブ！,μ's,BiBi,9.0,3.0,なし,<桃> 1 <黄> 1 <紫> 2,,,(なし),https://wikiwiki.jp/llocardgame/PL%21-sd1-018%20%E7%9F%A2%E6%BE%A4%E3%81%AB%E3%81%93,MEMBER,{},0,[],{},0,[],{},0,[],(なし),NO_ABILITY,1,"{""hearts"": {}, ""blade_mentions"": [], ""blade_icon_n"": 0, ""energy_icon_n"": 0, ""all_heart_n"": 0, ""score_delta_icon"": 0, ""unknown_tags"": [], ""tags"": []}",0,0,0,0,0,"{""draw"": 0, ""score"": 0, ""colorless"": 0}",0,0,0,,
PL!-sd1-019,START：DASH!!,PL!-sd1-019 START：DASH!! - ラブライブ！シリーズ オフィシャルカードゲーム(ラブカ) 非公式 Wiki*,ライブ,ラブライブ！,μ's,,,,<スコア+1>,,<桃> 1 <黄> 1 <紫> 1 (合計3),1.0,"<ライブ成功時>
自分のデッキの上からカードを3枚見る。その中から好きな枚数を好きな順場でデッキの上に置き、残りを控え室に置く。",https://wikiwiki.jp/llocardgame/PL%21-sd1-019%20START%EF%BC%9ADASH%21%21,LIVE,{},0,[],{},3,[],{},0,[],"<ライブ成功時>
自分のデッキの上からカードを3枚見る。その中から好きな枚数を好きな順場でデッキの上に置き、残りを控え室に置く。",HAS_TEXT,0,"{""hearts"": {}, ""blade_mentions"": [], ""blade_icon_n"": 0, ""energy_icon_n"": 0, ""all_heart_n"": 0, ""score_delta_icon"": 0, ""unknown_tags"": [], ""tags"": []}",0,0,0,0,0,"{""draw"": 0, ""score"": 1, ""colorless"": 0}",0,1,0,,
PL!-sd1-020,きっと青春が聞こえる,PL!-sd1-020 きっと青春が聞こえる - ラブライブ！シリーズ オフィシャルカードゲーム(ラブカ) 非公式 Wiki*,ライブ,ラブライブ！,μ's,,,,<ALL>,,<桃> 1 <黄> 1 <任意> 3 (合計5),2.0,(なし),https://wikiwiki.jp/llocardgame/PL%21-sd1-020%20%E3%81%8D%E3%81%A3%E3%81%A8%E9%9D%92%E6%98%A5%E3%81%8C%E8%81%9E%E3%81%93%E3%81%88%E3%82%8B,LIVE,{},0,[],{},5,[],"{""all"": 1}",1,[],(なし),NO_ABILITY,1,"{""hearts"": {}, ""blade_mentions"": [], ""blade_icon_n"": 0, ""energy_icon_n"": 0, ""all_heart_n"": 0, ""score_delta_icon"": 0, ""unknown_tags"": [], ""tags"": []}",0,0,0,0,0,"{""draw"": 0, ""score"": 0, ""colorless"": 0}",0,0,0,,
PL!-sd1-021,これからのSomeday,PL!-sd1-021 これからのSomeday - ラブライブ！シリーズ オフィシャルカードゲーム(ラブカ) 非公式 Wiki*,ライブ,ラブライブ！,μ's,,,,<ALL>,,<桃> 1 <黄> 1 <紫> 1 <任意> 4 (合計7),3.0,(なし),https://wikiwiki.jp/llocardgame/PL%21-sd1-021%20%E3%81%93%E3%82%8C%E3%81%8B%E3%82%89%E3%81%AESomeday,LIVE,{},0,[],{},7,[],"{""all"": 1}",1,[],(なし),NO_ABILITY,1,"{""hearts"": {}, ""blade_mentions"": [], ""blade_icon_n"": 0, ""energy_icon_n"": 0, ""all_heart_n"": 0, ""score_delta_icon"": 0, ""unknown_tags"": [], ""tags"": []}",0,0,0,0,0,"{""draw"": 0, ""score"": 0, ""colorless"": 0}",0,0,0,,
PL!-sd1-022,僕らは今のなかで,PL!-sd1-022 僕らは今のなかで - ラブライブ！シリーズ オフィシャルカードゲーム(ラブカ) 非公式 Wiki*,ライブ,ラブライブ！,μ's,,,,<黄> <ドロー+1>,,<桃> 2 <黄> 2 <紫> 2 <任意> 6 (合計12),4.0,"<ライブ開始時>
自分の成功ライブカード置き場にあるカード1枚につき、このカードを成功させるための必要ハートは
<任意>
<任意>
少なくなる。",https://wikiwiki.jp/llocardgame/PL%21-sd1-022%20%E5%83%95%E3%82%89%E3%81%AF%E4%BB%8A%E3%81%AE%E3%81%AA%E3%81%8B%E3%81%A7,LIVE,{},0,[],{},12,[],"{""yellow"": 1}",1,[],"<ライブ開始時>
自分の成功ライブカード置き場にあるカード1枚につき、このカードを成功させるための必要ハートは
<任意>
<任意>
少なくなる。",HAS_TEXT,0,"{""hearts"": {}, ""blade_mentions"": [], ""blade_icon_n"": 0, ""energy_icon_n"": 0, ""all_heart_n"": 0, ""score_delta_icon"": 0, ""unknown_tags"": [], ""tags"": []}",0,0,0,0,0,"{""draw"": 1, ""score"": 0, ""colorless"": 0}",1,0,0,,
PL!HS-PR-001,日野下花帆,PL!HS-PR-001 日野下花帆 - ラブライブ！シリーズ オフィシャルカードゲーム(ラブカ) 非公式 Wiki*,メンバー,ラブライブ！蓮ノ空女学院スクールアイドルクラブ,蓮ノ空,スリーズブーケ,10.0,3.0,なし,<桃> 1 <緑> 2 <青> 1,,,"<登場>
手札を1枚控え室に置いてもよい：自分のデッキの上からカードを3枚見る。その中から1枚を手札に加え、残りを控え室に置く。
<ライブ開始時>
<(E)>
<(E)>
支払ってもよい：ライブ終了時まで、
<(ブレード)>
を得る。",https://wikiwiki.jp/llocardgame/PL%21HS-PR-001%20%E6%97%A5%E9%87%8E%E4%B8%8B%E8%8A%B1%E5%B8%86,MEMBER,{},0,[],{},0,[],{},0,[],"<登場>
手札を1枚控え室に置いてもよい：自分のデッキの上からカードを3枚見る。その中から1枚を手札に加え、残りを控え室に置く。
<ライブ開始時>
<(E)>
<(E)>
支払ってもよい：ライブ終了時まで、
<(ブレード)>
を得る。",HAS_TEXT,0,"{""hearts"": {}, ""blade_mentions"": [], ""tags"": [], ""blade_icon_n"": 1, ""energy_icon_n"": 2, ""all_heart_n"": 0, ""score_delta_icon"": 0, ""unknown_tags"": []}",1,2,0,0,0,"{""draw"": 0, ""score"": 0, ""colorless"": 0}",0,0,0,,
PL!HS-PR-002,村野さやか,PL!HS-PR-002 村野さやか - ラブライブ！シリーズ オフィシャルカードゲーム(ラブカ) 非公式 Wiki*,メンバー,ラブライブ！蓮ノ空女学院スクールアイドルクラブ,蓮ノ空,DOLLCHESTRA,10.0,3.0,なし,<桃> 1 <緑> 1 <青> 2,,,"<登場>
手札を1枚控え室に置いてもよい：自分のデッキの上からカードを3枚見る。その中から1枚を手札に加え、残りを控え室に置く。
<ライブ開始時>
<(E)>
<(E)>
支払ってもよい：ライブ終了時まで、
<(ブレード)>
を得る。",https://wikiwiki.jp/llocardgame/PL%21HS-PR-002%20%E6%9D%91%E9%87%8E%E3%81%95%E3%82%84%E3%81%8B,MEMBER,{},0,[],{},0,[],{},0,[],"<登場>
手札を1枚控え室に置いてもよい：自分のデッキの上からカードを3枚見る。その中から1枚を手札に加え、残りを控え室に置く。
<ライブ開始時>
<(E)>
<(E)>
支払ってもよい：ライブ終了時まで、
<(ブレード)>
を得る。",HAS_TEXT,0,"{""hearts"": {}, ""blade_mentions"": [], ""tags"": [], ""blade_icon_n"": 1, ""energy_icon_n"": 2, ""all_heart_n"": 0, ""score_delta_icon"": 0, ""unknown_tags"": []}",1,2,0,0,0,"{""draw"": 0, ""score"": 0, ""colorless"": 0}",0,0,0,,
PL!HS-PR-003,乙宗梢,PL!HS-PR-003 乙宗梢 - ラブライブ！シリーズ オフィシャルカードゲーム(ラブカ) 非公式 Wiki*,メンバー,ラブライブ！蓮ノ空女学院スクールアイドルクラブ,蓮ノ空,スリーズブーケ,4.0,1.0,<緑>,<緑> 1 <青> 1,,,(なし),https://wikiwiki.jp/llocardgame/PL%21HS-PR-003%20%E4%B9%99%E5%AE%97%E6%A2%A2,MEMBER,{},0,[],{},0,[],"{""green"": 1}",1,[],(なし),NO_ABILITY,1,"{""hearts"": {}, ""blade_mentions"": [], ""blade_icon_n"": 0, ""energy_icon_n"": 0, ""all_heart_n"": 0, ""score_delta_icon"": 0, ""unknown_tags"": [], ""tags"": []}",0,0,0,0,0,"{""draw"": 0, ""score"": 0, ""colorless"": 0}",0,0,0,,
PL!HS-PR-004,夕霧綴理,PL!HS-PR-004 夕霧綴理 - ラブライブ！シリーズ オフィシャルカードゲーム(ラブカ) 非公式 Wiki*,メンバー,ラブライブ！蓮ノ空女学院スクールアイドルクラブ,,DOLLCHESTRA,4.0,1.0,<青> 1,<桃> 1 <青> 1,,,(なし),https://wikiwiki.jp/llocardgame/PL%21HS-PR-004%20%E5%A4%95%E9%9C%A7%E7%B6%B4%E7%90%86,MEMBER,{},0,[],{},0,[],"{""blue"": 1}",1,[],(なし),NO_ABILITY,1,"{""hearts"": {}, ""blade_mentions"": [], ""blade_icon_n"": 0, ""energy_icon_n"": 0, ""all_heart_n"": 0, ""score_delta_icon"": 0, ""unknown_tags"": [], ""tags"": []}",0,0,0,0,0,"{""draw"": 0, ""score"": 0, ""colorless"": 0}",0,0,0,,
PL!HS-PR-005,大沢瑠璃乃,PL!HS-PR-005 大沢瑠璃乃 - ラブライブ！シリーズ オフィシャルカードゲーム(ラブカ) 非公式 Wiki*,メンバー,ラブライブ！蓮ノ空女学院スクールアイドルクラブ,蓮ノ空,みらくらぱーく！,10.0,3.0,なし,<桃> 2 <緑> 1 <青> 1,,,"<登場>
手札を1枚控え室に置いてもよい：自分のデッキの上からカードを3枚見る。その中から1枚を手札に加え、残りを控え室に置く。
<ライブ開始時>
<(E)>
<(E)>
支払ってもよい：ライブ終了時まで、
<(ブレード)>
を得る。",https://wikiwiki.jp/llocardgame/PL%21HS-PR-005%20%E5%A4%A7%E6%B2%A2%E7%91%A0%E7%92%83%E4%B9%83,MEMBER,{},0,[],{},0,[],{},0,[],"<登場>
手札を1枚控え室に置いてもよい：自分のデッキの上からカードを3枚見る。その中から1枚を手札に加え、残りを控え室に置く。
<ライブ開始時>
<(E)>
<(E)>
支払ってもよい：ライブ終了時まで、
<(ブレード)>
を得る。",HAS_TEXT,0,"{""hearts"": {}, ""blade_mentions"": [], ""tags"": [], ""blade_icon_n"": 1, ""energy_icon_n"": 2, ""all_heart_n"": 0, ""score_delta_icon"": 0, ""unknown_tags"": []}",1,2,0,0,0,"{""draw"": 0, ""score"": 0, ""colorless"": 0}",0,0,0,,
PL!HS-PR-006,藤島慈,PL!HS-PR-006 藤島慈 - ラブライブ！シリーズ オフィシャルカードゲーム(ラブカ) 非公式 Wiki*,メンバー,ラブライブ！蓮ノ空女学院スクールアイドルクラブ,蓮ノ空,みらくらぱーく！,4.0,1.0,<桃> 1,<桃> 1 <緑> 1,,,(なし),https://wikiwiki.jp/llocardgame/PL%21HS-PR-006%20%E8%97%A4%E5%B3%B6%E6%85%88,MEMBER,{},0,[],{},0,[],"{""pink"": 1}",1,[],(なし),NO_ABILITY,1,"{""hearts"": {}, ""blade_mentions"": [], ""blade_icon_n"": 0, ""energy_icon_n"": 0, ""all_heart_n"": 0, ""score_delta_icon"": 0, ""unknown_tags"": [], ""tags"": []}",0,0,0,0,0,"{""draw"": 0, ""score"": 0, ""colorless"": 0}",0,0,0,,
PL!HS-PR-007,百生吟子,PL!HS-PR-007 百生吟子 - ラブライブ！シリーズ オフィシャルカードゲーム(ラブカ) 非公式 Wiki*,メンバー,ラブライブ！蓮ノ空女学院スクールアイドルクラブ,蓮ノ空,スリーズブーケ,9.0,3.0,なし,<桃> 1 <緑> 2 <青> 1,,,(なし),https://wikiwiki.jp/llocardgame/PL%21HS-PR-007%20%E7%99%BE%E7%94%9F%E5%90%9F%E5%AD%90,MEMBER,{},0,[],{},0,[],{},0,[],(なし),NO_ABILITY,1,"{""hearts"": {}, ""blade_mentions"": [], ""blade_icon_n"": 0, ""energy_icon_n"": 0, ""all_heart_n"": 0, ""score_delta_icon"": 0, ""unknown_tags"": [], ""tags"": []}",0,0,0,0,0,"{""draw"": 0, ""score"": 0, ""colorless"": 0}",0,0,0,,
PL!HS-PR-008,徒町小鈴,PL!HS-PR-008 徒町小鈴 - ラブライブ！シリーズ オフィシャルカードゲーム(ラブカ) 非公式 Wiki*,メンバー,ラブライブ！蓮ノ空女学院スクールアイドルクラブ,蓮ノ空,DOLLCHESTRA,9.0,3.0,なし,<桃> 1 <緑> 1 <青> 2,,,(なし),https://wikiwiki.jp/llocardgame/PL%21HS-PR-008%20%E5%BE%92%E7%94%BA%E5%B0%8F%E9%88%B4,MEMBER,{},0,[],{},0,[],{},0,[],(なし),NO_ABILITY,1,"{""hearts"": {}, ""blade_mentions"": [], ""blade_icon_n"": 0, ""energy_icon_n"": 0, ""all_heart_n"": 0, ""score_delta_icon"": 0, ""unknown_tags"": [], ""tags"": []}",0,0,0,0,0,"{""draw"": 0, ""score"": 0, ""colorless"": 0}",0,0,0,,
PL!HS-PR-009,安養寺姫芽,PL!HS-PR-009 安養寺姫芽 - ラブライブ！シリーズ オフィシャルカードゲーム(ラブカ) 非公式 Wiki*,メンバー,ラブライブ！蓮ノ空女学院スクールアイドルクラブ,蓮ノ空,みらくらぱーく！,9.0,3.0,なし,<桃> 2 <緑> 1 <青> 1,,,(なし),https://wikiwiki.jp/llocardgame/PL%21HS-PR-009%20%E5%AE%89%E9%A4%8A%E5%AF%BA%E5%A7%AB%E8%8A%BD,MEMBER,{},0,[],{},0,[],{},0,[],(なし),NO_ABILITY,1,"{""hearts"": {}, ""blade_mentions"": [], ""blade_icon_n"": 0, ""energy_icon_n"": 0, ""all_heart_n"": 0, ""score_delta_icon"": 0, ""unknown_tags"": [], ""tags"": []}",0,0,0,0,0,"{""draw"": 0, ""score"": 0, ""colorless"": 0}",0,0,0,,
PL!HS-PR-010,Reflection in the mirror,PL!HS-PR-010 Reflection in the mirror - ラブライブ！シリーズ オフィシャルカードゲーム(ラブカ) 非公式 Wiki*,ライブ,ラブライブ！蓮ノ空女学院スクールアイドルクラブ,蓮ノ空,スリーズブーケ,,,<ALL>,,<緑> 3 <任意> 2,2.0,(なし),https://wikiwiki.jp/llocardgame/PL%21HS-PR-010%20Reflection%20in%20the%20mirror,LIVE,{},0,[],{},0,[],"{""all"": 1}",1,[],(なし),NO_ABILITY,1,"{""hearts"": {}, ""blade_mentions"": [], ""blade_icon_n"": 0, ""energy_icon_n"": 0, ""all_heart_n"": 0, ""score_delta_icon"": 0, ""unknown_tags"": [], ""tags"": []}",0,0,0,0,0,"{""draw"": 0, ""score"": 0, ""colorless"": 0}",0,0,0,,
PL!HS-PR-011,Sparkly Spot,PL!HS-PR-011 Sparkly Spot - ラブライブ！シリーズ オフィシャルカードゲーム(ラブカ) 非公式 Wiki*,ライブ,ラブライブ！蓮ノ空女学院スクールアイドルクラブ,蓮ノ空,DOLLCHESTRA,,,<ALL>,,<青> 4 <任意> 3,3.0,(なし),https://wikiwiki.jp/llocardgame/PL%21HS-PR-011%20Sparkly%20Spot,LIVE,{},0,[],{},0,[],"{""all"": 1}",1,[],(なし),NO_ABILITY,1,"{""hearts"": {}, ""blade_mentions"": [], ""blade_icon_n"": 0, ""energy_icon_n"": 0, ""all_heart_n"": 0, ""score_delta_icon"": 0, ""unknown_tags"": [], ""tags"": []}",0,0,0,0,0,"{""draw"": 0, ""score"": 0, ""colorless"": 0}",0,0,0,,
PL!HS-PR-012,アイデンティティ,PL!HS-PR-012 アイデンティティ - ラブライブ！シリーズ オフィシャルカードゲーム(ラブカ) 非公式 Wiki*,ライブ,ラブライブ！蓮ノ空女学院スクールアイドルクラブ,蓮ノ空,みらくらぱーく！,,,<ALL>,,<桃> 2 <任意> 1,1.0,(なし),https://wikiwiki.jp/llocardgame/PL%21HS-PR-012%20%E3%82%A2%E3%82%A4%E3%83%87%E3%83%B3%E3%83%86%E3%82%A3%E3%83%86%E3%82%A3,LIVE,{},0,[],{},0,[],"{""all"": 1}",1,[],(なし),NO_ABILITY,1,"{""hearts"": {}, ""blade_mentions"": [], ""blade_icon_n"": 0, ""energy_icon_n"": 0, ""all_heart_n"": 0, ""score_delta_icon"": 0, ""unknown_tags"": [], ""tags"": []}",0,0,0,0,0,"{""draw"": 0, ""score"": 0, ""colorless"": 0}",0,0,0,,
PL!HS-PR-014,日野下花帆,PL!HS-PR-014 日野下花帆 - ラブライブ！シリーズ オフィシャルカードゲーム(ラブカ) 非公式 Wiki*,メンバー,ラブライブ！蓮ノ空女学院スクールアイドルクラブ,蓮ノ空,スリーズブーケ,2.0,1.0,<緑>,<緑> 1,,,"<起動>
このメンバーをステージから控え室に置く：自分の控え室からメンバーカードを1枚手札に加える。",https://wikiwiki.jp/llocardgame/PL%21HS-PR-014%20%E6%97%A5%E9%87%8E%E4%B8%8B%E8%8A%B1%E5%B8%86,MEMBER,{},0,[],{},0,[],"{""green"": 1}",1,[],"<起動>
このメンバーをステージから控え室に置く：自分の控え室からメンバーカードを1枚手札に加える。",HAS_TEXT,0,"{""hearts"": {}, ""blade_mentions"": [], ""blade_icon_n"": 0, ""energy_icon_n"": 0, ""all_heart_n"": 0, ""score_delta_icon"": 0, ""unknown_tags"": [], ""tags"": []}",0,0,0,0,0,"{""draw"": 0, ""score"": 0, ""colorless"": 0}",0,0,0,,
PL!HS-PR-016,日野下花帆,PL!HS-PR-016 日野下花帆 - ラブライブ！シリーズ オフィシャルカードゲーム(ラブカ) 非公式 Wiki*,メンバー,ラブライブ！蓮ノ空女学院スクールアイドルクラブ,蓮ノ空,スリーズブーケ,17.0,6.0,なし,<桃> 1 <緑> 4 <青> 1,,,"<ライブ開始時>
手札の同じユニット名を持つカード2枚を控え室に置いてよい：ライブ終了時まで、
<緑>
<緑>
<(ブレード)>
<(ブレード)>
を得る。",https://wikiwiki.jp/llocardgame/PL%21HS-PR-016%20%E6%97%A5%E9%87%8E%E4%B8%8B%E8%8A%B1%E5%B8%86,MEMBER,{},0,[],{},0,[],{},0,[],"<ライブ開始時>
手札の同じユニット名を持つカード2枚を控え室に置いてよい：ライブ終了時まで、
<緑>
<緑>
<(ブレード)>
<(ブレード)>
を得る。",HAS_TEXT,0,"{""hearts"": {}, ""blade_mentions"": [], ""tags"": [], ""blade_icon_n"": 2, ""energy_icon_n"": 0, ""all_heart_n"": 0, ""score_delta_icon"": 0, ""unknown_tags"": []}",2,0,0,0,0,"{""draw"": 0, ""score"": 0, ""colorless"": 0}",0,0,0,,
PL!HS-PR-017,村野さやか,PL!HS-PR-017 村野さやか - ラブライブ！シリーズ オフィシャルカードゲーム(ラブカ) 非公式 Wiki*,メンバー,ラブライブ！蓮ノ空女学院スクールアイドルクラブ,蓮ノ空,DOLLCHESTRA,17.0,6.0,なし,<桃> 1 <緑> 1 <青> 4,,,"<ライブ開始時>
手札の同じユニット名を持つカード2枚を控え室に置いてよい：ライブ終了時まで、
<青>
<青>
<(ブレード)>
<(ブレード)>
を得る。",https://wikiwiki.jp/llocardgame/PL%21HS-PR-017%20%E6%9D%91%E9%87%8E%E3%81%95%E3%82%84%E3%81%8B,MEMBER,{},0,[],{},0,[],{},0,[],"<ライブ開始時>
手札の同じユニット名を持つカード2枚を控え室に置いてよい：ライブ終了時まで、
<青>
<青>
<(ブレード)>
<(ブレード)>
を得る。",HAS_TEXT,0,"{""hearts"": {}, ""blade_mentions"": [], ""tags"": [], ""blade_icon_n"": 2, ""energy_icon_n"": 0, ""all_heart_n"": 0, ""score_delta_icon"": 0, ""unknown_tags"": []}",2,0,0,0,0,"{""draw"": 0, ""score"": 0, ""colorless"": 0}",0,0,0,,
PL!HS-PR-018,大沢瑠璃乃,PL!HS-PR-018 大沢瑠璃乃 - ラブライブ！シリーズ オフィシャルカードゲーム(ラブカ) 非公式 Wiki*,メンバー,ラブライブ！蓮ノ空女学院スクールアイドルクラブ,蓮ノ空,みらくらぱーく！,4.0,0.0,<桃>,<桃> 2,,,"<ライブ開始時>
<(E)>
支払ってもよい：ライブ終了時まで、
<(ブレード)>
<(ブレード)>
を得る。",https://wikiwiki.jp/llocardgame/PL%21HS-PR-018%20%E5%A4%A7%E6%B2%A2%E7%91%A0%E7%92%83%E4%B9%83,MEMBER,{},0,[],{},0,[],"{""pink"": 1}",1,[],"<ライブ開始時>
<(E)>
支払ってもよい：ライブ終了時まで、
<(ブレード)>
<(ブレード)>
を得る。",HAS_TEXT,0,"{""hearts"": {}, ""blade_mentions"": [], ""tags"": [], ""blade_icon_n"": 2, ""energy_icon_n"": 1, ""all_heart_n"": 0, ""score_delta_icon"": 0, ""unknown_tags"": []}",2,1,0,0,0,"{""draw"": 0, ""score"": 0, ""colorless"": 0}",0,0,0,,
PL!HS-PR-019,百生吟子,PL!HS-PR-019 百生吟子 - ラブライブ！シリーズ オフィシャルカードゲーム(ラブカ) 非公式 Wiki*,メンバー,ラブライブ！蓮ノ空女学院スクールアイドルクラブ,蓮ノ空,スリーズブーケ,2.0,1.0,<緑>,<緑> 1,,,"<登場>
自分のデッキの上からカードを3枚控え室に置く。それらがすべて
<緑>
を持つメンバーカードの場合、ライブ終了時まで、
<緑>
を得る。",https://wikiwiki.jp/llocardgame/PL%21HS-PR-019%20%E7%99%BE%E7%94%9F%E5%90%9F%E5%AD%90,MEMBER,{},0,[],{},0,[],"{""green"": 1}",1,[],"<登場>
自分のデッキの上からカードを3枚控え室に置く。それらがすべて
<緑>
を持つメンバーカードの場合、ライブ終了時まで、
<緑>
を得る。",HAS_TEXT,0,"{""hearts"": {}, ""blade_mentions"": [], ""blade_icon_n"": 0, ""energy_icon_n"": 0, ""all_heart_n"": 0, ""score_delta_icon"": 0, ""unknown_tags"": [], ""tags"": []}",0,0,0,0,0,"{""draw"": 0, ""score"": 0, ""colorless"": 0}",0,0,0,,
PL!HS-PR-020,徒町小鈴,PL!HS-PR-020 徒町小鈴 - ラブライブ！シリーズ オフィシャルカードゲーム(ラブカ) 非公式 Wiki*,メンバー,ラブライブ！蓮ノ空女学院スクールアイドルクラブ,蓮ノ空,DOLLCHESTRA,11.0,6.0,<青>,<青> 2,,,"<ライブ開始時>
<(E)>
支払ってもよい：自分の控え室にあるメンバーカード2枚を好きな順番でデッキの一番上に置く。",https://wikiwiki.jp/llocardgame/PL%21HS-PR-020%20%E5%BE%92%E7%94%BA%E5%B0%8F%E9%88%B4,MEMBER,{},0,[],{},0,[],"{""blue"": 1}",1,[],"<ライブ開始時>
<(E)>
支払ってもよい：自分の控え室にあるメンバーカード2枚を好きな順番でデッキの一番上に置く。",HAS_TEXT,0,"{""hearts"": {}, ""blade_mentions"": [], ""tags"": [], ""blade_icon_n"": 0, ""energy_icon_n"": 1, ""all_heart_n"": 0, ""score_delta_icon"": 0, ""unknown_tags"": []}",0,1,0,0,0,"{""draw"": 0, ""score"": 0, ""colorless"": 0}",0,0,0,,
PL!HS-PR-021,安養寺姫芽,PL!HS-PR-021 安養寺姫芽 - ラブライブ！シリーズ オフィシャルカードゲーム(ラブカ) 非公式 Wiki*,メンバー,ラブライブ！蓮ノ空女学院スクールアイドルクラブ,蓮ノ空,みらくらぱーく！,2.0,1.0,<桃>,<桃>,,,"<登場>
自分のデッキの上からカードを3枚控え室に置く。それらがすべて
<桃>
を持つメンバーカードの場合、ライブ終了時まで、
<桃>
を得る。",https://wikiwiki.jp/llocardgame/PL%21HS-PR-021%20%E5%AE%89%E9%A4%8A%E5%AF%BA%E5%A7%AB%E8%8A%BD,MEMBER,{},0,[],{},0,[],"{""pink"": 1}",1,[],"<登場>
自分のデッキの上からカードを3枚控え室に置く。それらがすべて
<桃>
を持つメンバーカードの場合、ライブ終了時まで、
<桃>
を得る。",HAS_TEXT,0,"{""hearts"": {}, ""blade_mentions"": [], ""blade_icon_n"": 0, ""energy_icon_n"": 0, ""all_heart_n"": 0, ""score_delta_icon"": 0, ""unknown_tags"": [], ""tags"": []}",0,0,0,0,0,"{""draw"": 0, ""score"": 0, ""colorless"": 0}",0,0,0,,
PL!HS-PR-022,セラス 柳田 リリエンフェルト,PL!HS-PR-022 セラス 柳田 リリエンフェルト - ラブライブ！シリーズ オフィシャルカードゲーム(ラブカ) 非公式 Wiki*,メンバー,ラブライブ！蓮ノ空女学院スクールアイドルクラブ,蓮ノ空,Edel Note,4.0,0.0,<紫>,<紫> 2,,,"<ライブ開始時>
<(E)>
支払ってもよい：ライブ終了時まで、
<(ブレード)>
<(ブレード)>
を得る。",https://wikiwiki.jp/llocardgame/PL%21HS-PR-022%20%E3%82%BB%E3%83%A9%E3%82%B9%20%E6%9F%B3%E7%94%B0%20%E3%83%AA%E3%83%AA%E3%82%A8%E3%83%B3%E3%83%95%E3%82%A7%E3%83%AB%E3%83%88,MEMBER,{},0,[],{},0,[],"{""purple"": 1}",1,[],"<ライブ開始時>
<(E)>
支払ってもよい：ライブ終了時まで、
<(ブレード)>
<(ブレード)>
を得る。",HAS_TEXT,0,"{""hearts"": {}, ""blade_mentions"": [], ""tags"": [], ""blade_icon_n"": 2, ""energy_icon_n"": 1, ""all_heart_n"": 0, ""score_delta_icon"": 0, ""unknown_tags"": []}",2,1,0,0,0,"{""draw"": 0, ""score"": 0, ""colorless"": 0}",0,0,0,,
PL!HS-PR-023,桂城泉,PL!HS-PR-023 桂城泉 - ラブライブ！シリーズ オフィシャルカードゲーム(ラブカ) 非公式 Wiki*,メンバー,ラブライブ！蓮ノ空女学院スクールアイドルクラブ,蓮ノ空,Edel Note,11.0,6.0,<紫>,<紫> 2,,,"<ライブ開始時>
<(E)>
支払ってもよい：自分の控え室にあるメンバーカード2枚を好きな順番でデッキの一番上に置く。",https://wikiwiki.jp/llocardgame/PL%21HS-PR-023%20%E6%A1%82%E5%9F%8E%E6%B3%89,MEMBER,{},0,[],{},0,[],"{""purple"": 1}",1,[],"<ライブ開始時>
<(E)>
支払ってもよい：自分の控え室にあるメンバーカード2枚を好きな順番でデッキの一番上に置く。",HAS_TEXT,0,"{""hearts"": {}, ""blade_mentions"": [], ""tags"": [], ""blade_icon_n"": 0, ""energy_icon_n"": 1, ""all_heart_n"": 0, ""score_delta_icon"": 0, ""unknown_tags"": []}",0,1,0,0,0,"{""draw"": 0, ""score"": 0, ""colorless"": 0}",0,0,0,,
PL!HS-PR-026,村野さやか,PL!HS-PR-026 村野さやか - ラブライブ！シリーズ オフィシャルカードゲーム(ラブカ) 非公式 Wiki*,メンバー,ラブライブ！蓮ノ空女学院スクールアイドルクラブ,蓮ノ空,DOLLCHESTRA,2.0,1.0,<青>,<青> 1,,,"<起動>
このメンバーをステージから控え室に置く：自分の控え室からライブカードを1枚手札に加える。",https://wikiwiki.jp/llocardgame/PL%21HS-PR-026%20%E6%9D%91%E9%87%8E%E3%81%95%E3%82%84%E3%81%8B,MEMBER,{},0,[],{},0,[],"{""blue"": 1}",1,[],"<起動>
このメンバーをステージから控え室に置く：自分の控え室からライブカードを1枚手札に加える。",HAS_TEXT,0,"{""hearts"": {}, ""blade_mentions"": [], ""blade_icon_n"": 0, ""energy_icon_n"": 0, ""all_heart_n"": 0, ""score_delta_icon"": 0, ""unknown_tags"": [], ""tags"": []}",0,0,0,0,0,"{""draw"": 0, ""score"": 0, ""colorless"": 0}",0,0,0,,
PL!HS-PR-027,徒町小鈴,PL!HS-PR-027 徒町小鈴 - ラブライブ！シリーズ オフィシャルカードゲーム(ラブカ) 非公式 Wiki*,メンバー,ラブライブ！蓮ノ空女学院スクールアイドルクラブ,蓮ノ空,DOLLCHESTRA,7.0,3.0,なし,<黄> 1 <紫> 1,,,"<ライブ成功時>
手札を1枚控え室に置いてもよい：エールにより公開された自分のカードの中から、コスト2以下のメンバーカードか、スコア2以下のライブカードを1枚手札に加える。",https://wikiwiki.jp/llocardgame/PL%21HS-PR-027%20%E5%BE%92%E7%94%BA%E5%B0%8F%E9%88%B4,MEMBER,{},0,[],{},0,[],{},0,[],"<ライブ成功時>
手札を1枚控え室に置いてもよい：エールにより公開された自分のカードの中から、コスト2以下のメンバーカードか、スコア2以下のライブカードを1枚手札に加える。",HAS_TEXT,0,"{""hearts"": {}, ""blade_mentions"": [], ""blade_icon_n"": 0, ""energy_icon_n"": 0, ""all_heart_n"": 0, ""score_delta_icon"": 0, ""unknown_tags"": [], ""tags"": []}",0,0,0,0,0,"{""draw"": 0, ""score"": 0, ""colorless"": 0}",0,0,0,,
PL!HS-PR-028,Echoes Beyond,PL!HS-PR-028 Echoes Beyond - ラブライブ！シリーズ オフィシャルカードゲーム(ラブカ) 非公式 Wiki*,ライブ,ラブライブ！蓮ノ空女学院スクールアイドルクラブ,蓮ノ空,,,,<ALL>,,<桃> 2 <緑> 2 <青> 2 <紫> 2 <任意> 4 (合計12),5.0,"<ライブ成功時>
自分のステージに、元々持つハートの数より多い数のハートを持つメンバーがいる場合、カードを1枚引く。",https://wikiwiki.jp/llocardgame/PL%21HS-PR-028%20Echoes%20Beyond,LIVE,{},0,[],{},12,[],"{""all"": 1}",1,[],"<ライブ成功時>
自分のステージに、元々持つハートの数より多い数のハートを持つメンバーがいる場合、カードを1枚引く。",HAS_TEXT,0,"{""hearts"": {}, ""blade_mentions"": [], ""blade_icon_n"": 0, ""energy_icon_n"": 0, ""all_heart_n"": 0, ""score_delta_icon"": 0, ""unknown_tags"": [], ""tags"": []}",0,0,0,0,0,"{""draw"": 0, ""score"": 0, ""colorless"": 0}",0,0,0,,
PL!HS-PR-029,大沢瑠璃乃,PL!HS-PR-029 大沢瑠璃乃 - ラブライブ！シリーズ オフィシャルカードゲーム(ラブカ) 非公式 Wiki*,メンバー,ラブライブ！蓮ノ空女学院スクールアイドルクラブ,蓮ノ空,みらくらぱーく！,5.0,2.0,なし,<桃> 1 <緑> 1,,,"<ライブ開始時>
<(E)>
支払ってもよい：ライブ終了時まで、
<桃>
を得る。",https://wikiwiki.jp/llocardgame/PL%21HS-PR-029%20%E5%A4%A7%E6%B2%A2%E7%91%A0%E7%92%83%E4%B9%83,MEMBER,{},0,[],{},0,[],{},0,[],"<ライブ開始時>
<(E)>
支払ってもよい：ライブ終了時まで、
<桃>
を得る。",HAS_TEXT,0,"{""hearts"": {}, ""blade_mentions"": [], ""tags"": [], ""blade_icon_n"": 0, ""energy_icon_n"": 1, ""all_heart_n"": 0, ""score_delta_icon"": 0, ""unknown_tags"": []}",0,1,0,0,0,"{""draw"": 0, ""score"": 0, ""colorless"": 0}",0,0,0,,
PL!HS-PR-031,日野下花帆,PL!HS-PR-031 日野下花帆 - ラブライブ！シリーズ オフィシャルカードゲーム(ラブカ) 非公式 Wiki*,メンバー,ラブライブ！蓮ノ空女学院スクールアイドルクラブ,蓮ノ空,スリーズブーケ,11.0,5.0,<桃>,<桃> 1 <赤> 1 <緑> 1,,,"<登場>
手札を2枚控え室に置いてもよい：自分の手札が5枚になるまでカードを引く。",https://wikiwiki.jp/llocardgame/PL%21HS-PR-031%20%E6%97%A5%E9%87%8E%E4%B8%8B%E8%8A%B1%E5%B8%86,MEMBER,{},0,[],{},0,[],"{""pink"": 1}",1,[],"<登場>
手札を2枚控え室に置いてもよい：自分の手札が5枚になるまでカードを引く。",HAS_TEXT,0,"{""hearts"": {}, ""blade_mentions"": [], ""blade_icon_n"": 0, ""energy_icon_n"": 0, ""all_heart_n"": 0, ""score_delta_icon"": 0, ""unknown_tags"": [], ""tags"": []}",0,0,0,0,0,"{""draw"": 0, ""score"": 0, ""colorless"": 0}",0,0,0,,
PL!HS-PR-032,セラス 柳田 リリエンフェルト,PL!HS-PR-032 セラス 柳田 リリエンフェルト - ラブライブ！シリーズ オフィシャルカードゲーム(ラブカ) 非公式 Wiki*,メンバー,ラブライブ！蓮ノ空女学院スクールアイドルクラブ,蓮ノ空,Edel Note,15.0,5.0,<桃>,<桃> 3 <紫> 3,,,"<登場>
自分の控え室から、スコア6以上のライブカードを1枚手札に加える。",https://wikiwiki.jp/llocardgame/PL%21HS-PR-032%20%E3%82%BB%E3%83%A9%E3%82%B9%20%E6%9F%B3%E7%94%B0%20%E3%83%AA%E3%83%AA%E3%82%A8%E3%83%B3%E3%83%95%E3%82%A7%E3%83%AB%E3%83%88,MEMBER,{},0,[],{},0,[],"{""pink"": 1}",1,[],"<登場>
自分の控え室から、スコア6以上のライブカードを1枚手札に加える。",HAS_TEXT,0,"{""hearts"": {}, ""blade_mentions"": [], ""blade_icon_n"": 0, ""energy_icon_n"": 0, ""all_heart_n"": 0, ""score_delta_icon"": 0, ""unknown_tags"": [], ""tags"": []}",0,0,0,0,0,"{""draw"": 0, ""score"": 0, ""colorless"": 0}",0,0,0,,
PL!HS-PR-035,百生吟子,PL!HS-PR-035 百生吟子 - ラブライブ！シリーズ オフィシャルカードゲーム(ラブカ) 非公式 Wiki*,メンバー,ラブライブ！蓮ノ空女学院スクールアイドルクラブ,蓮ノ空,スリーズブーケ,11.0,4.0,なし,<緑> 2 <青> 1 <紫> 1,,,"<登場>
相手の控え室にあるメンバーカードを3枚選び、相手のデッキの下に好きな順番に置いてもよい。そうした場合、相手のステージにいる元々持つ
<(ブレード)>
の数が3つ以下のメンバーをウェイトにする。",https://wikiwiki.jp/llocardgame/PL%21HS-PR-035%20%E7%99%BE%E7%94%9F%E5%90%9F%E5%AD%90,MEMBER,{},0,[],{},0,[],{},0,[],"<登場>
相手の控え室にあるメンバーカードを3枚選び、相手のデッキの下に好きな順番に置いてもよい。そうした場合、相手のステージにいる元々持つ
<(ブレード)>
の数が3つ以下のメンバーをウェイトにする。",HAS_TEXT,0,"{""hearts"": {}, ""blade_mentions"": [], ""tags"": [], ""blade_icon_n"": 1, ""energy_icon_n"": 0, ""all_heart_n"": 0, ""score_delta_icon"": 0, ""unknown_tags"": []}",1,0,0,0,0,"{""draw"": 0, ""score"": 0, ""colorless"": 0}",0,0,0,,
PL!HS-PR-036,大沢瑠璃乃,PL!HS-PR-036 大沢瑠璃乃 - ラブライブ！シリーズ オフィシャルカードゲーム(ラブカ) 非公式 Wiki*,メンバー,ラブライブ！蓮ノ空女学院スクールアイドルクラブ,蓮ノ空,みらくらぱーく！,5.0,0.0,なし,<赤> 1 <青> 1 <紫> 1,,,"<登場>
自分の控え室にあるカードの枚数が8枚未満の場合、自分のデッキの上からカードをその差に等しい枚数控え室に置く。その後、これにより控え室により置いたカードの中から、ライブカード1枚をデッキの一番上に置いてもよい。",https://wikiwiki.jp/llocardgame/PL%21HS-PR-036%20%E5%A4%A7%E6%B2%A2%E7%91%A0%E7%92%83%E4%B9%83,MEMBER,{},0,[],{},0,[],{},0,[],"<登場>
自分の控え室にあるカードの枚数が8枚未満の場合、自分のデッキの上からカードをその差に等しい枚数控え室に置く。その後、これにより控え室により置いたカードの中から、ライブカード1枚をデッキの一番上に置いてもよい。",HAS_TEXT,0,"{""hearts"": {}, ""blade_mentions"": [], ""blade_icon_n"": 0, ""energy_icon_n"": 0, ""all_heart_n"": 0, ""score_delta_icon"": 0, ""unknown_tags"": [], ""tags"": []}",0,0,0,0,0,"{""draw"": 0, ""score"": 0, ""colorless"": 0}",0,0,0,,
PL!HS-bp1-001,日野下花帆,PL!HS-bp1-001 日野下花帆 - ラブライブ！シリーズ オフィシャルカードゲーム(ラブカ) 非公式 Wiki*,メンバー,ラブライブ！蓮ノ空女学院スクールアイドルクラブ,蓮ノ空,スリーズブーケ,11.0,0.0,<緑>,<桃> 1 <緑> 2 <青> 1,,,"<登場>
エネルギーを2枚アクティブにする。",https://wikiwiki.jp/llocardgame/PL%21HS-bp1-001%20%E6%97%A5%E9%87%8E%E4%B8%8B%E8%8A%B1%E5%B8%86,MEMBER,{},0,[],{},0,[],"{""green"": 1}",1,[],"<登場>
エネルギーを2枚アクティブにする。",HAS_TEXT,0,"{""hearts"": {}, ""blade_mentions"": [], ""blade_icon_n"": 0, ""energy_icon_n"": 0, ""all_heart_n"": 0, ""score_delta_icon"": 0, ""unknown_tags"": [], ""tags"": []}",0,0,0,0,0,"{""draw"": 0, ""score"": 0, ""colorless"": 0}",0,0,0,,
PL!HS-bp1-002,村野さやか,PL!HS-bp1-002 村野さやか - ラブライブ！シリーズ オフィシャルカードゲーム(ラブカ) 非公式 Wiki*,メンバー,ラブライブ！蓮ノ空女学院スクールアイドルクラブ,蓮ノ空,DOLLCHESTRA,11.0,2.0,なし,<桃> 1 <緑> 1 <青> 2,,,"<起動>
<(E)>
<(E)>
、このメンバーをステージから控え室に置く：自分の控え室からコスト15以下の『蓮ノ空』のメンバーカードを1枚、このメンバーがいたエリアに登場させる。",https://wikiwiki.jp/llocardgame/PL%21HS-bp1-002%20%E6%9D%91%E9%87%8E%E3%81%95%E3%82%84%E3%81%8B,MEMBER,{},0,[],{},0,[],{},0,[],"<起動>
<(E)>
<(E)>
、このメンバーをステージから控え室に置く：自分の控え室からコスト15以下の『蓮ノ空』のメンバーカードを1枚、このメンバーがいたエリアに登場させる。",HAS_TEXT,0,"{""hearts"": {}, ""blade_mentions"": [], ""tags"": [], ""blade_icon_n"": 0, ""energy_icon_n"": 2, ""all_heart_n"": 0, ""score_delta_icon"": 0, ""unknown_tags"": []}",0,2,0,0,0,"{""draw"": 0, ""score"": 0, ""colorless"": 0}",0,0,0,,
PL!HS-bp1-003,乙宗梢,PL!HS-bp1-003 乙宗梢 - ラブライブ！シリーズ オフィシャルカードゲーム(ラブカ) 非公式 Wiki*,メンバー,ラブライブ！蓮ノ空女学院スクールアイドルクラブ,蓮ノ空,スリーズブーケ,13.0,3.0,<緑>,<桃> 1 <緑> 4 <青> 1,,,"<常時>
自分のステージのエリアすべてに『蓮ノ空』のメンバーが登場しており、かつ名前が異なる場合、「
<常時>
ライブの合計スコアを+1する。」を得る。
<起動>
<ターン1回>
<(E)>
：自分の控え室から4コスト以下の『蓮ノ空』のメンバーカードを1枚手札に加える。",https://wikiwiki.jp/llocardgame/PL%21HS-bp1-003%20%E4%B9%99%E5%AE%97%E6%A2%A2,MEMBER,{},0,[],{},0,[],"{""green"": 1}",1,[],"<常時>
自分のステージのエリアすべてに『蓮ノ空』のメンバーが登場しており、かつ名前が異なる場合、「
<常時>
ライブの合計スコアを+1する。」を得る。
<起動>
<ターン1回>
<(E)>
：自分の控え室から4コスト以下の『蓮ノ空』のメンバーカードを1枚手札に加える。",HAS_TEXT,0,"{""hearts"": {}, ""blade_mentions"": [], ""tags"": [], ""blade_icon_n"": 0, ""energy_icon_n"": 1, ""all_heart_n"": 0, ""score_delta_icon"": 0, ""unknown_tags"": []}",0,1,0,0,0,"{""draw"": 0, ""score"": 0, ""colorless"": 0}",0,0,0,,
PL!HS-bp1-004,夕霧綴理,PL!HS-bp1-004 夕霧綴理 - ラブライブ！シリーズ オフィシャルカードゲーム(ラブカ) 非公式 Wiki*,メンバー,ラブライブ！蓮ノ空女学院スクールアイドルクラブ,蓮ノ空,DOLLCHESTRA,15.0,4.0,<青>,<桃> 1 <緑> 1 <青> 4,,,"<起動>
<ターン1回>
<(E)>
<(E)>
<(E)>
：自分の控え室から『蓮ノ空』のライブカードを1枚手札に加える。
<ライブ開始時>
<(E)>
支払ってもよい：ライブ終了時まで、自分のライブ中のカード1枚につき、
<(ブレード)>
を得る。",https://wikiwiki.jp/llocardgame/PL%21HS-bp1-004%20%E5%A4%95%E9%9C%A7%E7%B6%B4%E7%90%86,MEMBER,{},0,[],{},0,[],"{""blue"": 1}",1,[],"<起動>
<ターン1回>
<(E)>
<(E)>
<(E)>
：自分の控え室から『蓮ノ空』のライブカードを1枚手札に加える。
<ライブ開始時>
<(E)>
支払ってもよい：ライブ終了時まで、自分のライブ中のカード1枚につき、
<(ブレード)>
を得る。",HAS_TEXT,0,"{""hearts"": {}, ""blade_mentions"": [], ""tags"": [], ""blade_icon_n"": 1, ""energy_icon_n"": 4, ""all_heart_n"": 0, ""score_delta_icon"": 0, ""unknown_tags"": []}",1,4,0,0,0,"{""draw"": 0, ""score"": 0, ""colorless"": 0}",0,0,0,,
PL!HS-bp1-005,大沢瑠璃乃,PL!HS-bp1-005 大沢瑠璃乃 - ラブライブ！シリーズ オフィシャルカードゲーム(ラブカ) 非公式 Wiki*,メンバー,ラブライブ！蓮ノ空女学院スクールアイドルクラブ,蓮ノ空,みらくらぱーく！,9.0,3.0,なし,<桃> 2 <緑> 1,,,"<登場>
手札を3枚まで控え室に置いてもよい：これにより置いた枚数分カードを引く。",https://wikiwiki.jp/llocardgame/PL%21HS-bp1-005%20%E5%A4%A7%E6%B2%A2%E7%91%A0%E7%92%83%E4%B9%83,MEMBER,{},0,[],{},0,[],{},0,[],"<登場>
手札を3枚まで控え室に置いてもよい：これにより置いた枚数分カードを引く。",HAS_TEXT,0,"{""hearts"": {}, ""blade_mentions"": [], ""blade_icon_n"": 0, ""energy_icon_n"": 0, ""all_heart_n"": 0, ""score_delta_icon"": 0, ""unknown_tags"": [], ""tags"": []}",0,0,0,0,0,"{""draw"": 0, ""score"": 0, ""colorless"": 0}",0,0,0,,
PL!HS-bp1-006,藤島慈,PL!HS-bp1-006 藤島慈 - ラブライブ！シリーズ オフィシャルカードゲーム(ラブカ) 非公式 Wiki*,メンバー,ラブライブ！蓮ノ空女学院スクールアイドルクラブ,蓮ノ空,みらくらぱーく！,11.0,3.0,<桃> 1,<桃> 2 <緑> 1 <青> 1,,,"<登場>
カードを2枚引き、手札を1枚控え室に置く。
<ライブ開始時>
手札を1枚控え室に置いてもよい：自分のステージにほかのメンバーがいる場合、好きなハートの色を1つ指定する。ライブ終了時まで、そのハートを1つ得る。",https://wikiwiki.jp/llocardgame/PL%21HS-bp1-006%20%E8%97%A4%E5%B3%B6%E6%85%88,MEMBER,{},0,[],{},0,[],"{""pink"": 1}",1,[],"<登場>
カードを2枚引き、手札を1枚控え室に置く。
<ライブ開始時>
手札を1枚控え室に置いてもよい：自分のステージにほかのメンバーがいる場合、好きなハートの色を1つ指定する。ライブ終了時まで、そのハートを1つ得る。",HAS_TEXT,0,"{""hearts"": {}, ""blade_mentions"": [], ""blade_icon_n"": 0, ""energy_icon_n"": 0, ""all_heart_n"": 0, ""score_delta_icon"": 0, ""unknown_tags"": [], ""tags"": []}",0,0,0,0,0,"{""draw"": 0, ""score"": 0, ""colorless"": 0}",0,0,0,,
PL!HS-bp1-007,百生吟子,PL!HS-bp1-007 百生吟子 - ラブライブ！シリーズ オフィシャルカードゲーム(ラブカ) 非公式 Wiki*,メンバー,ラブライブ！蓮ノ空女学院スクールアイドルクラブ,蓮ノ空,スリーズブーケ,2.0,1.0,<緑>,<緑> 1,,,"<起動>
<ターン1回>
<(E)>
<(E)>
：カードを1枚引く。",https://wikiwiki.jp/llocardgame/PL%21HS-bp1-007%20%E7%99%BE%E7%94%9F%E5%90%9F%E5%AD%90,MEMBER,{},0,[],{},0,[],"{""green"": 1}",1,[],"<起動>
<ターン1回>
<(E)>
<(E)>
：カードを1枚引く。",HAS_TEXT,0,"{""hearts"": {}, ""blade_mentions"": [], ""tags"": [], ""blade_icon_n"": 0, ""energy_icon_n"": 2, ""all_heart_n"": 0, ""score_delta_icon"": 0, ""unknown_tags"": []}",0,2,0,0,0,"{""draw"": 0, ""score"": 0, ""colorless"": 0}",0,0,0,,
PL!HS-bp1-008,徒町小鈴,PL!HS-bp1-008 徒町小鈴 - ラブライブ！シリーズ オフィシャルカードゲーム(ラブカ) 非公式 Wiki*,メンバー,ラブライブ！蓮ノ空女学院スクールアイドルクラブ,蓮ノ空,DOLLCHESTRA,2.0,1.0,<青>,<青> 1,,,"<登場>
自分のデッキの上からカードを3枚控え室に置く。それらがすべてメンバーカードの場合、カードを1枚引く。",https://wikiwiki.jp/llocardgame/PL%21HS-bp1-008%20%E5%BE%92%E7%94%BA%E5%B0%8F%E9%88%B4,MEMBER,{},0,[],{},0,[],"{""blue"": 1}",1,[],"<登場>
自分のデッキの上からカードを3枚控え室に置く。それらがすべてメンバーカードの場合、カードを1枚引く。",HAS_TEXT,0,"{""hearts"": {}, ""blade_mentions"": [], ""blade_icon_n"": 0, ""energy_icon_n"": 0, ""all_heart_n"": 0, ""score_delta_icon"": 0, ""unknown_tags"": [], ""tags"": []}",0,0,0,0,0,"{""draw"": 0, ""score"": 0, ""colorless"": 0}",0,0,0,,
PL!HS-bp1-009,安養寺姫芽,PL!HS-bp1-009 安養寺姫芽 - ラブライブ！シリーズ オフィシャルカードゲーム(ラブカ) 非公式 Wiki*,メンバー,ラブライブ！蓮ノ空女学院スクールアイドルクラブ,蓮ノ空,みらくらぱーく！,4.0,0.0,<桃>,<桃> 2,,,"<登場>
手札を1枚控え室に置いてもよい：自分のデッキの上からカードを5枚見る。その中から『みらくらぱーく！』のカードを1枚公開して手札に加えてもよい。残りを控え室に置く。",https://wikiwiki.jp/llocardgame/PL%21HS-bp1-009%20%E5%AE%89%E9%A4%8A%E5%AF%BA%E5%A7%AB%E8%8A%BD,MEMBER,{},0,[],{},0,[],"{""pink"": 1}",1,[],"<登場>
手札を1枚控え室に置いてもよい：自分のデッキの上からカードを5枚見る。その中から『みらくらぱーく！』のカードを1枚公開して手札に加えてもよい。残りを控え室に置く。",HAS_TEXT,0,"{""hearts"": {}, ""blade_mentions"": [], ""blade_icon_n"": 0, ""energy_icon_n"": 0, ""all_heart_n"": 0, ""score_delta_icon"": 0, ""unknown_tags"": [], ""tags"": []}",0,0,0,0,0,"{""draw"": 0, ""score"": 0, ""colorless"": 0}",0,0,0,,
PL!HS-bp1-010,日野下花帆,PL!HS-bp1-010 日野下花帆 - ラブライブ！シリーズ オフィシャルカードゲーム(ラブカ) 非公式 Wiki*,メンバー,ラブライブ！蓮ノ空女学院スクールアイドルクラブ,蓮ノ空,スリーズブーケ,4.0,1.0,なし,<緑> 2,,,"<登場>
カードを1枚引き、手札を1枚控え室に置く。",https://wikiwiki.jp/llocardgame/PL%21HS-bp1-010%20%E6%97%A5%E9%87%8E%E4%B8%8B%E8%8A%B1%E5%B8%86,MEMBER,{},0,[],{},0,[],{},0,[],"<登場>
カードを1枚引き、手札を1枚控え室に置く。",HAS_TEXT,0,"{""hearts"": {}, ""blade_mentions"": [], ""blade_icon_n"": 0, ""energy_icon_n"": 0, ""all_heart_n"": 0, ""score_delta_icon"": 0, ""unknown_tags"": [], ""tags"": []}",0,0,0,0,0,"{""draw"": 0, ""score"": 0, ""colorless"": 0}",0,0,0,,
PL!HS-bp1-011,村野さやか,PL!HS-bp1-011 村野さやか - ラブライブ！シリーズ オフィシャルカードゲーム(ラブカ) 非公式 Wiki*,メンバー,ラブライブ！蓮ノ空女学院スクールアイドルクラブ,蓮ノ空,DOLLCHESTRA,9.0,3.0,なし,<緑> 1 <青> 2,,,"<登場>
手札を1枚控え室に置いてもよい：自分のデッキの上からカードを5枚見る。その中からライブカードを1枚公開して手札に加えてもよい。残りを控え室に置く。",https://wikiwiki.jp/llocardgame/PL%21HS-bp1-011%20%E6%9D%91%E9%87%8E%E3%81%95%E3%82%84%E3%81%8B,MEMBER,{},0,[],{},0,[],{},0,[],"<登場>
手札を1枚控え室に置いてもよい：自分のデッキの上からカードを5枚見る。その中からライブカードを1枚公開して手札に加えてもよい。残りを控え室に置く。",HAS_TEXT,0,"{""hearts"": {}, ""blade_mentions"": [], ""blade_icon_n"": 0, ""energy_icon_n"": 0, ""all_heart_n"": 0, ""score_delta_icon"": 0, ""unknown_tags"": [], ""tags"": []}",0,0,0,0,0,"{""draw"": 0, ""score"": 0, ""colorless"": 0}",0,0,0,,
PL!HS-bp1-012,乙宗梢,PL!HS-bp1-012 乙宗梢 - ラブライブ！シリーズ オフィシャルカードゲーム(ラブカ) 非公式 Wiki*,メンバー,ラブライブ！蓮ノ空女学院スクールアイドルクラブ,蓮ノ空,スリーズブーケ,4.0,1.0,<緑>,<緑> 1 <青> 1,,,(なし),https://wikiwiki.jp/llocardgame/PL%21HS-bp1-012%20%E4%B9%99%E5%AE%97%E6%A2%A2,MEMBER,{},0,[],{},0,[],"{""green"": 1}",1,[],(なし),NO_ABILITY,1,"{""hearts"": {}, ""blade_mentions"": [], ""blade_icon_n"": 0, ""energy_icon_n"": 0, ""all_heart_n"": 0, ""score_delta_icon"": 0, ""unknown_tags"": [], ""tags"": []}",0,0,0,0,0,"{""draw"": 0, ""score"": 0, ""colorless"": 0}",0,0,0,,
PL!HS-bp1-013,夕霧綴理,PL!HS-bp1-013 夕霧綴理 - ラブライブ！シリーズ オフィシャルカードゲーム(ラブカ) 非公式 Wiki*,メンバー,ラブライブ！蓮ノ空女学院スクールアイドルクラブ,蓮ノ空,DOLLCHESTRA,4.0,1.0,<青> 1,<桃> 1 <青> 1,,,(なし),https://wikiwiki.jp/llocardgame/PL%21HS-bp1-013%20%E5%A4%95%E9%9C%A7%E7%B6%B4%E7%90%86,MEMBER,{},0,[],{},0,[],"{""blue"": 1}",1,[],(なし),NO_ABILITY,1,"{""hearts"": {}, ""blade_mentions"": [], ""blade_icon_n"": 0, ""energy_icon_n"": 0, ""all_heart_n"": 0, ""score_delta_icon"": 0, ""unknown_tags"": [], ""tags"": []}",0,0,0,0,0,"{""draw"": 0, ""score"": 0, ""colorless"": 0}",0,0,0,,
PL!HS-bp1-014,大沢瑠璃乃,PL!HS-bp1-014 大沢瑠璃乃 - ラブライブ！シリーズ オフィシャルカードゲーム(ラブカ) 非公式 Wiki*,メンバー,ラブライブ！蓮ノ空女学院スクールアイドルクラブ,蓮ノ空,みらくらぱーく！,4.0,1.0,なし,<桃> 2,,,"<登場>
カードを1枚引き、手札を1枚控え室に置く。",https://wikiwiki.jp/llocardgame/PL%21HS-bp1-014%20%E5%A4%A7%E6%B2%A2%E7%91%A0%E7%92%83%E4%B9%83,MEMBER,{},0,[],{},0,[],{},0,[],"<登場>
カードを1枚引き、手札を1枚控え室に置く。",HAS_TEXT,0,"{""hearts"": {}, ""blade_mentions"": [], ""blade_icon_n"": 0, ""energy_icon_n"": 0, ""all_heart_n"": 0, ""score_delta_icon"": 0, ""unknown_tags"": [], ""tags"": []}",0,0,0,0,0,"{""draw"": 0, ""score"": 0, ""colorless"": 0}",0,0,0,,
PL!HS-bp1-015,藤島慈,PL!HS-bp1-015 藤島慈 - ラブライブ！シリーズ オフィシャルカードゲーム(ラブカ) 非公式 Wiki*,メンバー,ラブライブ！蓮ノ空女学院スクールアイドルクラブ,蓮ノ空,みらくらぱーく！,4.0,1.0,<桃>,<桃> 1 <緑> 1,,,(なし),https://wikiwiki.jp/llocardgame/PL%21HS-bp1-015%20%E8%97%A4%E5%B3%B6%E6%85%88,MEMBER,{},0,[],{},0,[],"{""pink"": 1}",1,[],(なし),NO_ABILITY,1,"{""hearts"": {}, ""blade_mentions"": [], ""blade_icon_n"": 0, ""energy_icon_n"": 0, ""all_heart_n"": 0, ""score_delta_icon"": 0, ""unknown_tags"": [], ""tags"": []}",0,0,0,0,0,"{""draw"": 0, ""score"": 0, ""colorless"": 0}",0,0,0,,
PL!HS-bp1-016,百生吟子,PL!HS-bp1-016 百生吟子 - ラブライブ！シリーズ オフィシャルカードゲーム(ラブカ) 非公式 Wiki*,メンバー,ラブライブ！蓮ノ空女学院スクールアイドルクラブ,蓮ノ空,スリーズブーケ,9.0,3.0,なし,<桃> 1 <緑> 2 <青> 1,,,(なし),https://wikiwiki.jp/llocardgame/PL%21HS-bp1-016%20%E7%99%BE%E7%94%9F%E5%90%9F%E5%AD%90,MEMBER,{},0,[],{},0,[],{},0,[],(なし),NO_ABILITY,1,"{""hearts"": {}, ""blade_mentions"": [], ""blade_icon_n"": 0, ""energy_icon_n"": 0, ""all_heart_n"": 0, ""score_delta_icon"": 0, ""unknown_tags"": [], ""tags"": []}",0,0,0,0,0,"{""draw"": 0, ""score"": 0, ""colorless"": 0}",0,0,0,,
PL!HS-bp1-017,徒町小鈴,PL!HS-bp1-017 徒町小鈴 - ラブライブ！シリーズ オフィシャルカードゲーム(ラブカ) 非公式 Wiki*,メンバー,ラブライブ！蓮ノ空女学院スクールアイドルクラブ,蓮ノ空,DOLLCHESTRA,9.0,3.0,なし,<桃> 1 <緑> 1 <青> 2,,,(なし),https://wikiwiki.jp/llocardgame/PL%21HS-bp1-017%20%E5%BE%92%E7%94%BA%E5%B0%8F%E9%88%B4,MEMBER,{},0,[],{},0,[],{},0,[],(なし),NO_ABILITY,1,"{""hearts"": {}, ""blade_mentions"": [], ""blade_icon_n"": 0, ""energy_icon_n"": 0, ""all_heart_n"": 0, ""score_delta_icon"": 0, ""unknown_tags"": [], ""tags"": []}",0,0,0,0,0,"{""draw"": 0, ""score"": 0, ""colorless"": 0}",0,0,0,,
PL!HS-bp1-018,安養寺姫芽,PL!HS-bp1-018 安養寺姫芽 - ラブライブ！シリーズ オフィシャルカードゲーム(ラブカ) 非公式 Wiki*,メンバー,ラブライブ！蓮ノ空女学院スクールアイドルクラブ,蓮ノ空,みらくらぱーく！,9.0,3.0,なし,<桃> 2 <緑> 1 <青> 1,,,(なし),https://wikiwiki.jp/llocardgame/PL%21HS-bp1-018%20%E5%AE%89%E9%A4%8A%E5%AF%BA%E5%A7%AB%E8%8A%BD,MEMBER,{},0,[],{},0,[],{},0,[],(なし),NO_ABILITY,1,"{""hearts"": {}, ""blade_mentions"": [], ""blade_icon_n"": 0, ""energy_icon_n"": 0, ""all_heart_n"": 0, ""score_delta_icon"": 0, ""unknown_tags"": [], ""tags"": []}",0,0,0,0,0,"{""draw"": 0, ""score"": 0, ""colorless"": 0}",0,0,0,,
PL!HS-bp1-019,Dream Believers,PL!HS-bp1-019 Dream Believers - ラブライブ！シリーズ オフィシャルカードゲーム(ラブカ) 非公式 Wiki*,ライブ,ラブライブ！蓮ノ空女学院スクールアイドルクラブ,蓮ノ空,,,,<スコア+1>,,<任意> 4 (合計4),1.0,(なし),https://wikiwiki.jp/llocardgame/PL%21HS-bp1-019%20Dream%20Believers,LIVE,{},0,[],{},4,[],{},0,[],(なし),NO_ABILITY,1,"{""hearts"": {}, ""blade_mentions"": [], ""blade_icon_n"": 0, ""energy_icon_n"": 0, ""all_heart_n"": 0, ""score_delta_icon"": 0, ""unknown_tags"": [], ""tags"": []}",0,0,0,0,0,"{""draw"": 0, ""score"": 1, ""colorless"": 0}",0,1,0,,
PL!HS-bp1-020,365 Days,PL!HS-bp1-020 365 Days - ラブライブ！シリーズ オフィシャルカードゲーム(ラブカ) 非公式 Wiki*,ライブ,ラブライブ！蓮ノ空女学院スクールアイドルクラブ,蓮ノ空,,,,<ALL>,,<任意> 6 (合計6),2.0,(なし),https://wikiwiki.jp/llocardgame/PL%21HS-bp1-020%20365%20Days,LIVE,{},0,[],{},6,[],"{""all"": 1}",1,[],(なし),NO_ABILITY,1,"{""hearts"": {}, ""blade_mentions"": [], ""blade_icon_n"": 0, ""energy_icon_n"": 0, ""all_heart_n"": 0, ""score_delta_icon"": 0, ""unknown_tags"": [], ""tags"": []}",0,0,0,0,0,"{""draw"": 0, ""score"": 0, ""colorless"": 0}",0,0,0,,
PL!HS-bp1-021,Holiday∞Holiday,PL!HS-bp1-021 Holiday∞Holiday - ラブライブ！シリーズ オフィシャルカードゲーム(ラブカ) 非公式 Wiki*,ライブ,ラブライブ！蓮ノ空女学院スクールアイドルクラブ,蓮ノ空,スリーズブーケ,,,<ALL>,,<緑> 5 <任意> 5 (合計10),4.0,"<ライブ成功時>
エールにより公開された自分のカードの中から、『蓮ノ空』のライブカードを1枚手札に加える。",https://wikiwiki.jp/llocardgame/PL%21HS-bp1-021%20Holiday%E2%88%9EHoliday,LIVE,{},0,[],{},10,[],"{""all"": 1}",1,[],"<ライブ成功時>
エールにより公開された自分のカードの中から、『蓮ノ空』のライブカードを1枚手札に加える。",HAS_TEXT,0,"{""hearts"": {}, ""blade_mentions"": [], ""blade_icon_n"": 0, ""energy_icon_n"": 0, ""all_heart_n"": 0, ""score_delta_icon"": 0, ""unknown_tags"": [], ""tags"": []}",0,0,0,0,0,"{""draw"": 0, ""score"": 0, ""colorless"": 0}",0,0,0,,
PL!HS-bp1-022,AWOKE,PL!HS-bp1-022 AWOKE - ラブライブ！シリーズ オフィシャルカードゲーム(ラブカ) 非公式 Wiki*,ライブ,ラブライブ！蓮ノ空女学院スクールアイドルクラブ,蓮ノ空,DOLLCHESTRA,,,<青> <ドロー+1>,,<青> 6 <任意> 6 (合計12),5.0,"<ライブ成功時>
エールにより公開された自分のカードの中に『蓮ノ空』のメンバーカードが10枚以上ある場合、このカードのスコアを+1する。",https://wikiwiki.jp/llocardgame/PL%21HS-bp1-022%20AWOKE,LIVE,{},0,[],{},12,[],"{""blue"": 1}",1,[],"<ライブ成功時>
エールにより公開された自分のカードの中に『蓮ノ空』のメンバーカードが10枚以上ある場合、このカードのスコアを+1する。",HAS_TEXT,0,"{""hearts"": {}, ""blade_mentions"": [], ""blade_icon_n"": 0, ""energy_icon_n"": 0, ""all_heart_n"": 0, ""score_delta_icon"": 0, ""unknown_tags"": [], ""tags"": []}",0,0,0,0,0,"{""draw"": 1, ""score"": 0, ""colorless"": 0}",1,0,0,,
PL!HS-bp1-023,ド！ド！ド！,PL!HS-bp1-023 ド！ド！ド！ - ラブライブ！シリーズ オフィシャルカードゲーム(ラブカ) 非公式 Wiki*,ライブ,ラブライブ！蓮ノ空女学院スクールアイドルクラブ,蓮ノ空,みらくらぱーく！,,,<ALL>,,<桃> 3 <任意> 2 (合計5),2.0,"<ライブ成功時>
ライブの合計スコアが相手より高く、かつ自分のステージに『蓮ノ空』のメンバーがいる場合、自分のエネルギーデッキから、エネルギーカードを1枚ウェイト状態で置く。",https://wikiwiki.jp/llocardgame/PL%21HS-bp1-023%20%E3%83%89%EF%BC%81%E3%83%89%EF%BC%81%E3%83%89%EF%BC%81,LIVE,{},0,[],{},5,[],"{""all"": 1}",1,[],"<ライブ成功時>
ライブの合計スコアが相手より高く、かつ自分のステージに『蓮ノ空』のメンバーがいる場合、自分のエネルギーデッキから、エネルギーカードを1枚ウェイト状態で置く。",HAS_TEXT,0,"{""hearts"": {}, ""blade_mentions"": [], ""blade_icon_n"": 0, ""energy_icon_n"": 0, ""all_heart_n"": 0, ""score_delta_icon"": 0, ""unknown_tags"": [], ""tags"": []}",0,0,0,0,0,"{""draw"": 0, ""score"": 0, ""colorless"": 0}",0,0,0,,
PL!HS-bp2-001,日野下花帆,PL!HS-bp2-001 日野下花帆 - ラブライブ！シリーズ オフィシャルカードゲーム(ラブカ) 非公式 Wiki*,メンバー,ラブライブ！蓮ノ空女学院スクールアイドルクラブ,蓮ノ空,スリーズブーケ,13.0,4.0,<緑>,<赤> 1 <緑> 3 <青> 1,,,"<起動>
<ターン1回>
<(E)>
<(E)>
：自分の控え室からスコア3以下の『蓮ノ空』のライブカードを1枚手札に加える。",https://wikiwiki.jp/llocardgame/PL%21HS-bp2-001%20%E6%97%A5%E9%87%8E%E4%B8%8B%E8%8A%B1%E5%B8%86,MEMBER,{},0,[],{},0,[],"{""green"": 1}",1,[],"<起動>
<ターン1回>
<(E)>
<(E)>
：自分の控え室からスコア3以下の『蓮ノ空』のライブカードを1枚手札に加える。",HAS_TEXT,0,"{""hearts"": {}, ""blade_mentions"": [], ""tags"": [], ""blade_icon_n"": 0, ""energy_icon_n"": 2, ""all_heart_n"": 0, ""score_delta_icon"": 0, ""unknown_tags"": []}",0,2,0,0,0,"{""draw"": 0, ""score"": 0, ""colorless"": 0}",0,0,0,,
PL!HS-bp2-002,村野さやか,PL!HS-bp2-002 村野さやか - ラブライブ！シリーズ オフィシャルカードゲーム(ラブカ) 非公式 Wiki*,メンバー,ラブライブ！蓮ノ空女学院スクールアイドルクラブ,蓮ノ空,DOLLCHESTRA,13.0,4.0,<青>,<青> 4,,,"<登場>
自分の控え室からコスト2以下のメンバーカードを2枚まで手札に加える。
<常時>
自分のステージに、このメンバーよりコストの大きいメンバーがいる場合、
<(ブレード)>
<(ブレード)>
<(ブレード)>
を得る。",https://wikiwiki.jp/llocardgame/PL%21HS-bp2-002%20%E6%9D%91%E9%87%8E%E3%81%95%E3%82%84%E3%81%8B,MEMBER,{},0,[],{},0,[],"{""blue"": 1}",1,[],"<登場>
自分の控え室からコスト2以下のメンバーカードを2枚まで手札に加える。
<常時>
自分のステージに、このメンバーよりコストの大きいメンバーがいる場合、
<(ブレード)>
<(ブレード)>
<(ブレード)>
を得る。",HAS_TEXT,0,"{""hearts"": {}, ""blade_mentions"": [], ""tags"": [], ""blade_icon_n"": 3, ""energy_icon_n"": 0, ""all_heart_n"": 0, ""score_delta_icon"": 0, ""unknown_tags"": []}",3,0,0,0,0,"{""draw"": 0, ""score"": 0, ""colorless"": 0}",0,0,0,,
PL!HS-bp2-003,乙宗梢,PL!HS-bp2-003 乙宗梢 - ラブライブ！シリーズ オフィシャルカードゲーム(ラブカ) 非公式 Wiki*,メンバー,ラブライブ！蓮ノ空女学院スクールアイドルクラブ,蓮ノ空,スリーズブーケ,5.0,1.0,なし,<緑> 2 <青> 1,,,"<ライブ開始時>
手札を1枚控え室に置いてもよい：自分のデッキの上からカードを3枚見る。その中から好きな枚数を好きな順番でデッキの上に置き、残りを控え室に置く。",https://wikiwiki.jp/llocardgame/PL%21HS-bp2-003%20%E4%B9%99%E5%AE%97%E6%A2%A2,MEMBER,{},0,[],{},0,[],{},0,[],"<ライブ開始時>
手札を1枚控え室に置いてもよい：自分のデッキの上からカードを3枚見る。その中から好きな枚数を好きな順番でデッキの上に置き、残りを控え室に置く。",HAS_TEXT,0,"{""hearts"": {}, ""blade_mentions"": [], ""blade_icon_n"": 0, ""energy_icon_n"": 0, ""all_heart_n"": 0, ""score_delta_icon"": 0, ""unknown_tags"": [], ""tags"": []}",0,0,0,0,0,"{""draw"": 0, ""score"": 0, ""colorless"": 0}",0,0,0,,
PL!HS-bp2-004,夕霧綴理,PL!HS-bp2-004 夕霧綴理 - ラブライブ！シリーズ オフィシャルカードゲーム(ラブカ) 非公式 Wiki*,メンバー,ラブライブ！蓮ノ空女学院スクールアイドルクラブ,蓮ノ空,DOLLCHESTRA,2.0,1.0,<青>,<青> 1,,,"<起動>
このメンバーをステージから控え室に置く：自分の控え室からライブカードを1枚手札に加える。",https://wikiwiki.jp/llocardgame/PL%21HS-bp2-004%20%E5%A4%95%E9%9C%A7%E7%B6%B4%E7%90%86,MEMBER,{},0,[],{},0,[],"{""blue"": 1}",1,[],"<起動>
このメンバーをステージから控え室に置く：自分の控え室からライブカードを1枚手札に加える。",HAS_TEXT,0,"{""hearts"": {}, ""blade_mentions"": [], ""blade_icon_n"": 0, ""energy_icon_n"": 0, ""all_heart_n"": 0, ""score_delta_icon"": 0, ""unknown_tags"": [], ""tags"": []}",0,0,0,0,0,"{""draw"": 0, ""score"": 0, ""colorless"": 0}",0,0,0,,
PL!HS-bp2-005,大沢瑠璃乃,PL!HS-bp2-005 大沢瑠璃乃 - ラブライブ！シリーズ オフィシャルカードゲーム(ラブカ) 非公式 Wiki*,メンバー,ラブライブ！蓮ノ空女学院スクールアイドルクラブ,蓮ノ空,みらくらぱーく！,10.0,3.0,なし,<桃> 4,,,"<登場>
手札を1枚控え室に置いてもよい：自分のステージにほかのメンバーがいる場合、自分の控え室から『みらくらぱーく！』のカードを1枚手札に加える。
<ライブ開始時>
<(E)>
支払ってもよい：自分のステージのエリアすべてにメンバーが登場している場合、ライブ終了時まで、
<(ブレード)>
<(ブレード)>
を得る。",https://wikiwiki.jp/llocardgame/PL%21HS-bp2-005%20%E5%A4%A7%E6%B2%A2%E7%91%A0%E7%92%83%E4%B9%83,MEMBER,{},0,[],{},0,[],{},0,[],"<登場>
手札を1枚控え室に置いてもよい：自分のステージにほかのメンバーがいる場合、自分の控え室から『みらくらぱーく！』のカードを1枚手札に加える。
<ライブ開始時>
<(E)>
支払ってもよい：自分のステージのエリアすべてにメンバーが登場している場合、ライブ終了時まで、
<(ブレード)>
<(ブレード)>
を得る。",HAS_TEXT,0,"{""hearts"": {}, ""blade_mentions"": [], ""tags"": [], ""blade_icon_n"": 2, ""energy_icon_n"": 1, ""all_heart_n"": 0, ""score_delta_icon"": 0, ""unknown_tags"": []}",2,1,0,0,0,"{""draw"": 0, ""score"": 0, ""colorless"": 0}",0,0,0,,
PL!HS-bp2-006,藤島慈,PL!HS-bp2-006 藤島慈 - ラブライブ！シリーズ オフィシャルカードゲーム(ラブカ) 非公式 Wiki*,メンバー,ラブライブ！蓮ノ空女学院スクールアイドルクラブ,蓮ノ空,みらくらぱーく！,15.0,4.0,<桃>,<桃> 4 <緑> 1 <青> 1,,,"<登場>
自分のステージにいるメンバーを、それぞれ好きなエリアに移動させてもよい。
<常時>
自分のステージにいるほかの『みらくらぱーく！』のメンバー1人につき、
<(ブレード)>
を得る。",https://wikiwiki.jp/llocardgame/PL%21HS-bp2-006%20%E8%97%A4%E5%B3%B6%E6%85%88,MEMBER,{},0,[],{},0,[],"{""pink"": 1}",1,[],"<登場>
自分のステージにいるメンバーを、それぞれ好きなエリアに移動させてもよい。
<常時>
自分のステージにいるほかの『みらくらぱーく！』のメンバー1人につき、
<(ブレード)>
を得る。",HAS_TEXT,0,"{""hearts"": {}, ""blade_mentions"": [], ""tags"": [], ""blade_icon_n"": 1, ""energy_icon_n"": 0, ""all_heart_n"": 0, ""score_delta_icon"": 0, ""unknown_tags"": []}",1,0,0,0,0,"{""draw"": 0, ""score"": 0, ""colorless"": 0}",0,0,0,,
PL!HS-bp2-007,百生吟子,PL!HS-bp2-007 百生吟子 - ラブライブ！シリーズ オフィシャルカードゲーム(ラブカ) 非公式 Wiki*,メンバー,ラブライブ！蓮ノ空女学院スクールアイドルクラブ,蓮ノ空,スリーズブーケ,11.0,4.0,なし,<緑> 3,,,"<登場>
このメンバーよりコストが低い『スリーズブーケ』のメンバーからバトンタッチして登場した場合、自分の控え室から『蓮ノ空』のライブカードを1枚手札に加える。
<ライブ開始時>
手札を1枚控え室に置いてもよい：これにより控え室に置いたカードがメンバーカードの場合、控え室に置いたカードと同じ名前を持つメンバー1人は、ライブ終了時まで、
<緑>
<(ブレード)>
を得る。",https://wikiwiki.jp/llocardgame/PL%21HS-bp2-007%20%E7%99%BE%E7%94%9F%E5%90%9F%E5%AD%90,MEMBER,{},0,[],{},0,[],{},0,[],"<登場>
このメンバーよりコストが低い『スリーズブーケ』のメンバーからバトンタッチして登場した場合、自分の控え室から『蓮ノ空』のライブカードを1枚手札に加える。
<ライブ開始時>
手札を1枚控え室に置いてもよい：これにより控え室に置いたカードがメンバーカードの場合、控え室に置いたカードと同じ名前を持つメンバー1人は、ライブ終了時まで、
<緑>
<(ブレード)>
を得る。",HAS_TEXT,0,"{""hearts"": {}, ""blade_mentions"": [], ""tags"": [], ""blade_icon_n"": 1, ""energy_icon_n"": 0, ""all_heart_n"": 0, ""score_delta_icon"": 0, ""unknown_tags"": []}",1,0,0,0,0,"{""draw"": 0, ""score"": 0, ""colorless"": 0}",0,0,0,,
PL!HS-bp2-008,徒町小鈴,PL!HS-bp2-008 徒町小鈴 - ラブライブ！シリーズ オフィシャルカードゲーム(ラブカ) 非公式 Wiki*,メンバー,ラブライブ！蓮ノ空女学院スクールアイドルクラブ,蓮ノ空,DOLLCHESTRA,4.0,1.0,なし,<青> 2,,,"<登場>
このメンバーよりコストが低い『DOLLCHESTRA』のメンバーからバトンタッチして登場した場合、ライブ終了時まで、
<(ブレード)>
<(ブレード)>
を得る。",https://wikiwiki.jp/llocardgame/PL%21HS-bp2-008%20%E5%BE%92%E7%94%BA%E5%B0%8F%E9%88%B4,MEMBER,{},0,[],{},0,[],{},0,[],"<登場>
このメンバーよりコストが低い『DOLLCHESTRA』のメンバーからバトンタッチして登場した場合、ライブ終了時まで、
<(ブレード)>
<(ブレード)>
を得る。",HAS_TEXT,0,"{""hearts"": {}, ""blade_mentions"": [], ""tags"": [], ""blade_icon_n"": 2, ""energy_icon_n"": 0, ""all_heart_n"": 0, ""score_delta_icon"": 0, ""unknown_tags"": []}",2,0,0,0,0,"{""draw"": 0, ""score"": 0, ""colorless"": 0}",0,0,0,,
PL!HS-bp2-009,安養寺姫芽,PL!HS-bp2-009 安養寺姫芽 - ラブライブ！シリーズ オフィシャルカードゲーム(ラブカ) 非公式 Wiki*,メンバー,ラブライブ！蓮ノ空女学院スクールアイドルクラブ,蓮ノ空,みらくらぱーく！,13.0,4.0,<桃>,<桃> 3 <緑> 1 <青> 1,,,"<登場>
<(E)>
支払ってもよい：このメンバーよりコストが低い『みらくらぱーく！』のメンバーからバトンタッチして登場した場合、ライブ終了時まで、
<桃>
<桃>
を得る。",https://wikiwiki.jp/llocardgame/PL%21HS-bp2-009%20%E5%AE%89%E9%A4%8A%E5%AF%BA%E5%A7%AB%E8%8A%BD,MEMBER,{},0,[],{},0,[],"{""pink"": 1}",1,[],"<登場>
<(E)>
支払ってもよい：このメンバーよりコストが低い『みらくらぱーく！』のメンバーからバトンタッチして登場した場合、ライブ終了時まで、
<桃>
<桃>
を得る。",HAS_TEXT,0,"{""hearts"": {}, ""blade_mentions"": [], ""tags"": [], ""blade_icon_n"": 0, ""energy_icon_n"": 1, ""all_heart_n"": 0, ""score_delta_icon"": 0, ""unknown_tags"": []}",0,1,0,0,0,"{""draw"": 0, ""score"": 0, ""colorless"": 0}",0,0,0,,
PL!HS-bp2-010,日野下花帆,PL!HS-bp2-010 日野下花帆 - ラブライブ！シリーズ オフィシャルカードゲーム(ラブカ) 非公式 Wiki*,メンバー,ラブライブ！蓮ノ空女学院スクールアイドルクラブ,蓮ノ空,スリーズブーケ,9.0,3.0,なし,<桃> 1 <緑> 2,,,"<登場>
手札を1枚控え室に置いてもよい：自分のデッキの上からカードを5枚見る。その中からメンバーカードを1枚公開して手札に加えてもよい。残りを控え室に置く。",https://wikiwiki.jp/llocardgame/PL%21HS-bp2-010%20%E6%97%A5%E9%87%8E%E4%B8%8B%E8%8A%B1%E5%B8%86,MEMBER,{},0,[],{},0,[],{},0,[],"<登場>
手札を1枚控え室に置いてもよい：自分のデッキの上からカードを5枚見る。その中からメンバーカードを1枚公開して手札に加えてもよい。残りを控え室に置く。",HAS_TEXT,0,"{""hearts"": {}, ""blade_mentions"": [], ""blade_icon_n"": 0, ""energy_icon_n"": 0, ""all_heart_n"": 0, ""score_delta_icon"": 0, ""unknown_tags"": [], ""tags"": []}",0,0,0,0,0,"{""draw"": 0, ""score"": 0, ""colorless"": 0}",0,0,0,,
PL!HS-bp2-011,村野さやか,PL!HS-bp2-011 村野さやか - ラブライブ！シリーズ オフィシャルカードゲーム(ラブカ) 非公式 Wiki*,メンバー,ラブライブ！蓮ノ空女学院スクールアイドルクラブ,蓮ノ空,DOLLCHESTRA,2.0,1.0,<青>,<青> 1,,,"<登場>
デッキの上からカードを5枚控え室に置く。",https://wikiwiki.jp/llocardgame/PL%21HS-bp2-011%20%E6%9D%91%E9%87%8E%E3%81%95%E3%82%84%E3%81%8B,MEMBER,{},0,[],{},0,[],"{""blue"": 1}",1,[],"<登場>
デッキの上からカードを5枚控え室に置く。",HAS_TEXT,0,"{""hearts"": {}, ""blade_mentions"": [], ""blade_icon_n"": 0, ""energy_icon_n"": 0, ""all_heart_n"": 0, ""score_delta_icon"": 0, ""unknown_tags"": [], ""tags"": []}",0,0,0,0,0,"{""draw"": 0, ""score"": 0, ""colorless"": 0}",0,0,0,,
PL!HS-bp2-012,乙宗梢,PL!HS-bp2-012 乙宗梢 - ラブライブ！シリーズ オフィシャルカードゲーム(ラブカ) 非公式 Wiki*,メンバー,ラブライブ！蓮ノ空女学院スクールアイドルクラブ,蓮ノ空,スリーズブーケ,5.0,1.0,なし,<緑> 2,,,"<自動>
このメンバーがステージから控え室に置かれたとき、自分のデッキの上からカードを５枚見る。その中からメンバーカードを１枚公開して手札に加えてもよい。残りを控え室に置く。",https://wikiwiki.jp/llocardgame/PL%21HS-bp2-012%20%E4%B9%99%E5%AE%97%E6%A2%A2,MEMBER,{},0,[],{},0,[],{},0,[],"<自動>
このメンバーがステージから控え室に置かれたとき、自分のデッキの上からカードを5枚見る。その中からメンバーカードを1枚公開して手札に加えてもよい。残りを控え室に置く。",HAS_TEXT,0,"{""hearts"": {}, ""blade_mentions"": [], ""blade_icon_n"": 0, ""energy_icon_n"": 0, ""all_heart_n"": 0, ""score_delta_icon"": 0, ""unknown_tags"": [], ""tags"": []}",0,0,0,0,0,"{""draw"": 0, ""score"": 0, ""colorless"": 0}",0,0,0,,
PL!HS-bp2-013,夕霧綴理,PL!HS-bp2-013 夕霧綴理 - ラブライブ！シリーズ オフィシャルカードゲーム(ラブカ) 非公式 Wiki*,メンバー,ラブライブ！蓮ノ空女学院スクールアイドルクラブ,蓮ノ空,DOLLCHESTRA,5.0,1.0,なし,<青> 2,,,"<自動>
このメンバーがステージから控え室に置かれたとき、自分のデッキの上からカードを５枚見る。その中からライブカードを１枚公開して手札に加えてもよい。残りを控え室に置く。",https://wikiwiki.jp/llocardgame/PL%21HS-bp2-013%20%E5%A4%95%E9%9C%A7%E7%B6%B4%E7%90%86,MEMBER,{},0,[],{},0,[],{},0,[],"<自動>
このメンバーがステージから控え室に置かれたとき、自分のデッキの上からカードを5枚見る。その中からライブカードを1枚公開して手札に加えてもよい。残りを控え室に置く。",HAS_TEXT,0,"{""hearts"": {}, ""blade_mentions"": [], ""blade_icon_n"": 0, ""energy_icon_n"": 0, ""all_heart_n"": 0, ""score_delta_icon"": 0, ""unknown_tags"": [], ""tags"": []}",0,0,0,0,0,"{""draw"": 0, ""score"": 0, ""colorless"": 0}",0,0,0,,
PL!HS-bp2-014,大沢瑠璃乃,PL!HS-bp2-014 大沢瑠璃乃 - ラブライブ！シリーズ オフィシャルカードゲーム(ラブカ) 非公式 Wiki*,メンバー,ラブライブ！蓮ノ空女学院スクールアイドルクラブ,蓮ノ空,みらくらぱーく！,4.0,2.0,<桃>,<桃> 1 <青> 1,,,"<登場>
カードを1枚引く。ライブ終了時まで、自分はライブできない。",https://wikiwiki.jp/llocardgame/PL%21HS-bp2-014%20%E5%A4%A7%E6%B2%A2%E7%91%A0%E7%92%83%E4%B9%83,MEMBER,{},0,[],{},0,[],"{""pink"": 1}",1,[],"<登場>
カードを1枚引く。ライブ終了時まで、自分はライブできない。",HAS_TEXT,0,"{""hearts"": {}, ""blade_mentions"": [], ""blade_icon_n"": 0, ""energy_icon_n"": 0, ""all_heart_n"": 0, ""score_delta_icon"": 0, ""unknown_tags"": [], ""tags"": []}",0,0,0,0,0,"{""draw"": 0, ""score"": 0, ""colorless"": 0}",0,0,0,,
PL!HS-bp2-015,藤島慈,PL!HS-bp2-015 藤島慈 - ラブライブ！シリーズ オフィシャルカードゲーム(ラブカ) 非公式 Wiki*,メンバー,ラブライブ！蓮ノ空女学院スクールアイドルクラブ,蓮ノ空,みらくらぱーく！,5.0,1.0,なし,<桃> 2,,,"<自動>
このメンバーがステージから控え室に置かれたとき、カードを２枚引き、手札を１枚控え室に置く。",https://wikiwiki.jp/llocardgame/PL%21HS-bp2-015%20%E8%97%A4%E5%B3%B6%E6%85%88,MEMBER,{},0,[],{},0,[],{},0,[],"<自動>
このメンバーがステージから控え室に置かれたとき、カードを2枚引き、手札を1枚控え室に置く。",HAS_TEXT,0,"{""hearts"": {}, ""blade_mentions"": [], ""blade_icon_n"": 0, ""energy_icon_n"": 0, ""all_heart_n"": 0, ""score_delta_icon"": 0, ""unknown_tags"": [], ""tags"": []}",0,0,0,0,0,"{""draw"": 0, ""score"": 0, ""colorless"": 0}",0,0,0,,
PL!HS-bp2-016,百生吟子,PL!HS-bp2-016 百生吟子 - ラブライブ！シリーズ オフィシャルカードゲーム(ラブカ) 非公式 Wiki*,メンバー,ラブライブ！蓮ノ空女学院スクールアイドルクラブ,蓮ノ空,スリーズブーケ,4.0,0.0,<緑>,<緑> 2,,,"<登場>
自分のデッキの上からカードを2枚見る。その中から好きな枚数を好きな順番でデッキの上に置き、残りを控え室に置く。",https://wikiwiki.jp/llocardgame/PL%21HS-bp2-016%20%E7%99%BE%E7%94%9F%E5%90%9F%E5%AD%90,MEMBER,{},0,[],{},0,[],"{""green"": 1}",1,[],"<登場>
自分のデッキの上からカードを2枚見る。その中から好きな枚数を好きな順番でデッキの上に置き、残りを控え室に置く。",HAS_TEXT,0,"{""hearts"": {}, ""blade_mentions"": [], ""blade_icon_n"": 0, ""energy_icon_n"": 0, ""all_heart_n"": 0, ""score_delta_icon"": 0, ""unknown_tags"": [], ""tags"": []}",0,0,0,0,0,"{""draw"": 0, ""score"": 0, ""colorless"": 0}",0,0,0,,
PL!HS-bp2-017,徒町小鈴,PL!HS-bp2-017 徒町小鈴 - ラブライブ！シリーズ オフィシャルカードゲーム(ラブカ) 非公式 Wiki*,メンバー,ラブライブ！蓮ノ空女学院スクールアイドルクラブ,蓮ノ空,DOLLCHESTRA,7.0,0.0,なし,<緑> 1 <青> 2,,,"<登場>
自分の控え室にカードが10枚以上ある場合、カードを1枚引く。",https://wikiwiki.jp/llocardgame/PL%21HS-bp2-017%20%E5%BE%92%E7%94%BA%E5%B0%8F%E9%88%B4,MEMBER,{},0,[],{},0,[],{},0,[],"<登場>
自分の控え室にカードが10枚以上ある場合、カードを1枚引く。",HAS_TEXT,0,"{""hearts"": {}, ""blade_mentions"": [], ""blade_icon_n"": 0, ""energy_icon_n"": 0, ""all_heart_n"": 0, ""score_delta_icon"": 0, ""unknown_tags"": [], ""tags"": []}",0,0,0,0,0,"{""draw"": 0, ""score"": 0, ""colorless"": 0}",0,0,0,,
PL!HS-bp2-018,安養寺姫芽,PL!HS-bp2-018 安養寺姫芽 - ラブライブ！シリーズ オフィシャルカードゲーム(ラブカ) 非公式 Wiki*,メンバー,ラブライブ！蓮ノ空女学院スクールアイドルクラブ,蓮ノ空,みらくらぱーく！,7.0,1.0,なし,<桃> 2 <青> 1,,,"<登場>
自分のメインフェイズの場合、
<(E)>
<(E)>
支払ってもよい：自分の控え室からライブカードを1枚、表向きにライブカード置き場に置く。次のライブカードセットフェイズで自分がライブカード置き場に置けるカード枚数の上限が1枚減る。",https://wikiwiki.jp/llocardgame/PL%21HS-bp2-018%20%E5%AE%89%E9%A4%8A%E5%AF%BA%E5%A7%AB%E8%8A%BD,MEMBER,{},0,[],{},0,[],{},0,[],"<登場>
自分のメインフェイズの場合、
<(E)>
<(E)>
支払ってもよい：自分の控え室からライブカードを1枚、表向きにライブカード置き場に置く。次のライブカードセットフェイズで自分がライブカード置き場に置けるカード枚数の上限が1枚減る。",HAS_TEXT,0,"{""hearts"": {}, ""blade_mentions"": [], ""tags"": [], ""blade_icon_n"": 0, ""energy_icon_n"": 2, ""all_heart_n"": 0, ""score_delta_icon"": 0, ""unknown_tags"": []}",0,2,0,0,0,"{""draw"": 0, ""score"": 0, ""colorless"": 0}",0,0,0,,
PL!HS-bp2-019,"Bloom the smile, Bloom the dream!","PL!HS-bp2-019 Bloom the smile, Bloom the dream! - ラブライブ！シリーズ オフィシャルカードゲーム(ラブカ) 非公式 Wiki*",ライブ,ラブライブ！蓮ノ空女学院スクールアイドルクラブ,蓮ノ空,,,,<スコア+1>,,<桃> 1 <緑> 1 <青> 1 <任意> 1 (合計4),1.0,"<ライブ開始時>
自分のステージに『蓮ノ空』のメンバーがいる場合、このカードを成功させるための必要ハートは、
<桃>
<桃>
<任意>
、
<緑>
<緑>
<任意>
、
<青>
<青>
<任意>
のうち、選んだ1つにしてもよい。",https://wikiwiki.jp/llocardgame/PL%21HS-bp2-019%20Bloom%20the%20smile%2C%20Bloom%20the%20dream%21,LIVE,{},0,[],{},4,[],{},0,[],"<ライブ開始時>
自分のステージに『蓮ノ空』のメンバーがいる場合、このカードを成功させるための必要ハートは、
<桃>
<桃>
<任意>
、
<緑>
<緑>
<任意>
、
<青>
<青>
<任意>
のうち、選んだ1つにしてもよい。",HAS_TEXT,0,"{""hearts"": {}, ""blade_mentions"": [], ""blade_icon_n"": 0, ""energy_icon_n"": 0, ""all_heart_n"": 0, ""score_delta_icon"": 0, ""unknown_tags"": [], ""tags"": []}",0,0,0,0,0,"{""draw"": 0, ""score"": 1, ""colorless"": 0}",0,1,0,,
PL!HS-bp2-020,Link to the FUTURE,PL!HS-bp2-020 Link to the FUTURE - ラブライブ！シリーズ オフィシャルカードゲーム(ラブカ) 非公式 Wiki*,ライブ,ラブライブ！蓮ノ空女学院スクールアイドルクラブ,蓮ノ空,( スリーズブーケ / DOLLCHESTRA / みらくらぱーく！ ),,,<ALL>,,<桃> 2 <緑> 2 <青> 2 <任意> 8 (合計14),0.0,"<常時>
すべての領域にあるこのカードは『スリーズブーケ』、『DOLLCHESTRA』、『みらくらぱーく！』として扱う。
<ライブ開始時>
自分のステージにいる名前の異なる『蓮ノ空』のメンバー1人につき、このカードのスコアを+2する。",https://wikiwiki.jp/llocardgame/PL%21HS-bp2-020%20Link%20to%20the%20FUTURE,LIVE,{},0,[],{},14,[],"{""all"": 1}",1,[],"<常時>
すべての領域にあるこのカードは『スリーズブーケ』、『DOLLCHESTRA』、『みらくらぱーく！』として扱う。
<ライブ開始時>
自分のステージにいる名前の異なる『蓮ノ空』のメンバー1人につき、このカードのスコアを+2する。",HAS_TEXT,0,"{""hearts"": {}, ""blade_mentions"": [], ""blade_icon_n"": 0, ""energy_icon_n"": 0, ""all_heart_n"": 0, ""score_delta_icon"": 0, ""unknown_tags"": [], ""tags"": []}",0,0,0,0,0,"{""draw"": 0, ""score"": 0, ""colorless"": 0}",0,0,0,,
PL!HS-bp2-021,眩耀夜行,PL!HS-bp2-021 眩耀夜行 - ラブライブ！シリーズ オフィシャルカードゲーム(ラブカ) 非公式 Wiki*,ライブ,ラブライブ！蓮ノ空女学院スクールアイドルクラブ,蓮ノ空,スリーズブーケ,,,<緑> <ドロー+1>,,<緑> 7 <任意> 5 (合計12),5.0,"<ライブ開始時>
自分のステージに、このターン中にバトンタッチして登場した『蓮ノ空』のメンバーが2人以上いる場合、このカードを成功させるための必要ハートを
<緑>
減らす。",https://wikiwiki.jp/llocardgame/PL%21HS-bp2-021%20%E7%9C%A9%E8%80%80%E5%A4%9C%E8%A1%8C,LIVE,{},0,[],{},12,[],"{""green"": 1}",1,[],"<ライブ開始時>
自分のステージに、このターン中にバトンタッチして登場した『蓮ノ空』のメンバーが2人以上いる場合、このカードを成功させるための必要ハートを
<緑>
減らす。",HAS_TEXT,0,"{""hearts"": {}, ""blade_mentions"": [], ""blade_icon_n"": 0, ""energy_icon_n"": 0, ""all_heart_n"": 0, ""score_delta_icon"": 0, ""unknown_tags"": [], ""tags"": []}",0,0,0,0,0,"{""draw"": 1, ""score"": 0, ""colorless"": 0}",1,0,0,,
PL!HS-bp2-022,アオクハルカ,PL!HS-bp2-022 アオクハルカ - ラブライブ！シリーズ オフィシャルカードゲーム(ラブカ) 非公式 Wiki*,ライブ,ラブライブ！蓮ノ空女学院スクールアイドルクラブ,蓮ノ空,スリーズブーケ,,,<ALL>,,<緑> 4 <任意> 1 (合計5),2.0,"<ライブ開始時>
自分の控え室に『スリーズブーケ』のライブカードが3枚以上ある場合、このカードのスコアを+1する。",https://wikiwiki.jp/llocardgame/PL%21HS-bp2-022%20%E3%82%A2%E3%82%AA%E3%82%AF%E3%83%8F%E3%83%AB%E3%82%AB,LIVE,{},0,[],{},5,[],"{""all"": 1}",1,[],"<ライブ開始時>
自分の控え室に『スリーズブーケ』のライブカードが3枚以上ある場合、このカードのスコアを+1する。",HAS_TEXT,0,"{""hearts"": {}, ""blade_mentions"": [], ""blade_icon_n"": 0, ""energy_icon_n"": 0, ""all_heart_n"": 0, ""score_delta_icon"": 0, ""unknown_tags"": [], ""tags"": []}",0,0,0,0,0,"{""draw"": 0, ""score"": 0, ""colorless"": 0}",0,0,0,,
PL!HS-bp2-023,Mirage Voyage,PL!HS-bp2-023 Mirage Voyage - ラブライブ！シリーズ オフィシャルカードゲーム(ラブカ) 非公式 Wiki*,ライブ,ラブライブ！蓮ノ空女学院スクールアイドルクラブ,蓮ノ空,DOLLCHESTRA,,,<ALL>,,<青> 4 <任意> 1 (合計5),2.0,"<ライブ開始時>
自分のステージに、このターン中にバトンタッチして登場した『蓮ノ空』のメンバーが2人以上いる場合、このカードを成功させるための必要ハートを
<青>
減らす。",https://wikiwiki.jp/llocardgame/PL%21HS-bp2-023%20Mirage%20Voyage,LIVE,{},0,[],{},5,[],"{""all"": 1}",1,[],"<ライブ開始時>
自分のステージに、このターン中にバトンタッチして登場した『蓮ノ空』のメンバーが2人以上いる場合、このカードを成功させるための必要ハートを
<青>
減らす。",HAS_TEXT,0,"{""hearts"": {}, ""blade_mentions"": [], ""blade_icon_n"": 0, ""energy_icon_n"": 0, ""all_heart_n"": 0, ""score_delta_icon"": 0, ""unknown_tags"": [], ""tags"": []}",0,0,0,0,0,"{""draw"": 0, ""score"": 0, ""colorless"": 0}",0,0,0,,
PL!HS-bp2-024,レディバグ,PL!HS-bp2-024 レディバグ - ラブライブ！シリーズ オフィシャルカードゲーム(ラブカ) 非公式 Wiki*,ライブ,ラブライブ！蓮ノ空女学院スクールアイドルクラブ,蓮ノ空,DOLLCHESTRA,,,<ALL>,,<青> 6 <任意> 5 (合計11),4.0,"<ライブ開始時>
自分のステージに「徒町小鈴」が登場しており、かつ「徒町小鈴」よりコストの大きい「村野さやか」が登場している場合、このカードを成功させるための必要ハートを
<任意>
<任意>
<任意>
減らす。",https://wikiwiki.jp/llocardgame/PL%21HS-bp2-024%20%E3%83%AC%E3%83%87%E3%82%A3%E3%83%90%E3%82%B0,LIVE,{},0,[],{},11,[],"{""all"": 1}",1,[],"<ライブ開始時>
自分のステージに「徒町小鈴」が登場しており、かつ「徒町小鈴」よりコストの大きい「村野さやか」が登場している場合、このカードを成功させるための必要ハートを
<任意>
<任意>
<任意>
減らす。",HAS_TEXT,0,"{""hearts"": {}, ""blade_mentions"": [], ""blade_icon_n"": 0, ""energy_icon_n"": 0, ""all_heart_n"": 0, ""score_delta_icon"": 0, ""unknown_tags"": [], ""tags"": []}",0,0,0,0,0,"{""draw"": 0, ""score"": 0, ""colorless"": 0}",0,0,0,,
PL!HS-bp2-025,ココン東西,PL!HS-bp2-025 ココン東西 - ラブライブ！シリーズ オフィシャルカードゲーム(ラブカ) 非公式 Wiki*,ライブ,ラブライブ！蓮ノ空女学院スクールアイドルクラブ,蓮ノ空,みらくらぱーく！,,,<ALL>,,<桃> 5 <任意> 2 (合計7),3.0,"<ライブ開始時>
自分のステージに、このターン中にバトンタッチして登場した『蓮ノ空』のメンバーが2人以上いる場合、このカードを成功させるための必要ハートを
<桃>
減らす。",https://wikiwiki.jp/llocardgame/PL%21HS-bp2-025%20%E3%82%B3%E3%82%B3%E3%83%B3%E6%9D%B1%E8%A5%BF,LIVE,{},0,[],{},7,[],"{""all"": 1}",1,[],"<ライブ開始時>
自分のステージに、このターン中にバトンタッチして登場した『蓮ノ空』のメンバーが2人以上いる場合、このカードを成功させるための必要ハートを
<桃>
減らす。",HAS_TEXT,0,"{""hearts"": {}, ""blade_mentions"": [], ""blade_icon_n"": 0, ""energy_icon_n"": 0, ""all_heart_n"": 0, ""score_delta_icon"": 0, ""unknown_tags"": [], ""tags"": []}",0,0,0,0,0,"{""draw"": 0, ""score"": 0, ""colorless"": 0}",0,0,0,,
PL!HS-bp2-026,みらくりえーしょん,PL!HS-bp2-026 みらくりえーしょん - ラブライブ！シリーズ オフィシャルカードゲーム(ラブカ) 非公式 Wiki*,ライブ,ラブライブ！蓮ノ空女学院スクールアイドルクラブ,蓮ノ空,みらくらぱーく！,,,<桃> <ドロー+1>,,<桃> 7 <任意> 7 (合計14),5.0,"<ライブ開始時>
自分のステージの右サイドエリアに「大沢瑠璃乃」が、左サイドエリアに「安養寺姫芽」が、センターエリアに「藤島慈」がそれぞれ登場している場合、このカードのスコアを+2する。",https://wikiwiki.jp/llocardgame/PL%21HS-bp2-026%20%E3%81%BF%E3%82%89%E3%81%8F%E3%82%8A%E3%81%88%E3%83%BC%E3%81%97%E3%82%87%E3%82%93,LIVE,{},0,[],{},14,[],"{""pink"": 1}",1,[],"<ライブ開始時>
自分のステージの右サイドエリアに「大沢瑠璃乃」が、左サイドエリアに「安養寺姫芽」が、センターエリアに「藤島慈」がそれぞれ登場している場合、このカードのスコアを+2する。",HAS_TEXT,0,"{""hearts"": {}, ""blade_mentions"": [], ""blade_icon_n"": 0, ""energy_icon_n"": 0, ""all_heart_n"": 0, ""score_delta_icon"": 0, ""unknown_tags"": [], ""tags"": []}",0,0,0,0,0,"{""draw"": 1, ""score"": 0, ""colorless"": 0}",1,0,0,,
PL!HS-bp5-001,日野下花帆,PL!HS-bp5-001 日野下花帆 - ラブライブ！シリーズ オフィシャルカードゲーム(ラブカ) 非公式 Wiki*,メンバー,ラブライブ！蓮ノ空女学院スクールアイドルクラブ,蓮ノ空,スリーズブーケ,11.0,4.0,<緑>,<桃> 1 <緑> 2 <青> 1,,,"<登場>
自分のデッキの上からカードを4枚控え室に置く。それらの中にライブカードがある場合、ライブ終了時まで、
<(ブレード)>
を
<(ブレード)>
を得る。
<起動>
<ターン1回>
<(E)>
<(E)>
手札のライブカードを1枚公開する：自分の控え室から、これにより公開したカードのカード名がすべて含まれるライブカードを1枚手札に加える。",https://wikiwiki.jp/llocardgame/PL%21HS-bp5-001%20%E6%97%A5%E9%87%8E%E4%B8%8B%E8%8A%B1%E5%B8%86,MEMBER,{},0,[],{},0,[],"{""green"": 1}",1,[],"<登場>
自分のデッキの上からカードを4枚控え室に置く。それらの中にライブカードがある場合、ライブ終了時まで、
<(ブレード)>
を
<(ブレード)>
を得る。
<起動>
<ターン1回>
<(E)>
<(E)>
手札のライブカードを1枚公開する：自分の控え室から、これにより公開したカードのカード名がすべて含まれるライブカードを1枚手札に加える。",HAS_TEXT,0,"{""hearts"": {}, ""blade_mentions"": [], ""tags"": [], ""blade_icon_n"": 2, ""energy_icon_n"": 2, ""all_heart_n"": 0, ""score_delta_icon"": 0, ""unknown_tags"": []}",2,2,0,0,0,"{""draw"": 0, ""score"": 0, ""colorless"": 0}",0,0,0,,
PL!HS-bp5-002,村野さやか,PL!HS-bp5-002 村野さやか - ラブライブ！シリーズ オフィシャルカードゲーム(ラブカ) 非公式 Wiki*,メンバー,ラブライブ！蓮ノ空女学院スクールアイドルクラブ,蓮ノ空,DOLLCHESTRA,15.0,5.0,<青>,<桃> 1 <緑> 1 <青> 3 <紫> 1,,,"<常時>
自分のステージにコストがそれぞれ異なるメンバーが3人以上いるかぎり、
<青>
<(ブレード)>
を得る。
<起動>
<ターン1回>
<(E)>
<(E)>
自分の控え室からコスト2以下のメンバーカードを1枚、メンバーのいないエリアに登場させる。",https://wikiwiki.jp/llocardgame/PL%21HS-bp5-002%20%E6%9D%91%E9%87%8E%E3%81%95%E3%82%84%E3%81%8B,MEMBER,{},0,[],{},0,[],"{""blue"": 1}",1,[],"<常時>
自分のステージにコストがそれぞれ異なるメンバーが3人以上いるかぎり、
<青>
<(ブレード)>
を得る。
<起動>
<ターン1回>
<(E)>
<(E)>
自分の控え室からコスト2以下のメンバーカードを1枚、メンバーのいないエリアに登場させる。",HAS_TEXT,0,"{""hearts"": {}, ""blade_mentions"": [], ""tags"": [], ""blade_icon_n"": 1, ""energy_icon_n"": 2, ""all_heart_n"": 0, ""score_delta_icon"": 0, ""unknown_tags"": []}",1,2,0,0,0,"{""draw"": 0, ""score"": 0, ""colorless"": 0}",0,0,0,,
PL!HS-bp5-003,大沢瑠璃乃,PL!HS-bp5-003 大沢瑠璃乃 - ラブライブ！シリーズ オフィシャルカードゲーム(ラブカ) 非公式 Wiki*,メンバー,ラブライブ！蓮ノ空女学院スクールアイドルクラブ,蓮ノ空,みらくらぱーく！,2.0,1.0,<桃>,<桃> 1,,,"<自動>
このメンバーがステージから控え室に置かれたとき、メンバー1人をポジションチェンジさせてもよい。
<ライブ開始時>
手札を1枚控え室に置いてもよい：ライブ終了時まで、これにより控え室に置いたカードと同じグループ名を持つメンバー1人は、
<桃>
を得る。",https://wikiwiki.jp/llocardgame/PL%21HS-bp5-003%20%E5%A4%A7%E6%B2%A2%E7%91%A0%E7%92%83%E4%B9%83,MEMBER,{},0,[],{},0,[],"{""pink"": 1}",1,[],"<自動>
このメンバーがステージから控え室に置かれたとき、メンバー1人をポジションチェンジさせてもよい。
<ライブ開始時>
手札を1枚控え室に置いてもよい：ライブ終了時まで、これにより控え室に置いたカードと同じグループ名を持つメンバー1人は、
<桃>
を得る。",HAS_TEXT,0,"{""hearts"": {}, ""blade_mentions"": [], ""blade_icon_n"": 0, ""energy_icon_n"": 0, ""all_heart_n"": 0, ""score_delta_icon"": 0, ""unknown_tags"": [], ""tags"": []}",0,0,0,0,0,"{""draw"": 0, ""score"": 0, ""colorless"": 0}",0,0,0,,
PL!HS-bp5-004,百生吟子,PL!HS-bp5-004 百生吟子 - ラブライブ！シリーズ オフィシャルカードゲーム(ラブカ) 非公式 Wiki*,メンバー,ラブライブ！蓮ノ空女学院スクールアイドルクラブ,蓮ノ空,スリーズブーケ,15.0,3.0,<緑>,<桃> 2 <黄> 1 <緑> 2 <青> 2,,,"<常時>
自分のステージにいるコスト4以上の『スリーズブーケ』以外のメンバー1人につき、
<(ブレード)>
<(ブレード)>
を得る。",https://wikiwiki.jp/llocardgame/PL%21HS-bp5-004%20%E7%99%BE%E7%94%9F%E5%90%9F%E5%AD%90,MEMBER,{},0,[],{},0,[],"{""green"": 1}",1,[],"<常時>
自分のステージにいるコスト4以上の『スリーズブーケ』以外のメンバー1人につき、
<(ブレード)>
<(ブレード)>
を得る。",HAS_TEXT,0,"{""hearts"": {}, ""blade_mentions"": [], ""tags"": [], ""blade_icon_n"": 2, ""energy_icon_n"": 0, ""all_heart_n"": 0, ""score_delta_icon"": 0, ""unknown_tags"": []}",2,0,0,0,0,"{""draw"": 0, ""score"": 0, ""colorless"": 0}",0,0,0,,
PL!HS-bp5-005,徒町小鈴,PL!HS-bp5-005 徒町小鈴 - ラブライブ！シリーズ オフィシャルカードゲーム(ラブカ) 非公式 Wiki*,メンバー,ラブライブ！蓮ノ空女学院スクールアイドルクラブ,蓮ノ空,DOLLCHESTRA,4.0,2.0,<青>,<青> 1,,,"<ライブ開始時>
手札の『DOLLCHESTRA』のカードを1枚控え室に置いてもよい：自分のステージにいる『DOLLCHESTRA』のメンバー1人を選ぶ。ライブ終了時まで、このメンバーのコストは、選んだメンバーが元々持つコストより1低い値に等しくなる。これによりこのカードのコストが10以上になった場合、ライブ終了時まで、
<青>
を得る。",https://wikiwiki.jp/llocardgame/PL%21HS-bp5-005%20%E5%BE%92%E7%94%BA%E5%B0%8F%E9%88%B4,MEMBER,{},0,[],{},0,[],"{""blue"": 1}",1,[],"<ライブ開始時>
手札の『DOLLCHESTRA』のカードを1枚控え室に置いてもよい：自分のステージにいる『DOLLCHESTRA』のメンバー1人を選ぶ。ライブ終了時まで、このメンバーのコストは、選んだメンバーが元々持つコストより1低い値に等しくなる。これによりこのカードのコストが10以上になった場合、ライブ終了時まで、
<青>
を得る。",HAS_TEXT,0,"{""hearts"": {}, ""blade_mentions"": [], ""blade_icon_n"": 0, ""energy_icon_n"": 0, ""all_heart_n"": 0, ""score_delta_icon"": 0, ""unknown_tags"": [], ""tags"": []}",0,0,0,0,0,"{""draw"": 0, ""score"": 0, ""colorless"": 0}",0,0,0,,
PL!HS-bp5-006,安養寺姫芽,PL!HS-bp5-006 安養寺姫芽 - ラブライブ！シリーズ オフィシャルカードゲーム(ラブカ) 非公式 Wiki*,メンバー,ラブライブ！蓮ノ空女学院スクールアイドルクラブ,蓮ノ空,みらくらぱーく！,11.0,4.0,<桃>,<桃> 1 <赤> 1 <緑> 1 <青> 1,,,"<ライブ開始時>
手札の同じグループ名を持つカード2枚を控え室に置いてもよい：ライブ終了時まで、
<桃>
<桃>
を得る。",https://wikiwiki.jp/llocardgame/PL%21HS-bp5-006%20%E5%AE%89%E9%A4%8A%E5%AF%BA%E5%A7%AB%E8%8A%BD,MEMBER,{},0,[],{},0,[],"{""pink"": 1}",1,[],"<ライブ開始時>
手札の同じグループ名を持つカード2枚を控え室に置いてもよい：ライブ終了時まで、
<桃>
<桃>
を得る。",HAS_TEXT,0,"{""hearts"": {}, ""blade_mentions"": [], ""blade_icon_n"": 0, ""energy_icon_n"": 0, ""all_heart_n"": 0, ""score_delta_icon"": 0, ""unknown_tags"": [], ""tags"": []}",0,0,0,0,0,"{""draw"": 0, ""score"": 0, ""colorless"": 0}",0,0,0,,
PL!HS-bp5-007,セラス 柳田 リリエンフェルト,PL!HS-bp5-007 セラス 柳田 リリエンフェルト - ラブライブ！シリーズ オフィシャルカードゲーム(ラブカ) 非公式 Wiki*,メンバー,ラブライブ！蓮ノ空女学院スクールアイドルクラブ,蓮ノ空,Edel Note,13.0,3.0,<紫>,<桃> 1 <緑> 1 <青> 1 <紫> 2,,,"<登場>
手札を2枚控え室に置いてもよい：自分の控え室から『Edel Note』のライブカードを1枚手札に加える。
<常時>
自分のステージにこのメンバー以外の『Edel Note』のメンバーがいるかぎり、
<(ブレード)>
<(ブレード)>
を得る。",https://wikiwiki.jp/llocardgame/PL%21HS-bp5-007%20%E3%82%BB%E3%83%A9%E3%82%B9%20%E6%9F%B3%E7%94%B0%20%E3%83%AA%E3%83%AA%E3%82%A8%E3%83%B3%E3%83%95%E3%82%A7%E3%83%AB%E3%83%88,MEMBER,{},0,[],{},0,[],"{""purple"": 1}",1,[],"<登場>
手札を2枚控え室に置いてもよい：自分の控え室から『Edel Note』のライブカードを1枚手札に加える。
<常時>
自分のステージにこのメンバー以外の『Edel Note』のメンバーがいるかぎり、
<(ブレード)>
<(ブレード)>
を得る。",HAS_TEXT,0,"{""hearts"": {}, ""blade_mentions"": [], ""tags"": [], ""blade_icon_n"": 2, ""energy_icon_n"": 0, ""all_heart_n"": 0, ""score_delta_icon"": 0, ""unknown_tags"": []}",2,0,0,0,0,"{""draw"": 0, ""score"": 0, ""colorless"": 0}",0,0,0,,
PL!HS-bp5-008,桂城泉,PL!HS-bp5-008 桂城泉 - ラブライブ！シリーズ オフィシャルカードゲーム(ラブカ) 非公式 Wiki*,メンバー,ラブライブ！蓮ノ空女学院スクールアイドルクラブ,蓮ノ空,Edel Note,4.0,2.0,<紫>,<紫> 1,,,"<登場>
このメンバーをウェイトにし、手札を1枚控え室に置いてもよい：自分のデッキの上からカードを5枚見る。その中からコスト9以上の『蓮ノ空』のメンバーカードを1枚公開して手札に加えてもよい。残りを控え室に置く。",https://wikiwiki.jp/llocardgame/PL%21HS-bp5-008%20%E6%A1%82%E5%9F%8E%E6%B3%89,MEMBER,{},0,[],{},0,[],"{""purple"": 1}",1,[],"<登場>
このメンバーをウェイトにし、手札を1枚控え室に置いてもよい：自分のデッキの上からカードを5枚見る。その中からコスト9以上の『蓮ノ空』のメンバーカードを1枚公開して手札に加えてもよい。残りを控え室に置く。",HAS_TEXT,0,"{""hearts"": {}, ""blade_mentions"": [], ""blade_icon_n"": 0, ""energy_icon_n"": 0, ""all_heart_n"": 0, ""score_delta_icon"": 0, ""unknown_tags"": [], ""tags"": []}",0,0,0,0,0,"{""draw"": 0, ""score"": 0, ""colorless"": 0}",0,0,0,,
PL!HS-bp5-009,日野下花帆,PL!HS-bp5-009 日野下花帆 - ラブライブ！シリーズ オフィシャルカードゲーム(ラブカ) 非公式 Wiki*,メンバー,ラブライブ！蓮ノ空女学院スクールアイドルクラブ,蓮ノ空,スリーズブーケ,4.0,1.0,<緑>,<緑> 1 <紫> 1,,,(なし),https://wikiwiki.jp/llocardgame/PL%21HS-bp5-009%20%E6%97%A5%E9%87%8E%E4%B8%8B%E8%8A%B1%E5%B8%86,MEMBER,{},0,[],{},0,[],"{""green"": 1}",1,[],(なし),NO_ABILITY,1,"{""hearts"": {}, ""blade_mentions"": [], ""blade_icon_n"": 0, ""energy_icon_n"": 0, ""all_heart_n"": 0, ""score_delta_icon"": 0, ""unknown_tags"": [], ""tags"": []}",0,0,0,0,0,"{""draw"": 0, ""score"": 0, ""colorless"": 0}",0,0,0,,
PL!HS-bp5-010,村野さやか,PL!HS-bp5-010 村野さやか - ラブライブ！シリーズ オフィシャルカードゲーム(ラブカ) 非公式 Wiki*,メンバー,ラブライブ！蓮ノ空女学院スクールアイドルクラブ,蓮ノ空,DOLLCHESTRA,7.0,2.0,なし,<桃> 1 <緑> 1 <青> 1,,,(なし),https://wikiwiki.jp/llocardgame/PL%21HS-bp5-010%20%E6%9D%91%E9%87%8E%E3%81%95%E3%82%84%E3%81%8B,MEMBER,{},0,[],{},0,[],{},0,[],(なし),NO_ABILITY,1,"{""hearts"": {}, ""blade_mentions"": [], ""blade_icon_n"": 0, ""energy_icon_n"": 0, ""all_heart_n"": 0, ""score_delta_icon"": 0, ""unknown_tags"": [], ""tags"": []}",0,0,0,0,0,"{""draw"": 0, ""score"": 0, ""colorless"": 0}",0,0,0,,
PL!HS-bp5-011,大沢瑠璃乃,PL!HS-bp5-011 大沢瑠璃乃 - ラブライブ！シリーズ オフィシャルカードゲーム(ラブカ) 非公式 Wiki*,メンバー,ラブライブ！蓮ノ空女学院スクールアイドルクラブ,蓮ノ空,みらくらぱーく！,13.0,3.0,<桃>,<桃> 2 <緑> 2 <青> 2,,,"<登場>
カードを1枚引く。",https://wikiwiki.jp/llocardgame/PL%21HS-bp5-011%20%E5%A4%A7%E6%B2%A2%E7%91%A0%E7%92%83%E4%B9%83,MEMBER,{},0,[],{},0,[],"{""pink"": 1}",1,[],"<登場>
カードを1枚引く。",HAS_TEXT,0,"{""hearts"": {}, ""blade_mentions"": [], ""blade_icon_n"": 0, ""energy_icon_n"": 0, ""all_heart_n"": 0, ""score_delta_icon"": 0, ""unknown_tags"": [], ""tags"": []}",0,0,0,0,0,"{""draw"": 0, ""score"": 0, ""colorless"": 0}",0,0,0,,
PL!HS-bp5-012,百生吟子,PL!HS-bp5-012 百生吟子 - ラブライブ！シリーズ オフィシャルカードゲーム(ラブカ) 非公式 Wiki*,メンバー,ラブライブ！蓮ノ空女学院スクールアイドルクラブ,蓮ノ空,スリーズブーケ,5.0,2.0,なし,<桃> 1 <緑> 1 <青> 1,,,(なし),https://wikiwiki.jp/llocardgame/PL%21HS-bp5-012%20%E7%99%BE%E7%94%9F%E5%90%9F%E5%AD%90,MEMBER,{},0,[],{},0,[],{},0,[],(なし),NO_ABILITY,1,"{""hearts"": {}, ""blade_mentions"": [], ""blade_icon_n"": 0, ""energy_icon_n"": 0, ""all_heart_n"": 0, ""score_delta_icon"": 0, ""unknown_tags"": [], ""tags"": []}",0,0,0,0,0,"{""draw"": 0, ""score"": 0, ""colorless"": 0}",0,0,0,,
PL!HS-bp5-013,徒町小鈴,PL!HS-bp5-013 徒町小鈴 - ラブライブ！シリーズ オフィシャルカードゲーム(ラブカ) 非公式 Wiki*,メンバー,ラブライブ！蓮ノ空女学院スクールアイドルクラブ,蓮ノ空,DOLLCHESTRA,11.0,3.0,<青>,<桃> 1 <緑> 1 <青> 2,,,"<ライブ開始時>
自分のデッキの上からカードを3枚控え室に置く。それらがすべてメンバーカードの場合、ライブ終了時まで、
<(ブレード)>
<(ブレード)>
を得る。",https://wikiwiki.jp/llocardgame/PL%21HS-bp5-013%20%E5%BE%92%E7%94%BA%E5%B0%8F%E9%88%B4,MEMBER,{},0,[],{},0,[],"{""blue"": 1}",1,[],"<ライブ開始時>
自分のデッキの上からカードを3枚控え室に置く。それらがすべてメンバーカードの場合、ライブ終了時まで、
<(ブレード)>
<(ブレード)>
を得る。",HAS_TEXT,0,"{""hearts"": {}, ""blade_mentions"": [], ""tags"": [], ""blade_icon_n"": 2, ""energy_icon_n"": 0, ""all_heart_n"": 0, ""score_delta_icon"": 0, ""unknown_tags"": []}",2,0,0,0,0,"{""draw"": 0, ""score"": 0, ""colorless"": 0}",0,0,0,,
PL!HS-bp5-014,安養寺姫芽,PL!HS-bp5-014 安養寺姫芽 - ラブライブ！シリーズ オフィシャルカードゲーム(ラブカ) 非公式 Wiki*,メンバー,ラブライブ！蓮ノ空女学院スクールアイドルクラブ,蓮ノ空,みらくらぱーく！,4.0,2.0,<桃>,<桃>,,,"<自動>
<ターン1回>
このメンバーがエリアを移動したとき、ライブ終了時まで、
<(ブレード)>
を得る。",https://wikiwiki.jp/llocardgame/PL%21HS-bp5-014%20%E5%AE%89%E9%A4%8A%E5%AF%BA%E5%A7%AB%E8%8A%BD,MEMBER,{},0,[],{},0,[],"{""pink"": 1}",1,[],"<自動>
<ターン1回>
このメンバーがエリアを移動したとき、ライブ終了時まで、
<(ブレード)>
を得る。",HAS_TEXT,0,"{""hearts"": {}, ""blade_mentions"": [], ""tags"": [], ""blade_icon_n"": 1, ""energy_icon_n"": 0, ""all_heart_n"": 0, ""score_delta_icon"": 0, ""unknown_tags"": []}",1,0,0,0,0,"{""draw"": 0, ""score"": 0, ""colorless"": 0}",0,0,0,,
PL!HS-bp5-015,セラス 柳田 リリエンフェルト,PL!HS-bp5-015 セラス 柳田 リリエンフェルト - ラブライブ！シリーズ オフィシャルカードゲーム(ラブカ) 非公式 Wiki*,メンバー,ラブライブ！蓮ノ空女学院スクールアイドルクラブ,蓮ノ空,Edel Note,4.0,1.0,<紫> 1,<紫> 2,,,(なし),https://wikiwiki.jp/llocardgame/PL%21HS-bp5-015%20%E3%82%BB%E3%83%A9%E3%82%B9%20%E6%9F%B3%E7%94%B0%20%E3%83%AA%E3%83%AA%E3%82%A8%E3%83%B3%E3%83%95%E3%82%A7%E3%83%AB%E3%83%88,MEMBER,{},0,[],{},0,[],"{""purple"": 1}",1,[],(なし),NO_ABILITY,1,"{""hearts"": {}, ""blade_mentions"": [], ""blade_icon_n"": 0, ""energy_icon_n"": 0, ""all_heart_n"": 0, ""score_delta_icon"": 0, ""unknown_tags"": [], ""tags"": []}",0,0,0,0,0,"{""draw"": 0, ""score"": 0, ""colorless"": 0}",0,0,0,,
PL!HS-bp5-016,桂城泉,PL!HS-bp5-016 桂城泉 - ラブライブ！シリーズ オフィシャルカードゲーム(ラブカ) 非公式 Wiki*,メンバー,ラブライブ！蓮ノ空女学院スクールアイドルクラブ,蓮ノ空,Edel Note,9.0,2.0,なし,<緑> 1 <青> 1 <紫> 2,,,"<登場>
手札を1枚控え室に置いてもよい：相手のステージにいるコスト4以下のメンバーを2人までウェイトにする。
（ウェイト状態のメンバーが持つ
<(ブレード)>
は、エールで公開する枚数を増やさない。）
<常時>
相手のステージにウェイト状態のメンバーが2人以上いるかぎり、
<紫>
を得る。",https://wikiwiki.jp/llocardgame/PL%21HS-bp5-016%20%E6%A1%82%E5%9F%8E%E6%B3%89,MEMBER,{},0,[],{},0,[],{},0,[],"<登場>
手札を1枚控え室に置いてもよい：相手のステージにいるコスト4以下のメンバーを2人までウェイトにする。
（ウェイト状態のメンバーが持つ
<(ブレード)>
は、エールで公開する枚数を増やさない。）
<常時>
相手のステージにウェイト状態のメンバーが2人以上いるかぎり、
<紫>
を得る。",HAS_TEXT,0,"{""hearts"": {}, ""blade_mentions"": [], ""tags"": [], ""blade_icon_n"": 1, ""energy_icon_n"": 0, ""all_heart_n"": 0, ""score_delta_icon"": 0, ""unknown_tags"": []}",1,0,0,0,0,"{""draw"": 0, ""score"": 0, ""colorless"": 0}",0,0,0,,
PL!HS-bp5-017,Dream Believers（104期Ver.）,PL!HS-bp5-017 Dream Believers（104期Ver.） - ラブライブ！シリーズ オフィシャルカードゲーム(ラブカ) 非公式 Wiki*,ライブ,ラブライブ！蓮ノ空女学院スクールアイドルクラブ,蓮ノ空,,,,<ALL>,,<任意> 8 (合計8),3.0,"<ライブ開始時>
<(E)>
支払ってもよい：自分のステージに『蓮ノ空』のメンバー1人を含むメンバーが2人以上おり、かつそれらのメンバーのユニット名がそれぞれ異なる場合、このカードのスコアを+1する。",https://wikiwiki.jp/llocardgame/PL%21HS-bp5-017%20Dream%20Believers%EF%BC%88104%E6%9C%9FVer.%EF%BC%89,LIVE,{},0,[],{},8,[],"{""all"": 1}",1,[],"<ライブ開始時>
<(E)>
支払ってもよい：自分のステージに『蓮ノ空』のメンバー1人を含むメンバーが2人以上おり、かつそれらのメンバーのユニット名がそれぞれ異なる場合、このカードのスコアを+1する。",HAS_TEXT,0,"{""hearts"": {}, ""blade_mentions"": [], ""tags"": [], ""blade_icon_n"": 0, ""energy_icon_n"": 1, ""all_heart_n"": 0, ""score_delta_icon"": 0, ""unknown_tags"": []}",0,1,0,0,0,"{""draw"": 0, ""score"": 0, ""colorless"": 0}",0,0,0,,
PL!HS-bp5-018,AURORA FLOWER,PL!HS-bp5-018 AURORA FLOWER - ラブライブ！シリーズ オフィシャルカードゲーム(ラブカ) 非公式 Wiki*,ライブ,ラブライブ！蓮ノ空女学院スクールアイドルクラブ,蓮ノ空,( スリーズブーケ / DOLLCHESTRA / みらくらぱーく！ ),,,<ALL>,,<桃> 3 <緑> 3 <青> 3 <任意> 7 (合計16),7.0,"<常時>
すべての領域にあるこのカードは『スリーズブーケ』、『DOLLCHESTRA』、『みらくらぱーく！』として扱う。
<ライブ開始時>
自分のステージに名前とコストが両方ともそれぞれ異なるメンバーが3人以上いる場合、このカードのスコアを+1する。",https://wikiwiki.jp/llocardgame/PL%21HS-bp5-018%20AURORA%20FLOWER,LIVE,{},0,[],{},16,[],"{""all"": 1}",1,[],"<常時>
すべての領域にあるこのカードは『スリーズブーケ』、『DOLLCHESTRA』、『みらくらぱーく！』として扱う。
<ライブ開始時>
自分のステージに名前とコストが両方ともそれぞれ異なるメンバーが3人以上いる場合、このカードのスコアを+1する。",HAS_TEXT,0,"{""hearts"": {}, ""blade_mentions"": [], ""blade_icon_n"": 0, ""energy_icon_n"": 0, ""all_heart_n"": 0, ""score_delta_icon"": 0, ""unknown_tags"": [], ""tags"": []}",0,0,0,0,0,"{""draw"": 0, ""score"": 0, ""colorless"": 0}",0,0,0,,
PL!HS-bp5-019,ハナムスビ,PL!HS-bp5-019 ハナムスビ - ラブライブ！シリーズ オフィシャルカードゲーム(ラブカ) 非公式 Wiki*,ライブ,ラブライブ！蓮ノ空女学院スクールアイドルクラブ,蓮ノ空,スリーズブーケ,,,<ALL>,,<緑> 9 <任意> 5 (合計14),6.0,"<ライブ開始時>
自分のライブカード置き場にあるこのカード以外の『蓮ノ空』のカード1枚につき、このカードの必要ハートを
<緑>
<緑>
減らす。",https://wikiwiki.jp/llocardgame/PL%21HS-bp5-019%20%E3%83%8F%E3%83%8A%E3%83%A0%E3%82%B9%E3%83%93,LIVE,{},0,[],{},14,[],"{""all"": 1}",1,[],"<ライブ開始時>
自分のライブカード置き場にあるこのカード以外の『蓮ノ空』のカード1枚につき、このカードの必要ハートを
<緑>
<緑>
減らす。",HAS_TEXT,0,"{""hearts"": {}, ""blade_mentions"": [], ""blade_icon_n"": 0, ""energy_icon_n"": 0, ""all_heart_n"": 0, ""score_delta_icon"": 0, ""unknown_tags"": [], ""tags"": []}",0,0,0,0,0,"{""draw"": 0, ""score"": 0, ""colorless"": 0}",0,0,0,,
PL!HS-bp5-020,バアドケージ,PL!HS-bp5-020 バアドケージ - ラブライブ！シリーズ オフィシャルカードゲーム(ラブカ) 非公式 Wiki*,ライブ,ラブライブ！蓮ノ空女学院スクールアイドルクラブ,蓮ノ空,DOLLCHESTRA,,,<スコア+1>,,<青> 2 <任意> 1 (合計3),1.0,"<ライブ開始時>
自分のステージにコスト10以上の『蓮ノ空』メンバーが2人以上いる場合、このカードのスコアを+1する。",https://wikiwiki.jp/llocardgame/PL%21HS-bp5-020%20%E3%83%90%E3%82%A2%E3%83%89%E3%82%B1%E3%83%BC%E3%82%B8,LIVE,{},0,[],{},3,[],{},0,[],"<ライブ開始時>
自分のステージにコスト10以上の『蓮ノ空』メンバーが2人以上いる場合、このカードのスコアを+1する。",HAS_TEXT,0,"{""hearts"": {}, ""blade_mentions"": [], ""blade_icon_n"": 0, ""energy_icon_n"": 0, ""all_heart_n"": 0, ""score_delta_icon"": 0, ""unknown_tags"": [], ""tags"": []}",0,0,0,0,0,"{""draw"": 0, ""score"": 1, ""colorless"": 0}",0,1,0,,
PL!HS-bp5-021,ジョーショーキリュー,PL!HS-bp5-021 ジョーショーキリュー - ラブライブ！シリーズ オフィシャルカードゲーム(ラブカ) 非公式 Wiki*,ライブ,ラブライブ！蓮ノ空女学院スクールアイドルクラブ,蓮ノ空,みらくらぱーく！,,,<ALL>,,<桃> 10 (合計10),4.0,"<ライブ開始時>
ライブ終了時まで、自分のステージにいる『蓮ノ空』のメンバー1人が元々持つハートをすべて
<桃>
にする。
<ライブ開始時>
自分のステージに『みらくらぱーく！』のメンバーが3人以上いる場合、このカードのスコアを+1する。",https://wikiwiki.jp/llocardgame/PL%21HS-bp5-021%20%E3%82%B8%E3%83%A7%E3%83%BC%E3%82%B7%E3%83%A7%E3%83%BC%E3%82%AD%E3%83%AA%E3%83%A5%E3%83%BC,LIVE,{},0,[],{},10,[],"{""all"": 1}",1,[],"<ライブ開始時>
ライブ終了時まで、自分のステージにいる『蓮ノ空』のメンバー1人が元々持つハートをすべて
<桃>
にする。
<ライブ開始時>
自分のステージに『みらくらぱーく！』のメンバーが3人以上いる場合、このカードのスコアを+1する。",HAS_TEXT,0,"{""hearts"": {}, ""blade_mentions"": [], ""blade_icon_n"": 0, ""energy_icon_n"": 0, ""all_heart_n"": 0, ""score_delta_icon"": 0, ""unknown_tags"": [], ""tags"": []}",0,0,0,0,0,"{""draw"": 0, ""score"": 0, ""colorless"": 0}",0,0,0,,
PL!HS-bp5-022,Retrofuture,PL!HS-bp5-022 Retrofuture - ラブライブ！シリーズ オフィシャルカードゲーム(ラブカ) 非公式 Wiki*,ライブ,ラブライブ！蓮ノ空女学院スクールアイドルクラブ,蓮ノ空,Edel Note,,,<紫> <ドロー+1>,,<桃> 1 <緑> 1 <青> 1 <紫> 5 <任意> 2 (合計10),4.0,"<ライブ開始時>
<(E)>
<(E)>
支払ってもよい：自分のステージにコスト9以上の『Edel Note』のメンバーがいる場合、以下から1つを選ぶ。
・自分の控え室からコスト4以下の『Edel Note』のメンバーカードを1枚、メンバーのいないエリアに登場させる。
・このカードの必要ハートを
<紫>
減らす。",https://wikiwiki.jp/llocardgame/PL%21HS-bp5-022%20Retrofuture,LIVE,{},0,[],{},10,[],"{""purple"": 1}",1,[],"<ライブ開始時>
<(E)>
<(E)>
支払ってもよい：自分のステージにコスト9以上の『Edel Note』のメンバーがいる場合、以下から1つを選ぶ。
・自分の控え室からコスト4以下の『Edel Note』のメンバーカードを1枚、メンバーのいないエリアに登場させる。
・このカードの必要ハートを
<紫>
減らす。",HAS_TEXT,0,"{""hearts"": {}, ""blade_mentions"": [], ""tags"": [], ""blade_icon_n"": 0, ""energy_icon_n"": 2, ""all_heart_n"": 0, ""score_delta_icon"": 0, ""unknown_tags"": []}",0,2,0,0,0,"{""draw"": 1, ""score"": 0, ""colorless"": 0}",1,0,0,,
PL!HS-bp6-001,日野下花帆,PL!HS-bp6-001 日野下花帆 - ラブライブ！シリーズ オフィシャルカードゲーム(ラブカ) 非公式 Wiki*,メンバー,ラブライブ！蓮ノ空女学院スクールアイドルクラブ,蓮ノ空,スリーズブーケ,4.0,0.0,<緑>,<緑> 1 <青> 1,,,"<登場>
自分のデッキの上から、自分のステージにいるメンバーの数に2を足した数に等しい枚数見る。その中から1枚をデッキの一番上に置き、残りを控え室に置く。
<ライブ成功時>
エールで公開された自分のカードの中から、カードを1枚デッキの一番上に置いてもよい。",https://wikiwiki.jp/llocardgame/PL%21HS-bp6-001%20%E6%97%A5%E9%87%8E%E4%B8%8B%E8%8A%B1%E5%B8%86,MEMBER,{},0,[],{},0,[],"{""green"": 1}",1,[],"<登場>
自分のデッキの上から、自分のステージにいるメンバーの数に2を足した数に等しい枚数見る。その中から1枚をデッキの一番上に置き、残りを控え室に置く。
<ライブ成功時>
エールで公開された自分のカードの中から、カードを1枚デッキの一番上に置いてもよい。",HAS_TEXT,0,"{""hearts"": {}, ""blade_mentions"": [], ""blade_icon_n"": 0, ""energy_icon_n"": 0, ""all_heart_n"": 0, ""score_delta_icon"": 0, ""unknown_tags"": [], ""tags"": []}",0,0,0,0,0,"{""draw"": 0, ""score"": 0, ""colorless"": 0}",0,0,0,,
PL!HS-bp6-002,村野さやか,PL!HS-bp6-002 村野さやか - ラブライブ！シリーズ オフィシャルカードゲーム(ラブカ) 非公式 Wiki*,メンバー,ラブライブ！蓮ノ空女学院スクールアイドルクラブ,蓮ノ空,DOLLCHESTRA,9.0,2.0,なし,<緑> 1 <青> 2 <紫> 1,,,"<常時>
自分のステージにほかのメンバーがいないかぎり、
<(ブレード)>
<(ブレード)>
を得る。",https://wikiwiki.jp/llocardgame/PL%21HS-bp6-002%20%E6%9D%91%E9%87%8E%E3%81%95%E3%82%84%E3%81%8B,MEMBER,{},0,[],{},0,[],{},0,[],"<常時>
自分のステージにほかのメンバーがいないかぎり、
<(ブレード)>
<(ブレード)>
を得る。",HAS_TEXT,0,"{""hearts"": {}, ""blade_mentions"": [], ""tags"": [], ""blade_icon_n"": 2, ""energy_icon_n"": 0, ""all_heart_n"": 0, ""score_delta_icon"": 0, ""unknown_tags"": []}",2,0,0,0,0,"{""draw"": 0, ""score"": 0, ""colorless"": 0}",0,0,0,,
PL!HS-bp6-003,大沢瑠璃乃,PL!HS-bp6-003 大沢瑠璃乃 - ラブライブ！シリーズ オフィシャルカードゲーム(ラブカ) 非公式 Wiki*,メンバー,ラブライブ！蓮ノ空女学院スクールアイドルクラブ,蓮ノ空,みらくらぱーく！,11.0,3.0,<青>,<桃> 2 <青> 2,,,"<登場>
自分のステージにいるウェイト状態の『みらくらぱーく！』のメンバー1人をアクティブにしてもよい。そうした場合、自分の控え室から『みらくらぱーく！』のライブカードを1枚手札に加える。
<ライブ開始時>
手札を1枚控え室に置いてもよい：ライブ終了時まで、自分のステージにいる『みらくらぱーく！』のメンバー1人は、
<桃>
を得る。",https://wikiwiki.jp/llocardgame/PL%21HS-bp6-003%20%E5%A4%A7%E6%B2%A2%E7%91%A0%E7%92%83%E4%B9%83,MEMBER,{},0,[],{},0,[],"{""blue"": 1}",1,[],"<登場>
自分のステージにいるウェイト状態の『みらくらぱーく！』のメンバー1人をアクティブにしてもよい。そうした場合、自分の控え室から『みらくらぱーく！』のライブカードを1枚手札に加える。
<ライブ開始時>
手札を1枚控え室に置いてもよい：ライブ終了時まで、自分のステージにいる『みらくらぱーく！』のメンバー1人は、
<桃>
を得る。",HAS_TEXT,0,"{""hearts"": {}, ""blade_mentions"": [], ""blade_icon_n"": 0, ""energy_icon_n"": 0, ""all_heart_n"": 0, ""score_delta_icon"": 0, ""unknown_tags"": [], ""tags"": []}",0,0,0,0,0,"{""draw"": 0, ""score"": 0, ""colorless"": 0}",0,0,0,,
PL!HS-bp6-004,百生吟子,PL!HS-bp6-004 百生吟子 - ラブライブ！シリーズ オフィシャルカードゲーム(ラブカ) 非公式 Wiki*,メンバー,ラブライブ！蓮ノ空女学院スクールアイドルクラブ,蓮ノ空,スリーズブーケ,13.0,2.0,<青>,<緑> 2 <青> 2 <紫> 1,,,"<登場>
/
<ライブ開始時>
相手のステージにいるコスト9以下のメンバー1人をウェイトにする。
<ライブ開始時>
手札を1枚控え室に置いてもよい：ライブ終了時まで、
<(ブレード)>
を得る。これにより「百生吟子」のメンバーカードを控え室に置いた場合、さらに
<(ブレード)>
を得る。",https://wikiwiki.jp/llocardgame/PL%21HS-bp6-004%20%E7%99%BE%E7%94%9F%E5%90%9F%E5%AD%90,MEMBER,{},0,[],{},0,[],"{""blue"": 1}",1,[],"<登場>
/
<ライブ開始時>
相手のステージにいるコスト9以下のメンバー1人をウェイトにする。
<ライブ開始時>
手札を1枚控え室に置いてもよい：ライブ終了時まで、
<(ブレード)>
を得る。これにより「百生吟子」のメンバーカードを控え室に置いた場合、さらに
<(ブレード)>
を得る。",HAS_TEXT,0,"{""hearts"": {}, ""blade_mentions"": [], ""tags"": [], ""blade_icon_n"": 2, ""energy_icon_n"": 0, ""all_heart_n"": 0, ""score_delta_icon"": 0, ""unknown_tags"": []}",2,0,0,0,0,"{""draw"": 0, ""score"": 0, ""colorless"": 0}",0,0,0,,
PL!HS-bp6-005,徒町小鈴,PL!HS-bp6-005 徒町小鈴 - ラブライブ！シリーズ オフィシャルカードゲーム(ラブカ) 非公式 Wiki*,メンバー,ラブライブ！蓮ノ空女学院スクールアイドルクラブ,蓮ノ空,DOLLCHESTRA,10.0,3.0,なし,<桃> 1 <緑> 1 <青> 1 <紫> 1,,,"<ライブ開始時>
手札を1枚控え室に置いてもよい：ライブ終了時まで、このメンバーのコストを+6する。その後、自分のステージにいる『蓮ノ空』のメンバーのコストの合計が、相手のステージにいるメンバーのコストの合計より高い場合、さらにライブ終了時まで、
<青>
<(ブレード)>
を得る。
<ライブ成功時>
エールにより公開された自分のカードの中から、『DOLLCHESTRA』のメンバーカードを1枚手札に加える。",https://wikiwiki.jp/llocardgame/PL%21HS-bp6-005%20%E5%BE%92%E7%94%BA%E5%B0%8F%E9%88%B4,MEMBER,{},0,[],{},0,[],{},0,[],"<ライブ開始時>
手札を1枚控え室に置いてもよい：ライブ終了時まで、このメンバーのコストを+6する。その後、自分のステージにいる『蓮ノ空』のメンバーのコストの合計が、相手のステージにいるメンバーのコストの合計より高い場合、さらにライブ終了時まで、
<青>
<(ブレード)>
を得る。
<ライブ成功時>
エールにより公開された自分のカードの中から、『DOLLCHESTRA』のメンバーカードを1枚手札に加える。",HAS_TEXT,0,"{""hearts"": {}, ""blade_mentions"": [], ""tags"": [], ""blade_icon_n"": 1, ""energy_icon_n"": 0, ""all_heart_n"": 0, ""score_delta_icon"": 0, ""unknown_tags"": []}",1,0,0,0,0,"{""draw"": 0, ""score"": 0, ""colorless"": 0}",0,0,0,,
PL!HS-bp6-006,安養寺姫芽,PL!HS-bp6-006 安養寺姫芽 - ラブライブ！シリーズ オフィシャルカードゲーム(ラブカ) 非公式 Wiki*,メンバー,ラブライブ！蓮ノ空女学院スクールアイドルクラブ,蓮ノ空,みらくらぱーく！,20.0,6.0,<桃>,<桃> 6 <緑> 1 <紫> 1,,,"<常時>
手札にあるこのメンバーカードのコストは、自分のステージにいる『みらくらぱーく！』のメンバー1人につき、2少なくなる。
<常時>
このメンバーは『みらくらぱーく！』以外のメンバーカードとのバトンタッチで控え室に置けない。
<ライブ成功時>
このメンバーをウェイトにし、次のターンのアクティブフェイズにアクティブしない。",https://wikiwiki.jp/llocardgame/PL%21HS-bp6-006%20%E5%AE%89%E9%A4%8A%E5%AF%BA%E5%A7%AB%E8%8A%BD,MEMBER,{},0,[],{},0,[],"{""pink"": 1}",1,[],"<常時>
手札にあるこのメンバーカードのコストは、自分のステージにいる『みらくらぱーく！』のメンバー1人につき、2少なくなる。
<常時>
このメンバーは『みらくらぱーく！』以外のメンバーカードとのバトンタッチで控え室に置けない。
<ライブ成功時>
このメンバーをウェイトにし、次のターンのアクティブフェイズにアクティブしない。",HAS_TEXT,0,"{""hearts"": {}, ""blade_mentions"": [], ""blade_icon_n"": 0, ""energy_icon_n"": 0, ""all_heart_n"": 0, ""score_delta_icon"": 0, ""unknown_tags"": [], ""tags"": []}",0,0,0,0,0,"{""draw"": 0, ""score"": 0, ""colorless"": 0}",0,0,0,,
PL!HS-bp6-007,セラス 柳田 リリエンフェルト,PL!HS-bp6-007 セラス 柳田 リリエンフェルト - ラブライブ！シリーズ オフィシャルカードゲーム(ラブカ) 非公式 Wiki*,メンバー,ラブライブ！蓮ノ空女学院スクールアイドルクラブ,蓮ノ空,Edel Note,15.0,5.0,なし,<桃> 1 <緑> 1 <青> 1 <紫> 4,,,"<自動>
<ターン1回>
自分のステージに『Edel Note』のメンバーが登場したとき、相手は、自身のステージにいるアクティブ状態のメンバー1人をウェイトにする。",https://wikiwiki.jp/llocardgame/PL%21HS-bp6-007%20%E3%82%BB%E3%83%A9%E3%82%B9%20%E6%9F%B3%E7%94%B0%20%E3%83%AA%E3%83%AA%E3%82%A8%E3%83%B3%E3%83%95%E3%82%A7%E3%83%AB%E3%83%88,MEMBER,{},0,[],{},0,[],{},0,[],"<自動>
<ターン1回>
自分のステージに『Edel Note』のメンバーが登場したとき、相手は、自身のステージにいるアクティブ状態のメンバー1人をウェイトにする。",HAS_TEXT,0,"{""hearts"": {}, ""blade_mentions"": [], ""blade_icon_n"": 0, ""energy_icon_n"": 0, ""all_heart_n"": 0, ""score_delta_icon"": 0, ""unknown_tags"": [], ""tags"": []}",0,0,0,0,0,"{""draw"": 0, ""score"": 0, ""colorless"": 0}",0,0,0,,
PL!HS-bp6-008,桂城泉,PL!HS-bp6-008 桂城泉 - ラブライブ！シリーズ オフィシャルカードゲーム(ラブカ) 非公式 Wiki*,メンバー,ラブライブ！蓮ノ空女学院スクールアイドルクラブ,蓮ノ空,Edel Note,11.0,3.0,<緑>,<桃> 1 <緑> 1 <紫> 2,,,"<登場>
このメンバーをウェイトにする。その後、自分の控え室からスコア4以下の『蓮ノ空』のライブカードを1枚手札に加える。
<ライブ開始時>
自分のライブ中のカードにスコア2以下のライブカードがある場合、このメンバーをアクティブにする。",https://wikiwiki.jp/llocardgame/PL%21HS-bp6-008%20%E6%A1%82%E5%9F%8E%E6%B3%89,MEMBER,{},0,[],{},0,[],"{""green"": 1}",1,[],"<登場>
このメンバーをウェイトにする。その後、自分の控え室からスコア4以下の『蓮ノ空』のライブカードを1枚手札に加える。
<ライブ開始時>
自分のライブ中のカードにスコア2以下のライブカードがある場合、このメンバーをアクティブにする。",HAS_TEXT,0,"{""hearts"": {}, ""blade_mentions"": [], ""blade_icon_n"": 0, ""energy_icon_n"": 0, ""all_heart_n"": 0, ""score_delta_icon"": 0, ""unknown_tags"": [], ""tags"": []}",0,0,0,0,0,"{""draw"": 0, ""score"": 0, ""colorless"": 0}",0,0,0,,
PL!HS-bp6-009,日野下花帆,PL!HS-bp6-009 日野下花帆 - ラブライブ！シリーズ オフィシャルカードゲーム(ラブカ) 非公式 Wiki*,メンバー,ラブライブ！蓮ノ空女学院スクールアイドルクラブ,蓮ノ空,スリーズブーケ,7.0,3.0,なし,<緑> 1 <紫> 1,,,"<ライブ開始時>
自分のデッキの上からカードを4枚控え室に置く。それらがすべて『蓮ノ空』のカードの場合、ライブ終了時まで、
<(ブレード)>
を得る。",https://wikiwiki.jp/llocardgame/PL%21HS-bp6-009%20%E6%97%A5%E9%87%8E%E4%B8%8B%E8%8A%B1%E5%B8%86,MEMBER,{},0,[],{},0,[],{},0,[],"<ライブ開始時>
自分のデッキの上からカードを4枚控え室に置く。それらがすべて『蓮ノ空』のカードの場合、ライブ終了時まで、
<(ブレード)>
を得る。",HAS_TEXT,0,"{""hearts"": {}, ""blade_mentions"": [], ""tags"": [], ""blade_icon_n"": 1, ""energy_icon_n"": 0, ""all_heart_n"": 0, ""score_delta_icon"": 0, ""unknown_tags"": []}",1,0,0,0,0,"{""draw"": 0, ""score"": 0, ""colorless"": 0}",0,0,0,,
PL!HS-bp6-010,村野さやか,PL!HS-bp6-010 村野さやか - ラブライブ！シリーズ オフィシャルカードゲーム(ラブカ) 非公式 Wiki*,メンバー,ラブライブ！蓮ノ空女学院スクールアイドルクラブ,蓮ノ空,DOLLCHESTRA,4.0,2.0,<青>,<青> 1,,,"<ライブ開始時>
手札の『DOLLCHESTRA』のカードを1枚控え室に置いてもよい：カードを1枚引き、ライブ終了時まで、自分のステージにいる『DOLLCHESTRA』のメンバー1人のコストを+5する。",https://wikiwiki.jp/llocardgame/PL%21HS-bp6-010%20%E6%9D%91%E9%87%8E%E3%81%95%E3%82%84%E3%81%8B,MEMBER,{},0,[],{},0,[],"{""blue"": 1}",1,[],"<ライブ開始時>
手札の『DOLLCHESTRA』のカードを1枚控え室に置いてもよい：カードを1枚引き、ライブ終了時まで、自分のステージにいる『DOLLCHESTRA』のメンバー1人のコストを+5する。",HAS_TEXT,0,"{""hearts"": {}, ""blade_mentions"": [], ""blade_icon_n"": 0, ""energy_icon_n"": 0, ""all_heart_n"": 0, ""score_delta_icon"": 0, ""unknown_tags"": [], ""tags"": []}",0,0,0,0,0,"{""draw"": 0, ""score"": 0, ""colorless"": 0}",0,0,0,,
PL!HS-bp6-011,大沢瑠璃乃,PL!HS-bp6-011 大沢瑠璃乃 - ラブライブ！シリーズ オフィシャルカードゲーム(ラブカ) 非公式 Wiki*,メンバー,ラブライブ！蓮ノ空女学院スクールアイドルクラブ,蓮ノ空,みらくらぱーく！,2.0,1.0,<緑>,<緑> 1,,,"<起動>
<ターン1回>
このメンバーをウェイトにする：カードを1枚引き、手札を1枚控え室に置く。",https://wikiwiki.jp/llocardgame/PL%21HS-bp6-011%20%E5%A4%A7%E6%B2%A2%E7%91%A0%E7%92%83%E4%B9%83,MEMBER,{},0,[],{},0,[],"{""green"": 1}",1,[],"<起動>
<ターン1回>
このメンバーをウェイトにする：カードを1枚引き、手札を1枚控え室に置く。",HAS_TEXT,0,"{""hearts"": {}, ""blade_mentions"": [], ""blade_icon_n"": 0, ""energy_icon_n"": 0, ""all_heart_n"": 0, ""score_delta_icon"": 0, ""unknown_tags"": [], ""tags"": []}",0,0,0,0,0,"{""draw"": 0, ""score"": 0, ""colorless"": 0}",0,0,0,,
PL!HS-bp6-012,百生吟子,PL!HS-bp6-012 百生吟子 - ラブライブ！シリーズ オフィシャルカードゲーム(ラブカ) 非公式 Wiki*,メンバー,ラブライブ！蓮ノ空女学院スクールアイドルクラブ,蓮ノ空,スリーズブーケ,2.0,0.0,<緑>,<緑> 1,,,"<登場>
自分のステージにほかの『スリーズブーケ』のメンバーがいる場合、エネルギーを1枚アクティブにする。",https://wikiwiki.jp/llocardgame/PL%21HS-bp6-012%20%E7%99%BE%E7%94%9F%E5%90%9F%E5%AD%90,MEMBER,{},0,[],{},0,[],"{""green"": 1}",1,[],"<登場>
自分のステージにほかの『スリーズブーケ』のメンバーがいる場合、エネルギーを1枚アクティブにする。",HAS_TEXT,0,"{""hearts"": {}, ""blade_mentions"": [], ""blade_icon_n"": 0, ""energy_icon_n"": 0, ""all_heart_n"": 0, ""score_delta_icon"": 0, ""unknown_tags"": [], ""tags"": []}",0,0,0,0,0,"{""draw"": 0, ""score"": 0, ""colorless"": 0}",0,0,0,,
PL!HS-bp6-013,徒町小鈴,PL!HS-bp6-013 徒町小鈴 - ラブライブ！シリーズ オフィシャルカードゲーム(ラブカ) 非公式 Wiki*,メンバー,ラブライブ！蓮ノ空女学院スクールアイドルクラブ,蓮ノ空,DOLLCHESTRA,15.0,5.0,<紫>,<桃> 1 <青> 2 <紫> 2,,,"<登場>
/
<ライブ開始時>
相手のステージにいる元々持つ
<(ブレード)>
の数が3つ以下の『DOLLCHESTRA』以外のメンバー1人をウェイトにする。",https://wikiwiki.jp/llocardgame/PL%21HS-bp6-013%20%E5%BE%92%E7%94%BA%E5%B0%8F%E9%88%B4,MEMBER,{},0,[],{},0,[],"{""purple"": 1}",1,[],"<登場>
/
<ライブ開始時>
相手のステージにいる元々持つ
<(ブレード)>
の数が3つ以下の『DOLLCHESTRA』以外のメンバー1人をウェイトにする。",HAS_TEXT,0,"{""hearts"": {}, ""blade_mentions"": [], ""tags"": [], ""blade_icon_n"": 1, ""energy_icon_n"": 0, ""all_heart_n"": 0, ""score_delta_icon"": 0, ""unknown_tags"": []}",1,0,0,0,0,"{""draw"": 0, ""score"": 0, ""colorless"": 0}",0,0,0,,
PL!HS-bp6-014,安養寺姫芽,PL!HS-bp6-014 安養寺姫芽 - ラブライブ！シリーズ オフィシャルカードゲーム(ラブカ) 非公式 Wiki*,メンバー,ラブライブ！蓮ノ空女学院スクールアイドルクラブ,蓮ノ空,みらくらぱーく！,2.0,1.0,なし,<桃> 1,,,"<起動>
このカードを手札から控え室に置く：カードを1枚引き、ライブ終了時まで、自分のステージにいる「藤島慈」か「大沢瑠璃乃」のうち1人は
<(ブレード)>
を得る。この能力は、このカードが手札にある場合のみ起動できる。",https://wikiwiki.jp/llocardgame/PL%21HS-bp6-014%20%E5%AE%89%E9%A4%8A%E5%AF%BA%E5%A7%AB%E8%8A%BD,MEMBER,{},0,[],{},0,[],{},0,[],"<起動>
このカードを手札から控え室に置く：カードを1枚引き、ライブ終了時まで、自分のステージにいる「藤島慈」か「大沢瑠璃乃」のうち1人は
<(ブレード)>
を得る。この能力は、このカードが手札にある場合のみ起動できる。",HAS_TEXT,0,"{""hearts"": {}, ""blade_mentions"": [], ""tags"": [], ""blade_icon_n"": 1, ""energy_icon_n"": 0, ""all_heart_n"": 0, ""score_delta_icon"": 0, ""unknown_tags"": []}",1,0,0,0,0,"{""draw"": 0, ""score"": 0, ""colorless"": 0}",0,0,0,,
PL!HS-bp6-015,セラス 柳田 リリエンフェルト,PL!HS-bp6-015 セラス 柳田 リリエンフェルト - ラブライブ！シリーズ オフィシャルカードゲーム(ラブカ) 非公式 Wiki*,メンバー,ラブライブ！蓮ノ空女学院スクールアイドルクラブ,蓮ノ空,Edel Note,4.0,2.0,なし,<紫> 2,,,"<登場>
このメンバーが手札以外からステージに登場している場合、カードを2枚引き、手札を2枚控え室に置く。",https://wikiwiki.jp/llocardgame/PL%21HS-bp6-015%20%E3%82%BB%E3%83%A9%E3%82%B9%20%E6%9F%B3%E7%94%B0%20%E3%83%AA%E3%83%AA%E3%82%A8%E3%83%B3%E3%83%95%E3%82%A7%E3%83%AB%E3%83%88,MEMBER,{},0,[],{},0,[],{},0,[],"<登場>
このメンバーが手札以外からステージに登場している場合、カードを2枚引き、手札を2枚控え室に置く。",HAS_TEXT,0,"{""hearts"": {}, ""blade_mentions"": [], ""blade_icon_n"": 0, ""energy_icon_n"": 0, ""all_heart_n"": 0, ""score_delta_icon"": 0, ""unknown_tags"": [], ""tags"": []}",0,0,0,0,0,"{""draw"": 0, ""score"": 0, ""colorless"": 0}",0,0,0,,
PL!HS-bp6-016,桂城泉,PL!HS-bp6-016 桂城泉 - ラブライブ！シリーズ オフィシャルカードゲーム(ラブカ) 非公式 Wiki*,メンバー,ラブライブ！蓮ノ空女学院スクールアイドルクラブ,蓮ノ空,Edel Note,9.0,4.0,なし,<桃> 1 <緑> 1 <青> 1,,,"<起動>
<ターン1回>
<(E)>
<(E)>
<(E)>
<(E)>
：自分の控え室からコスト4以下の『蓮ノ空』のメンバーカードを1枚、メンバーのいないエリアに登場させる。",https://wikiwiki.jp/llocardgame/PL%21HS-bp6-016%20%E6%A1%82%E5%9F%8E%E6%B3%89,MEMBER,{},0,[],{},0,[],{},0,[],"<起動>
<ターン1回>
<(E)>
<(E)>
<(E)>
<(E)>
：自分の控え室からコスト4以下の『蓮ノ空』のメンバーカードを1枚、メンバーのいないエリアに登場させる。",HAS_TEXT,0,"{""hearts"": {}, ""blade_mentions"": [], ""tags"": [], ""blade_icon_n"": 0, ""energy_icon_n"": 4, ""all_heart_n"": 0, ""score_delta_icon"": 0, ""unknown_tags"": []}",0,4,0,0,0,"{""draw"": 0, ""score"": 0, ""colorless"": 0}",0,0,0,,
PL!HS-bp6-017,日野下花帆,PL!HS-bp6-017 日野下花帆 - ラブライブ！シリーズ オフィシャルカードゲーム(ラブカ) 非公式 Wiki*,メンバー,ラブライブ！蓮ノ空女学院スクールアイドルクラブ,蓮ノ空,スリーズブーケ,11.0,3.0,<緑>,<桃> 1 <緑> 1 <青> 1 <紫> 1,,,"<自動>
このメンバーがステージから控え室に置かれたとき、手札を1枚控え室に置いてもよい。そうした場合、自分の控え室からライブカードとメンバーカードをそれぞれ1枚まで手札に加える。",https://wikiwiki.jp/llocardgame/PL%21HS-bp6-017%20%E6%97%A5%E9%87%8E%E4%B8%8B%E8%8A%B1%E5%B8%86,MEMBER,{},0,[],{},0,[],"{""green"": 1}",1,[],"<自動>
このメンバーがステージから控え室に置かれたとき、手札を1枚控え室に置いてもよい。そうした場合、自分の控え室からライブカードとメンバーカードをそれぞれ1枚まで手札に加える。",HAS_TEXT,0,"{""hearts"": {}, ""blade_mentions"": [], ""blade_icon_n"": 0, ""energy_icon_n"": 0, ""all_heart_n"": 0, ""score_delta_icon"": 0, ""unknown_tags"": [], ""tags"": []}",0,0,0,0,0,"{""draw"": 0, ""score"": 0, ""colorless"": 0}",0,0,0,,
PL!HS-bp6-018,村野さやか,PL!HS-bp6-018 村野さやか - ラブライブ！シリーズ オフィシャルカードゲーム(ラブカ) 非公式 Wiki*,メンバー,ラブライブ！蓮ノ空女学院スクールアイドルクラブ,蓮ノ空,DOLLCHESTRA,7.0,2.0,なし,<青> 1 <紫> 1,,,"<自動>
このメンバーがステージから控え室に置かれたとき、手札を1枚控え室に置いてもよい。そうした場合、ライブ終了時まで、自分のステージにいるメンバー1人は、
<青>
<(ブレード)>
を得る。",https://wikiwiki.jp/llocardgame/PL%21HS-bp6-018%20%E6%9D%91%E9%87%8E%E3%81%95%E3%82%84%E3%81%8B,MEMBER,{},0,[],{},0,[],{},0,[],"<自動>
このメンバーがステージから控え室に置かれたとき、手札を1枚控え室に置いてもよい。そうした場合、ライブ終了時まで、自分のステージにいるメンバー1人は、
<青>
<(ブレード)>
を得る。",HAS_TEXT,0,"{""hearts"": {}, ""blade_mentions"": [], ""tags"": [], ""blade_icon_n"": 1, ""energy_icon_n"": 0, ""all_heart_n"": 0, ""score_delta_icon"": 0, ""unknown_tags"": []}",1,0,0,0,0,"{""draw"": 0, ""score"": 0, ""colorless"": 0}",0,0,0,,
PL!HS-bp6-019,大沢瑠璃乃,PL!HS-bp6-019 大沢瑠璃乃 - ラブライブ！シリーズ オフィシャルカードゲーム(ラブカ) 非公式 Wiki*,メンバー,ラブライブ！蓮ノ空女学院スクールアイドルクラブ,蓮ノ空,みらくらぱーく！,5.0,2.0,なし,<桃> 2,,,"<自動>
このメンバーがステージから控え室に置かれたとき、カードを2枚引き、手札を2枚控え室に置く。",https://wikiwiki.jp/llocardgame/PL%21HS-bp6-019%20%E5%A4%A7%E6%B2%A2%E7%91%A0%E7%92%83%E4%B9%83,MEMBER,{},0,[],{},0,[],{},0,[],"<自動>
このメンバーがステージから控え室に置かれたとき、カードを2枚引き、手札を2枚控え室に置く。",HAS_TEXT,0,"{""hearts"": {}, ""blade_mentions"": [], ""blade_icon_n"": 0, ""energy_icon_n"": 0, ""all_heart_n"": 0, ""score_delta_icon"": 0, ""unknown_tags"": [], ""tags"": []}",0,0,0,0,0,"{""draw"": 0, ""score"": 0, ""colorless"": 0}",0,0,0,,
PL!HS-bp6-020,百生吟子,PL!HS-bp6-020 百生吟子 - ラブライブ！シリーズ オフィシャルカードゲーム(ラブカ) 非公式 Wiki*,メンバー,ラブライブ！蓮ノ空女学院スクールアイドルクラブ,蓮ノ空,スリーズブーケ,4.0,1.0,<緑>,<緑> 1,,,"<登場>
カードを1枚引き、手札を1枚控え室に置く。",https://wikiwiki.jp/llocardgame/PL%21HS-bp6-020%20%E7%99%BE%E7%94%9F%E5%90%9F%E5%AD%90,MEMBER,{},0,[],{},0,[],"{""green"": 1}",1,[],"<登場>
カードを1枚引き、手札を1枚控え室に置く。",HAS_TEXT,0,"{""hearts"": {}, ""blade_mentions"": [], ""blade_icon_n"": 0, ""energy_icon_n"": 0, ""all_heart_n"": 0, ""score_delta_icon"": 0, ""unknown_tags"": [], ""tags"": []}",0,0,0,0,0,"{""draw"": 0, ""score"": 0, ""colorless"": 0}",0,0,0,,
PL!HS-bp6-021,徒町小鈴,PL!HS-bp6-021 徒町小鈴 - ラブライブ！シリーズ オフィシャルカードゲーム(ラブカ) 非公式 Wiki*,メンバー,ラブライブ！蓮ノ空女学院スクールアイドルクラブ,蓮ノ空,DOLLCHESTRA,9.0,3.0,なし,<桃> 1 <緑> 1 <青> 1 <紫> 1,,,(なし),https://wikiwiki.jp/llocardgame/PL%21HS-bp6-021%20%E5%BE%92%E7%94%BA%E5%B0%8F%E9%88%B4,MEMBER,{},0,[],{},0,[],{},0,[],(なし),NO_ABILITY,1,"{""hearts"": {}, ""blade_mentions"": [], ""blade_icon_n"": 0, ""energy_icon_n"": 0, ""all_heart_n"": 0, ""score_delta_icon"": 0, ""unknown_tags"": [], ""tags"": []}",0,0,0,0,0,"{""draw"": 0, ""score"": 0, ""colorless"": 0}",0,0,0,,
PL!HS-bp6-022,安養寺姫芽,PL!HS-bp6-022 安養寺姫芽 - ラブライブ！シリーズ オフィシャルカードゲーム(ラブカ) 非公式 Wiki*,メンバー,ラブライブ！蓮ノ空女学院スクールアイドルクラブ,蓮ノ空,みらくらぱーく！,9.0,3.0,なし,<桃> 2 <青> 1,,,"<登場>
手札を1枚控え室に置いてもよい：自分のデッキの上からカードを5枚見る。その中からライブカードを1枚公開して手札に加えてもよい。残りを控え室に置く。",https://wikiwiki.jp/llocardgame/PL%21HS-bp6-022%20%E5%AE%89%E9%A4%8A%E5%AF%BA%E5%A7%AB%E8%8A%BD,MEMBER,{},0,[],{},0,[],{},0,[],"<登場>
手札を1枚控え室に置いてもよい：自分のデッキの上からカードを5枚見る。その中からライブカードを1枚公開して手札に加えてもよい。残りを控え室に置く。",HAS_TEXT,0,"{""hearts"": {}, ""blade_mentions"": [], ""blade_icon_n"": 0, ""energy_icon_n"": 0, ""all_heart_n"": 0, ""score_delta_icon"": 0, ""unknown_tags"": [], ""tags"": []}",0,0,0,0,0,"{""draw"": 0, ""score"": 0, ""colorless"": 0}",0,0,0,,
PL!HS-bp6-023,セラス 柳田 リリエンフェルト,PL!HS-bp6-023 セラス 柳田 リリエンフェルト - ラブライブ！シリーズ オフィシャルカードゲーム(ラブカ) 非公式 Wiki*,メンバー,ラブライブ！蓮ノ空女学院スクールアイドルクラブ,蓮ノ空,Edel Note,5.0,1.0,なし,<桃> 1 <青> 1 <紫> 1,,,(なし),https://wikiwiki.jp/llocardgame/PL%21HS-bp6-023%20%E3%82%BB%E3%83%A9%E3%82%B9%20%E6%9F%B3%E7%94%B0%20%E3%83%AA%E3%83%AA%E3%82%A8%E3%83%B3%E3%83%95%E3%82%A7%E3%83%AB%E3%83%88,MEMBER,{},0,[],{},0,[],{},0,[],(なし),NO_ABILITY,1,"{""hearts"": {}, ""blade_mentions"": [], ""blade_icon_n"": 0, ""energy_icon_n"": 0, ""all_heart_n"": 0, ""score_delta_icon"": 0, ""unknown_tags"": [], ""tags"": []}",0,0,0,0,0,"{""draw"": 0, ""score"": 0, ""colorless"": 0}",0,0,0,,
PL!HS-bp6-024,桂城泉,PL!HS-bp6-024 桂城泉 - ラブライブ！シリーズ オフィシャルカードゲーム(ラブカ) 非公式 Wiki*,メンバー,ラブライブ！蓮ノ空女学院スクールアイドルクラブ,蓮ノ空,Edel Note,4.0,1.0,<紫>,<桃> 1 <紫> 1,,,(なし),https://wikiwiki.jp/llocardgame/PL%21HS-bp6-024%20%E6%A1%82%E5%9F%8E%E6%B3%89,MEMBER,{},0,[],{},0,[],"{""purple"": 1}",1,[],(なし),NO_ABILITY,1,"{""hearts"": {}, ""blade_mentions"": [], ""blade_icon_n"": 0, ""energy_icon_n"": 0, ""all_heart_n"": 0, ""score_delta_icon"": 0, ""unknown_tags"": [], ""tags"": []}",0,0,0,0,0,"{""draw"": 0, ""score"": 0, ""colorless"": 0}",0,0,0,,
PL!HS-bp6-025,ツバサ・ラ・リベルテ,PL!HS-bp6-025 ツバサ・ラ・リベルテ - ラブライブ！シリーズ オフィシャルカードゲーム(ラブカ) 非公式 Wiki*,ライブ,ラブライブ！蓮ノ空女学院スクールアイドルクラブ,蓮ノ空,,,,<ALL>,,<桃> 1 <緑> 1 <青> 4 <任意> 4 (合計10),4.0,"<ライブ開始時>
手札を1枚控え室に置いてもよい：ライブ終了時まで、自分のステージにいる『蓮ノ空』のメンバー1人は、
<青>
を得る。
<ライブ成功時>
自分のステージにメンバーが2人以上いる場合、自分の控え室からスコア3以下のライブカードを1枚手札に加える。",https://wikiwiki.jp/llocardgame/PL%21HS-bp6-025%20%E3%83%84%E3%83%90%E3%82%B5%E3%83%BB%E3%83%A9%E3%83%BB%E3%83%AA%E3%83%99%E3%83%AB%E3%83%86,LIVE,{},0,[],{},10,[],"{""all"": 1}",1,[],"<ライブ開始時>
手札を1枚控え室に置いてもよい：ライブ終了時まで、自分のステージにいる『蓮ノ空』のメンバー1人は、
<青>
を得る。
<ライブ成功時>
自分のステージにメンバーが2人以上いる場合、自分の控え室からスコア3以下のライブカードを1枚手札に加える。",HAS_TEXT,0,"{""hearts"": {}, ""blade_mentions"": [], ""blade_icon_n"": 0, ""energy_icon_n"": 0, ""all_heart_n"": 0, ""score_delta_icon"": 0, ""unknown_tags"": [], ""tags"": []}",0,0,0,0,0,"{""draw"": 0, ""score"": 0, ""colorless"": 0}",0,0,0,,
PL!HS-bp6-026,可惜夜花火,PL!HS-bp6-026 可惜夜花火 - ラブライブ！シリーズ オフィシャルカードゲーム(ラブカ) 非公式 Wiki*,ライブ,ラブライブ！蓮ノ空女学院スクールアイドルクラブ,蓮ノ空,スリーズブーケ,,,<ALL>,,<緑> 2 <紫> 2 <任意> 3 (合計7),3.0,(なし),https://wikiwiki.jp/llocardgame/PL%21HS-bp6-026%20%E5%8F%AF%E6%83%9C%E5%A4%9C%E8%8A%B1%E7%81%AB,LIVE,{},0,[],{},7,[],"{""all"": 1}",1,[],(なし),NO_ABILITY,1,"{""hearts"": {}, ""blade_mentions"": [], ""blade_icon_n"": 0, ""energy_icon_n"": 0, ""all_heart_n"": 0, ""score_delta_icon"": 0, ""unknown_tags"": [], ""tags"": []}",0,0,0,0,0,"{""draw"": 0, ""score"": 0, ""colorless"": 0}",0,0,0,,
PL!HS-bp6-027,月夜見海月,PL!HS-bp6-027 月夜見海月 - ラブライブ！シリーズ オフィシャルカードゲーム(ラブカ) 非公式 Wiki*,ライブ,ラブライブ！蓮ノ空女学院スクールアイドルクラブ,蓮ノ空,スリーズブーケ,,,<緑> <ドロー+1>,,<緑> 4 <青> 1 <紫> 1 <任意> 6 (合計12),5.0,"<自動>
<ターン1回>
自分がエールしたとき、エールにより公開された自分のブレードハートを持たない『蓮ノ空』のカードを3枚まで控え室に置いてもよい。そうした場合、これにより控え室に置いた数に等しい枚数のエールを追加で行う。",https://wikiwiki.jp/llocardgame/PL%21HS-bp6-027%20%E6%9C%88%E5%A4%9C%E8%A6%8B%E6%B5%B7%E6%9C%88,LIVE,{},0,[],{},12,[],"{""green"": 1}",1,[],"<自動>
<ターン1回>
自分がエールしたとき、エールにより公開された自分のブレードハートを持たない『蓮ノ空』のカードを3枚まで控え室に置いてもよい。そうした場合、これにより控え室に置いた数に等しい枚数のエールを追加で行う。",HAS_TEXT,0,"{""hearts"": {}, ""blade_mentions"": [], ""blade_icon_n"": 0, ""energy_icon_n"": 0, ""all_heart_n"": 0, ""score_delta_icon"": 0, ""unknown_tags"": [], ""tags"": []}",0,0,0,0,0,"{""draw"": 1, ""score"": 0, ""colorless"": 0}",1,0,0,,
PL!HS-bp6-028,ブルウモーメント,PL!HS-bp6-028 ブルウモーメント - ラブライブ！シリーズ オフィシャルカードゲーム(ラブカ) 非公式 Wiki*,ライブ,ラブライブ！蓮ノ空女学院スクールアイドルクラブ,蓮ノ空,DOLLCHESTRA,,,<ALL>,,<青> 2 <紫> 1 <任意> 2 (合計5),2.0,"<ライブ成功時>
このターン、自分が余剰ハートを1つ以上持っている場合、自分のデッキの上からカードを2枚見る。その中から好きな枚数を好きな順番でデッキの上に置き、残りを控え室に置く。",https://wikiwiki.jp/llocardgame/PL%21HS-bp6-028%20%E3%83%96%E3%83%AB%E3%82%A6%E3%83%A2%E3%83%BC%E3%83%A1%E3%83%B3%E3%83%88,LIVE,{},0,[],{},5,[],"{""all"": 1}",1,[],"<ライブ成功時>
このターン、自分が余剰ハートを1つ以上持っている場合、自分のデッキの上からカードを2枚見る。その中から好きな枚数を好きな順番でデッキの上に置き、残りを控え室に置く。",HAS_TEXT,0,"{""hearts"": {}, ""blade_mentions"": [], ""blade_icon_n"": 0, ""energy_icon_n"": 0, ""all_heart_n"": 0, ""score_delta_icon"": 0, ""unknown_tags"": [], ""tags"": []}",0,0,0,0,0,"{""draw"": 0, ""score"": 0, ""colorless"": 0}",0,0,0,,
PL!HS-bp6-029,Proof,PL!HS-bp6-029 Proof - ラブライブ！シリーズ オフィシャルカードゲーム(ラブカ) 非公式 Wiki*,ライブ,ラブライブ！蓮ノ空女学院スクールアイドルクラブ,蓮ノ空,DOLLCHESTRA,,,<ALL>,,<緑> 1 <青> 4 <紫> 1 <任意> 6 (合計12),5.0,"<ライブ開始時>
自分のステージにいる『蓮ノ空』のメンバーのコストが合計20以上の場合、デッキの上のカードを2枚見る。その中から1枚を手札に加え、残りをデッキの上に戻す。30以上の場合、さらにこのカードの必要ハートを
<任意>
<任意>
減らす。",https://wikiwiki.jp/llocardgame/PL%21HS-bp6-029%20Proof,LIVE,{},0,[],{},12,[],"{""all"": 1}",1,[],"<ライブ開始時>
自分のステージにいる『蓮ノ空』のメンバーのコストが合計20以上の場合、デッキの上のカードを2枚見る。その中から1枚を手札に加え、残りをデッキの上に戻す。30以上の場合、さらにこのカードの必要ハートを
<任意>
<任意>
減らす。",HAS_TEXT,0,"{""hearts"": {}, ""blade_mentions"": [], ""blade_icon_n"": 0, ""energy_icon_n"": 0, ""all_heart_n"": 0, ""score_delta_icon"": 0, ""unknown_tags"": [], ""tags"": []}",0,0,0,0,0,"{""draw"": 0, ""score"": 0, ""colorless"": 0}",0,0,0,,
PL!HS-bp6-030,Very! Very! COCO夏っ,PL!HS-bp6-030 Very! Very! COCO夏っ - ラブライブ！シリーズ オフィシャルカードゲーム(ラブカ) 非公式 Wiki*,ライブ,ラブライブ！蓮ノ空女学院スクールアイドルクラブ,蓮ノ空,みらくらぱーく！,,,<ALL>,,<桃> 1 <緑> 1 <任意> 1 (合計3),1.0,"<ライブ開始時>
カードを1枚引き、手札を1枚控え室に置く。",https://wikiwiki.jp/llocardgame/PL%21HS-bp6-030%20Very%21%20Very%21%20COCO%E5%A4%8F%E3%81%A3,LIVE,{},0,[],{},3,[],"{""all"": 1}",1,[],"<ライブ開始時>
カードを1枚引き、手札を1枚控え室に置く。",HAS_TEXT,0,"{""hearts"": {}, ""blade_mentions"": [], ""blade_icon_n"": 0, ""energy_icon_n"": 0, ""all_heart_n"": 0, ""score_delta_icon"": 0, ""unknown_tags"": [], ""tags"": []}",0,0,0,0,0,"{""draw"": 0, ""score"": 0, ""colorless"": 0}",0,0,0,,
PL!HS-bp6-031,ファンファーレ！！！,PL!HS-bp6-031 ファンファーレ！！！ - ラブライブ！シリーズ オフィシャルカードゲーム(ラブカ) 非公式 Wiki*,ライブ,ラブライブ！蓮ノ空女学院スクールアイドルクラブ,蓮ノ空,みらくらぱーく！,,,<スコア+1>,,<桃> 8 <緑> 1 <青> 1 <紫> 1 <任意> 7 (合計18),8.0,"<ライブ開始時>
自分の控え室にあるすべてのメンバーカードをシャッフルし、デッキの下に置いてもよい。これにより『みらくらぱーく！』のカードを15枚以上デッキの下に置いた場合、ライブ終了時まで、自分のステージにいる「安養寺姫芽」1人は
<(ブレード)>
<(ブレード)>
<(ブレード)>
を得る。",https://wikiwiki.jp/llocardgame/PL%21HS-bp6-031%20%E3%83%95%E3%82%A1%E3%83%B3%E3%83%95%E3%82%A1%E3%83%BC%E3%83%AC%EF%BC%81%EF%BC%81%EF%BC%81,LIVE,{},0,[],{},18,[],{},0,[],"<ライブ開始時>
自分の控え室にあるすべてのメンバーカードをシャッフルし、デッキの下に置いてもよい。これにより『みらくらぱーく！』のカードを15枚以上デッキの下に置いた場合、ライブ終了時まで、自分のステージにいる「安養寺姫芽」1人は
<(ブレード)>
<(ブレード)>
<(ブレード)>
を得る。",HAS_TEXT,0,"{""hearts"": {}, ""blade_mentions"": [], ""tags"": [], ""blade_icon_n"": 3, ""energy_icon_n"": 0, ""all_heart_n"": 0, ""score_delta_icon"": 0, ""unknown_tags"": []}",3,0,0,0,0,"{""draw"": 0, ""score"": 1, ""colorless"": 0}",0,1,0,,
PL!HS-bp6-032,フュージョンクラスト,PL!HS-bp6-032 フュージョンクラスト - ラブライブ！シリーズ オフィシャルカードゲーム(ラブカ) 非公式 Wiki*,ライブ,ラブライブ！蓮ノ空女学院スクールアイドルクラブ,蓮ノ空,Edel Note,,,<ALL>,,<緑> 1 <紫> 3 <任意> 1 (合計5),2.0,"<ライブ成功時>
エールにより公開された自分のカードの中から、コスト4以下のメンバーカードを1枚手札に加える。",https://wikiwiki.jp/llocardgame/PL%21HS-bp6-032%20%E3%83%95%E3%83%A5%E3%83%BC%E3%82%B8%E3%83%A7%E3%83%B3%E3%82%AF%E3%83%A9%E3%82%B9%E3%83%88,LIVE,{},0,[],{},5,[],"{""all"": 1}",1,[],"<ライブ成功時>
エールにより公開された自分のカードの中から、コスト4以下のメンバーカードを1枚手札に加える。",HAS_TEXT,0,"{""hearts"": {}, ""blade_mentions"": [], ""blade_icon_n"": 0, ""energy_icon_n"": 0, ""all_heart_n"": 0, ""score_delta_icon"": 0, ""unknown_tags"": [], ""tags"": []}",0,0,0,0,0,"{""draw"": 0, ""score"": 0, ""colorless"": 0}",0,0,0,,
PL!HS-cl1-001,日野下花帆,PL!HS-cl1-001 日野下花帆 - ラブライブ！シリーズ オフィシャルカードゲーム(ラブカ) 非公式 Wiki*,メンバー,ラブライブ！蓮ノ空女学院スクールアイドルクラブ,蓮ノ空,スリーズブーケ,4.0,2.0,<青>,<青> 1,,,"<ライブ開始時>
自分のデッキの上からカードを1枚見る。そのカードを控え室に置いてもよい。",https://wikiwiki.jp/llocardgame/PL%21HS-cl1-001%20%E6%97%A5%E9%87%8E%E4%B8%8B%E8%8A%B1%E5%B8%86,MEMBER,{},0,[],{},0,[],"{""blue"": 1}",1,[],"<ライブ開始時>
自分のデッキの上からカードを1枚見る。そのカードを控え室に置いてもよい。",HAS_TEXT,0,"{""hearts"": {}, ""blade_mentions"": [], ""blade_icon_n"": 0, ""energy_icon_n"": 0, ""all_heart_n"": 0, ""score_delta_icon"": 0, ""unknown_tags"": [], ""tags"": []}",0,0,0,0,0,"{""draw"": 0, ""score"": 0, ""colorless"": 0}",0,0,0,,
PL!HS-cl1-002,村野さやか,PL!HS-cl1-002 村野さやか - ラブライブ！シリーズ オフィシャルカードゲーム(ラブカ) 非公式 Wiki*,メンバー,ラブライブ！蓮ノ空女学院スクールアイドルクラブ,蓮ノ空,DOLLCHESTRA,5.0,2.0,なし,<桃> 1 <青> 1,,,"<登場>
<(E)>
支払ってもよい：自分の控え室から『DOLLCHESTRA』のカードを1枚手札に加える。",https://wikiwiki.jp/llocardgame/PL%21HS-cl1-002%20%E6%9D%91%E9%87%8E%E3%81%95%E3%82%84%E3%81%8B,MEMBER,{},0,[],{},0,[],{},0,[],"<登場>
<(E)>
支払ってもよい：自分の控え室から『DOLLCHESTRA』のカードを1枚手札に加える。",HAS_TEXT,0,"{""hearts"": {}, ""blade_mentions"": [], ""tags"": [], ""blade_icon_n"": 0, ""energy_icon_n"": 1, ""all_heart_n"": 0, ""score_delta_icon"": 0, ""unknown_tags"": []}",0,1,0,0,0,"{""draw"": 0, ""score"": 0, ""colorless"": 0}",0,0,0,,
PL!HS-cl1-003,大沢瑠璃乃,PL!HS-cl1-003 大沢瑠璃乃 - ラブライブ！シリーズ オフィシャルカードゲーム(ラブカ) 非公式 Wiki*,メンバー,ラブライブ！蓮ノ空女学院スクールアイドルクラブ,蓮ノ空,みらくらぱーく！,4.0,2.0,<青>,<青> 1,,,"<起動>
<ターン1回>
このメンバーをウェイトにする：ライブ終了時まで、自分のステージにいる『みらくらぱーく！』のメンバー1人は、
<(ブレード)>
を得る。",https://wikiwiki.jp/llocardgame/PL%21HS-cl1-003%20%E5%A4%A7%E6%B2%A2%E7%91%A0%E7%92%83%E4%B9%83,MEMBER,{},0,[],{},0,[],"{""blue"": 1}",1,[],"<起動>
<ターン1回>
このメンバーをウェイトにする：ライブ終了時まで、自分のステージにいる『みらくらぱーく！』のメンバー1人は、
<(ブレード)>
を得る。",HAS_TEXT,0,"{""hearts"": {}, ""blade_mentions"": [], ""tags"": [], ""blade_icon_n"": 1, ""energy_icon_n"": 0, ""all_heart_n"": 0, ""score_delta_icon"": 0, ""unknown_tags"": []}",1,0,0,0,0,"{""draw"": 0, ""score"": 0, ""colorless"": 0}",0,0,0,,
PL!HS-cl1-004,百生吟子,PL!HS-cl1-004 百生吟子 - ラブライブ！シリーズ オフィシャルカードゲーム(ラブカ) 非公式 Wiki*,メンバー,ラブライブ！蓮ノ空女学院スクールアイドルクラブ,蓮ノ空,スリーズブーケ,9.0,4.0,なし,<緑> 1 <紫> 2,,,"<登場>
以下から1つを選ぶ。
・自分のデッキの上からカードを3枚控え室に置く。
・相手のステージにいるコスト2以下のメンバー1人をウェイトにする。",https://wikiwiki.jp/llocardgame/PL%21HS-cl1-004%20%E7%99%BE%E7%94%9F%E5%90%9F%E5%AD%90,MEMBER,{},0,[],{},0,[],{},0,[],"<登場>
以下から1つを選ぶ。
・自分のデッキの上からカードを3枚控え室に置く。
・相手のステージにいるコスト2以下のメンバー1人をウェイトにする。",HAS_TEXT,0,"{""hearts"": {}, ""blade_mentions"": [], ""blade_icon_n"": 0, ""energy_icon_n"": 0, ""all_heart_n"": 0, ""score_delta_icon"": 0, ""unknown_tags"": [], ""tags"": []}",0,0,0,0,0,"{""draw"": 0, ""score"": 0, ""colorless"": 0}",0,0,0,,
PL!HS-cl1-005,徒町小鈴,PL!HS-cl1-005 徒町小鈴 - ラブライブ！シリーズ オフィシャルカードゲーム(ラブカ) 非公式 Wiki*,メンバー,ラブライブ！蓮ノ空女学院スクールアイドルクラブ,蓮ノ空,DOLLCHESTRA,4.0,0.0,<青>,<青> 2,,,"<ライブ開始時>
<(E)>
支払ってもよい：ライブ終了時まで、
<(ブレード)>
<(ブレード)>
を得る。",https://wikiwiki.jp/llocardgame/PL%21HS-cl1-005%20%E5%BE%92%E7%94%BA%E5%B0%8F%E9%88%B4,MEMBER,{},0,[],{},0,[],"{""blue"": 1}",1,[],"<ライブ開始時>
<(E)>
支払ってもよい：ライブ終了時まで、
<(ブレード)>
<(ブレード)>
を得る。",HAS_TEXT,0,"{""hearts"": {}, ""blade_mentions"": [], ""tags"": [], ""blade_icon_n"": 2, ""energy_icon_n"": 1, ""all_heart_n"": 0, ""score_delta_icon"": 0, ""unknown_tags"": []}",2,1,0,0,0,"{""draw"": 0, ""score"": 0, ""colorless"": 0}",0,0,0,,
PL!HS-cl1-006,安養寺姫芽,PL!HS-cl1-006 安養寺姫芽 - ラブライブ！シリーズ オフィシャルカードゲーム(ラブカ) 非公式 Wiki*,メンバー,ラブライブ！蓮ノ空女学院スクールアイドルクラブ,蓮ノ空,みらくらぱーく！,11.0,2.0,<桃>,<桃> 1 <緑> 1 <青> 1 <紫> 1,,,"<登場>
ライブ終了時まで、
<(ブレード)>
<(ブレード)>
<(ブレード)>
を得る。",https://wikiwiki.jp/llocardgame/PL%21HS-cl1-006%20%E5%AE%89%E9%A4%8A%E5%AF%BA%E5%A7%AB%E8%8A%BD,MEMBER,{},0,[],{},0,[],"{""pink"": 1}",1,[],"<登場>
ライブ終了時まで、
<(ブレード)>
<(ブレード)>
<(ブレード)>
を得る。",HAS_TEXT,0,"{""hearts"": {}, ""blade_mentions"": [], ""tags"": [], ""blade_icon_n"": 3, ""energy_icon_n"": 0, ""all_heart_n"": 0, ""score_delta_icon"": 0, ""unknown_tags"": []}",3,0,0,0,0,"{""draw"": 0, ""score"": 0, ""colorless"": 0}",0,0,0,,
PL!HS-cl1-007,セラス 柳田 リリエンフェルト,PL!HS-cl1-007 セラス 柳田 リリエンフェルト - ラブライブ！シリーズ オフィシャルカードゲーム(ラブカ) 非公式 Wiki*,メンバー,ラブライブ！蓮ノ空女学院スクールアイドルクラブ,蓮ノ空,Edel Note,7.0,1.0,なし,<青> 1 <紫> 2,,,"<登場>
手札を1枚控え室に置いてもよい：自分のデッキの上からカードを3枚見る。その中から1枚を手札に加える。残りを控え室に置く。",https://wikiwiki.jp/llocardgame/PL%21HS-cl1-007%20%E3%82%BB%E3%83%A9%E3%82%B9%20%E6%9F%B3%E7%94%B0%20%E3%83%AA%E3%83%AA%E3%82%A8%E3%83%B3%E3%83%95%E3%82%A7%E3%83%AB%E3%83%88,MEMBER,{},0,[],{},0,[],{},0,[],"<登場>
手札を1枚控え室に置いてもよい：自分のデッキの上からカードを3枚見る。その中から1枚を手札に加える。残りを控え室に置く。",HAS_TEXT,0,"{""hearts"": {}, ""blade_mentions"": [], ""blade_icon_n"": 0, ""energy_icon_n"": 0, ""all_heart_n"": 0, ""score_delta_icon"": 0, ""unknown_tags"": [], ""tags"": []}",0,0,0,0,0,"{""draw"": 0, ""score"": 0, ""colorless"": 0}",0,0,0,,
PL!HS-cl1-008,桂城泉,PL!HS-cl1-008 桂城泉 - ラブライブ！シリーズ オフィシャルカードゲーム(ラブカ) 非公式 Wiki*,メンバー,ラブライブ！蓮ノ空女学院スクールアイドルクラブ,蓮ノ空,Edel Note,4.0,2.0,<緑>,<緑> 1,,,"<起動>
このメンバーをステージから控え室に置く：自分の控え室から『蓮ノ空』のカードを1枚手札に加える。",https://wikiwiki.jp/llocardgame/PL%21HS-cl1-008%20%E6%A1%82%E5%9F%8E%E6%B3%89,MEMBER,{},0,[],{},0,[],"{""green"": 1}",1,[],"<起動>
このメンバーをステージから控え室に置く：自分の控え室から『蓮ノ空』のカードを1枚手札に加える。",HAS_TEXT,0,"{""hearts"": {}, ""blade_mentions"": [], ""blade_icon_n"": 0, ""energy_icon_n"": 0, ""all_heart_n"": 0, ""score_delta_icon"": 0, ""unknown_tags"": [], ""tags"": []}",0,0,0,0,0,"{""draw"": 0, ""score"": 0, ""colorless"": 0}",0,0,0,,
PL!HS-cl1-009,水彩世界,PL!HS-cl1-009 水彩世界 - ラブライブ！シリーズ オフィシャルカードゲーム(ラブカ) 非公式 Wiki*,ライブ,ラブライブ！蓮ノ空女学院スクールアイドルクラブ,蓮ノ空,スリーズブーケ,,,<ALL>,,<緑> 1 <青> 1 <任意> 1 (合計3),1.0,"<ライブ成功時>
エールにより公開された自分のカードの中から、コスト4以上9以下の『蓮ノ空』のメンバーカードを1枚手札に加える。",https://wikiwiki.jp/llocardgame/PL%21HS-cl1-009%20%E6%B0%B4%E5%BD%A9%E4%B8%96%E7%95%8C,LIVE,{},0,[],{},3,[],"{""all"": 1}",1,[],"<ライブ成功時>
エールにより公開された自分のカードの中から、コスト4以上9以下の『蓮ノ空』のメンバーカードを1枚手札に加える。",HAS_TEXT,0,"{""hearts"": {}, ""blade_mentions"": [], ""blade_icon_n"": 0, ""energy_icon_n"": 0, ""all_heart_n"": 0, ""score_delta_icon"": 0, ""unknown_tags"": [], ""tags"": []}",0,0,0,0,0,"{""draw"": 0, ""score"": 0, ""colorless"": 0}",0,0,0,,
PL!HS-cl1-010,AWOKE,PL!HS-cl1-010 AWOKE - ラブライブ！シリーズ オフィシャルカードゲーム(ラブカ) 非公式 Wiki*,ライブ,ラブライブ！蓮ノ空女学院スクールアイドルクラブ,蓮ノ空,DOLLCHESTRA,,,<ALL>,,<青> 5 <任意> 3 (合計8),3.0,"<ライブ開始時>
ライブ終了時まで、自分のステージにいるコスト10以上の『蓮ノ空』のメンバー1人は、
<(ブレード)>
<(ブレード)>
を得る。",https://wikiwiki.jp/llocardgame/PL%21HS-cl1-010%20AWOKE,LIVE,{},0,[],{},8,[],"{""all"": 1}",1,[],"<ライブ開始時>
ライブ終了時まで、自分のステージにいるコスト10以上の『蓮ノ空』のメンバー1人は、
<(ブレード)>
<(ブレード)>
を得る。",HAS_TEXT,0,"{""hearts"": {}, ""blade_mentions"": [], ""tags"": [], ""blade_icon_n"": 2, ""energy_icon_n"": 0, ""all_heart_n"": 0, ""score_delta_icon"": 0, ""unknown_tags"": []}",2,0,0,0,0,"{""draw"": 0, ""score"": 0, ""colorless"": 0}",0,0,0,,
PL!HS-cl1-011,ド！ド！ド！,PL!HS-cl1-011 ド！ド！ド！ - ラブライブ！シリーズ オフィシャルカードゲーム(ラブカ) 非公式 Wiki*,ライブ,ラブライブ！蓮ノ空女学院スクールアイドルクラブ,蓮ノ空,みらくらぱーく！,,,<桃> <ドロー+1>,,<桃> 4 <緑> 1 <紫> 1 <任意> 6 (合計12),5.0,"<ライブ成功時>
<(E)>
支払ってもよい：以下から1つを選ぶ。
・自分の控え室からメンバーカードを1枚手札に加える。
・自分のライブカード置き場にカードが2枚以上ある場合、自分の控え室から『蓮ノ空』のライブカードを1枚手札に加える。",https://wikiwiki.jp/llocardgame/PL%21HS-cl1-011%20%E3%83%89%EF%BC%81%E3%83%89%EF%BC%81%E3%83%89%EF%BC%81,LIVE,{},0,[],{},12,[],"{""pink"": 1}",1,[],"<ライブ成功時>
<(E)>
支払ってもよい：以下から1つを選ぶ。
・自分の控え室からメンバーカードを1枚手札に加える。
・自分のライブカード置き場にカードが2枚以上ある場合、自分の控え室から『蓮ノ空』のライブカードを1枚手札に加える。",HAS_TEXT,0,"{""hearts"": {}, ""blade_mentions"": [], ""tags"": [], ""blade_icon_n"": 0, ""energy_icon_n"": 1, ""all_heart_n"": 0, ""score_delta_icon"": 0, ""unknown_tags"": []}",0,1,0,0,0,"{""draw"": 1, ""score"": 0, ""colorless"": 0}",1,0,0,,
PL!HS-cl1-012,Edelied,PL!HS-cl1-012 Edelied - ラブライブ！シリーズ オフィシャルカードゲーム(ラブカ) 非公式 Wiki*,ライブ,ラブライブ！蓮ノ空女学院スクールアイドルクラブ,蓮ノ空,Edel Note,,,<ALL>,,<紫> 3 <任意> 2 (合計5),2.0,"<ライブ成功時>
自分と相手のライブの合計スコアが同じ場合、エールにより公開された自分のカードの中から、コスト9以上のメンバーカードを1枚手札に加える。",https://wikiwiki.jp/llocardgame/PL%21HS-cl1-012%20Edelied,LIVE,{},0,[],{},5,[],"{""all"": 1}",1,[],"<ライブ成功時>
自分と相手のライブの合計スコアが同じ場合、エールにより公開された自分のカードの中から、コスト9以上のメンバーカードを1枚手札に加える。",HAS_TEXT,0,"{""hearts"": {}, ""blade_mentions"": [], ""blade_icon_n"": 0, ""energy_icon_n"": 0, ""all_heart_n"": 0, ""score_delta_icon"": 0, ""unknown_tags"": [], ""tags"": []}",0,0,0,0,0,"{""draw"": 0, ""score"": 0, ""colorless"": 0}",0,0,0,,
PL!HS-pb1-001,日野下花帆,PL!HS-pb1-001 日野下花帆 - ラブライブ！シリーズ オフィシャルカードゲーム(ラブカ) 非公式 Wiki*,メンバー,ラブライブ！蓮ノ空女学院スクールアイドルクラブ,蓮ノ空,スリーズブーケ,11.0,3.0,<緑>,<緑> 3 <紫> 1,,,"<自動>
<ターン2回>
自分のステージにほかの『スリーズブーケ』のメンバーが登場するたび、
<(E)>
を支払ってもよい。そうした場合、エネルギーを2枚アクティブにする。
<ライブ開始時>
<(E)>
<(E)>
支払ってもよい：ライブ終了時まで、
<緑>
<(ブレード)>
を得る。",https://wikiwiki.jp/llocardgame/PL%21HS-pb1-001%20%E6%97%A5%E9%87%8E%E4%B8%8B%E8%8A%B1%E5%B8%86,MEMBER,{},0,[],{},0,[],"{""green"": 1}",1,[],"<自動>
<ターン2回>
自分のステージにほかの『スリーズブーケ』のメンバーが登場するたび、
<(E)>
を支払ってもよい。そうした場合、エネルギーを2枚アクティブにする。
<ライブ開始時>
<(E)>
<(E)>
支払ってもよい：ライブ終了時まで、
<緑>
<(ブレード)>
を得る。",HAS_TEXT,0,"{""hearts"": {}, ""blade_mentions"": [], ""tags"": [], ""blade_icon_n"": 1, ""energy_icon_n"": 3, ""all_heart_n"": 0, ""score_delta_icon"": 0, ""unknown_tags"": []}",1,3,0,0,0,"{""draw"": 0, ""score"": 0, ""colorless"": 0}",0,0,0,,
PL!HS-pb1-002,村野さやか,PL!HS-pb1-002 村野さやか - ラブライブ！シリーズ オフィシャルカードゲーム(ラブカ) 非公式 Wiki*,メンバー,ラブライブ！蓮ノ空女学院スクールアイドルクラブ,蓮ノ空,DOLLCHESTRA,2.0,1.0,<青>,なし,,,"<起動>
<ターン1回>
手札の「村野さやか」のメンバーカードを1枚公開する：これにより公開したカードをこのメンバーの下に置く。
<ライブ開始時>
ライブ終了時まで、このメンバーの下にあるメンバーカード1枚につき、このカードのコストを+4して
<青>
を得る。この能力では下にあるメンバーカードは3枚までしか数えない。",https://wikiwiki.jp/llocardgame/PL%21HS-pb1-002%20%E6%9D%91%E9%87%8E%E3%81%95%E3%82%84%E3%81%8B,MEMBER,{},0,[],{},0,[],"{""blue"": 1}",1,[],"<起動>
<ターン1回>
手札の「村野さやか」のメンバーカードを1枚公開する：これにより公開したカードをこのメンバーの下に置く。
<ライブ開始時>
ライブ終了時まで、このメンバーの下にあるメンバーカード1枚につき、このカードのコストを+4して
<青>
を得る。この能力では下にあるメンバーカードは3枚までしか数えない。",HAS_TEXT,0,"{""hearts"": {}, ""blade_mentions"": [], ""blade_icon_n"": 0, ""energy_icon_n"": 0, ""all_heart_n"": 0, ""score_delta_icon"": 0, ""unknown_tags"": [], ""tags"": []}",0,0,0,0,0,"{""draw"": 0, ""score"": 0, ""colorless"": 0}",0,0,0,,
PL!HS-pb1-003,大沢瑠璃乃,PL!HS-pb1-003 大沢瑠璃乃 - ラブライブ！シリーズ オフィシャルカードゲーム(ラブカ) 非公式 Wiki*,メンバー,ラブライブ！蓮ノ空女学院スクールアイドルクラブ,蓮ノ空,みらくらぱーく！,15.0,5.0,なし,<桃> 3 <緑> 1 <青> 1,,,"<登場>
手札の『みらくらぱーく！』のメンバーカードを好きな枚数控え室に置き、その後、その枚数に1を足した枚数のカードを引く。
<自動>
<ターン2回>
自分の手札からカードが1枚以上控え室に置かれるたび、ライブ終了時まで、
<桃>
<(ブレード)>
を得る。",https://wikiwiki.jp/llocardgame/PL%21HS-pb1-003%20%E5%A4%A7%E6%B2%A2%E7%91%A0%E7%92%83%E4%B9%83,MEMBER,{},0,[],{},0,[],{},0,[],"<登場>
手札の『みらくらぱーく！』のメンバーカードを好きな枚数控え室に置き、その後、その枚数に1を足した枚数のカードを引く。
<自動>
<ターン2回>
自分の手札からカードが1枚以上控え室に置かれるたび、ライブ終了時まで、
<桃>
<(ブレード)>
を得る。",HAS_TEXT,0,"{""hearts"": {}, ""blade_mentions"": [], ""tags"": [], ""blade_icon_n"": 1, ""energy_icon_n"": 0, ""all_heart_n"": 0, ""score_delta_icon"": 0, ""unknown_tags"": []}",1,0,0,0,0,"{""draw"": 0, ""score"": 0, ""colorless"": 0}",0,0,0,,
PL!HS-pb1-004,百生吟子,PL!HS-pb1-004 百生吟子 - ラブライブ！シリーズ オフィシャルカードゲーム(ラブカ) 非公式 Wiki*,メンバー,ラブライブ！蓮ノ空女学院スクールアイドルクラブ,蓮ノ空,スリーズブーケ,4.0,0.0,<緑>,<緑> 1 <青> 1,,,"<登場>
<(E)>
手札を1枚控え室に置いてもよい：自分のデッキの上からカードを3枚控え室に置く。その後、自分の控え室から『スリーズブーケ』のライブカードを1枚手札に加える。",https://wikiwiki.jp/llocardgame/PL%21HS-pb1-004%20%E7%99%BE%E7%94%9F%E5%90%9F%E5%AD%90,MEMBER,{},0,[],{},0,[],"{""green"": 1}",1,[],"<登場>
<(E)>
手札を1枚控え室に置いてもよい：自分のデッキの上からカードを3枚控え室に置く。その後、自分の控え室から『スリーズブーケ』のライブカードを1枚手札に加える。",HAS_TEXT,0,"{""hearts"": {}, ""blade_mentions"": [], ""tags"": [], ""blade_icon_n"": 0, ""energy_icon_n"": 1, ""all_heart_n"": 0, ""score_delta_icon"": 0, ""unknown_tags"": []}",0,1,0,0,0,"{""draw"": 0, ""score"": 0, ""colorless"": 0}",0,0,0,,
PL!HS-pb1-005,徒町小鈴,PL!HS-pb1-005 徒町小鈴 - ラブライブ！シリーズ オフィシャルカードゲーム(ラブカ) 非公式 Wiki*,メンバー,ラブライブ！蓮ノ空女学院スクールアイドルクラブ,蓮ノ空,DOLLCHESTRA,11.0,4.0,<青>,<緑> 1 <青> 1 <紫> 1,,,"<ライブ開始時>
数1つを選ぶ。自分のデッキの一番上のカードを公開する。公開したカードがメンバーカードで、かつコストが選んだ数以上の場合、公開したカードを手札に加える。選んだ数以下の場合、ライブ終了時まで、
<(ブレード)>
<(ブレード)>
を得る。
（公開したカードがメンバーカード以外の場合、何も起こらない。）",https://wikiwiki.jp/llocardgame/PL%21HS-pb1-005%20%E5%BE%92%E7%94%BA%E5%B0%8F%E9%88%B4,MEMBER,{},0,[],{},0,[],"{""blue"": 1}",1,[],"<ライブ開始時>
数1つを選ぶ。自分のデッキの一番上のカードを公開する。公開したカードがメンバーカードで、かつコストが選んだ数以上の場合、公開したカードを手札に加える。選んだ数以下の場合、ライブ終了時まで、
<(ブレード)>
<(ブレード)>
を得る。
（公開したカードがメンバーカード以外の場合、何も起こらない。）",HAS_TEXT,0,"{""hearts"": {}, ""blade_mentions"": [], ""tags"": [], ""blade_icon_n"": 2, ""energy_icon_n"": 0, ""all_heart_n"": 0, ""score_delta_icon"": 0, ""unknown_tags"": []}",2,0,0,0,0,"{""draw"": 0, ""score"": 0, ""colorless"": 0}",0,0,0,,
PL!HS-pb1-006,安養寺姫芽,PL!HS-pb1-006 安養寺姫芽 - ラブライブ！シリーズ オフィシャルカードゲーム(ラブカ) 非公式 Wiki*,メンバー,ラブライブ！蓮ノ空女学院スクールアイドルクラブ,蓮ノ空,みらくらぱーく！,11.0,3.0,<桃>,<桃> 2 <緑> 1 <紫> 1,,,"<ライブ開始時>
自分のステージにいるほかの『みらくらぱーく！』のメンバーがいるエリアにポジションチェンジしてもよい。そうした場合、ライブ終了時まで、
<桃>
<(ブレード)>
を得る。
（このメンバーを今いるエリア以外のエリアに移動させる。そのエリアにメンバーがいる場合、そのメンバーはこのメンバーがいたエリアに移動する。）",https://wikiwiki.jp/llocardgame/PL%21HS-pb1-006%20%E5%AE%89%E9%A4%8A%E5%AF%BA%E5%A7%AB%E8%8A%BD,MEMBER,{},0,[],{},0,[],"{""pink"": 1}",1,[],"<ライブ開始時>
自分のステージにいるほかの『みらくらぱーく！』のメンバーがいるエリアにポジションチェンジしてもよい。そうした場合、ライブ終了時まで、
<桃>
<(ブレード)>
を得る。
（このメンバーを今いるエリア以外のエリアに移動させる。そのエリアにメンバーがいる場合、そのメンバーはこのメンバーがいたエリアに移動する。）",HAS_TEXT,0,"{""hearts"": {}, ""blade_mentions"": [], ""tags"": [], ""blade_icon_n"": 1, ""energy_icon_n"": 0, ""all_heart_n"": 0, ""score_delta_icon"": 0, ""unknown_tags"": []}",1,0,0,0,0,"{""draw"": 0, ""score"": 0, ""colorless"": 0}",0,0,0,,
PL!HS-pb1-007,セラス 柳田 リリエンフェルト,PL!HS-pb1-007 セラス 柳田 リリエンフェルト - ラブライブ！シリーズ オフィシャルカードゲーム(ラブカ) 非公式 Wiki*,メンバー,ラブライブ！蓮ノ空女学院スクールアイドルクラブ,蓮ノ空,Edel Note,11.0,4.0,<紫>,<桃> 1 <青> 1 <紫> 2,,,"<登場>
<(E)>
<(E)>
手札を1枚控え室に置いてもよい：自分の控え室から『蓮ノ空』のカードを1枚手札に加える。
<常時>
自分のステージにメンバーがちょうど2人おり、かつ相手のステージにメンバーが3人以上いるかぎり、
<紫>
を得る。",https://wikiwiki.jp/llocardgame/PL%21HS-pb1-007%20%E3%82%BB%E3%83%A9%E3%82%B9%20%E6%9F%B3%E7%94%B0%20%E3%83%AA%E3%83%AA%E3%82%A8%E3%83%B3%E3%83%95%E3%82%A7%E3%83%AB%E3%83%88,MEMBER,{},0,[],{},0,[],"{""purple"": 1}",1,[],"<登場>
<(E)>
<(E)>
手札を1枚控え室に置いてもよい：自分の控え室から『蓮ノ空』のカードを1枚手札に加える。
<常時>
自分のステージにメンバーがちょうど2人おり、かつ相手のステージにメンバーが3人以上いるかぎり、
<紫>
を得る。",HAS_TEXT,0,"{""hearts"": {}, ""blade_mentions"": [], ""tags"": [], ""blade_icon_n"": 0, ""energy_icon_n"": 2, ""all_heart_n"": 0, ""score_delta_icon"": 0, ""unknown_tags"": []}",0,2,0,0,0,"{""draw"": 0, ""score"": 0, ""colorless"": 0}",0,0,0,,
PL!HS-pb1-008,桂城泉,PL!HS-pb1-008 桂城泉 - ラブライブ！シリーズ オフィシャルカードゲーム(ラブカ) 非公式 Wiki*,メンバー,ラブライブ！蓮ノ空女学院スクールアイドルクラブ,蓮ノ空,Edel Note,17.0,4.0,なし,<桃> 1 <緑> 1 <青> 1 <紫> 5,,,"<登場>
自分と相手のステージにいる元々持つ
<(ブレード)>
の数が3つ以下のすべてのメンバーをウェイトにする。
<常時>
相手のステージにいるメンバーはアクティブフェイズにアクティブにならない。",https://wikiwiki.jp/llocardgame/PL%21HS-pb1-008%20%E6%A1%82%E5%9F%8E%E6%B3%89,MEMBER,{},0,[],{},0,[],{},0,[],"<登場>
自分と相手のステージにいる元々持つ
<(ブレード)>
の数が3つ以下のすべてのメンバーをウェイトにする。
<常時>
相手のステージにいるメンバーはアクティブフェイズにアクティブにならない。",HAS_TEXT,0,"{""hearts"": {}, ""blade_mentions"": [], ""tags"": [], ""blade_icon_n"": 1, ""energy_icon_n"": 0, ""all_heart_n"": 0, ""score_delta_icon"": 0, ""unknown_tags"": []}",1,0,0,0,0,"{""draw"": 0, ""score"": 0, ""colorless"": 0}",0,0,0,,
PL!HS-pb1-009,日野下花帆,PL!HS-pb1-009 日野下花帆 - ラブライブ！シリーズ オフィシャルカードゲーム(ラブカ) 非公式 Wiki*,メンバー,ラブライブ！蓮ノ空女学院スクールアイドルクラブ,蓮ノ空,スリーズブーケ,15.0,4.0,<緑>,<桃> 1 <緑> 3 <紫> 1,,,"<自動>
<センター>
<ターン2回>
自分のステージに『蓮ノ空』のメンバーが登場するたび、ライブ終了時まで、
<(ブレード)>
<(ブレード)>
を得る。
<ライブ開始時>
このメンバーが持つ
<(ブレード)>
の数が8つ以上の場合、カードを2枚引き、手札を1枚控え室に置く。",https://wikiwiki.jp/llocardgame/PL%21HS-pb1-009%20%E6%97%A5%E9%87%8E%E4%B8%8B%E8%8A%B1%E5%B8%86,MEMBER,{},0,[],{},0,[],"{""green"": 1}",1,[],"<自動>
<センター>
<ターン2回>
自分のステージに『蓮ノ空』のメンバーが登場するたび、ライブ終了時まで、
<(ブレード)>
<(ブレード)>
を得る。
<ライブ開始時>
このメンバーが持つ
<(ブレード)>
の数が8つ以上の場合、カードを2枚引き、手札を1枚控え室に置く。",HAS_TEXT,0,"{""hearts"": {}, ""blade_mentions"": [], ""tags"": [], ""blade_icon_n"": 3, ""energy_icon_n"": 0, ""all_heart_n"": 0, ""score_delta_icon"": 0, ""unknown_tags"": []}",3,0,0,0,0,"{""draw"": 0, ""score"": 0, ""colorless"": 0}",0,0,0,,
PL!HS-pb1-010,村野さやか,PL!HS-pb1-010 村野さやか - ラブライブ！シリーズ オフィシャルカードゲーム(ラブカ) 非公式 Wiki*,メンバー,ラブライブ！蓮ノ空女学院スクールアイドルクラブ,蓮ノ空,DOLLCHESTRA,2.0,1.0,なし,<青> 1,,,"<登場>
/
<ライブ開始時>
自分のステージにコスト10以上のメンバーがいる場合、相手のステージにいるコスト4以下のメンバー1人をウェイトにする。",https://wikiwiki.jp/llocardgame/PL%21HS-pb1-010%20%E6%9D%91%E9%87%8E%E3%81%95%E3%82%84%E3%81%8B,MEMBER,{},0,[],{},0,[],{},0,[],"<登場>
/
<ライブ開始時>
自分のステージにコスト10以上のメンバーがいる場合、相手のステージにいるコスト4以下のメンバー1人をウェイトにする。",HAS_TEXT,0,"{""hearts"": {}, ""blade_mentions"": [], ""blade_icon_n"": 0, ""energy_icon_n"": 0, ""all_heart_n"": 0, ""score_delta_icon"": 0, ""unknown_tags"": [], ""tags"": []}",0,0,0,0,0,"{""draw"": 0, ""score"": 0, ""colorless"": 0}",0,0,0,,
PL!HS-pb1-011,大沢瑠璃乃,PL!HS-pb1-011 大沢瑠璃乃 - ラブライブ！シリーズ オフィシャルカードゲーム(ラブカ) 非公式 Wiki*,メンバー,ラブライブ！蓮ノ空女学院スクールアイドルクラブ,蓮ノ空,みらくらぱーく！,7.0,1.0,なし,<桃> 2 <青> 1,,,"<登場>
手札を1枚控え室に置いてもよい：自分のデッキの上からカードを3枚見る。その中から1枚を手札に加え、残りを控え室に置く。",https://wikiwiki.jp/llocardgame/PL%21HS-pb1-011%20%E5%A4%A7%E6%B2%A2%E7%91%A0%E7%92%83%E4%B9%83,MEMBER,{},0,[],{},0,[],{},0,[],"<登場>
手札を1枚控え室に置いてもよい：自分のデッキの上からカードを3枚見る。その中から1枚を手札に加え、残りを控え室に置く。",HAS_TEXT,0,"{""hearts"": {}, ""blade_mentions"": [], ""blade_icon_n"": 0, ""energy_icon_n"": 0, ""all_heart_n"": 0, ""score_delta_icon"": 0, ""unknown_tags"": [], ""tags"": []}",0,0,0,0,0,"{""draw"": 0, ""score"": 0, ""colorless"": 0}",0,0,0,,
PL!HS-pb1-012,百生吟子,PL!HS-pb1-012 百生吟子 - ラブライブ！シリーズ オフィシャルカードゲーム(ラブカ) 非公式 Wiki*,メンバー,ラブライブ！蓮ノ空女学院スクールアイドルクラブ,蓮ノ空,スリーズブーケ,13.0,3.0,なし,<桃> 2 <緑> 2 <青> 2,,,"<登場>
自分と相手はそれぞれ、自身の控え室にあるすべてのメンバーカードをシャッフルし、自身のデッキの下に置く。これにより自分と相手のカードが合計20枚以上デッキの下に置かれた場合、自分の控え室からライブカードを1枚手札に加え、ライブ終了時まで、
<(ブレード)>
<(ブレード)>
を得る。",https://wikiwiki.jp/llocardgame/PL%21HS-pb1-012%20%E7%99%BE%E7%94%9F%E5%90%9F%E5%AD%90,MEMBER,{},0,[],{},0,[],{},0,[],"<登場>
自分と相手はそれぞれ、自身の控え室にあるすべてのメンバーカードをシャッフルし、自身のデッキの下に置く。これにより自分と相手のカードが合計20枚以上デッキの下に置かれた場合、自分の控え室からライブカードを1枚手札に加え、ライブ終了時まで、
<(ブレード)>
<(ブレード)>
を得る。",HAS_TEXT,0,"{""hearts"": {}, ""blade_mentions"": [], ""tags"": [], ""blade_icon_n"": 2, ""energy_icon_n"": 0, ""all_heart_n"": 0, ""score_delta_icon"": 0, ""unknown_tags"": []}",2,0,0,0,0,"{""draw"": 0, ""score"": 0, ""colorless"": 0}",0,0,0,,
PL!HS-pb1-013,徒町小鈴,PL!HS-pb1-013 徒町小鈴 - ラブライブ！シリーズ オフィシャルカードゲーム(ラブカ) 非公式 Wiki*,メンバー,ラブライブ！蓮ノ空女学院スクールアイドルクラブ,蓮ノ空,DOLLCHESTRA,9.0,4.0,なし,<緑> 1 <青> 2,,,"<ライブ開始時>
自分のデッキの上からカードを2枚見る。その中から好きな枚数を好きな順番でデッキの上に置き、残りを控え室に置く。
<ライブ成功時>
自分のステージに、このメンバーよりコストが高いメンバーがいる場合、カードを1枚引く。",https://wikiwiki.jp/llocardgame/PL%21HS-pb1-013%20%E5%BE%92%E7%94%BA%E5%B0%8F%E9%88%B4,MEMBER,{},0,[],{},0,[],{},0,[],"<ライブ開始時>
自分のデッキの上からカードを2枚見る。その中から好きな枚数を好きな順番でデッキの上に置き、残りを控え室に置く。
<ライブ成功時>
自分のステージに、このメンバーよりコストが高いメンバーがいる場合、カードを1枚引く。",HAS_TEXT,0,"{""hearts"": {}, ""blade_mentions"": [], ""blade_icon_n"": 0, ""energy_icon_n"": 0, ""all_heart_n"": 0, ""score_delta_icon"": 0, ""unknown_tags"": [], ""tags"": []}",0,0,0,0,0,"{""draw"": 0, ""score"": 0, ""colorless"": 0}",0,0,0,,
PL!HS-pb1-014,安養寺姫芽,PL!HS-pb1-014 安養寺姫芽 - ラブライブ！シリーズ オフィシャルカードゲーム(ラブカ) 非公式 Wiki*,メンバー,ラブライブ！蓮ノ空女学院スクールアイドルクラブ,蓮ノ空,みらくらぱーく！,9.0,4.0,なし,<桃> 2 <緑> 1,,,"<登場>
自分のステージにいるメンバーが『みらくらぱーく！』のみの場合、相手のステージにいるメンバー1人をこのメンバーの正面のエリアにポジションチェンジする。
<常時>
このメンバーの正面のエリアにいる相手のメンバーのコストが、このメンバーのコストより高いかぎり、
<桃>
を得る。",https://wikiwiki.jp/llocardgame/PL%21HS-pb1-014%20%E5%AE%89%E9%A4%8A%E5%AF%BA%E5%A7%AB%E8%8A%BD,MEMBER,{},0,[],{},0,[],{},0,[],"<登場>
自分のステージにいるメンバーが『みらくらぱーく！』のみの場合、相手のステージにいるメンバー1人をこのメンバーの正面のエリアにポジションチェンジする。
<常時>
このメンバーの正面のエリアにいる相手のメンバーのコストが、このメンバーのコストより高いかぎり、
<桃>
を得る。",HAS_TEXT,0,"{""hearts"": {}, ""blade_mentions"": [], ""blade_icon_n"": 0, ""energy_icon_n"": 0, ""all_heart_n"": 0, ""score_delta_icon"": 0, ""unknown_tags"": [], ""tags"": []}",0,0,0,0,0,"{""draw"": 0, ""score"": 0, ""colorless"": 0}",0,0,0,,
PL!HS-pb1-015,セラス 柳田 リリエンフェルト,PL!HS-pb1-015 セラス 柳田 リリエンフェルト - ラブライブ！シリーズ オフィシャルカードゲーム(ラブカ) 非公式 Wiki*,メンバー,ラブライブ！蓮ノ空女学院スクールアイドルクラブ,蓮ノ空,Edel Note,9.0,5.0,なし,<青> 1 <紫> 2,,,"<常時>
自分のステージにほかのメンバーがいないかぎり、
<(ブレード)>
<(ブレード)>
<(ブレード)>
を失う。",https://wikiwiki.jp/llocardgame/PL%21HS-pb1-015%20%E3%82%BB%E3%83%A9%E3%82%B9%20%E6%9F%B3%E7%94%B0%20%E3%83%AA%E3%83%AA%E3%82%A8%E3%83%B3%E3%83%95%E3%82%A7%E3%83%AB%E3%83%88,MEMBER,{},0,[],{},0,[],{},0,[],"<常時>
自分のステージにほかのメンバーがいないかぎり、
<(ブレード)>
<(ブレード)>
<(ブレード)>
を失う。",HAS_TEXT,0,"{""hearts"": {}, ""blade_mentions"": [], ""tags"": [], ""blade_icon_n"": 3, ""energy_icon_n"": 0, ""all_heart_n"": 0, ""score_delta_icon"": 0, ""unknown_tags"": []}",3,0,0,0,0,"{""draw"": 0, ""score"": 0, ""colorless"": 0}",0,0,0,,
PL!HS-pb1-016,桂城泉,PL!HS-pb1-016 桂城泉 - ラブライブ！シリーズ オフィシャルカードゲーム(ラブカ) 非公式 Wiki*,メンバー,ラブライブ！蓮ノ空女学院スクールアイドルクラブ,蓮ノ空,Edel Note,2.0,1.0,<紫>,<紫> 1,,,"<登場>
自分のステージにいるこのメンバー以外の
<紫>
を持つメンバー1人は、ライブ終了時まで、
<紫>
を得る。",https://wikiwiki.jp/llocardgame/PL%21HS-pb1-016%20%E6%A1%82%E5%9F%8E%E6%B3%89,MEMBER,{},0,[],{},0,[],"{""purple"": 1}",1,[],"<登場>
自分のステージにいるこのメンバー以外の
<紫>
を持つメンバー1人は、ライブ終了時まで、
<紫>
を得る。",HAS_TEXT,0,"{""hearts"": {}, ""blade_mentions"": [], ""blade_icon_n"": 0, ""energy_icon_n"": 0, ""all_heart_n"": 0, ""score_delta_icon"": 0, ""unknown_tags"": [], ""tags"": []}",0,0,0,0,0,"{""draw"": 0, ""score"": 0, ""colorless"": 0}",0,0,0,,
PL!HS-pb1-017,日野下花帆,PL!HS-pb1-017 日野下花帆 - ラブライブ！シリーズ オフィシャルカードゲーム(ラブカ) 非公式 Wiki*,メンバー,ラブライブ！蓮ノ空女学院スクールアイドルクラブ,蓮ノ空,スリーズブーケ,7.0,2.0,なし,<緑> 2 <紫> 1,,,(なし),https://wikiwiki.jp/llocardgame/PL%21HS-pb1-017%20%E6%97%A5%E9%87%8E%E4%B8%8B%E8%8A%B1%E5%B8%86,MEMBER,{},0,[],{},0,[],{},0,[],(なし),NO_ABILITY,1,"{""hearts"": {}, ""blade_mentions"": [], ""blade_icon_n"": 0, ""energy_icon_n"": 0, ""all_heart_n"": 0, ""score_delta_icon"": 0, ""unknown_tags"": [], ""tags"": []}",0,0,0,0,0,"{""draw"": 0, ""score"": 0, ""colorless"": 0}",0,0,0,,
PL!HS-pb1-018,村野さやか,PL!HS-pb1-018 村野さやか - ラブライブ！シリーズ オフィシャルカードゲーム(ラブカ) 非公式 Wiki*,メンバー,ラブライブ！蓮ノ空女学院スクールアイドルクラブ,蓮ノ空,DOLLCHESTRA,4.0,0.0,<青>,<青> 2,,,"<登場>
手札を1枚控え室に置いてもよい：自分のデッキの上からカードを5枚見る。その中から『DOLLCHESTRA』のカードを1枚公開して手札に加えてもよい。残りを控え室に置く。",https://wikiwiki.jp/llocardgame/PL%21HS-pb1-018%20%E6%9D%91%E9%87%8E%E3%81%95%E3%82%84%E3%81%8B,MEMBER,{},0,[],{},0,[],"{""blue"": 1}",1,[],"<登場>
手札を1枚控え室に置いてもよい：自分のデッキの上からカードを5枚見る。その中から『DOLLCHESTRA』のカードを1枚公開して手札に加えてもよい。残りを控え室に置く。",HAS_TEXT,0,"{""hearts"": {}, ""blade_mentions"": [], ""blade_icon_n"": 0, ""energy_icon_n"": 0, ""all_heart_n"": 0, ""score_delta_icon"": 0, ""unknown_tags"": [], ""tags"": []}",0,0,0,0,0,"{""draw"": 0, ""score"": 0, ""colorless"": 0}",0,0,0,,
PL!HS-pb1-019,大沢瑠璃乃,PL!HS-pb1-019 大沢瑠璃乃 - ラブライブ！シリーズ オフィシャルカードゲーム(ラブカ) 非公式 Wiki*,メンバー,ラブライブ！蓮ノ空女学院スクールアイドルクラブ,蓮ノ空,みらくらぱーく！,5.0,2.0,なし,なし,,,"<起動>
このメンバーをステージから控え室に置く：自分の控え室からメンバーカードを1枚手札に加える。",https://wikiwiki.jp/llocardgame/PL%21HS-pb1-019%20%E5%A4%A7%E6%B2%A2%E7%91%A0%E7%92%83%E4%B9%83,MEMBER,{},0,[],{},0,[],{},0,[],"<起動>
このメンバーをステージから控え室に置く：自分の控え室からメンバーカードを1枚手札に加える。",HAS_TEXT,0,"{""hearts"": {}, ""blade_mentions"": [], ""blade_icon_n"": 0, ""energy_icon_n"": 0, ""all_heart_n"": 0, ""score_delta_icon"": 0, ""unknown_tags"": [], ""tags"": []}",0,0,0,0,0,"{""draw"": 0, ""score"": 0, ""colorless"": 0}",0,0,0,,
PL!HS-pb1-020,百生吟子,PL!HS-pb1-020 百生吟子 - ラブライブ！シリーズ オフィシャルカードゲーム(ラブカ) 非公式 Wiki*,メンバー,ラブライブ！蓮ノ空女学院スクールアイドルクラブ,蓮ノ空,スリーズブーケ,9.0,3.0,なし,<桃> 1 <緑> 1 <紫> 1,,,"<登場>
自分の控え室にライブカードが3枚以上ある場合、手札を2枚控え室に置いてもよい。そうした場合、自分の控え室から『スリーズブーケ』のメンバーカード1枚と『蓮ノ空』のライブカード1枚を手札に加える。",https://wikiwiki.jp/llocardgame/PL%21HS-pb1-020%20%E7%99%BE%E7%94%9F%E5%90%9F%E5%AD%90,MEMBER,{},0,[],{},0,[],{},0,[],"<登場>
自分の控え室にライブカードが3枚以上ある場合、手札を2枚控え室に置いてもよい。そうした場合、自分の控え室から『スリーズブーケ』のメンバーカード1枚と『蓮ノ空』のライブカード1枚を手札に加える。",HAS_TEXT,0,"{""hearts"": {}, ""blade_mentions"": [], ""blade_icon_n"": 0, ""energy_icon_n"": 0, ""all_heart_n"": 0, ""score_delta_icon"": 0, ""unknown_tags"": [], ""tags"": []}",0,0,0,0,0,"{""draw"": 0, ""score"": 0, ""colorless"": 0}",0,0,0,,
PL!HS-pb1-021,徒町小鈴,PL!HS-pb1-021 徒町小鈴 - ラブライブ！シリーズ オフィシャルカードゲーム(ラブカ) 非公式 Wiki*,メンバー,ラブライブ！蓮ノ空女学院スクールアイドルクラブ,蓮ノ空,DOLLCHESTRA,5.0,2.0,なし,<青> 2,,,"<ライブ成功時>
自分のライブカード置き場に『DOLLCHESTRA』のカードがある場合、カードを1枚引く。",https://wikiwiki.jp/llocardgame/PL%21HS-pb1-021%20%E5%BE%92%E7%94%BA%E5%B0%8F%E9%88%B4,MEMBER,{},0,[],{},0,[],{},0,[],"<ライブ成功時>
自分のライブカード置き場に『DOLLCHESTRA』のカードがある場合、カードを1枚引く。",HAS_TEXT,0,"{""hearts"": {}, ""blade_mentions"": [], ""blade_icon_n"": 0, ""energy_icon_n"": 0, ""all_heart_n"": 0, ""score_delta_icon"": 0, ""unknown_tags"": [], ""tags"": []}",0,0,0,0,0,"{""draw"": 0, ""score"": 0, ""colorless"": 0}",0,0,0,,
PL!HS-pb1-022,安養寺姫芽,PL!HS-pb1-022 安養寺姫芽 - ラブライブ！シリーズ オフィシャルカードゲーム(ラブカ) 非公式 Wiki*,メンバー,ラブライブ！蓮ノ空女学院スクールアイドルクラブ,蓮ノ空,みらくらぱーく！,5.0,2.0,なし,なし,,,"<常時>
自分のステージに「大沢瑠璃乃」がいるかぎり、
<桃>
<桃>
を得る。
<常時>
自分のステージに「藤島慈」がいるかぎり、
<(ブレード)>
<(ブレード)>
を得る。",https://wikiwiki.jp/llocardgame/PL%21HS-pb1-022%20%E5%AE%89%E9%A4%8A%E5%AF%BA%E5%A7%AB%E8%8A%BD,MEMBER,{},0,[],{},0,[],{},0,[],"<常時>
自分のステージに「大沢瑠璃乃」がいるかぎり、
<桃>
<桃>
を得る。
<常時>
自分のステージに「藤島慈」がいるかぎり、
<(ブレード)>
<(ブレード)>
を得る。",HAS_TEXT,0,"{""hearts"": {}, ""blade_mentions"": [], ""tags"": [], ""blade_icon_n"": 2, ""energy_icon_n"": 0, ""all_heart_n"": 0, ""score_delta_icon"": 0, ""unknown_tags"": []}",2,0,0,0,0,"{""draw"": 0, ""score"": 0, ""colorless"": 0}",0,0,0,,
PL!HS-pb1-023,セラス 柳田 リリエンフェルト,PL!HS-pb1-023 セラス 柳田 リリエンフェルト - ラブライブ！シリーズ オフィシャルカードゲーム(ラブカ) 非公式 Wiki*,メンバー,ラブライブ！蓮ノ空女学院スクールアイドルクラブ,蓮ノ空,Edel Note,15.0,6.0,<紫>,<桃> 2 <青> 2 <紫> 2,,,(なし),https://wikiwiki.jp/llocardgame/PL%21HS-pb1-023%20%E3%82%BB%E3%83%A9%E3%82%B9%20%E6%9F%B3%E7%94%B0%20%E3%83%AA%E3%83%AA%E3%82%A8%E3%83%B3%E3%83%95%E3%82%A7%E3%83%AB%E3%83%88,MEMBER,{},0,[],{},0,[],"{""purple"": 1}",1,[],(なし),NO_ABILITY,1,"{""hearts"": {}, ""blade_mentions"": [], ""blade_icon_n"": 0, ""energy_icon_n"": 0, ""all_heart_n"": 0, ""score_delta_icon"": 0, ""unknown_tags"": [], ""tags"": []}",0,0,0,0,0,"{""draw"": 0, ""score"": 0, ""colorless"": 0}",0,0,0,,
PL!HS-pb1-024,桂城泉,PL!HS-pb1-024 桂城泉 - ラブライブ！シリーズ オフィシャルカードゲーム(ラブカ) 非公式 Wiki*,メンバー,ラブライブ！蓮ノ空女学院スクールアイドルクラブ,蓮ノ空,Edel Note,4.0,0.0,<紫>,<紫> 2,,,"<登場>
自分のデッキの上からカードを2枚見る。その中から好きな枚数を好きな順番でデッキの上に置き、残りを控え室に置く。",https://wikiwiki.jp/llocardgame/PL%21HS-pb1-024%20%E6%A1%82%E5%9F%8E%E6%B3%89,MEMBER,{},0,[],{},0,[],"{""purple"": 1}",1,[],"<登場>
自分のデッキの上からカードを2枚見る。その中から好きな枚数を好きな順番でデッキの上に置き、残りを控え室に置く。",HAS_TEXT,0,"{""hearts"": {}, ""blade_mentions"": [], ""blade_icon_n"": 0, ""energy_icon_n"": 0, ""all_heart_n"": 0, ""score_delta_icon"": 0, ""unknown_tags"": [], ""tags"": []}",0,0,0,0,0,"{""draw"": 0, ""score"": 0, ""colorless"": 0}",0,0,0,,
PL!HS-pb1-025,抱きしめる花びら,PL!HS-pb1-025 抱きしめる花びら - ラブライブ！シリーズ オフィシャルカードゲーム(ラブカ) 非公式 Wiki*,ライブ,ラブライブ！蓮ノ空女学院スクールアイドルクラブ,蓮ノ空,,,,<ALL>,,<桃> 1 <緑> 1 <青> 1 <紫> 1 <任意> 4 (合計8),3.0,"<ライブ開始時>
自分の控え室に『蓮ノ空』のメンバーカードが10枚以上ある場合、ライブ終了時まで、自分のステージにいる『蓮ノ空』のメンバー1人は、
<緑>
を得る。
<ライブ成功時>
自分の手札が6枚以下の場合、自分の控え室からメンバーカードを1枚手札に加える。",https://wikiwiki.jp/llocardgame/PL%21HS-pb1-025%20%E6%8A%B1%E3%81%8D%E3%81%97%E3%82%81%E3%82%8B%E8%8A%B1%E3%81%B3%E3%82%89,LIVE,{},0,[],{},8,[],"{""all"": 1}",1,[],"<ライブ開始時>
自分の控え室に『蓮ノ空』のメンバーカードが10枚以上ある場合、ライブ終了時まで、自分のステージにいる『蓮ノ空』のメンバー1人は、
<緑>
を得る。
<ライブ成功時>
自分の手札が6枚以下の場合、自分の控え室からメンバーカードを1枚手札に加える。",HAS_TEXT,0,"{""hearts"": {}, ""blade_mentions"": [], ""blade_icon_n"": 0, ""energy_icon_n"": 0, ""all_heart_n"": 0, ""score_delta_icon"": 0, ""unknown_tags"": [], ""tags"": []}",0,0,0,0,0,"{""draw"": 0, ""score"": 0, ""colorless"": 0}",0,0,0,,
PL!HS-pb1-026,雪舞う空と二秒の永遠,PL!HS-pb1-026 雪舞う空と二秒の永遠 - ラブライブ！シリーズ オフィシャルカードゲーム(ラブカ) 非公式 Wiki*,ライブ,ラブライブ！蓮ノ空女学院スクールアイドルクラブ,蓮ノ空,,,,<ALL>,,<任意> 11 (合計11),4.0,"<ライブ開始時>
自分の、ステージと控え室に名前の異なる『蓮ノ空』のメンバーが6人以上いる場合、このカードの必要ハートは
<任意>
<任意>
減る。",https://wikiwiki.jp/llocardgame/PL%21HS-pb1-026%20%E9%9B%AA%E8%88%9E%E3%81%86%E7%A9%BA%E3%81%A8%E4%BA%8C%E7%A7%92%E3%81%AE%E6%B0%B8%E9%81%A0,LIVE,{},0,[],{},11,[],"{""all"": 1}",1,[],"<ライブ開始時>
自分の、ステージと控え室に名前の異なる『蓮ノ空』のメンバーが6人以上いる場合、このカードの必要ハートは
<任意>
<任意>
減る。",HAS_TEXT,0,"{""hearts"": {}, ""blade_mentions"": [], ""blade_icon_n"": 0, ""energy_icon_n"": 0, ""all_heart_n"": 0, ""score_delta_icon"": 0, ""unknown_tags"": [], ""tags"": []}",0,0,0,0,0,"{""draw"": 0, ""score"": 0, ""colorless"": 0}",0,0,0,,
PL!HS-pb1-027,ユメワズライ,PL!HS-pb1-027 ユメワズライ - ラブライブ！シリーズ オフィシャルカードゲーム(ラブカ) 非公式 Wiki*,ライブ,ラブライブ！蓮ノ空女学院スクールアイドルクラブ,蓮ノ空,スリーズブーケ,,,<スコア+1>,,<緑> 2 <任意> 1 (合計3),1.0,"<ライブ成功時>
自分のステージに『スリーズブーケ』のメンバーがいる場合、自分のデッキの上からカードを4枚控え室に置いてもよい。",https://wikiwiki.jp/llocardgame/PL%21HS-pb1-027%20%E3%83%A6%E3%83%A1%E3%83%AF%E3%82%BA%E3%83%A9%E3%82%A4,LIVE,{},0,[],{},3,[],{},0,[],"<ライブ成功時>
自分のステージに『スリーズブーケ』のメンバーがいる場合、自分のデッキの上からカードを4枚控え室に置いてもよい。",HAS_TEXT,0,"{""hearts"": {}, ""blade_mentions"": [], ""blade_icon_n"": 0, ""energy_icon_n"": 0, ""all_heart_n"": 0, ""score_delta_icon"": 0, ""unknown_tags"": [], ""tags"": []}",0,0,0,0,0,"{""draw"": 0, ""score"": 1, ""colorless"": 0}",0,1,0,,
PL!HS-pb1-028,COMPASS,PL!HS-pb1-028 COMPASS - ラブライブ！シリーズ オフィシャルカードゲーム(ラブカ) 非公式 Wiki*,ライブ,ラブライブ！蓮ノ空女学院スクールアイドルクラブ,蓮ノ空,DOLLCHESTRA,,,<青> <ドロー+1>,,<桃> 1 <緑> 1 <青> 7 <任意> 7 (合計16),7.0,"<ライブ開始時>
自分のステージにいるコスト10以上の『DOLLCHESTRA』のメンバー1人を選ぶ。そのメンバーの
<ライブ開始時>
能力1つを発動させてよい。
（
<ライブ開始時>
能力がコストを持つ場合、支払って発動させる。）",https://wikiwiki.jp/llocardgame/PL%21HS-pb1-028%20COMPASS,LIVE,{},0,[],{},16,[],"{""blue"": 1}",1,[],"<ライブ開始時>
自分のステージにいるコスト10以上の『DOLLCHESTRA』のメンバー1人を選ぶ。そのメンバーの
<ライブ開始時>
能力1つを発動させてよい。
（
<ライブ開始時>
能力がコストを持つ場合、支払って発動させる。）",HAS_TEXT,0,"{""hearts"": {}, ""blade_mentions"": [], ""blade_icon_n"": 0, ""energy_icon_n"": 0, ""all_heart_n"": 0, ""score_delta_icon"": 0, ""unknown_tags"": [], ""tags"": []}",0,0,0,0,0,"{""draw"": 1, ""score"": 0, ""colorless"": 0}",1,0,0,,
PL!HS-pb1-029,全方位キュン♡,PL!HS-pb1-029 全方位キュン♡ - ラブライブ！シリーズ オフィシャルカードゲーム(ラブカ) 非公式 Wiki*,ライブ,ラブライブ！蓮ノ空女学院スクールアイドルクラブ,蓮ノ空,みらくらぱーく！,,,<ALL>,,<桃> 4 <緑> 1 <青> 1 <任意> 8 (合計14),6.0,"<ライブ開始時>
自分のステージに、元々持つハートの数より多い数のハートを持つ『みらくらぱーく！』のメンバーが1人以上いる場合、カードを1枚引く。2人以上いる場合、さらにこのカードの必要ハートを
<任意>
<任意>
減らす。",https://wikiwiki.jp/llocardgame/PL%21HS-pb1-029%20%E5%85%A8%E6%96%B9%E4%BD%8D%E3%82%AD%E3%83%A5%E3%83%B3%E2%99%A1,LIVE,{},0,[],{},14,[],"{""all"": 1}",1,[],"<ライブ開始時>
自分のステージに、元々持つハートの数より多い数のハートを持つ『みらくらぱーく！』のメンバーが1人以上いる場合、カードを1枚引く。2人以上いる場合、さらにこのカードの必要ハートを
<任意>
<任意>
減らす。",HAS_TEXT,0,"{""hearts"": {}, ""blade_mentions"": [], ""blade_icon_n"": 0, ""energy_icon_n"": 0, ""all_heart_n"": 0, ""score_delta_icon"": 0, ""unknown_tags"": [], ""tags"": []}",0,0,0,0,0,"{""draw"": 0, ""score"": 0, ""colorless"": 0}",0,0,0,,
PL!HS-pb1-030,Edelied,PL!HS-pb1-030 Edelied - ラブライブ！シリーズ オフィシャルカードゲーム(ラブカ) 非公式 Wiki*,ライブ,ラブライブ！蓮ノ空女学院スクールアイドルクラブ,蓮ノ空,Edel Note,,,<ALL>,,<紫> 9 <任意> 8 (合計17),7.0,"<ライブ開始時>
ライブ終了時まで、自分のステージにいる『Edel Note』のメンバー1人は
<紫>
<紫>
を得て、そのメンバーとは名前の異なる『Edel Note』のメンバー1人は、
<(ブレード)>
<(ブレード)>
を得る。",https://wikiwiki.jp/llocardgame/PL%21HS-pb1-030%20Edelied,LIVE,{},0,[],{},17,[],"{""all"": 1}",1,[],"<ライブ開始時>
ライブ終了時まで、自分のステージにいる『Edel Note』のメンバー1人は
<紫>
<紫>
を得て、そのメンバーとは名前の異なる『Edel Note』のメンバー1人は、
<(ブレード)>
<(ブレード)>
を得る。",HAS_TEXT,0,"{""hearts"": {}, ""blade_mentions"": [], ""tags"": [], ""blade_icon_n"": 2, ""energy_icon_n"": 0, ""all_heart_n"": 0, ""score_delta_icon"": 0, ""unknown_tags"": []}",2,0,0,0,0,"{""draw"": 0, ""score"": 0, ""colorless"": 0}",0,0,0,,
PL!HS-sd1-001,日野下花帆,PL!HS-sd1-001 日野下花帆 - ラブライブ！シリーズ オフィシャルカードゲーム(ラブカ) 非公式 Wiki*,メンバー,ラブライブ！蓮ノ空女学院スクールアイドルクラブ,蓮ノ空,スリーズブーケ,9.0,2.0,なし,<緑> 3,,,"<自動>
このメンバーがコスト10以上の『蓮ノ空』のメンバーとバトンタッチして控え室に置かれたとき、エネルギーを2枚アクティブにする。",https://wikiwiki.jp/llocardgame/PL%21HS-sd1-001%20%E6%97%A5%E9%87%8E%E4%B8%8B%E8%8A%B1%E5%B8%86,MEMBER,{},0,[],{},0,[],{},0,[],"<自動>
このメンバーがコスト10以上の『蓮ノ空』のメンバーとバトンタッチして控え室に置かれたとき、エネルギーを2枚アクティブにする。",HAS_TEXT,0,"{""hearts"": {}, ""blade_mentions"": [], ""blade_icon_n"": 0, ""energy_icon_n"": 0, ""all_heart_n"": 0, ""score_delta_icon"": 0, ""unknown_tags"": [], ""tags"": []}",0,0,0,0,0,"{""draw"": 0, ""score"": 0, ""colorless"": 0}",0,0,0,,
PL!HS-sd1-002,村野さやか,PL!HS-sd1-002 村野さやか - ラブライブ！シリーズ オフィシャルカードゲーム(ラブカ) 非公式 Wiki*,メンバー,ラブライブ！蓮ノ空女学院スクールアイドルクラブ,蓮ノ空,DOLLCHESTRA,11.0,2.0,なし,<桃> 1 <緑> 1 <青> 4,,,"<ライブ開始時>
手札を2枚控え室に置いてもよい：自分のデッキの上からカードを5枚見る。その中からメンバーカードを1枚公開して手札に加えてもよい。残りを控え室に置く。これにより『蓮ノ空』のカードを手札に加えた場合、ライブ終了時まで、
<青>
<(ブレード)>
を得る。",https://wikiwiki.jp/llocardgame/PL%21HS-sd1-002%20%E6%9D%91%E9%87%8E%E3%81%95%E3%82%84%E3%81%8B,MEMBER,{},0,[],{},0,[],{},0,[],"<ライブ開始時>
手札を2枚控え室に置いてもよい：自分のデッキの上からカードを5枚見る。その中からメンバーカードを1枚公開して手札に加えてもよい。残りを控え室に置く。これにより『蓮ノ空』のカードを手札に加えた場合、ライブ終了時まで、
<青>
<(ブレード)>
を得る。",HAS_TEXT,0,"{""hearts"": {}, ""blade_mentions"": [], ""tags"": [], ""blade_icon_n"": 1, ""energy_icon_n"": 0, ""all_heart_n"": 0, ""score_delta_icon"": 0, ""unknown_tags"": []}",1,0,0,0,0,"{""draw"": 0, ""score"": 0, ""colorless"": 0}",0,0,0,,
PL!HS-sd1-003,大沢瑠璃乃,PL!HS-sd1-003 大沢瑠璃乃 - ラブライブ！シリーズ オフィシャルカードゲーム(ラブカ) 非公式 Wiki*,メンバー,ラブライブ！蓮ノ空女学院スクールアイドルクラブ,蓮ノ空,みらくらぱーく！,7.0,2.0,なし,<桃> 1 <青> 1,,,"<ライブ開始時>
<(E)>
支払ってもよい：ライブ終了時まで、自分のステージにいるこのメンバー以外の『蓮ノ空』のメンバー1人は、
<桃>
<(ブレード)>
を得る。",https://wikiwiki.jp/llocardgame/PL%21HS-sd1-003%20%E5%A4%A7%E6%B2%A2%E7%91%A0%E7%92%83%E4%B9%83,MEMBER,{},0,[],{},0,[],{},0,[],"<ライブ開始時>
<(E)>
支払ってもよい：ライブ終了時まで、自分のステージにいるこのメンバー以外の『蓮ノ空』のメンバー1人は、
<桃>
<(ブレード)>
を得る。",HAS_TEXT,0,"{""hearts"": {}, ""blade_mentions"": [], ""tags"": [], ""blade_icon_n"": 1, ""energy_icon_n"": 1, ""all_heart_n"": 0, ""score_delta_icon"": 0, ""unknown_tags"": []}",1,1,0,0,0,"{""draw"": 0, ""score"": 0, ""colorless"": 0}",0,0,0,,
PL!HS-sd1-004,百生吟子,PL!HS-sd1-004 百生吟子 - ラブライブ！シリーズ オフィシャルカードゲーム(ラブカ) 非公式 Wiki*,メンバー,ラブライブ！蓮ノ空女学院スクールアイドルクラブ,蓮ノ空,スリーズブーケ,11.0,3.0,<緑>,<桃> 1 <緑> 1 <青> 1 <紫> 1,,,"<登場>
手札の『蓮ノ空』のカード1枚を控え室に置いてもよい：自分の控え室からメンバーカードを1枚手札に加える。
<常時>
自分のステージに「日野下花帆」か「徒町小鈴」か「安養寺姫芽」がいるかぎり、
<緑>
を得る。",https://wikiwiki.jp/llocardgame/PL%21HS-sd1-004%20%E7%99%BE%E7%94%9F%E5%90%9F%E5%AD%90,MEMBER,{},0,[],{},0,[],"{""green"": 1}",1,[],"<登場>
手札の『蓮ノ空』のカード1枚を控え室に置いてもよい：自分の控え室からメンバーカードを1枚手札に加える。
<常時>
自分のステージに「日野下花帆」か「徒町小鈴」か「安養寺姫芽」がいるかぎり、
<緑>
を得る。",HAS_TEXT,0,"{""hearts"": {}, ""blade_mentions"": [], ""blade_icon_n"": 0, ""energy_icon_n"": 0, ""all_heart_n"": 0, ""score_delta_icon"": 0, ""unknown_tags"": [], ""tags"": []}",0,0,0,0,0,"{""draw"": 0, ""score"": 0, ""colorless"": 0}",0,0,0,,
PL!HS-sd1-005,徒町小鈴,PL!HS-sd1-005 徒町小鈴 - ラブライブ！シリーズ オフィシャルカードゲーム(ラブカ) 非公式 Wiki*,メンバー,ラブライブ！蓮ノ空女学院スクールアイドルクラブ,蓮ノ空,DOLLCHESTRA,13.0,3.0,<青>,<桃> 1 <緑> 1 <青> 2 <紫> 1,,,"<登場>
「徒町小鈴」以外の『蓮ノ空』のメンバーからバトンタッチして登場した場合、自分の控え室からライブカードを1枚手札に加える。
<常時>
自分のステージに「村野さやか」か「百生吟子」か「安養寺姫芽」がいるかぎり、
<(ブレード)>
を得る。",https://wikiwiki.jp/llocardgame/PL%21HS-sd1-005%20%E5%BE%92%E7%94%BA%E5%B0%8F%E9%88%B4,MEMBER,{},0,[],{},0,[],"{""blue"": 1}",1,[],"<登場>
「徒町小鈴」以外の『蓮ノ空』のメンバーからバトンタッチして登場した場合、自分の控え室からライブカードを1枚手札に加える。
<常時>
自分のステージに「村野さやか」か「百生吟子」か「安養寺姫芽」がいるかぎり、
<(ブレード)>
を得る。",HAS_TEXT,0,"{""hearts"": {}, ""blade_mentions"": [], ""tags"": [], ""blade_icon_n"": 1, ""energy_icon_n"": 0, ""all_heart_n"": 0, ""score_delta_icon"": 0, ""unknown_tags"": []}",1,0,0,0,0,"{""draw"": 0, ""score"": 0, ""colorless"": 0}",0,0,0,,
PL!HS-sd1-006,安養寺姫芽,PL!HS-sd1-006 安養寺姫芽 - ラブライブ！シリーズ オフィシャルカードゲーム(ラブカ) 非公式 Wiki*,メンバー,ラブライブ！蓮ノ空女学院スクールアイドルクラブ,蓮ノ空,みらくらぱーく！,15.0,5.0,なし,<桃> 2 <緑> 2 <青> 2 <紫> 1,,,"<登場>
自分のステージに「大沢瑠璃乃」か「百生吟子」か「徒町小鈴」がいる場合、エネルギーを1枚アクティブにし、自分の控え室から『蓮ノ空』のライブカードを1枚手札に加える。
<ライブ開始時>
<(E)>
支払ってもよい：ライブ終了時まで、
<(ブレード)>
<(ブレード)>
を得る。",https://wikiwiki.jp/llocardgame/PL%21HS-sd1-006%20%E5%AE%89%E9%A4%8A%E5%AF%BA%E5%A7%AB%E8%8A%BD,MEMBER,{},0,[],{},0,[],{},0,[],"<登場>
自分のステージに「大沢瑠璃乃」か「百生吟子」か「徒町小鈴」がいる場合、エネルギーを1枚アクティブにし、自分の控え室から『蓮ノ空』のライブカードを1枚手札に加える。
<ライブ開始時>
<(E)>
支払ってもよい：ライブ終了時まで、
<(ブレード)>
<(ブレード)>
を得る。",HAS_TEXT,0,"{""hearts"": {}, ""blade_mentions"": [], ""tags"": [], ""blade_icon_n"": 2, ""energy_icon_n"": 1, ""all_heart_n"": 0, ""score_delta_icon"": 0, ""unknown_tags"": []}",2,1,0,0,0,"{""draw"": 0, ""score"": 0, ""colorless"": 0}",0,0,0,,
PL!HS-sd1-007,セラス 柳田 リリエンフェルト,PL!HS-sd1-007 セラス 柳田 リリエンフェルト - ラブライブ！シリーズ オフィシャルカードゲーム(ラブカ) 非公式 Wiki*,メンバー,ラブライブ！蓮ノ空女学院スクールアイドルクラブ,蓮ノ空,Edel Note,4.0,1.0,<緑>,<緑> 1 <紫> 1,,,(なし),https://wikiwiki.jp/llocardgame/PL%21HS-sd1-007%20%E3%82%BB%E3%83%A9%E3%82%B9%20%E6%9F%B3%E7%94%B0%20%E3%83%AA%E3%83%AA%E3%82%A8%E3%83%B3%E3%83%95%E3%82%A7%E3%83%AB%E3%83%88,MEMBER,{},0,[],{},0,[],"{""green"": 1}",1,[],(なし),NO_ABILITY,1,"{""hearts"": {}, ""blade_mentions"": [], ""blade_icon_n"": 0, ""energy_icon_n"": 0, ""all_heart_n"": 0, ""score_delta_icon"": 0, ""unknown_tags"": [], ""tags"": []}",0,0,0,0,0,"{""draw"": 0, ""score"": 0, ""colorless"": 0}",0,0,0,,
PL!HS-sd1-008,桂城泉,PL!HS-sd1-008 桂城泉 - ラブライブ！シリーズ オフィシャルカードゲーム(ラブカ) 非公式 Wiki*,メンバー,ラブライブ！蓮ノ空女学院スクールアイドルクラブ,蓮ノ空,Edel Note,13.0,4.0,<紫>,<桃> 1 <緑> 1 <青> 1 <紫> 2,,,"<登場>
カードを2枚引き、手札を1枚控え室に置く。
<ライブ開始時>
手札の『蓮ノ空』のカードを2枚控え室に置いてもよい：
<桃>
か
<緑>
か
<青>
か
<紫>
のうち、1つを選ぶ。ライブ終了時まで、自分のステージとにいるこのメンバー以外の『蓮ノ空』のメンバー1人は選んだハートを2つ得る。",https://wikiwiki.jp/llocardgame/PL%21HS-sd1-008%20%E6%A1%82%E5%9F%8E%E6%B3%89,MEMBER,{},0,[],{},0,[],"{""purple"": 1}",1,[],"<登場>
カードを2枚引き、手札を1枚控え室に置く。
<ライブ開始時>
手札の『蓮ノ空』のカードを2枚控え室に置いてもよい：
<桃>
か
<緑>
か
<青>
か
<紫>
のうち、1つを選ぶ。ライブ終了時まで、自分のステージとにいるこのメンバー以外の『蓮ノ空』のメンバー1人は選んだハートを2つ得る。",HAS_TEXT,0,"{""hearts"": {}, ""blade_mentions"": [], ""blade_icon_n"": 0, ""energy_icon_n"": 0, ""all_heart_n"": 0, ""score_delta_icon"": 0, ""unknown_tags"": [], ""tags"": []}",0,0,0,0,0,"{""draw"": 0, ""score"": 0, ""colorless"": 0}",0,0,0,,
PL!HS-sd1-009,日野下花帆,PL!HS-sd1-009 日野下花帆 - ラブライブ！シリーズ オフィシャルカードゲーム(ラブカ) 非公式 Wiki*,メンバー,ラブライブ！蓮ノ空女学院スクールアイドルクラブ,蓮ノ空,スリーズブーケ,2.0,1.0,<緑>,<緑> 1,,,"<起動>
このメンバーをステージから控え室に置く：自分の控え室からライブカードを1枚手札に加える。",https://wikiwiki.jp/llocardgame/PL%21HS-sd1-009%20%E6%97%A5%E9%87%8E%E4%B8%8B%E8%8A%B1%E5%B8%86,MEMBER,{},0,[],{},0,[],"{""green"": 1}",1,[],"<起動>
このメンバーをステージから控え室に置く：自分の控え室からライブカードを1枚手札に加える。",HAS_TEXT,0,"{""hearts"": {}, ""blade_mentions"": [], ""blade_icon_n"": 0, ""energy_icon_n"": 0, ""all_heart_n"": 0, ""score_delta_icon"": 0, ""unknown_tags"": [], ""tags"": []}",0,0,0,0,0,"{""draw"": 0, ""score"": 0, ""colorless"": 0}",0,0,0,,
PL!HS-sd1-010,村野さやか,PL!HS-sd1-010 村野さやか - ラブライブ！シリーズ オフィシャルカードゲーム(ラブカ) 非公式 Wiki*,メンバー,ラブライブ！蓮ノ空女学院スクールアイドルクラブ,蓮ノ空,DOLLCHESTRA,4.0,1.0,<青>,<青> 1 <紫> 1,,,(なし),https://wikiwiki.jp/llocardgame/PL%21HS-sd1-010%20%E6%9D%91%E9%87%8E%E3%81%95%E3%82%84%E3%81%8B,MEMBER,{},0,[],{},0,[],"{""blue"": 1}",1,[],(なし),NO_ABILITY,1,"{""hearts"": {}, ""blade_mentions"": [], ""blade_icon_n"": 0, ""energy_icon_n"": 0, ""all_heart_n"": 0, ""score_delta_icon"": 0, ""unknown_tags"": [], ""tags"": []}",0,0,0,0,0,"{""draw"": 0, ""score"": 0, ""colorless"": 0}",0,0,0,,
PL!HS-sd1-011,大沢瑠璃乃,PL!HS-sd1-011 大沢瑠璃乃 - ラブライブ！シリーズ オフィシャルカードゲーム(ラブカ) 非公式 Wiki*,メンバー,ラブライブ！蓮ノ空女学院スクールアイドルクラブ,蓮ノ空,みらくらぱーく！,4.0,1.0,<桃>,<桃> 1 <紫> 1,,,(なし),https://wikiwiki.jp/llocardgame/PL%21HS-sd1-011%20%E5%A4%A7%E6%B2%A2%E7%91%A0%E7%92%83%E4%B9%83,MEMBER,{},0,[],{},0,[],"{""pink"": 1}",1,[],(なし),NO_ABILITY,1,"{""hearts"": {}, ""blade_mentions"": [], ""blade_icon_n"": 0, ""energy_icon_n"": 0, ""all_heart_n"": 0, ""score_delta_icon"": 0, ""unknown_tags"": [], ""tags"": []}",0,0,0,0,0,"{""draw"": 0, ""score"": 0, ""colorless"": 0}",0,0,0,,
PL!HS-sd1-012,百生吟子,PL!HS-sd1-012 百生吟子 - ラブライブ！シリーズ オフィシャルカードゲーム(ラブカ) 非公式 Wiki*,メンバー,ラブライブ！蓮ノ空女学院スクールアイドルクラブ,蓮ノ空,スリーズブーケ,4.0,1.0,<緑>,<緑> 2,,,(なし),https://wikiwiki.jp/llocardgame/PL%21HS-sd1-012%20%E7%99%BE%E7%94%9F%E5%90%9F%E5%AD%90,MEMBER,{},0,[],{},0,[],"{""green"": 1}",1,[],(なし),NO_ABILITY,1,"{""hearts"": {}, ""blade_mentions"": [], ""blade_icon_n"": 0, ""energy_icon_n"": 0, ""all_heart_n"": 0, ""score_delta_icon"": 0, ""unknown_tags"": [], ""tags"": []}",0,0,0,0,0,"{""draw"": 0, ""score"": 0, ""colorless"": 0}",0,0,0,,
PL!HS-sd1-013,徒町小鈴,PL!HS-sd1-013 徒町小鈴 - ラブライブ！シリーズ オフィシャルカードゲーム(ラブカ) 非公式 Wiki*,メンバー,ラブライブ！蓮ノ空女学院スクールアイドルクラブ,蓮ノ空,DOLLCHESTRA,2.0,1.0,<青>,<青>,,,"<登場>
自分のデッキの上からカードを3枚控え室に置く。それらがすべて
<青>
を持つメンバーカードの場合、ライブ終了時まで、
<青>
を得る。",https://wikiwiki.jp/llocardgame/PL%21HS-sd1-013%20%E5%BE%92%E7%94%BA%E5%B0%8F%E9%88%B4,MEMBER,{},0,[],{},0,[],"{""blue"": 1}",1,[],"<登場>
自分のデッキの上からカードを3枚控え室に置く。それらがすべて
<青>
を持つメンバーカードの場合、ライブ終了時まで、
<青>
を得る。",HAS_TEXT,0,"{""hearts"": {}, ""blade_mentions"": [], ""blade_icon_n"": 0, ""energy_icon_n"": 0, ""all_heart_n"": 0, ""score_delta_icon"": 0, ""unknown_tags"": [], ""tags"": []}",0,0,0,0,0,"{""draw"": 0, ""score"": 0, ""colorless"": 0}",0,0,0,,
PL!HS-sd1-014,安養寺姫芽,PL!HS-sd1-014 安養寺姫芽 - ラブライブ！シリーズ オフィシャルカードゲーム(ラブカ) 非公式 Wiki*,メンバー,ラブライブ！蓮ノ空女学院スクールアイドルクラブ,蓮ノ空,みらくらぱーく！,9.0,1.0,なし,<桃> 1 <緑> 1 <青> 1 <紫> 1,,,"<登場>
手札を1枚控え室に置いてもよい：自分の控え室から『蓮ノ空』のカードを1枚手札に加える。",https://wikiwiki.jp/llocardgame/PL%21HS-sd1-014%20%E5%AE%89%E9%A4%8A%E5%AF%BA%E5%A7%AB%E8%8A%BD,MEMBER,{},0,[],{},0,[],{},0,[],"<登場>
手札を1枚控え室に置いてもよい：自分の控え室から『蓮ノ空』のカードを1枚手札に加える。",HAS_TEXT,0,"{""hearts"": {}, ""blade_mentions"": [], ""blade_icon_n"": 0, ""energy_icon_n"": 0, ""all_heart_n"": 0, ""score_delta_icon"": 0, ""unknown_tags"": [], ""tags"": []}",0,0,0,0,0,"{""draw"": 0, ""score"": 0, ""colorless"": 0}",0,0,0,,
PL!HS-sd1-015,セラス 柳田 リリエンフェルト,PL!HS-sd1-015 セラス 柳田 リリエンフェルト - ラブライブ！シリーズ オフィシャルカードゲーム(ラブカ) 非公式 Wiki*,メンバー,ラブライブ！蓮ノ空女学院スクールアイドルクラブ,蓮ノ空,Edel Note,2.0,3.0,<紫>,<紫> 1,,,"<起動>
このメンバーをステージから控え室に置く：自分の控え室からメンバーカードを1枚手札に加える。",https://wikiwiki.jp/llocardgame/PL%21HS-sd1-015%20%E3%82%BB%E3%83%A9%E3%82%B9%20%E6%9F%B3%E7%94%B0%20%E3%83%AA%E3%83%AA%E3%82%A8%E3%83%B3%E3%83%95%E3%82%A7%E3%83%AB%E3%83%88,MEMBER,{},0,[],{},0,[],"{""purple"": 1}",1,[],"<起動>
このメンバーをステージから控え室に置く：自分の控え室からメンバーカードを1枚手札に加える。",HAS_TEXT,0,"{""hearts"": {}, ""blade_mentions"": [], ""blade_icon_n"": 0, ""energy_icon_n"": 0, ""all_heart_n"": 0, ""score_delta_icon"": 0, ""unknown_tags"": [], ""tags"": []}",0,0,0,0,0,"{""draw"": 0, ""score"": 0, ""colorless"": 0}",0,0,0,,
PL!HS-sd1-016,桂城泉,PL!HS-sd1-016 桂城泉 - ラブライブ！シリーズ オフィシャルカードゲーム(ラブカ) 非公式 Wiki*,メンバー,ラブライブ！蓮ノ空女学院スクールアイドルクラブ,蓮ノ空,Edel Note,9.0,3.0,なし,<桃> 1 <緑> 1 <紫> 2,,,(なし),https://wikiwiki.jp/llocardgame/PL%21HS-sd1-016%20%E6%A1%82%E5%9F%8E%E6%B3%89,MEMBER,{},0,[],{},0,[],{},0,[],(なし),NO_ABILITY,1,"{""hearts"": {}, ""blade_mentions"": [], ""blade_icon_n"": 0, ""energy_icon_n"": 0, ""all_heart_n"": 0, ""score_delta_icon"": 0, ""unknown_tags"": [], ""tags"": []}",0,0,0,0,0,"{""draw"": 0, ""score"": 0, ""colorless"": 0}",0,0,0,,
PL!HS-sd1-017,夏めきペイン,PL!HS-sd1-017 夏めきペイン - ラブライブ！シリーズ オフィシャルカードゲーム(ラブカ) 非公式 Wiki*,ライブ,ラブライブ！蓮ノ空女学院スクールアイドルクラブ,蓮ノ空,,,,<ALL>,,<桃> 1 <緑> 1 <青> 1 <任意> 2 (合計5),2.0,"<ライブ成功時>
自分のステージに『蓮ノ空』のメンバーがいる場合、カードを1枚引き、手札を1枚控え室に置く。",https://wikiwiki.jp/llocardgame/PL%21HS-sd1-017%20%E5%A4%8F%E3%82%81%E3%81%8D%E3%83%9A%E3%82%A4%E3%83%B3,LIVE,{},0,[],{},5,[],"{""all"": 1}",1,[],"<ライブ成功時>
自分のステージに『蓮ノ空』のメンバーがいる場合、カードを1枚引き、手札を1枚控え室に置く。",HAS_TEXT,0,"{""hearts"": {}, ""blade_mentions"": [], ""blade_icon_n"": 0, ""energy_icon_n"": 0, ""all_heart_n"": 0, ""score_delta_icon"": 0, ""unknown_tags"": [], ""tags"": []}",0,0,0,0,0,"{""draw"": 0, ""score"": 0, ""colorless"": 0}",0,0,0,,
PL!HS-sd1-018,Dream Believers（105期Ver.）,PL!HS-sd1-018 Dream Believers（105期Ver.） - ラブライブ！シリーズ オフィシャルカードゲーム(ラブカ) 非公式 Wiki*,ライブ,ラブライブ！蓮ノ空女学院スクールアイドルクラブ,蓮ノ空,,,,<ALL>,,<桃> 1 <緑> 1 <青> 1 <紫> 1 <任意> 4 (合計8),3.0,"<ライブ成功時>
自分のステージに『蓮ノ空』のメンバーが3人以上いて、かつ自分の控え室にカード名に「Dream Believers」を含むライブカードがある場合、このカードのスコアを+1する。",https://wikiwiki.jp/llocardgame/PL%21HS-sd1-018%20Dream%20Believers%EF%BC%88105%E6%9C%9FVer.%EF%BC%89,LIVE,{},0,[],{},8,[],"{""all"": 1}",1,[],"<ライブ成功時>
自分のステージに『蓮ノ空』のメンバーが3人以上いて、かつ自分の控え室にカード名に「Dream Believers」を含むライブカードがある場合、このカードのスコアを+1する。",HAS_TEXT,0,"{""hearts"": {}, ""blade_mentions"": [], ""blade_icon_n"": 0, ""energy_icon_n"": 0, ""all_heart_n"": 0, ""score_delta_icon"": 0, ""unknown_tags"": [], ""tags"": []}",0,0,0,0,0,"{""draw"": 0, ""score"": 0, ""colorless"": 0}",0,0,0,,
PL!HS-sd1-019,アイドゥーミー！,PL!HS-sd1-019 アイドゥーミー！ - ラブライブ！シリーズ オフィシャルカードゲーム(ラブカ) 非公式 Wiki*,ライブ,ラブライブ！蓮ノ空女学院スクールアイドルクラブ,蓮ノ空,,,,<桃> <ドロー+1>,,<桃> 1 <緑> 1 <青> 1 <紫> 1 <任意> 8 (合計12),5.0,(なし),https://wikiwiki.jp/llocardgame/PL%21HS-sd1-019%20%E3%82%A2%E3%82%A4%E3%83%89%E3%82%A5%E3%83%BC%E3%83%9F%E3%83%BC%EF%BC%81,LIVE,{},0,[],{},12,[],"{""pink"": 1}",1,[],(なし),NO_ABILITY,1,"{""hearts"": {}, ""blade_mentions"": [], ""blade_icon_n"": 0, ""energy_icon_n"": 0, ""all_heart_n"": 0, ""score_delta_icon"": 0, ""unknown_tags"": [], ""tags"": []}",0,0,0,0,0,"{""draw"": 1, ""score"": 0, ""colorless"": 0}",1,0,0,,
PL!HS-sd1-020,Link to the FUTURE（104期Ver.）,PL!HS-sd1-020 Link to the FUTURE（104期Ver.） - ラブライブ！シリーズ オフィシャルカードゲーム(ラブカ) 非公式 Wiki*,ライブ,ラブライブ！蓮ノ空女学院スクールアイドルクラブ,蓮ノ空,( スリーズブーケ / DOLLCHESTRA / みらくらぱーく！ ),,,<スコア+1>,,<桃> 2 <緑> 2 <青> 2 <任意> 8 (合計14),6.0,"<常時>
すべての領域にあるこのカードは『スリーズブーケ』、『DOLLCHESTRA』、『みらくらぱーく！』として扱う。
<ライブ開始時>
手札の『蓮ノ空』のメンバーカードを3枚まで控え室に置いてもよい：ライブ終了時まで、自分のステージのメンバー1人は、これにより控え室に置いたカード1枚につき、
<(ブレード)>
を得る。",https://wikiwiki.jp/llocardgame/PL%21HS-sd1-020%20Link%20to%20the%20FUTURE%EF%BC%88104%E6%9C%9FVer.%EF%BC%89,LIVE,{},0,[],{},14,[],{},0,[],"<常時>
すべての領域にあるこのカードは『スリーズブーケ』、『DOLLCHESTRA』、『みらくらぱーく！』として扱う。
<ライブ開始時>
手札の『蓮ノ空』のメンバーカードを3枚まで控え室に置いてもよい：ライブ終了時まで、自分のステージのメンバー1人は、これにより控え室に置いたカード1枚につき、
<(ブレード)>
を得る。",HAS_TEXT,0,"{""hearts"": {}, ""blade_mentions"": [], ""tags"": [], ""blade_icon_n"": 1, ""energy_icon_n"": 0, ""all_heart_n"": 0, ""score_delta_icon"": 0, ""unknown_tags"": []}",1,0,0,0,0,"{""draw"": 0, ""score"": 1, ""colorless"": 0}",0,1,0,,
PL!N-PR-003,上原歩夢,PL!N-PR-003 上原歩夢 - ラブライブ！シリーズ オフィシャルカードゲーム(ラブカ) 非公式 Wiki*,メンバー,ラブライブ！虹ヶ咲学園スクールアイドル同好会,虹ヶ咲,A・ZU・NA,9.0,4.0,なし,<桃> 1 <緑> 1 <紫> 1,,,"<起動>
<ターン1回>
手札をすべて公開する：自分のステージにほかのメンバーがおり、かつこれにより公開した手札の中にライブカードがない場合、自分のデッキの上からカードを5枚見る。その中からライブカードを1枚公開して手札に加えてもよい。残りを控え室に置く。",https://wikiwiki.jp/llocardgame/PL%21N-PR-003%20%E4%B8%8A%E5%8E%9F%E6%AD%A9%E5%A4%A2,MEMBER,{},0,[],{},0,[],{},0,[],"<起動>
<ターン1回>
手札をすべて公開する：自分のステージにほかのメンバーがおり、かつこれにより公開した手札の中にライブカードがない場合、自分のデッキの上からカードを5枚見る。その中からライブカードを1枚公開して手札に加えてもよい。残りを控え室に置く。",HAS_TEXT,0,"{""hearts"": {}, ""blade_mentions"": [], ""blade_icon_n"": 0, ""energy_icon_n"": 0, ""all_heart_n"": 0, ""score_delta_icon"": 0, ""unknown_tags"": [], ""tags"": []}",0,0,0,0,0,"{""draw"": 0, ""score"": 0, ""colorless"": 0}",0,0,0,,
PL!N-PR-004,中須かすみ,PL!N-PR-004 中須かすみ - ラブライブ！シリーズ オフィシャルカードゲーム(ラブカ) 非公式 Wiki*,メンバー,ラブライブ！虹ヶ咲学園スクールアイドル同好会,虹ヶ咲,QU4RTZ,4.0,1.0,なし,<黄> 1 <緑> 1,,,"<登場>
手札を1枚控え室に置いてもよい：自分のデッキの上からカードを3枚見る。その中から1枚を手札に加え、残りを控え室に置く。",https://wikiwiki.jp/llocardgame/PL%21N-PR-004%20%E4%B8%AD%E9%A0%88%E3%81%8B%E3%81%99%E3%81%BF,MEMBER,{},0,[],{},0,[],{},0,[],"<登場>
手札を1枚控え室に置いてもよい：自分のデッキの上からカードを3枚見る。その中から1枚を手札に加え、残りを控え室に置く。",HAS_TEXT,0,"{""hearts"": {}, ""blade_mentions"": [], ""blade_icon_n"": 0, ""energy_icon_n"": 0, ""all_heart_n"": 0, ""score_delta_icon"": 0, ""unknown_tags"": [], ""tags"": []}",0,0,0,0,0,"{""draw"": 0, ""score"": 0, ""colorless"": 0}",0,0,0,,
PL!N-PR-005,桜坂しずく,PL!N-PR-005 桜坂しずく - ラブライブ！シリーズ オフィシャルカードゲーム(ラブカ) 非公式 Wiki*,メンバー,ラブライブ！虹ヶ咲学園スクールアイドル同好会,虹ヶ咲,A・ZU・NA,13.0,4.0,なし,<赤> 2 <青> 2 <紫> 2,,,"<登場>
カードを2枚引き、手札を2枚控え室に置く。",https://wikiwiki.jp/llocardgame/PL%21N-PR-005%20%E6%A1%9C%E5%9D%82%E3%81%97%E3%81%9A%E3%81%8F,MEMBER,{},0,[],{},0,[],{},0,[],"<登場>
カードを2枚引き、手札を2枚控え室に置く。",HAS_TEXT,0,"{""hearts"": {}, ""blade_mentions"": [], ""blade_icon_n"": 0, ""energy_icon_n"": 0, ""all_heart_n"": 0, ""score_delta_icon"": 0, ""unknown_tags"": [], ""tags"": []}",0,0,0,0,0,"{""draw"": 0, ""score"": 0, ""colorless"": 0}",0,0,0,,
PL!N-PR-006,朝香果林,PL!N-PR-006 朝香果林 - ラブライブ！シリーズ オフィシャルカードゲーム(ラブカ) 非公式 Wiki*,メンバー,ラブライブ！虹ヶ咲学園スクールアイドル同好会,虹ヶ咲,DiverDiva,4.0,1.0,なし,<青> 1 <紫> 1,,,"<登場>
手札を1枚控え室に置いてもよい：自分のデッキの上からカードを3枚見る。その中から1枚を手札に加え、残りを控え室に置く。",https://wikiwiki.jp/llocardgame/PL%21N-PR-006%20%E6%9C%9D%E9%A6%99%E6%9E%9C%E6%9E%97,MEMBER,{},0,[],{},0,[],{},0,[],"<登場>
手札を1枚控え室に置いてもよい：自分のデッキの上からカードを3枚見る。その中から1枚を手札に加え、残りを控え室に置く。",HAS_TEXT,0,"{""hearts"": {}, ""blade_mentions"": [], ""blade_icon_n"": 0, ""energy_icon_n"": 0, ""all_heart_n"": 0, ""score_delta_icon"": 0, ""unknown_tags"": [], ""tags"": []}",0,0,0,0,0,"{""draw"": 0, ""score"": 0, ""colorless"": 0}",0,0,0,,
PL!N-PR-007,宮下愛,PL!N-PR-007 宮下愛 - ラブライブ！シリーズ オフィシャルカードゲーム(ラブカ) 非公式 Wiki*,メンバー,ラブライブ！虹ヶ咲学園スクールアイドル同好会,虹ヶ咲,DiverDiva,13.0,4.0,なし,<赤> 2 <青> 2 <紫> 2,,,"<登場>
カードを2枚引き、手札を2枚控え室に置く。",https://wikiwiki.jp/llocardgame/PL%21N-PR-007%20%E5%AE%AE%E4%B8%8B%E6%84%9B,MEMBER,{},0,[],{},0,[],{},0,[],"<登場>
カードを2枚引き、手札を2枚控え室に置く。",HAS_TEXT,0,"{""hearts"": {}, ""blade_mentions"": [], ""blade_icon_n"": 0, ""energy_icon_n"": 0, ""all_heart_n"": 0, ""score_delta_icon"": 0, ""unknown_tags"": [], ""tags"": []}",0,0,0,0,0,"{""draw"": 0, ""score"": 0, ""colorless"": 0}",0,0,0,,
PL!N-PR-008,近江彼方,PL!N-PR-008 近江彼方 - ラブライブ！シリーズ オフィシャルカードゲーム(ラブカ) 非公式 Wiki*,メンバー,ラブライブ！虹ヶ咲学園スクールアイドル同好会,虹ヶ咲,QU4RTZ,9.0,4.0,なし,<桃> 1 <緑> 1 <紫> 1,,,"<起動>
<ターン1回>
手札をすべて公開する：自分のステージにほかのメンバーがおり、かつこれにより公開した手札の中にライブカードがない場合、自分のデッキの上からカードを5枚見る。その中からライブカードを1枚公開して手札に加えてもよい。残りを控え室に置く。",https://wikiwiki.jp/llocardgame/PL%21N-PR-008%20%E8%BF%91%E6%B1%9F%E5%BD%BC%E6%96%B9,MEMBER,{},0,[],{},0,[],{},0,[],"<起動>
<ターン1回>
手札をすべて公開する：自分のステージにほかのメンバーがおり、かつこれにより公開した手札の中にライブカードがない場合、自分のデッキの上からカードを5枚見る。その中からライブカードを1枚公開して手札に加えてもよい。残りを控え室に置く。",HAS_TEXT,0,"{""hearts"": {}, ""blade_mentions"": [], ""blade_icon_n"": 0, ""energy_icon_n"": 0, ""all_heart_n"": 0, ""score_delta_icon"": 0, ""unknown_tags"": [], ""tags"": []}",0,0,0,0,0,"{""draw"": 0, ""score"": 0, ""colorless"": 0}",0,0,0,,
PL!N-PR-009,優木せつ菜,PL!N-PR-009 優木せつ菜 - ラブライブ！シリーズ オフィシャルカードゲーム(ラブカ) 非公式 Wiki*,メンバー,ラブライブ！虹ヶ咲学園スクールアイドル同好会,虹ヶ咲,A・ZU・NA,2.0,1.0,<赤>,<赤> 1,,,"<起動>
このメンバーをステージから控え室に置く：自分の控え室からライブカードを1枚手札に加える。",https://wikiwiki.jp/llocardgame/PL%21N-PR-009%20%E5%84%AA%E6%9C%A8%E3%81%9B%E3%81%A4%E8%8F%9C,MEMBER,{},0,[],{},0,[],"{""red"": 1}",1,[],"<起動>
このメンバーをステージから控え室に置く：自分の控え室からライブカードを1枚手札に加える。",HAS_TEXT,0,"{""hearts"": {}, ""blade_mentions"": [], ""blade_icon_n"": 0, ""energy_icon_n"": 0, ""all_heart_n"": 0, ""score_delta_icon"": 0, ""unknown_tags"": [], ""tags"": []}",0,0,0,0,0,"{""draw"": 0, ""score"": 0, ""colorless"": 0}",0,0,0,,
PL!N-PR-010,エマ・ヴェルデ,PL!N-PR-010 エマ・ヴェルデ - ラブライブ！シリーズ オフィシャルカードゲーム(ラブカ) 非公式 Wiki*,メンバー,ラブライブ！虹ヶ咲学園スクールアイドル同好会,虹ヶ咲,QU4RTZ,9.0,4.0,なし,<桃> 1 <緑> 1 <紫> 1,,,"<起動>
<ターン1回>
手札をすべて公開する：自分のステージにほかのメンバーがおり、かつこれにより公開した手札の中にライブカードがない場合、自分のデッキの上からカードを5枚見る。その中からライブカードを1枚公開して手札に加えてもよい。残りを控え室に置く。",https://wikiwiki.jp/llocardgame/PL%21N-PR-010%20%E3%82%A8%E3%83%9E%E3%83%BB%E3%83%B4%E3%82%A7%E3%83%AB%E3%83%87,MEMBER,{},0,[],{},0,[],{},0,[],"<起動>
<ターン1回>
手札をすべて公開する：自分のステージにほかのメンバーがおり、かつこれにより公開した手札の中にライブカードがない場合、自分のデッキの上からカードを5枚見る。その中からライブカードを1枚公開して手札に加えてもよい。残りを控え室に置く。",HAS_TEXT,0,"{""hearts"": {}, ""blade_mentions"": [], ""blade_icon_n"": 0, ""energy_icon_n"": 0, ""all_heart_n"": 0, ""score_delta_icon"": 0, ""unknown_tags"": [], ""tags"": []}",0,0,0,0,0,"{""draw"": 0, ""score"": 0, ""colorless"": 0}",0,0,0,,
PL!N-PR-011,天王寺璃奈,PL!N-PR-011 天王寺璃奈 - ラブライブ！シリーズ オフィシャルカードゲーム(ラブカ) 非公式 Wiki*,メンバー,ラブライブ！虹ヶ咲学園スクールアイドル同好会,虹ヶ咲,QU4RTZ,13.0,4.0,なし,<赤> 2 <青> 2 <紫> 2,,,"<登場>
カードを2枚引き、手札を2枚控え室に置く。",https://wikiwiki.jp/llocardgame/PL%21N-PR-011%20%E5%A4%A9%E7%8E%8B%E5%AF%BA%E7%92%83%E5%A5%88,MEMBER,{},0,[],{},0,[],{},0,[],"<登場>
カードを2枚引き、手札を2枚控え室に置く。",HAS_TEXT,0,"{""hearts"": {}, ""blade_mentions"": [], ""blade_icon_n"": 0, ""energy_icon_n"": 0, ""all_heart_n"": 0, ""score_delta_icon"": 0, ""unknown_tags"": [], ""tags"": []}",0,0,0,0,0,"{""draw"": 0, ""score"": 0, ""colorless"": 0}",0,0,0,,
PL!N-PR-012,三船栞子,PL!N-PR-012 三船栞子 - ラブライブ！シリーズ オフィシャルカードゲーム(ラブカ) 非公式 Wiki*,メンバー,ラブライブ！虹ヶ咲学園スクールアイドル同好会,虹ヶ咲,R3BIRTH,2.0,1.0,<緑>,<緑> 1,,,"<起動>
このメンバーをステージから控え室に置く：自分の控え室からライブカードを1枚手札に加える。",https://wikiwiki.jp/llocardgame/PL%21N-PR-012%20%E4%B8%89%E8%88%B9%E6%A0%9E%E5%AD%90,MEMBER,{},0,[],{},0,[],"{""green"": 1}",1,[],"<起動>
このメンバーをステージから控え室に置く：自分の控え室からライブカードを1枚手札に加える。",HAS_TEXT,0,"{""hearts"": {}, ""blade_mentions"": [], ""blade_icon_n"": 0, ""energy_icon_n"": 0, ""all_heart_n"": 0, ""score_delta_icon"": 0, ""unknown_tags"": [], ""tags"": []}",0,0,0,0,0,"{""draw"": 0, ""score"": 0, ""colorless"": 0}",0,0,0,,
PL!N-PR-013,ミア・テイラー,PL!N-PR-013 ミア・テイラー - ラブライブ！シリーズ オフィシャルカードゲーム(ラブカ) 非公式 Wiki*,メンバー,ラブライブ！虹ヶ咲学園スクールアイドル同好会,虹ヶ咲,R3BIRTH,4.0,1.0,なし,<桃> 1 <赤> 1,,,"<登場>
手札を1枚控え室に置いてもよい：自分のデッキの上からカードを3枚見る。その中から1枚を手札に加え、残りを控え室に置く。",https://wikiwiki.jp/llocardgame/PL%21N-PR-013%20%E3%83%9F%E3%82%A2%E3%83%BB%E3%83%86%E3%82%A4%E3%83%A9%E3%83%BC,MEMBER,{},0,[],{},0,[],{},0,[],"<登場>
手札を1枚控え室に置いてもよい：自分のデッキの上からカードを3枚見る。その中から1枚を手札に加え、残りを控え室に置く。",HAS_TEXT,0,"{""hearts"": {}, ""blade_mentions"": [], ""blade_icon_n"": 0, ""energy_icon_n"": 0, ""all_heart_n"": 0, ""score_delta_icon"": 0, ""unknown_tags"": [], ""tags"": []}",0,0,0,0,0,"{""draw"": 0, ""score"": 0, ""colorless"": 0}",0,0,0,,
PL!N-PR-014,鐘嵐珠,PL!N-PR-014 鐘嵐珠 - ラブライブ！シリーズ オフィシャルカードゲーム(ラブカ) 非公式 Wiki*,メンバー,ラブライブ！虹ヶ咲学園スクールアイドル同好会,虹ヶ咲,R3BIRTH,2.0,1.0,<桃>,<桃> 1,,,"<起動>
このメンバーをステージから控え室に置く：自分の控え室からライブカードを1枚手札に加える。",https://wikiwiki.jp/llocardgame/PL%21N-PR-014%20%E9%90%98%E5%B5%90%E7%8F%A0,MEMBER,{},0,[],{},0,[],"{""pink"": 1}",1,[],"<起動>
このメンバーをステージから控え室に置く：自分の控え室からライブカードを1枚手札に加える。",HAS_TEXT,0,"{""hearts"": {}, ""blade_mentions"": [], ""blade_icon_n"": 0, ""energy_icon_n"": 0, ""all_heart_n"": 0, ""score_delta_icon"": 0, ""unknown_tags"": [], ""tags"": []}",0,0,0,0,0,"{""draw"": 0, ""score"": 0, ""colorless"": 0}",0,0,0,,
PL!N-PR-019,中須かすみ,PL!N-PR-019 中須かすみ - ラブライブ！シリーズ オフィシャルカードゲーム(ラブカ) 非公式 Wiki*,メンバー,ラブライブ！虹ヶ咲学園スクールアイドル同好会,虹ヶ咲,QU4RTZ,2.0,1.0,<黄>,<黄> 1,,,"<起動>
このメンバーをステージから控え室に置く：自分の控え室からライブカードを1枚手札に加える。",https://wikiwiki.jp/llocardgame/PL%21N-PR-019%20%E4%B8%AD%E9%A0%88%E3%81%8B%E3%81%99%E3%81%BF,MEMBER,{},0,[],{},0,[],"{""yellow"": 1}",1,[],"<起動>
このメンバーをステージから控え室に置く：自分の控え室からライブカードを1枚手札に加える。",HAS_TEXT,0,"{""hearts"": {}, ""blade_mentions"": [], ""blade_icon_n"": 0, ""energy_icon_n"": 0, ""all_heart_n"": 0, ""score_delta_icon"": 0, ""unknown_tags"": [], ""tags"": []}",0,0,0,0,0,"{""draw"": 0, ""score"": 0, ""colorless"": 0}",0,0,0,,
PL!N-PR-020,エマ・ヴェルデ,PL!N-PR-020 エマ・ヴェルデ - ラブライブ！シリーズ オフィシャルカードゲーム(ラブカ) 非公式 Wiki*,メンバー,ラブライブ！虹ヶ咲学園スクールアイドル同好会,虹ヶ咲,QU4RTZ,11.0,4.0,<青>,<緑> 2 <青> 2,,,"<常時>
自分のステージにいるメンバーがちょうど2人であるかぎり、
<青>
<(ブレード)>
を得る。",https://wikiwiki.jp/llocardgame/PL%21N-PR-020%20%E3%82%A8%E3%83%9E%E3%83%BB%E3%83%B4%E3%82%A7%E3%83%AB%E3%83%87,MEMBER,{},0,[],{},0,[],"{""blue"": 1}",1,[],"<常時>
自分のステージにいるメンバーがちょうど2人であるかぎり、
<青>
<(ブレード)>
を得る。",HAS_TEXT,0,"{""hearts"": {}, ""blade_mentions"": [], ""tags"": [], ""blade_icon_n"": 1, ""energy_icon_n"": 0, ""all_heart_n"": 0, ""score_delta_icon"": 0, ""unknown_tags"": []}",1,0,0,0,0,"{""draw"": 0, ""score"": 0, ""colorless"": 0}",0,0,0,,
PL!N-PR-021,鐘嵐珠,PL!N-PR-021 鐘嵐珠 - ラブライブ！シリーズ オフィシャルカードゲーム(ラブカ) 非公式 Wiki*,メンバー,ラブライブ！虹ヶ咲学園スクールアイドル同好会,虹ヶ咲,R3BIRTH,7.0,3.0,なし,<黄> 1 <紫> 1,,,"<ライブ成功時>
手札を1枚控え室に置いてもよい：エールにより公開された自分のカードの中から、コスト2以下のメンバーカードか、スコア2以下のライブカードを1枚手札に加える。",https://wikiwiki.jp/llocardgame/PL%21N-PR-021%20%E9%90%98%E5%B5%90%E7%8F%A0,MEMBER,{},0,[],{},0,[],{},0,[],"<ライブ成功時>
手札を1枚控え室に置いてもよい：エールにより公開された自分のカードの中から、コスト2以下のメンバーカードか、スコア2以下のライブカードを1枚手札に加える。",HAS_TEXT,0,"{""hearts"": {}, ""blade_mentions"": [], ""blade_icon_n"": 0, ""energy_icon_n"": 0, ""all_heart_n"": 0, ""score_delta_icon"": 0, ""unknown_tags"": [], ""tags"": []}",0,0,0,0,0,"{""draw"": 0, ""score"": 0, ""colorless"": 0}",0,0,0,,
PL!N-PR-022,エマ・ヴェルデ,PL!N-PR-022 エマ・ヴェルデ - ラブライブ！シリーズ オフィシャルカードゲーム(ラブカ) 非公式 Wiki*,メンバー,ラブライブ！虹ヶ咲学園スクールアイドル同好会,虹ヶ咲,QU4RTZ,2.0,1.0,なし,<緑> 1,,,"<登場>
直前のターンに相手がライブをし、それが成功していない場合、相手に「エマパンチ打つ？」と聞いてもよい。
回答がお願いしますの場合、自分は相手にエマパンチする。ライブ終了時まで、相手のステージにいるすべてのメンバーは、
<(ブレード)>
を得る。
回答がそれ以外の場合、何もしない。
（相手を傷つけないよう、やさしく、愛をこめて魔法のパンチをすること。）",https://wikiwiki.jp/llocardgame/PL%21N-PR-022%20%E3%82%A8%E3%83%9E%E3%83%BB%E3%83%B4%E3%82%A7%E3%83%AB%E3%83%87,MEMBER,{},0,[],{},0,[],{},0,[],"<登場>
直前のターンに相手がライブをし、それが成功していない場合、相手に「エマパンチ打つ？」と聞いてもよい。
回答がお願いしますの場合、自分は相手にエマパンチする。ライブ終了時まで、相手のステージにいるすべてのメンバーは、
<(ブレード)>
を得る。
回答がそれ以外の場合、何もしない。
（相手を傷つけないよう、やさしく、愛をこめて魔法のパンチをすること。）",HAS_TEXT,0,"{""hearts"": {}, ""blade_mentions"": [], ""tags"": [], ""blade_icon_n"": 1, ""energy_icon_n"": 0, ""all_heart_n"": 0, ""score_delta_icon"": 0, ""unknown_tags"": []}",1,0,0,0,0,"{""draw"": 0, ""score"": 0, ""colorless"": 0}",0,0,0,,
PL!N-PR-023,上原歩夢,PL!N-PR-023 上原歩夢 - ラブライブ！シリーズ オフィシャルカードゲーム(ラブカ) 非公式 Wiki*,メンバー,ラブライブ！虹ヶ咲学園スクールアイドル同好会,虹ヶ咲,A・ZU・NA,9.0,4.0,なし,<桃> 1 <赤> 1 <緑> 1,,,"<自動>
<ターン1回>
自分がエールしたとき、エールにより公開された自分のカードの中に同じグループを持つメンバーカードが3枚ある場合、ライブ終了時まで、
<桃>
<緑>
を得る。",https://wikiwiki.jp/llocardgame/PL%21N-PR-023%20%E4%B8%8A%E5%8E%9F%E6%AD%A9%E5%A4%A2,MEMBER,{},0,[],{},0,[],{},0,[],"<自動>
<ターン1回>
自分がエールしたとき、エールにより公開された自分のカードの中に同じグループを持つメンバーカードが3枚ある場合、ライブ終了時まで、
<桃>
<緑>
を得る。",HAS_TEXT,0,"{""hearts"": {}, ""blade_mentions"": [], ""blade_icon_n"": 0, ""energy_icon_n"": 0, ""all_heart_n"": 0, ""score_delta_icon"": 0, ""unknown_tags"": [], ""tags"": []}",0,0,0,0,0,"{""draw"": 0, ""score"": 0, ""colorless"": 0}",0,0,0,,
PL!N-PR-024,桜坂しずく,PL!N-PR-024 桜坂しずく - ラブライブ！シリーズ オフィシャルカードゲーム(ラブカ) 非公式 Wiki*,メンバー,ラブライブ！虹ヶ咲学園スクールアイドル同好会,虹ヶ咲,A・ZU・NA,11.0,4.0,<赤>,<赤> 2 <青> 2,,,"<常時>
自分と相手の成功ライブカード置き場にカードが合計4枚以上あるかぎり、
<(ブレード)>
<(ブレード)>
を得る。",https://wikiwiki.jp/llocardgame/PL%21N-PR-024%20%E6%A1%9C%E5%9D%82%E3%81%97%E3%81%9A%E3%81%8F,MEMBER,{},0,[],{},0,[],"{""red"": 1}",1,[],"<常時>
自分と相手の成功ライブカード置き場にカードが合計4枚以上あるかぎり、
<(ブレード)>
<(ブレード)>
を得る。",HAS_TEXT,0,"{""hearts"": {}, ""blade_mentions"": [], ""tags"": [], ""blade_icon_n"": 2, ""energy_icon_n"": 0, ""all_heart_n"": 0, ""score_delta_icon"": 0, ""unknown_tags"": []}",2,0,0,0,0,"{""draw"": 0, ""score"": 0, ""colorless"": 0}",0,0,0,,
PL!N-PR-025,優木せつ菜,PL!N-PR-025 優木せつ菜 - ラブライブ！シリーズ オフィシャルカードゲーム(ラブカ) 非公式 Wiki*,メンバー,ラブライブ！虹ヶ咲学園スクールアイドル同好会,虹ヶ咲,A・ZU・NA,15.0,7.0,<赤>,<赤> 2 <緑> 1 <青> 2,,,"<自動>
<ターン2回>
自分のステージに、このメンバーか、ほかのメンバーがバトンタッチして登場したとき、カードを1枚引く。",https://wikiwiki.jp/llocardgame/PL%21N-PR-025%20%E5%84%AA%E6%9C%A8%E3%81%9B%E3%81%A4%E8%8F%9C,MEMBER,{},0,[],{},0,[],"{""red"": 1}",1,[],"<自動>
<ターン2回>
自分のステージに、このメンバーか、ほかのメンバーがバトンタッチして登場したとき、カードを1枚引く。",HAS_TEXT,0,"{""hearts"": {}, ""blade_mentions"": [], ""blade_icon_n"": 0, ""energy_icon_n"": 0, ""all_heart_n"": 0, ""score_delta_icon"": 0, ""unknown_tags"": [], ""tags"": []}",0,0,0,0,0,"{""draw"": 0, ""score"": 0, ""colorless"": 0}",0,0,0,,
PL!N-PR-026,天王寺璃奈,PL!N-PR-026 天王寺璃奈 - ラブライブ！シリーズ オフィシャルカードゲーム(ラブカ) 非公式 Wiki*,メンバー,ラブライブ！虹ヶ咲学園スクールアイドル同好会,虹ヶ咲,QU4RTZ,15.0,5.0,<桃>,<桃> 2 <黄> 2 <青> 1 <紫> 1,,,"<登場>
自分の控え室からコスト9以下の『虹ヶ咲』のメンバーカード1枚をこのメンバーの下に置く。
<常時>
このメンバーは、このメンバーの下に置かれているコスト9以下の『虹ヶ咲』のメンバーカードが持つ
<ライブ成功時>
能力をすべて得る。",https://wikiwiki.jp/llocardgame/PL%21N-PR-026%20%E5%A4%A9%E7%8E%8B%E5%AF%BA%E7%92%83%E5%A5%88,MEMBER,{},0,[],{},0,[],"{""pink"": 1}",1,[],"<登場>
自分の控え室からコスト9以下の『虹ヶ咲』のメンバーカード1枚をこのメンバーの下に置く。
<常時>
このメンバーは、このメンバーの下に置かれているコスト9以下の『虹ヶ咲』のメンバーカードが持つ
<ライブ成功時>
能力をすべて得る。",HAS_TEXT,0,"{""hearts"": {}, ""blade_mentions"": [], ""blade_icon_n"": 0, ""energy_icon_n"": 0, ""all_heart_n"": 0, ""score_delta_icon"": 0, ""unknown_tags"": [], ""tags"": []}",0,0,0,0,0,"{""draw"": 0, ""score"": 0, ""colorless"": 0}",0,0,0,,
PL!N-PR-027,朝香果林,PL!N-PR-027 朝香果林 - ラブライブ！シリーズ オフィシャルカードゲーム(ラブカ) 非公式 Wiki*,メンバー,ラブライブ！虹ヶ咲学園スクールアイドル同好会,虹ヶ咲,DiverDiva,4.0,2.0,<赤>,なし,,,"<常時>
自分と相手のステージにメンバーが合計6人いるかぎり、
<赤>
<青>
を得る。",https://wikiwiki.jp/llocardgame/PL%21N-PR-027%20%E6%9C%9D%E9%A6%99%E6%9E%9C%E6%9E%97,MEMBER,{},0,[],{},0,[],"{""red"": 1}",1,[],"<常時>
自分と相手のステージにメンバーが合計6人いるかぎり、
<赤>
<青>
を得る。",HAS_TEXT,0,"{""hearts"": {}, ""blade_mentions"": [], ""blade_icon_n"": 0, ""energy_icon_n"": 0, ""all_heart_n"": 0, ""score_delta_icon"": 0, ""unknown_tags"": [], ""tags"": []}",0,0,0,0,0,"{""draw"": 0, ""score"": 0, ""colorless"": 0}",0,0,0,,
PL!N-PR-028,宮下愛,PL!N-PR-028 宮下愛 - ラブライブ！シリーズ オフィシャルカードゲーム(ラブカ) 非公式 Wiki*,メンバー,ラブライブ！虹ヶ咲学園スクールアイドル同好会,虹ヶ咲,DiverDiva,11.0,5.0,<桃>,<桃> 1 <赤> 1 <緑> 1,,,"<登場>
手札を2枚控え室に置いてもよい：自分の手札が5枚になるまでカードを引く。",https://wikiwiki.jp/llocardgame/PL%21N-PR-028%20%E5%AE%AE%E4%B8%8B%E6%84%9B,MEMBER,{},0,[],{},0,[],"{""pink"": 1}",1,[],"<登場>
手札を2枚控え室に置いてもよい：自分の手札が5枚になるまでカードを引く。",HAS_TEXT,0,"{""hearts"": {}, ""blade_mentions"": [], ""blade_icon_n"": 0, ""energy_icon_n"": 0, ""all_heart_n"": 0, ""score_delta_icon"": 0, ""unknown_tags"": [], ""tags"": []}",0,0,0,0,0,"{""draw"": 0, ""score"": 0, ""colorless"": 0}",0,0,0,,
PL!N-PR-032,優木せつ菜,PL!N-PR-032 優木せつ菜 - ラブライブ！シリーズ オフィシャルカードゲーム(ラブカ) 非公式 Wiki*,メンバー,ラブライブ！虹ヶ咲学園スクールアイドル同好会,虹ヶ咲,A・ZU・NA,5.0,0.0,なし,<赤> 1 <青> 1 <紫> 1,,,"<登場>
自分の控え室にあるカードの枚数が8枚未満の場合、自分のデッキの上からカードをその差に等しい枚数控え室に置く。その後、これにより控え室により置いたカードの中から、ライブカード1枚をデッキの一番上に置いてもよい。",https://wikiwiki.jp/llocardgame/PL%21N-PR-032%20%E5%84%AA%E6%9C%A8%E3%81%9B%E3%81%A4%E8%8F%9C,MEMBER,{},0,[],{},0,[],{},0,[],"<登場>
自分の控え室にあるカードの枚数が8枚未満の場合、自分のデッキの上からカードをその差に等しい枚数控え室に置く。その後、これにより控え室により置いたカードの中から、ライブカード1枚をデッキの一番上に置いてもよい。",HAS_TEXT,0,"{""hearts"": {}, ""blade_mentions"": [], ""blade_icon_n"": 0, ""energy_icon_n"": 0, ""all_heart_n"": 0, ""score_delta_icon"": 0, ""unknown_tags"": [], ""tags"": []}",0,0,0,0,0,"{""draw"": 0, ""score"": 0, ""colorless"": 0}",0,0,0,,
PL!N-bp1-001,上原歩夢,PL!N-bp1-001 上原歩夢 - ラブライブ！シリーズ オフィシャルカードゲーム(ラブカ) 非公式 Wiki*,メンバー,ラブライブ！虹ヶ咲学園スクールアイドル同好会,虹ヶ咲,A・ZU・NA,9.0,4.0,なし,<桃> 3,,,"<ライブ開始時>
<(E)>
支払ってもよい：ライブ終了時まで、
<(ブレード)>
を得る。",https://wikiwiki.jp/llocardgame/PL%21N-bp1-001%20%E4%B8%8A%E5%8E%9F%E6%AD%A9%E5%A4%A2,MEMBER,{},0,[],{},0,[],{},0,[],"<ライブ開始時>
<(E)>
支払ってもよい：ライブ終了時まで、
<(ブレード)>
を得る。",HAS_TEXT,0,"{""hearts"": {}, ""blade_mentions"": [], ""tags"": [], ""blade_icon_n"": 1, ""energy_icon_n"": 1, ""all_heart_n"": 0, ""score_delta_icon"": 0, ""unknown_tags"": []}",1,1,0,0,0,"{""draw"": 0, ""score"": 0, ""colorless"": 0}",0,0,0,,
PL!N-bp1-002,中須かすみ,PL!N-bp1-002 中須かすみ - ラブライブ！シリーズ オフィシャルカードゲーム(ラブカ) 非公式 Wiki*,メンバー,ラブライブ！虹ヶ咲学園スクールアイドル同好会,虹ヶ咲,QU4RTZ,2.0,2.0,なし,<黄> 1,,,"<登場>
自分のデッキの上からカードを3枚見る。その中から好きな枚数を好きな順番でデッキの上に置き、残りを控え室に置く。
<起動>
<(E)>
<(E)>
, 手札を1枚控え室に置く：このカードを控え室からステージに登場させる。この能力は、このカードが控え室にある場合のみ起動できる。",https://wikiwiki.jp/llocardgame/PL%21N-bp1-002%20%E4%B8%AD%E9%A0%88%E3%81%8B%E3%81%99%E3%81%BF,MEMBER,{},0,[],{},0,[],{},0,[],"<登場>
自分のデッキの上からカードを3枚見る。その中から好きな枚数を好きな順番でデッキの上に置き、残りを控え室に置く。
<起動>
<(E)>
<(E)>
, 手札を1枚控え室に置く：このカードを控え室からステージに登場させる。この能力は、このカードが控え室にある場合のみ起動できる。",HAS_TEXT,0,"{""hearts"": {}, ""blade_mentions"": [], ""tags"": [], ""blade_icon_n"": 0, ""energy_icon_n"": 2, ""all_heart_n"": 0, ""score_delta_icon"": 0, ""unknown_tags"": []}",0,2,0,0,0,"{""draw"": 0, ""score"": 0, ""colorless"": 0}",0,0,0,,
PL!N-bp1-003,桜坂しずく,PL!N-bp1-003 桜坂しずく - ラブライブ！シリーズ オフィシャルカードゲーム(ラブカ) 非公式 Wiki*,メンバー,ラブライブ！虹ヶ咲学園スクールアイドル同好会,虹ヶ咲,A・ZU・NA,10.0,2.0,<青>,<緑> 1 <青> 3,,,"<登場>
手札を1枚控え室に置いてもよい：自分の控え室から『虹ヶ咲』のライブカードを1枚手札に加える。
<ライブ開始時>
<(E)>
支払ってもよい：好きなハートの色を1つ指定する。ライブ終了時まで、そのハートを1つ得る。",https://wikiwiki.jp/llocardgame/PL%21N-bp1-003%20%E6%A1%9C%E5%9D%82%E3%81%97%E3%81%9A%E3%81%8F,MEMBER,{},0,[],{},0,[],"{""blue"": 1}",1,[],"<登場>
手札を1枚控え室に置いてもよい：自分の控え室から『虹ヶ咲』のライブカードを1枚手札に加える。
<ライブ開始時>
<(E)>
支払ってもよい：好きなハートの色を1つ指定する。ライブ終了時まで、そのハートを1つ得る。",HAS_TEXT,0,"{""hearts"": {}, ""blade_mentions"": [], ""tags"": [], ""blade_icon_n"": 0, ""energy_icon_n"": 1, ""all_heart_n"": 0, ""score_delta_icon"": 0, ""unknown_tags"": []}",0,1,0,0,0,"{""draw"": 0, ""score"": 0, ""colorless"": 0}",0,0,0,,
PL!N-bp1-004,朝香果林,PL!N-bp1-004 朝香果林 - ラブライブ！シリーズ オフィシャルカードゲーム(ラブカ) 非公式 Wiki*,メンバー,ラブライブ！虹ヶ咲学園スクールアイドル同好会,虹ヶ咲,DiverDiva,4.0,1.0,なし,<青> 1 <紫> 1,,,"<登場>
自分のステージにほかの『虹ヶ咲』のメンバーがいる場合、エネルギーを1枚アクティブにする。",https://wikiwiki.jp/llocardgame/PL%21N-bp1-004%20%E6%9C%9D%E9%A6%99%E6%9E%9C%E6%9E%97,MEMBER,{},0,[],{},0,[],{},0,[],"<登場>
自分のステージにほかの『虹ヶ咲』のメンバーがいる場合、エネルギーを1枚アクティブにする。",HAS_TEXT,0,"{""hearts"": {}, ""blade_mentions"": [], ""blade_icon_n"": 0, ""energy_icon_n"": 0, ""all_heart_n"": 0, ""score_delta_icon"": 0, ""unknown_tags"": [], ""tags"": []}",0,0,0,0,0,"{""draw"": 0, ""score"": 0, ""colorless"": 0}",0,0,0,,
PL!N-bp1-005,宮下愛,PL!N-bp1-005 宮下愛 - ラブライブ！シリーズ オフィシャルカードゲーム(ラブカ) 非公式 Wiki*,メンバー,ラブライブ！虹ヶ咲学園スクールアイドル同好会,虹ヶ咲,DiverDiva,4.0,1.0,なし,<桃> 1 <赤> 1,,,"<ライブ開始時>
手札を1枚控え室に置いてもよい：ライブ終了時まで、
<(ブレード)>
を得る。",https://wikiwiki.jp/llocardgame/PL%21N-bp1-005%20%E5%AE%AE%E4%B8%8B%E6%84%9B,MEMBER,{},0,[],{},0,[],{},0,[],"<ライブ開始時>
手札を1枚控え室に置いてもよい：ライブ終了時まで、
<(ブレード)>
を得る。",HAS_TEXT,0,"{""hearts"": {}, ""blade_mentions"": [], ""tags"": [], ""blade_icon_n"": 1, ""energy_icon_n"": 0, ""all_heart_n"": 0, ""score_delta_icon"": 0, ""unknown_tags"": []}",1,0,0,0,0,"{""draw"": 0, ""score"": 0, ""colorless"": 0}",0,0,0,,
PL!N-bp1-006,近江彼方,PL!N-bp1-006 近江彼方 - ラブライブ！シリーズ オフィシャルカードゲーム(ラブカ) 非公式 Wiki*,メンバー,ラブライブ！虹ヶ咲学園スクールアイドル同好会,虹ヶ咲,QU4RTZ,13.0,2.0,<紫>,<黄> 1 <青> 1 <紫> 3,,,"<起動>
<ターン1回>
手札を1枚控え室に置く：このターン、自分のステージに『虹ヶ咲』のメンバーが登場している場合、エネルギーを2枚アクティブにする。
<起動>
<ターン1回>
<(E)>
<(E)>
：カードを1枚引く。",https://wikiwiki.jp/llocardgame/PL%21N-bp1-006%20%E8%BF%91%E6%B1%9F%E5%BD%BC%E6%96%B9,MEMBER,{},0,[],{},0,[],"{""purple"": 1}",1,[],"<起動>
<ターン1回>
手札を1枚控え室に置く：このターン、自分のステージに『虹ヶ咲』のメンバーが登場している場合、エネルギーを2枚アクティブにする。
<起動>
<ターン1回>
<(E)>
<(E)>
：カードを1枚引く。",HAS_TEXT,0,"{""hearts"": {}, ""blade_mentions"": [], ""tags"": [], ""blade_icon_n"": 0, ""energy_icon_n"": 2, ""all_heart_n"": 0, ""score_delta_icon"": 0, ""unknown_tags"": []}",0,2,0,0,0,"{""draw"": 0, ""score"": 0, ""colorless"": 0}",0,0,0,,
PL!N-bp1-007,優木せつ菜,PL!N-bp1-007 優木せつ菜 - ラブライブ！シリーズ オフィシャルカードゲーム(ラブカ) 非公式 Wiki*,メンバー,ラブライブ！虹ヶ咲学園スクールアイドル同好会,虹ヶ咲,A・ZU・NA,4.0,1.0,なし,<赤> 1 <黄> 1,,,"<登場>
手札を1枚控え室に置いてもよい：自分のデッキの上からカードを3枚見る。その中から1枚を手札に加え、残りを控え室に置く。",https://wikiwiki.jp/llocardgame/PL%21N-bp1-007%20%E5%84%AA%E6%9C%A8%E3%81%9B%E3%81%A4%E8%8F%9C,MEMBER,{},0,[],{},0,[],{},0,[],"<登場>
手札を1枚控え室に置いてもよい：自分のデッキの上からカードを3枚見る。その中から1枚を手札に加え、残りを控え室に置く。",HAS_TEXT,0,"{""hearts"": {}, ""blade_mentions"": [], ""blade_icon_n"": 0, ""energy_icon_n"": 0, ""all_heart_n"": 0, ""score_delta_icon"": 0, ""unknown_tags"": [], ""tags"": []}",0,0,0,0,0,"{""draw"": 0, ""score"": 0, ""colorless"": 0}",0,0,0,,
PL!N-bp1-008,エマ・ヴェルデ,PL!N-bp1-008 エマ・ヴェルデ - ラブライブ！シリーズ オフィシャルカードゲーム(ラブカ) 非公式 Wiki*,メンバー,ラブライブ！虹ヶ咲学園スクールアイドル同好会,虹ヶ咲,QU4RTZ,9.0,2.0,なし,<黄> 1 <緑> 2 <青> 1,,,"<起動>
<ターン1回>
手札のメンバーカードを1枚控え室に置く：自分の控え室から、これにより控え室に置いたメンバーカードより、コストの低いメンバーカードを1枚手札に加える。",https://wikiwiki.jp/llocardgame/PL%21N-bp1-008%20%E3%82%A8%E3%83%9E%E3%83%BB%E3%83%B4%E3%82%A7%E3%83%AB%E3%83%87,MEMBER,{},0,[],{},0,[],{},0,[],"<起動>
<ターン1回>
手札のメンバーカードを1枚控え室に置く：自分の控え室から、これにより控え室に置いたメンバーカードより、コストの低いメンバーカードを1枚手札に加える。",HAS_TEXT,0,"{""hearts"": {}, ""blade_mentions"": [], ""blade_icon_n"": 0, ""energy_icon_n"": 0, ""all_heart_n"": 0, ""score_delta_icon"": 0, ""unknown_tags"": [], ""tags"": []}",0,0,0,0,0,"{""draw"": 0, ""score"": 0, ""colorless"": 0}",0,0,0,,
PL!N-bp1-009,天王寺璃奈,PL!N-bp1-009 天王寺璃奈 - ラブライブ！シリーズ オフィシャルカードゲーム(ラブカ) 非公式 Wiki*,メンバー,ラブライブ！虹ヶ咲学園スクールアイドル同好会,虹ヶ咲,QU4RTZ,9.0,2.0,なし,<桃> 1 <赤> 1 <紫> 2,,,"<登場>
手札を1枚控え室に置いてもよい：自分のデッキの上からカードを2枚控え室に置く。その後、自分の控え室からメンバーカードを1枚手札に加える。",https://wikiwiki.jp/llocardgame/PL%21N-bp1-009%20%E5%A4%A9%E7%8E%8B%E5%AF%BA%E7%92%83%E5%A5%88,MEMBER,{},0,[],{},0,[],{},0,[],"<登場>
手札を1枚控え室に置いてもよい：自分のデッキの上からカードを2枚控え室に置く。その後、自分の控え室からメンバーカードを1枚手札に加える。",HAS_TEXT,0,"{""hearts"": {}, ""blade_mentions"": [], ""blade_icon_n"": 0, ""energy_icon_n"": 0, ""all_heart_n"": 0, ""score_delta_icon"": 0, ""unknown_tags"": [], ""tags"": []}",0,0,0,0,0,"{""draw"": 0, ""score"": 0, ""colorless"": 0}",0,0,0,,
PL!N-bp1-010,三船栞子,PL!N-bp1-010 三船栞子 - ラブライブ！シリーズ オフィシャルカードゲーム(ラブカ) 非公式 Wiki*,メンバー,ラブライブ！虹ヶ咲学園スクールアイドル同好会,虹ヶ咲,R3BIRTH,4.0,1.0,なし,<桃> 1 <緑> 1,,,"<登場>
手札を1枚控え室に置いてもよい：自分のデッキの上からカードを3枚見る。その中から1枚を手札に加え、残りを控え室に置く。",https://wikiwiki.jp/llocardgame/PL%21N-bp1-010%20%E4%B8%89%E8%88%B9%E6%A0%9E%E5%AD%90,MEMBER,{},0,[],{},0,[],{},0,[],"<登場>
手札を1枚控え室に置いてもよい：自分のデッキの上からカードを3枚見る。その中から1枚を手札に加え、残りを控え室に置く。",HAS_TEXT,0,"{""hearts"": {}, ""blade_mentions"": [], ""blade_icon_n"": 0, ""energy_icon_n"": 0, ""all_heart_n"": 0, ""score_delta_icon"": 0, ""unknown_tags"": [], ""tags"": []}",0,0,0,0,0,"{""draw"": 0, ""score"": 0, ""colorless"": 0}",0,0,0,,
PL!N-bp1-011,ミア・テイラー,PL!N-bp1-011 ミア・テイラー - ラブライブ！シリーズ オフィシャルカードゲーム(ラブカ) 非公式 Wiki*,メンバー,ラブライブ！虹ヶ咲学園スクールアイドル同好会,虹ヶ咲,R3BIRTH,9.0,1.0,なし,<桃> 1 <赤> 1 <紫> 1,,,"<登場>
手札を1枚控え室に置いてもよい：ライブカードが公開されるまで、自分のデッキの一番上のカードを公開し続ける。そのライブカードを手札に加え、これにより公開されたほかのすべてのカードを控え室に置く。",https://wikiwiki.jp/llocardgame/PL%21N-bp1-011%20%E3%83%9F%E3%82%A2%E3%83%BB%E3%83%86%E3%82%A4%E3%83%A9%E3%83%BC,MEMBER,{},0,[],{},0,[],{},0,[],"<登場>
手札を1枚控え室に置いてもよい：ライブカードが公開されるまで、自分のデッキの一番上のカードを公開し続ける。そのライブカードを手札に加え、これにより公開されたほかのすべてのカードを控え室に置く。",HAS_TEXT,0,"{""hearts"": {}, ""blade_mentions"": [], ""blade_icon_n"": 0, ""energy_icon_n"": 0, ""all_heart_n"": 0, ""score_delta_icon"": 0, ""unknown_tags"": [], ""tags"": []}",0,0,0,0,0,"{""draw"": 0, ""score"": 0, ""colorless"": 0}",0,0,0,,
PL!N-bp1-012,鐘嵐珠,PL!N-bp1-012 鐘嵐珠 - ラブライブ！シリーズ オフィシャルカードゲーム(ラブカ) 非公式 Wiki*,メンバー,ラブライブ！虹ヶ咲学園スクールアイドル同好会,虹ヶ咲,R3BIRTH,15.0,4.0,<桃>,<桃> 3 <緑> 2 <紫> 1,,,"<常時>
自分のライブ中のカードが3枚以上あり、その中に『虹ヶ咲』のライブカードを1枚以上含む場合、
<ALL>
<ALL>
<(ブレード)>
<(ブレード)>
を得る。
<起動>
<ターン1回>
<(E)>
<(E)>
<(E)>
：自分の控え室からライブカードを1枚手札に加える。",https://wikiwiki.jp/llocardgame/PL%21N-bp1-012%20%E9%90%98%E5%B5%90%E7%8F%A0,MEMBER,{},0,[],{},0,[],"{""pink"": 1}",1,[],"<常時>
自分のライブ中のカードが3枚以上あり、その中に『虹ヶ咲』のライブカードを1枚以上含む場合、
<ALL>
<ALL>
<(ブレード)>
<(ブレード)>
を得る。
<起動>
<ターン1回>
<(E)>
<(E)>
<(E)>
：自分の控え室からライブカードを1枚手札に加える。",HAS_TEXT,0,"{""hearts"": {}, ""blade_mentions"": [], ""tags"": [], ""blade_icon_n"": 2, ""energy_icon_n"": 3, ""all_heart_n"": 0, ""score_delta_icon"": 0, ""unknown_tags"": []}",2,3,0,0,0,"{""draw"": 0, ""score"": 0, ""colorless"": 0}",0,0,0,,
PL!N-bp1-013,上原歩夢,PL!N-bp1-013 上原歩夢 - ラブライブ！シリーズ オフィシャルカードゲーム(ラブカ) 非公式 Wiki*,メンバー,ラブライブ！虹ヶ咲学園スクールアイドル同好会,虹ヶ咲,A・ZU・NA,4.0,1.0,<桃>,<桃> 1 <赤> 1,,,(なし),https://wikiwiki.jp/llocardgame/PL%21N-bp1-013%20%E4%B8%8A%E5%8E%9F%E6%AD%A9%E5%A4%A2,MEMBER,{},0,[],{},0,[],"{""pink"": 1}",1,[],(なし),NO_ABILITY,1,"{""hearts"": {}, ""blade_mentions"": [], ""blade_icon_n"": 0, ""energy_icon_n"": 0, ""all_heart_n"": 0, ""score_delta_icon"": 0, ""unknown_tags"": [], ""tags"": []}",0,0,0,0,0,"{""draw"": 0, ""score"": 0, ""colorless"": 0}",0,0,0,,
PL!N-bp1-014,中須かすみ,PL!N-bp1-014 中須かすみ - ラブライブ！シリーズ オフィシャルカードゲーム(ラブカ) 非公式 Wiki*,メンバー,ラブライブ！虹ヶ咲学園スクールアイドル同好会,虹ヶ咲,QU4RTZ,4.0,1.0,なし,<黄> 2,,,"<登場>
カードを1枚引き、手札を1枚控え室に置く。",https://wikiwiki.jp/llocardgame/PL%21N-bp1-014%20%E4%B8%AD%E9%A0%88%E3%81%8B%E3%81%99%E3%81%BF,MEMBER,{},0,[],{},0,[],{},0,[],"<登場>
カードを1枚引き、手札を1枚控え室に置く。",HAS_TEXT,0,"{""hearts"": {}, ""blade_mentions"": [], ""blade_icon_n"": 0, ""energy_icon_n"": 0, ""all_heart_n"": 0, ""score_delta_icon"": 0, ""unknown_tags"": [], ""tags"": []}",0,0,0,0,0,"{""draw"": 0, ""score"": 0, ""colorless"": 0}",0,0,0,,
PL!N-bp1-015,桜坂しずく,PL!N-bp1-015 桜坂しずく - ラブライブ！シリーズ オフィシャルカードゲーム(ラブカ) 非公式 Wiki*,メンバー,ラブライブ！虹ヶ咲学園スクールアイドル同好会,虹ヶ咲,A・ZU・NA,4.0,1.0,なし,<青> 2,,,"<登場>
カードを1枚引き、手札を1枚控え室に置く。",https://wikiwiki.jp/llocardgame/PL%21N-bp1-015%20%E6%A1%9C%E5%9D%82%E3%81%97%E3%81%9A%E3%81%8F,MEMBER,{},0,[],{},0,[],{},0,[],"<登場>
カードを1枚引き、手札を1枚控え室に置く。",HAS_TEXT,0,"{""hearts"": {}, ""blade_mentions"": [], ""blade_icon_n"": 0, ""energy_icon_n"": 0, ""all_heart_n"": 0, ""score_delta_icon"": 0, ""unknown_tags"": [], ""tags"": []}",0,0,0,0,0,"{""draw"": 0, ""score"": 0, ""colorless"": 0}",0,0,0,,
PL!N-bp1-016,朝香果林,PL!N-bp1-016 朝香果林 - ラブライブ！シリーズ オフィシャルカードゲーム(ラブカ) 非公式 Wiki*,メンバー,ラブライブ！虹ヶ咲学園スクールアイドル同好会,虹ヶ咲,DiverDiva,4.0,1.0,<青>,<黄> 1 <青> 1,,,(なし),https://wikiwiki.jp/llocardgame/PL%21N-bp1-016%20%E6%9C%9D%E9%A6%99%E6%9E%9C%E6%9E%97,MEMBER,{},0,[],{},0,[],"{""blue"": 1}",1,[],(なし),NO_ABILITY,1,"{""hearts"": {}, ""blade_mentions"": [], ""blade_icon_n"": 0, ""energy_icon_n"": 0, ""all_heart_n"": 0, ""score_delta_icon"": 0, ""unknown_tags"": [], ""tags"": []}",0,0,0,0,0,"{""draw"": 0, ""score"": 0, ""colorless"": 0}",0,0,0,,
PL!N-bp1-017,宮下愛,PL!N-bp1-017 宮下愛 - ラブライブ！シリーズ オフィシャルカードゲーム(ラブカ) 非公式 Wiki*,メンバー,ラブライブ！虹ヶ咲学園スクールアイドル同好会,虹ヶ咲,DiverDiva,4.0,1.0,<赤>,<赤> 1 <青> 1,,,(なし),https://wikiwiki.jp/llocardgame/PL%21N-bp1-017%20%E5%AE%AE%E4%B8%8B%E6%84%9B,MEMBER,{},0,[],{},0,[],"{""red"": 1}",1,[],(なし),NO_ABILITY,1,"{""hearts"": {}, ""blade_mentions"": [], ""blade_icon_n"": 0, ""energy_icon_n"": 0, ""all_heart_n"": 0, ""score_delta_icon"": 0, ""unknown_tags"": [], ""tags"": []}",0,0,0,0,0,"{""draw"": 0, ""score"": 0, ""colorless"": 0}",0,0,0,,
PL!N-bp1-018,近江彼方,PL!N-bp1-018 近江彼方 - ラブライブ！シリーズ オフィシャルカードゲーム(ラブカ) 非公式 Wiki*,メンバー,ラブライブ！虹ヶ咲学園スクールアイドル同好会,虹ヶ咲,QU4RTZ,9.0,3.0,なし,<黄> 1 <青> 1 <紫> 2,,,(なし),https://wikiwiki.jp/llocardgame/PL%21N-bp1-018%20%E8%BF%91%E6%B1%9F%E5%BD%BC%E6%96%B9,MEMBER,{},0,[],{},0,[],{},0,[],(なし),NO_ABILITY,1,"{""hearts"": {}, ""blade_mentions"": [], ""blade_icon_n"": 0, ""energy_icon_n"": 0, ""all_heart_n"": 0, ""score_delta_icon"": 0, ""unknown_tags"": [], ""tags"": []}",0,0,0,0,0,"{""draw"": 0, ""score"": 0, ""colorless"": 0}",0,0,0,,
PL!N-bp1-019,優木せつ菜,PL!N-bp1-019 優木せつ菜 - ラブライブ！シリーズ オフィシャルカードゲーム(ラブカ) 非公式 Wiki*,メンバー,ラブライブ！虹ヶ咲学園スクールアイドル同好会,虹ヶ咲,A・ZU・NA,4.0,1.0,なし,<赤> 2,,,"<登場>
カードを1枚引き、手札を1枚控え室に置く。",https://wikiwiki.jp/llocardgame/PL%21N-bp1-019%20%E5%84%AA%E6%9C%A8%E3%81%9B%E3%81%A4%E8%8F%9C,MEMBER,{},0,[],{},0,[],{},0,[],"<登場>
カードを1枚引き、手札を1枚控え室に置く。",HAS_TEXT,0,"{""hearts"": {}, ""blade_mentions"": [], ""blade_icon_n"": 0, ""energy_icon_n"": 0, ""all_heart_n"": 0, ""score_delta_icon"": 0, ""unknown_tags"": [], ""tags"": []}",0,0,0,0,0,"{""draw"": 0, ""score"": 0, ""colorless"": 0}",0,0,0,,
PL!N-bp1-020,エマ・ヴェルデ,PL!N-bp1-020 エマ・ヴェルデ - ラブライブ！シリーズ オフィシャルカードゲーム(ラブカ) 非公式 Wiki*,メンバー,ラブライブ！虹ヶ咲学園スクールアイドル同好会,虹ヶ咲,QU4RTZ,9.0,3.0,なし,<緑> 2 <青> 1 <紫> 1,,,(なし),https://wikiwiki.jp/llocardgame/PL%21N-bp1-020%20%E3%82%A8%E3%83%9E%E3%83%BB%E3%83%B4%E3%82%A7%E3%83%AB%E3%83%87,MEMBER,{},0,[],{},0,[],{},0,[],(なし),NO_ABILITY,1,"{""hearts"": {}, ""blade_mentions"": [], ""blade_icon_n"": 0, ""energy_icon_n"": 0, ""all_heart_n"": 0, ""score_delta_icon"": 0, ""unknown_tags"": [], ""tags"": []}",0,0,0,0,0,"{""draw"": 0, ""score"": 0, ""colorless"": 0}",0,0,0,,
PL!N-bp1-021,天王寺璃奈,PL!N-bp1-021 天王寺璃奈 - ラブライブ！シリーズ オフィシャルカードゲーム(ラブカ) 非公式 Wiki*,メンバー,ラブライブ！虹ヶ咲学園スクールアイドル同好会,虹ヶ咲,QU4RTZ,4.0,1.0,<紫>,<青> 1 <紫> 1,,,(なし),https://wikiwiki.jp/llocardgame/PL%21N-bp1-021%20%E5%A4%A9%E7%8E%8B%E5%AF%BA%E7%92%83%E5%A5%88,MEMBER,{},0,[],{},0,[],"{""purple"": 1}",1,[],(なし),NO_ABILITY,1,"{""hearts"": {}, ""blade_mentions"": [], ""blade_icon_n"": 0, ""energy_icon_n"": 0, ""all_heart_n"": 0, ""score_delta_icon"": 0, ""unknown_tags"": [], ""tags"": []}",0,0,0,0,0,"{""draw"": 0, ""score"": 0, ""colorless"": 0}",0,0,0,,
PL!N-bp1-022,三船栞子,PL!N-bp1-022 三船栞子 - ラブライブ！シリーズ オフィシャルカードゲーム(ラブカ) 非公式 Wiki*,メンバー,ラブライブ！虹ヶ咲学園スクールアイドル同好会,虹ヶ咲,R3BIRTH,4.0,1.0,<緑>,<緑> 1 <青> 1,,,(なし),https://wikiwiki.jp/llocardgame/PL%21N-bp1-022%20%E4%B8%89%E8%88%B9%E6%A0%9E%E5%AD%90,MEMBER,{},0,[],{},0,[],"{""green"": 1}",1,[],(なし),NO_ABILITY,1,"{""hearts"": {}, ""blade_mentions"": [], ""blade_icon_n"": 0, ""energy_icon_n"": 0, ""all_heart_n"": 0, ""score_delta_icon"": 0, ""unknown_tags"": [], ""tags"": []}",0,0,0,0,0,"{""draw"": 0, ""score"": 0, ""colorless"": 0}",0,0,0,,
PL!N-bp1-023,ミア・テイラー,PL!N-bp1-023 ミア・テイラー - ラブライブ！シリーズ オフィシャルカードゲーム(ラブカ) 非公式 Wiki*,メンバー,ラブライブ！虹ヶ咲学園スクールアイドル同好会,虹ヶ咲,R3BIRTH,9.0,3.0,なし,<桃> 1 <黄> 2 <緑> 1,,,(なし),https://wikiwiki.jp/llocardgame/PL%21N-bp1-023%20%E3%83%9F%E3%82%A2%E3%83%BB%E3%83%86%E3%82%A4%E3%83%A9%E3%83%BC,MEMBER,{},0,[],{},0,[],{},0,[],(なし),NO_ABILITY,1,"{""hearts"": {}, ""blade_mentions"": [], ""blade_icon_n"": 0, ""energy_icon_n"": 0, ""all_heart_n"": 0, ""score_delta_icon"": 0, ""unknown_tags"": [], ""tags"": []}",0,0,0,0,0,"{""draw"": 0, ""score"": 0, ""colorless"": 0}",0,0,0,,
PL!N-bp1-024,鐘嵐珠,PL!N-bp1-024 鐘嵐珠 - ラブライブ！シリーズ オフィシャルカードゲーム(ラブカ) 非公式 Wiki*,メンバー,ラブライブ！虹ヶ咲学園スクールアイドル同好会,虹ヶ咲,R3BIRTH,4.0,1.0,<桃>,<桃> 1 <黄> 1,,,(なし),https://wikiwiki.jp/llocardgame/PL%21N-bp1-024%20%E9%90%98%E5%B5%90%E7%8F%A0,MEMBER,{},0,[],{},0,[],"{""pink"": 1}",1,[],(なし),NO_ABILITY,1,"{""hearts"": {}, ""blade_mentions"": [], ""blade_icon_n"": 0, ""energy_icon_n"": 0, ""all_heart_n"": 0, ""score_delta_icon"": 0, ""unknown_tags"": [], ""tags"": []}",0,0,0,0,0,"{""draw"": 0, ""score"": 0, ""colorless"": 0}",0,0,0,,
PL!N-bp1-025,虹色Passions！,PL!N-bp1-025 虹色Passions！ - ラブライブ！シリーズ オフィシャルカードゲーム(ラブカ) 非公式 Wiki*,ライブ,ラブライブ！虹ヶ咲学園スクールアイドル同好会,虹ヶ咲,,,,<ALL>,,<緑> 1 <青> 1 <任意> 3 (合計5),2.0,(なし),https://wikiwiki.jp/llocardgame/PL%21N-bp1-025%20%E8%99%B9%E8%89%B2Passions%EF%BC%81,LIVE,{},0,[],{},5,[],"{""all"": 1}",1,[],(なし),NO_ABILITY,1,"{""hearts"": {}, ""blade_mentions"": [], ""blade_icon_n"": 0, ""energy_icon_n"": 0, ""all_heart_n"": 0, ""score_delta_icon"": 0, ""unknown_tags"": [], ""tags"": []}",0,0,0,0,0,"{""draw"": 0, ""score"": 0, ""colorless"": 0}",0,0,0,,
PL!N-bp1-026,Poppin' Up!,PL!N-bp1-026 Poppin' Up! - ラブライブ！シリーズ オフィシャルカードゲーム(ラブカ) 非公式 Wiki*,ライブ,ラブライブ！虹ヶ咲学園スクールアイドル同好会,虹ヶ咲,,,,<ALL>,,<黄> 1 <任意> 2 (合計3),1.0,"<ライブ成功時>
ライブの合計スコアが相手より高い場合、エールにより公開された自分のカードの中から、『虹ヶ咲』のカードを1枚手札に加える。",https://wikiwiki.jp/llocardgame/PL%21N-bp1-026%20Poppin%27%20Up%21,LIVE,{},0,[],{},3,[],"{""all"": 1}",1,[],"<ライブ成功時>
ライブの合計スコアが相手より高い場合、エールにより公開された自分のカードの中から、『虹ヶ咲』のカードを1枚手札に加える。",HAS_TEXT,0,"{""hearts"": {}, ""blade_mentions"": [], ""blade_icon_n"": 0, ""energy_icon_n"": 0, ""all_heart_n"": 0, ""score_delta_icon"": 0, ""unknown_tags"": [], ""tags"": []}",0,0,0,0,0,"{""draw"": 0, ""score"": 0, ""colorless"": 0}",0,0,0,,
PL!N-bp1-027,Solitude Rain,PL!N-bp1-027 Solitude Rain - ラブライブ！シリーズ オフィシャルカードゲーム(ラブカ) 非公式 Wiki*,ライブ,ラブライブ！虹ヶ咲学園スクールアイドル同好会,虹ヶ咲,,,,<青> <ドロー+1>,,<青> 5 <任意> 7 (合計12),0.0,"<ライブ開始時>
自分のステージにいる『虹ヶ咲』のメンバーが持つ
<桃>
、
<赤>
、
<黄>
、
<緑>
、
<青>
、
<紫>
のうち1色につき、このカードのスコアを＋１する。",https://wikiwiki.jp/llocardgame/PL%21N-bp1-027%20Solitude%20Rain,LIVE,{},0,[],{},12,[],"{""blue"": 1}",1,[],"<ライブ開始時>
自分のステージにいる『虹ヶ咲』のメンバーが持つ
<桃>
、
<赤>
、
<黄>
、
<緑>
、
<青>
、
<紫>
のうち1色につき、このカードのスコアを＋1する。",HAS_TEXT,0,"{""hearts"": {}, ""blade_mentions"": [], ""blade_icon_n"": 0, ""energy_icon_n"": 0, ""all_heart_n"": 0, ""score_delta_icon"": 0, ""unknown_tags"": [], ""tags"": []}",0,0,0,0,0,"{""draw"": 1, ""score"": 0, ""colorless"": 0}",1,0,0,,
PL!N-bp1-028,Butterfly,PL!N-bp1-028 Butterfly - ラブライブ！シリーズ オフィシャルカードゲーム(ラブカ) 非公式 Wiki*,ライブ,ラブライブ！虹ヶ咲学園スクールアイドル同好会,虹ヶ咲,,,,<紫> <ドロー+1>,,<紫> 5 <任意> 7 (合計12),5.0,"<ライブ開始時>
<(E)>
<(E)>
支払ってもよい：自分のステージに『虹ヶ咲』のメンバーがいる場合、このカードのスコアを+1する。",https://wikiwiki.jp/llocardgame/PL%21N-bp1-028%20Butterfly,LIVE,{},0,[],{},12,[],"{""purple"": 1}",1,[],"<ライブ開始時>
<(E)>
<(E)>
支払ってもよい：自分のステージに『虹ヶ咲』のメンバーがいる場合、このカードのスコアを+1する。",HAS_TEXT,0,"{""hearts"": {}, ""blade_mentions"": [], ""tags"": [], ""blade_icon_n"": 0, ""energy_icon_n"": 2, ""all_heart_n"": 0, ""score_delta_icon"": 0, ""unknown_tags"": []}",0,2,0,0,0,"{""draw"": 1, ""score"": 0, ""colorless"": 0}",1,0,0,,
PL!N-bp1-029,Eutopia,PL!N-bp1-029 Eutopia - ラブライブ！シリーズ オフィシャルカードゲーム(ラブカ) 非公式 Wiki*,ライブ,ラブライブ！虹ヶ咲学園スクールアイドル同好会,虹ヶ咲,,,,<桃> <ドロー+1>,,<桃> 5 <任意> 7 (合計12),5.0,"<ライブ開始時>
自分のライブ中のカードが3枚以上ある場合、このカードのスコアを+2する。",https://wikiwiki.jp/llocardgame/PL%21N-bp1-029%20Eutopia,LIVE,{},0,[],{},12,[],"{""pink"": 1}",1,[],"<ライブ開始時>
自分のライブ中のカードが3枚以上ある場合、このカードのスコアを+2する。",HAS_TEXT,0,"{""hearts"": {}, ""blade_mentions"": [], ""blade_icon_n"": 0, ""energy_icon_n"": 0, ""all_heart_n"": 0, ""score_delta_icon"": 0, ""unknown_tags"": [], ""tags"": []}",0,0,0,0,0,"{""draw"": 1, ""score"": 0, ""colorless"": 0}",1,0,0,,
PL!N-bp3-001,上原歩夢,PL!N-bp3-001 上原歩夢 - ラブライブ！シリーズ オフィシャルカードゲーム(ラブカ) 非公式 Wiki*,メンバー,ラブライブ！虹ヶ咲学園スクールアイドル同好会,虹ヶ咲,A・ZU・NA,15.0,1.0,<赤>,<桃> 2 <赤> 2 <黄> 2,,,"<ライブ開始時>
自分のエネルギー置き場にあるエネルギー1枚をこのメンバーの下に置いてもよい。そうした場合、カードを1枚引き、ライブ終了時まで、自分のステージにいるメンバーは
<(ブレード)>
<(ブレード)>
を得る。
(メンバーの下に置かれているエネルギーカードではコストを支払えない。メンバーがステージから離れたとき、下に置かれているエネルギーカードはエネルギーデッキに置く。)",https://wikiwiki.jp/llocardgame/PL%21N-bp3-001%20%E4%B8%8A%E5%8E%9F%E6%AD%A9%E5%A4%A2,MEMBER,{},0,[],{},0,[],"{""red"": 1}",1,[],"<ライブ開始時>
自分のエネルギー置き場にあるエネルギー1枚をこのメンバーの下に置いてもよい。そうした場合、カードを1枚引き、ライブ終了時まで、自分のステージにいるメンバーは
<(ブレード)>
<(ブレード)>
を得る。
(メンバーの下に置かれているエネルギーカードではコストを支払えない。メンバーがステージから離れたとき、下に置かれているエネルギーカードはエネルギーデッキに置く。)",HAS_TEXT,0,"{""hearts"": {}, ""blade_mentions"": [], ""tags"": [], ""blade_icon_n"": 2, ""energy_icon_n"": 0, ""all_heart_n"": 0, ""score_delta_icon"": 0, ""unknown_tags"": []}",2,0,0,0,0,"{""draw"": 0, ""score"": 0, ""colorless"": 0}",0,0,0,,
PL!N-bp3-002,中須かすみ,PL!N-bp3-002 中須かすみ - ラブライブ！シリーズ オフィシャルカードゲーム(ラブカ) 非公式 Wiki*,メンバー,ラブライブ！虹ヶ咲学園スクールアイドル同好会,虹ヶ咲,QU4RTZ,4.0,2.0,なし,<黄> 1,,,"<ライブ開始時>
手札を1枚控え室に置いてもよい：好きなハートの色を1つ指定する。ライブ終了時まで、自分のステージにいるこのメンバー以外の『虹ヶ咲』のメンバー1人は、そのハートを1つ得る。",https://wikiwiki.jp/llocardgame/PL%21N-bp3-002%20%E4%B8%AD%E9%A0%88%E3%81%8B%E3%81%99%E3%81%BF,MEMBER,{},0,[],{},0,[],{},0,[],"<ライブ開始時>
手札を1枚控え室に置いてもよい：好きなハートの色を1つ指定する。ライブ終了時まで、自分のステージにいるこのメンバー以外の『虹ヶ咲』のメンバー1人は、そのハートを1つ得る。",HAS_TEXT,0,"{""hearts"": {}, ""blade_mentions"": [], ""blade_icon_n"": 0, ""energy_icon_n"": 0, ""all_heart_n"": 0, ""score_delta_icon"": 0, ""unknown_tags"": [], ""tags"": []}",0,0,0,0,0,"{""draw"": 0, ""score"": 0, ""colorless"": 0}",0,0,0,,
PL!N-bp3-003,桜坂しずく,PL!N-bp3-003 桜坂しずく - ラブライブ！シリーズ オフィシャルカードゲーム(ラブカ) 非公式 Wiki*,メンバー,ラブライブ！虹ヶ咲学園スクールアイドル同好会,虹ヶ咲,A・ZU・NA,9.0,1.0,なし,<桃> 1 <黄> 1 <青> 1 <紫> 1,,,"<登場>
自分の控え室にあるコスト4以下の『虹ヶ咲』のメンバーカードを1枚選ぶ。そのカードの
<登場>
能力1つを使用する。
（
<登場>
能力がコストを持つ場合、支払って発動する。）",https://wikiwiki.jp/llocardgame/PL%21N-bp3-003%20%E6%A1%9C%E5%9D%82%E3%81%97%E3%81%9A%E3%81%8F,MEMBER,{},0,[],{},0,[],{},0,[],"<登場>
自分の控え室にあるコスト4以下の『虹ヶ咲』のメンバーカードを1枚選ぶ。そのカードの
<登場>
能力1つを使用する。
（
<登場>
能力がコストを持つ場合、支払って発動する。）",HAS_TEXT,0,"{""hearts"": {}, ""blade_mentions"": [], ""blade_icon_n"": 0, ""energy_icon_n"": 0, ""all_heart_n"": 0, ""score_delta_icon"": 0, ""unknown_tags"": [], ""tags"": []}",0,0,0,0,0,"{""draw"": 0, ""score"": 0, ""colorless"": 0}",0,0,0,,
PL!N-bp3-004,朝香果林,PL!N-bp3-004 朝香果林 - ラブライブ！シリーズ オフィシャルカードゲーム(ラブカ) 非公式 Wiki*,メンバー,ラブライブ！虹ヶ咲学園スクールアイドル同好会,虹ヶ咲,DiverDiva,13.0,4.0,<青>,<桃> 1 <黄> 1 <緑> 1 <青> 2,,,"<起動>
<ターン1回>
このメンバーをウェイトにし、手札を1枚控え室に置く：自分の控え室から『虹ヶ咲』のライブカードを1枚手札に加える。",https://wikiwiki.jp/llocardgame/PL%21N-bp3-004%20%E6%9C%9D%E9%A6%99%E6%9E%9C%E6%9E%97,MEMBER,{},0,[],{},0,[],"{""blue"": 1}",1,[],"<起動>
<ターン1回>
このメンバーをウェイトにし、手札を1枚控え室に置く：自分の控え室から『虹ヶ咲』のライブカードを1枚手札に加える。",HAS_TEXT,0,"{""hearts"": {}, ""blade_mentions"": [], ""blade_icon_n"": 0, ""energy_icon_n"": 0, ""all_heart_n"": 0, ""score_delta_icon"": 0, ""unknown_tags"": [], ""tags"": []}",0,0,0,0,0,"{""draw"": 0, ""score"": 0, ""colorless"": 0}",0,0,0,,
PL!N-bp3-005,宮下愛,PL!N-bp3-005 宮下愛 - ラブライブ！シリーズ オフィシャルカードゲーム(ラブカ) 非公式 Wiki*,メンバー,ラブライブ！虹ヶ咲学園スクールアイドル同好会,虹ヶ咲,DiverDiva,15.0,6.0,なし,<赤> 2 <緑> 2 <青> 2,,,"<自動>
このターン、自分のステージにメンバーが3回登場したとき、手札が5枚になるまでカードを引く。
<ライブ開始時>
このターン、自分のステージにメンバーが2回以上登場している場合、ライブ終了時まで、『
<常時>
ライブの合計スコアを+1する。』を得る。",https://wikiwiki.jp/llocardgame/PL%21N-bp3-005%20%E5%AE%AE%E4%B8%8B%E6%84%9B,MEMBER,{},0,[],{},0,[],{},0,[],"<自動>
このターン、自分のステージにメンバーが3回登場したとき、手札が5枚になるまでカードを引く。
<ライブ開始時>
このターン、自分のステージにメンバーが2回以上登場している場合、ライブ終了時まで、『
<常時>
ライブの合計スコアを+1する。』を得る。",HAS_TEXT,0,"{""hearts"": {}, ""blade_mentions"": [], ""blade_icon_n"": 0, ""energy_icon_n"": 0, ""all_heart_n"": 0, ""score_delta_icon"": 0, ""unknown_tags"": [], ""tags"": []}",0,0,0,0,0,"{""draw"": 0, ""score"": 0, ""colorless"": 0}",0,0,0,,
PL!N-bp3-006,近江彼方,PL!N-bp3-006 近江彼方 - ラブライブ！シリーズ オフィシャルカードゲーム(ラブカ) 非公式 Wiki*,メンバー,ラブライブ！虹ヶ咲学園スクールアイドル同好会,虹ヶ咲,QU4RTZ,9.0,2.0,なし,<赤> 1 <黄> 2 <緑> 1 <青> 1,,,"<登場>
このメンバーをウェイトにする。
（ウェイト状態のメンバーが持つ
<(ブレード)>
は、エールで公開する枚数を増やさない。）",https://wikiwiki.jp/llocardgame/PL%21N-bp3-006%20%E8%BF%91%E6%B1%9F%E5%BD%BC%E6%96%B9,MEMBER,{},0,[],{},0,[],{},0,[],"<登場>
このメンバーをウェイトにする。
（ウェイト状態のメンバーが持つ
<(ブレード)>
は、エールで公開する枚数を増やさない。）",HAS_TEXT,0,"{""hearts"": {}, ""blade_mentions"": [], ""tags"": [], ""blade_icon_n"": 1, ""energy_icon_n"": 0, ""all_heart_n"": 0, ""score_delta_icon"": 0, ""unknown_tags"": []}",1,0,0,0,0,"{""draw"": 0, ""score"": 0, ""colorless"": 0}",0,0,0,,
PL!N-bp3-007,優木せつ菜,PL!N-bp3-007 優木せつ菜 - ラブライブ！シリーズ オフィシャルカードゲーム(ラブカ) 非公式 Wiki*,メンバー,ラブライブ！虹ヶ咲学園スクールアイドル同好会,虹ヶ咲,A・ZU・NA,9.0,3.0,なし,<桃> 1 <赤> 1 <青> 1,,,"<起動>
<(E)>
<(E)>
このメンバーをステージから控え室に置く：自分の手札からコスト13以下の『優木せつ菜』のメンバーカードを1枚、このメンバーがいたエリアに登場させる。その後、自分のエネルギー置き場にあるエネルギー1枚をそのメンバーの下に置く。
（メンバーの下に置かれているエネルギーカードではコストを支払えない。メンバーがステージから離れたとき、下に置かれているエネルギーカードはエネルギーデッキに置く。）",https://wikiwiki.jp/llocardgame/PL%21N-bp3-007%20%E5%84%AA%E6%9C%A8%E3%81%9B%E3%81%A4%E8%8F%9C,MEMBER,{},0,[],{},0,[],{},0,[],"<起動>
<(E)>
<(E)>
このメンバーをステージから控え室に置く：自分の手札からコスト13以下の『優木せつ菜』のメンバーカードを1枚、このメンバーがいたエリアに登場させる。その後、自分のエネルギー置き場にあるエネルギー1枚をそのメンバーの下に置く。
（メンバーの下に置かれているエネルギーカードではコストを支払えない。メンバーがステージから離れたとき、下に置かれているエネルギーカードはエネルギーデッキに置く。）",HAS_TEXT,0,"{""hearts"": {}, ""blade_mentions"": [], ""tags"": [], ""blade_icon_n"": 0, ""energy_icon_n"": 2, ""all_heart_n"": 0, ""score_delta_icon"": 0, ""unknown_tags"": []}",0,2,0,0,0,"{""draw"": 0, ""score"": 0, ""colorless"": 0}",0,0,0,,
PL!N-bp3-008,エマ・ヴェルデ,PL!N-bp3-008 エマ・ヴェルデ - ラブライブ！シリーズ オフィシャルカードゲーム(ラブカ) 非公式 Wiki*,メンバー,ラブライブ！虹ヶ咲学園スクールアイドル同好会,虹ヶ咲,QU4RTZ,13.0,3.0,<緑>,<赤> 1 <黄> 2 <緑> 2,,,"<起動>
<ターン1回>
このメンバー以外の『虹ヶ咲』のメンバー1人をウェイト状態にする：カードを1枚引く。
<ライブ開始時>
手札を2枚控え室に置いてもよい：自分のステージにいるこのメンバー以外のウェイト状態のメンバー1人をアクティブにする。そうした場合、ライブ終了時まで、これによりアクティブにしたメンバーと、このメンバーは、それぞれ
<緑>
を得る。",https://wikiwiki.jp/llocardgame/PL%21N-bp3-008%20%E3%82%A8%E3%83%9E%E3%83%BB%E3%83%B4%E3%82%A7%E3%83%AB%E3%83%87,MEMBER,{},0,[],{},0,[],"{""green"": 1}",1,[],"<起動>
<ターン1回>
このメンバー以外の『虹ヶ咲』のメンバー1人をウェイト状態にする：カードを1枚引く。
<ライブ開始時>
手札を2枚控え室に置いてもよい：自分のステージにいるこのメンバー以外のウェイト状態のメンバー1人をアクティブにする。そうした場合、ライブ終了時まで、これによりアクティブにしたメンバーと、このメンバーは、それぞれ
<緑>
を得る。",HAS_TEXT,0,"{""hearts"": {}, ""blade_mentions"": [], ""blade_icon_n"": 0, ""energy_icon_n"": 0, ""all_heart_n"": 0, ""score_delta_icon"": 0, ""unknown_tags"": [], ""tags"": []}",0,0,0,0,0,"{""draw"": 0, ""score"": 0, ""colorless"": 0}",0,0,0,,
PL!N-bp3-009,天王寺璃奈,PL!N-bp3-009 天王寺璃奈 - ラブライブ！シリーズ オフィシャルカードゲーム(ラブカ) 非公式 Wiki*,メンバー,ラブライブ！虹ヶ咲学園スクールアイドル同好会,虹ヶ咲,QU4RTZ,10.0,2.0,なし,<黄> 1 <青> 1 <紫> 2,,,"<ライブ開始時>
控え室にあるメンバーカード2枚を好きな順番でデッキの一番下に置いてもよい：それらのカードのコストの合計が、6の場合、カードを1枚引く。合計が8の場合、ライブ終了時まで、
<ALL>
を得る。合計が25の場合、ライブ終了時まで、「
<常時>
ライブの合計スコアを+1する。」を得る。",https://wikiwiki.jp/llocardgame/PL%21N-bp3-009%20%E5%A4%A9%E7%8E%8B%E5%AF%BA%E7%92%83%E5%A5%88,MEMBER,{},0,[],{},0,[],{},0,[],"<ライブ開始時>
控え室にあるメンバーカード2枚を好きな順番でデッキの一番下に置いてもよい：それらのカードのコストの合計が、6の場合、カードを1枚引く。合計が8の場合、ライブ終了時まで、
<ALL>
を得る。合計が25の場合、ライブ終了時まで、「
<常時>
ライブの合計スコアを+1する。」を得る。",HAS_TEXT,0,"{""hearts"": {}, ""blade_mentions"": [], ""blade_icon_n"": 0, ""energy_icon_n"": 0, ""all_heart_n"": 0, ""score_delta_icon"": 0, ""unknown_tags"": [], ""tags"": []}",0,0,0,0,0,"{""draw"": 0, ""score"": 0, ""colorless"": 0}",0,0,0,,
PL!N-bp3-010,三船栞子,PL!N-bp3-010 三船栞子 - ラブライブ！シリーズ オフィシャルカードゲーム(ラブカ) 非公式 Wiki*,メンバー,ラブライブ！虹ヶ咲学園スクールアイドル同好会,虹ヶ咲,R3BIRTH,9.0,2.0,なし,<桃> 1 <黄> 1 <緑> 2,,,"<ライブ開始時>
自分か相手を選ぶ。自分は、そのプレイヤーの控え室にあるメンバーカードを2枚まで、好きな順番でデッキの一番下に置く。",https://wikiwiki.jp/llocardgame/PL%21N-bp3-010%20%E4%B8%89%E8%88%B9%E6%A0%9E%E5%AD%90,MEMBER,{},0,[],{},0,[],{},0,[],"<ライブ開始時>
自分か相手を選ぶ。自分は、そのプレイヤーの控え室にあるメンバーカードを2枚まで、好きな順番でデッキの一番下に置く。",HAS_TEXT,0,"{""hearts"": {}, ""blade_mentions"": [], ""blade_icon_n"": 0, ""energy_icon_n"": 0, ""all_heart_n"": 0, ""score_delta_icon"": 0, ""unknown_tags"": [], ""tags"": []}",0,0,0,0,0,"{""draw"": 0, ""score"": 0, ""colorless"": 0}",0,0,0,,
PL!N-bp3-011,ミア・テイラー,PL!N-bp3-011 ミア・テイラー - ラブライブ！シリーズ オフィシャルカードゲーム(ラブカ) 非公式 Wiki*,メンバー,ラブライブ！虹ヶ咲学園スクールアイドル同好会,虹ヶ咲,R3BIRTH,7.0,1.0,なし,<黄> 2 <紫> 1,,,"<登場>
相手のステージにいる「ミア・テイラー」以外のメンバーを1人選ぶ。そのメンバーが持つハートと、このメンバーが持つハートの中に同じ色のハートがある場合、ライブ終了時まで、
<(ブレード)>
を得る。それぞれのメンバーのコストが同じ場合、元々の
<(ブレード)>
の数が同じ場合についても同じことを行う。",https://wikiwiki.jp/llocardgame/PL%21N-bp3-011%20%E3%83%9F%E3%82%A2%E3%83%BB%E3%83%86%E3%82%A4%E3%83%A9%E3%83%BC,MEMBER,{},0,[],{},0,[],{},0,[],"<登場>
相手のステージにいる「ミア・テイラー」以外のメンバーを1人選ぶ。そのメンバーが持つハートと、このメンバーが持つハートの中に同じ色のハートがある場合、ライブ終了時まで、
<(ブレード)>
を得る。それぞれのメンバーのコストが同じ場合、元々の
<(ブレード)>
の数が同じ場合についても同じことを行う。",HAS_TEXT,0,"{""hearts"": {}, ""blade_mentions"": [], ""tags"": [], ""blade_icon_n"": 2, ""energy_icon_n"": 0, ""all_heart_n"": 0, ""score_delta_icon"": 0, ""unknown_tags"": []}",2,0,0,0,0,"{""draw"": 0, ""score"": 0, ""colorless"": 0}",0,0,0,,
PL!N-bp3-012,鐘嵐珠,PL!N-bp3-012 鐘嵐珠 - ラブライブ！シリーズ オフィシャルカードゲーム(ラブカ) 非公式 Wiki*,メンバー,ラブライブ！虹ヶ咲学園スクールアイドル同好会,虹ヶ咲,R3BIRTH,4.0,1.0,なし,<桃> 1 <青> 1,,,"<登場>
手札を1枚控え室に置いてもよい：自分のデッキの上からカードを4枚見る。その中から『虹ヶ咲』のカードを1枚公開して手札に加えてもよい。残りを控え室に置く。",https://wikiwiki.jp/llocardgame/PL%21N-bp3-012%20%E9%90%98%E5%B5%90%E7%8F%A0,MEMBER,{},0,[],{},0,[],{},0,[],"<登場>
手札を1枚控え室に置いてもよい：自分のデッキの上からカードを4枚見る。その中から『虹ヶ咲』のカードを1枚公開して手札に加えてもよい。残りを控え室に置く。",HAS_TEXT,0,"{""hearts"": {}, ""blade_mentions"": [], ""blade_icon_n"": 0, ""energy_icon_n"": 0, ""all_heart_n"": 0, ""score_delta_icon"": 0, ""unknown_tags"": [], ""tags"": []}",0,0,0,0,0,"{""draw"": 0, ""score"": 0, ""colorless"": 0}",0,0,0,,
PL!N-bp3-013,上原歩夢,PL!N-bp3-013 上原歩夢 - ラブライブ！シリーズ オフィシャルカードゲーム(ラブカ) 非公式 Wiki*,メンバー,ラブライブ！虹ヶ咲学園スクールアイドル同好会,虹ヶ咲,A・ZU・NA,9.0,4.0,なし,<桃> 1 <赤> 1 <黄> 1,,,"<登場>
自分のエネルギー置き場にあるエネルギー1枚をこのメンバーの下に置いてもよい。そうした場合、カードを2枚引く。
(メンバーの下に置かれているエネルギーカードではコストを支払えない。メンバーがステージから離れたとき、下に置かれているエネルギーカードはエネルギーデッキに置く。)",https://wikiwiki.jp/llocardgame/PL%21N-bp3-013%20%E4%B8%8A%E5%8E%9F%E6%AD%A9%E5%A4%A2,MEMBER,{},0,[],{},0,[],{},0,[],"<登場>
自分のエネルギー置き場にあるエネルギー1枚をこのメンバーの下に置いてもよい。そうした場合、カードを2枚引く。
(メンバーの下に置かれているエネルギーカードではコストを支払えない。メンバーがステージから離れたとき、下に置かれているエネルギーカードはエネルギーデッキに置く。)",HAS_TEXT,0,"{""hearts"": {}, ""blade_mentions"": [], ""blade_icon_n"": 0, ""energy_icon_n"": 0, ""all_heart_n"": 0, ""score_delta_icon"": 0, ""unknown_tags"": [], ""tags"": []}",0,0,0,0,0,"{""draw"": 0, ""score"": 0, ""colorless"": 0}",0,0,0,,
PL!N-bp3-014,中須かすみ,PL!N-bp3-014 中須かすみ - ラブライブ！シリーズ オフィシャルカードゲーム(ラブカ) 非公式 Wiki*,メンバー,ラブライブ！虹ヶ咲学園スクールアイドル同好会,虹ヶ咲,QU4RTZ,2.0,1.0,<黄>,<黄> 1,,,"<ライブ開始時>
<桃>
か
<黄>
か
<緑>
のうち1つを選ぶ。ライブ終了時まで、このメンバーが元々持つハートは選んだハートになる。",https://wikiwiki.jp/llocardgame/PL%21N-bp3-014%20%E4%B8%AD%E9%A0%88%E3%81%8B%E3%81%99%E3%81%BF,MEMBER,{},0,[],{},0,[],"{""yellow"": 1}",1,[],"<ライブ開始時>
<桃>
か
<黄>
か
<緑>
のうち1つを選ぶ。ライブ終了時まで、このメンバーが元々持つハートは選んだハートになる。",HAS_TEXT,0,"{""hearts"": {}, ""blade_mentions"": [], ""blade_icon_n"": 0, ""energy_icon_n"": 0, ""all_heart_n"": 0, ""score_delta_icon"": 0, ""unknown_tags"": [], ""tags"": []}",0,0,0,0,0,"{""draw"": 0, ""score"": 0, ""colorless"": 0}",0,0,0,,
PL!N-bp3-015,桜坂しずく,PL!N-bp3-015 桜坂しずく - ラブライブ！シリーズ オフィシャルカードゲーム(ラブカ) 非公式 Wiki*,メンバー,ラブライブ！虹ヶ咲学園スクールアイドル同好会,虹ヶ咲,A・ZU・NA,2.0,1.0,<青>,<青> 1,,,"<ライブ開始時>
<赤>
か
<青>
か
<紫>
のうち1つを選ぶ。ライブ終了時まで、このメンバーが元々持つハートは選んだハートになる。",https://wikiwiki.jp/llocardgame/PL%21N-bp3-015%20%E6%A1%9C%E5%9D%82%E3%81%97%E3%81%9A%E3%81%8F,MEMBER,{},0,[],{},0,[],"{""blue"": 1}",1,[],"<ライブ開始時>
<赤>
か
<青>
か
<紫>
のうち1つを選ぶ。ライブ終了時まで、このメンバーが元々持つハートは選んだハートになる。",HAS_TEXT,0,"{""hearts"": {}, ""blade_mentions"": [], ""blade_icon_n"": 0, ""energy_icon_n"": 0, ""all_heart_n"": 0, ""score_delta_icon"": 0, ""unknown_tags"": [], ""tags"": []}",0,0,0,0,0,"{""draw"": 0, ""score"": 0, ""colorless"": 0}",0,0,0,,
PL!N-bp3-016,朝香果林,PL!N-bp3-016 朝香果林 - ラブライブ！シリーズ オフィシャルカードゲーム(ラブカ) 非公式 Wiki*,メンバー,ラブライブ！虹ヶ咲学園スクールアイドル同好会,虹ヶ咲,DiverDiva,5.0,1.0,なし,<黄> 1 <緑> 1 <青> 1,,,(なし),https://wikiwiki.jp/llocardgame/PL%21N-bp3-016%20%E6%9C%9D%E9%A6%99%E6%9E%9C%E6%9E%97,MEMBER,{},0,[],{},0,[],{},0,[],(なし),NO_ABILITY,1,"{""hearts"": {}, ""blade_mentions"": [], ""blade_icon_n"": 0, ""energy_icon_n"": 0, ""all_heart_n"": 0, ""score_delta_icon"": 0, ""unknown_tags"": [], ""tags"": []}",0,0,0,0,0,"{""draw"": 0, ""score"": 0, ""colorless"": 0}",0,0,0,,
PL!N-bp3-017,宮下愛,PL!N-bp3-017 宮下愛 - ラブライブ！シリーズ オフィシャルカードゲーム(ラブカ) 非公式 Wiki*,メンバー,ラブライブ！虹ヶ咲学園スクールアイドル同好会,虹ヶ咲,DiverDiva,4.0,2.0,なし,<赤> 1,,,"<登場>
/
<ライブ開始時>
このメンバーをウェイトにしてもよい：相手のステージにいるコスト4以下のメンバー1人をウェイトにする。",https://wikiwiki.jp/llocardgame/PL%21N-bp3-017%20%E5%AE%AE%E4%B8%8B%E6%84%9B,MEMBER,{},0,[],{},0,[],{},0,[],"<登場>
/
<ライブ開始時>
このメンバーをウェイトにしてもよい：相手のステージにいるコスト4以下のメンバー1人をウェイトにする。",HAS_TEXT,0,"{""hearts"": {}, ""blade_mentions"": [], ""blade_icon_n"": 0, ""energy_icon_n"": 0, ""all_heart_n"": 0, ""score_delta_icon"": 0, ""unknown_tags"": [], ""tags"": []}",0,0,0,0,0,"{""draw"": 0, ""score"": 0, ""colorless"": 0}",0,0,0,,
PL!N-bp3-018,近江彼方,PL!N-bp3-018 近江彼方 - ラブライブ！シリーズ オフィシャルカードゲーム(ラブカ) 非公式 Wiki*,メンバー,ラブライブ！虹ヶ咲学園スクールアイドル同好会,虹ヶ咲,QU4RTZ,4.0,1.0,<紫>,<桃> 1 <紫> 1,,,(なし),https://wikiwiki.jp/llocardgame/PL%21N-bp3-018%20%E8%BF%91%E6%B1%9F%E5%BD%BC%E6%96%B9,MEMBER,{},0,[],{},0,[],"{""purple"": 1}",1,[],(なし),NO_ABILITY,1,"{""hearts"": {}, ""blade_mentions"": [], ""blade_icon_n"": 0, ""energy_icon_n"": 0, ""all_heart_n"": 0, ""score_delta_icon"": 0, ""unknown_tags"": [], ""tags"": []}",0,0,0,0,0,"{""draw"": 0, ""score"": 0, ""colorless"": 0}",0,0,0,,
PL!N-bp3-019,優木せつ菜,PL!N-bp3-019 優木せつ菜 - ラブライブ！シリーズ オフィシャルカードゲーム(ラブカ) 非公式 Wiki*,メンバー,ラブライブ！虹ヶ咲学園スクールアイドル同好会,虹ヶ咲,A・ZU・NA,13.0,4.0,<赤>,<赤> 2 <黄> 1 <青> 2 <紫> 1,,,(なし),https://wikiwiki.jp/llocardgame/PL%21N-bp3-019%20%E5%84%AA%E6%9C%A8%E3%81%9B%E3%81%A4%E8%8F%9C,MEMBER,{},0,[],{},0,[],"{""red"": 1}",1,[],(なし),NO_ABILITY,1,"{""hearts"": {}, ""blade_mentions"": [], ""blade_icon_n"": 0, ""energy_icon_n"": 0, ""all_heart_n"": 0, ""score_delta_icon"": 0, ""unknown_tags"": [], ""tags"": []}",0,0,0,0,0,"{""draw"": 0, ""score"": 0, ""colorless"": 0}",0,0,0,,
PL!N-bp3-020,エマ・ヴェルデ,PL!N-bp3-020 エマ・ヴェルデ - ラブライブ！シリーズ オフィシャルカードゲーム(ラブカ) 非公式 Wiki*,メンバー,ラブライブ！虹ヶ咲学園スクールアイドル同好会,虹ヶ咲,QU4RTZ,11.0,3.0,<黄>,<桃> 1 <赤> 1 <黄> 2 <緑> 1,,,(なし),https://wikiwiki.jp/llocardgame/PL%21N-bp3-020%20%E3%82%A8%E3%83%9E%E3%83%BB%E3%83%B4%E3%82%A7%E3%83%AB%E3%83%87,MEMBER,{},0,[],{},0,[],"{""yellow"": 1}",1,[],(なし),NO_ABILITY,1,"{""hearts"": {}, ""blade_mentions"": [], ""blade_icon_n"": 0, ""energy_icon_n"": 0, ""all_heart_n"": 0, ""score_delta_icon"": 0, ""unknown_tags"": [], ""tags"": []}",0,0,0,0,0,"{""draw"": 0, ""score"": 0, ""colorless"": 0}",0,0,0,,
PL!N-bp3-021,天王寺璃奈,PL!N-bp3-021 天王寺璃奈 - ラブライブ！シリーズ オフィシャルカードゲーム(ラブカ) 非公式 Wiki*,メンバー,ラブライブ！虹ヶ咲学園スクールアイドル同好会,虹ヶ咲,QU4RTZ,5.0,1.0,なし,<桃> 1 <赤> 1 <紫> 1,,,(なし),https://wikiwiki.jp/llocardgame/PL%21N-bp3-021%20%E5%A4%A9%E7%8E%8B%E5%AF%BA%E7%92%83%E5%A5%88,MEMBER,{},0,[],{},0,[],{},0,[],(なし),NO_ABILITY,1,"{""hearts"": {}, ""blade_mentions"": [], ""blade_icon_n"": 0, ""energy_icon_n"": 0, ""all_heart_n"": 0, ""score_delta_icon"": 0, ""unknown_tags"": [], ""tags"": []}",0,0,0,0,0,"{""draw"": 0, ""score"": 0, ""colorless"": 0}",0,0,0,,
PL!N-bp3-022,三船栞子,PL!N-bp3-022 三船栞子 - ラブライブ！シリーズ オフィシャルカードゲーム(ラブカ) 非公式 Wiki*,メンバー,ラブライブ！虹ヶ咲学園スクールアイドル同好会,虹ヶ咲,R3BIRTH,4.0,2.0,<緑>,<緑> 1,,,"<登場>
このメンバーをウェイトにしてもよい：自分のデッキの上からカードを2枚見る。その中から好きな枚数を好きな順番でデッキの上に置き、残りを控え室に置く。
（ウェイト状態のメンバーが持つ
<(ブレード)>
は、エールで公開する枚数を増やさない。）",https://wikiwiki.jp/llocardgame/PL%21N-bp3-022%20%E4%B8%89%E8%88%B9%E6%A0%9E%E5%AD%90,MEMBER,{},0,[],{},0,[],"{""green"": 1}",1,[],"<登場>
このメンバーをウェイトにしてもよい：自分のデッキの上からカードを2枚見る。その中から好きな枚数を好きな順番でデッキの上に置き、残りを控え室に置く。
（ウェイト状態のメンバーが持つ
<(ブレード)>
は、エールで公開する枚数を増やさない。）",HAS_TEXT,0,"{""hearts"": {}, ""blade_mentions"": [], ""tags"": [], ""blade_icon_n"": 1, ""energy_icon_n"": 0, ""all_heart_n"": 0, ""score_delta_icon"": 0, ""unknown_tags"": []}",1,0,0,0,0,"{""draw"": 0, ""score"": 0, ""colorless"": 0}",0,0,0,,
PL!N-bp3-023,ミア・テイラー,PL!N-bp3-023 ミア・テイラー - ラブライブ！シリーズ オフィシャルカードゲーム(ラブカ) 非公式 Wiki*,メンバー,ラブライブ！虹ヶ咲学園スクールアイドル同好会,虹ヶ咲,R3BIRTH,4.0,2.0,なし,<黄> 1,,,"<登場>
/
<ライブ開始時>
このメンバーをウェイトにしてもよい：相手のステージにいるコスト4以下のメンバー1人をウェイトにする。
（ウェイト状態のメンバーが持つ
<(ブレード)>
は、エールで公開する枚数を増やさない。）",https://wikiwiki.jp/llocardgame/PL%21N-bp3-023%20%E3%83%9F%E3%82%A2%E3%83%BB%E3%83%86%E3%82%A4%E3%83%A9%E3%83%BC,MEMBER,{},0,[],{},0,[],{},0,[],"<登場>
/
<ライブ開始時>
このメンバーをウェイトにしてもよい：相手のステージにいるコスト4以下のメンバー1人をウェイトにする。
（ウェイト状態のメンバーが持つ
<(ブレード)>
は、エールで公開する枚数を増やさない。）",HAS_TEXT,0,"{""hearts"": {}, ""blade_mentions"": [], ""tags"": [], ""blade_icon_n"": 1, ""energy_icon_n"": 0, ""all_heart_n"": 0, ""score_delta_icon"": 0, ""unknown_tags"": []}",1,0,0,0,0,"{""draw"": 0, ""score"": 0, ""colorless"": 0}",0,0,0,,
PL!N-bp3-024,鐘嵐珠,PL!N-bp3-024 鐘嵐珠 - ラブライブ！シリーズ オフィシャルカードゲーム(ラブカ) 非公式 Wiki*,メンバー,ラブライブ！虹ヶ咲学園スクールアイドル同好会,虹ヶ咲,R3BIRTH,9.0,3.0,なし,<桃> 1 <黄> 1 <緑> 1,,,"<登場>
カードを2枚引き、手札を2枚控え室に置く。",https://wikiwiki.jp/llocardgame/PL%21N-bp3-024%20%E9%90%98%E5%B5%90%E7%8F%A0,MEMBER,{},0,[],{},0,[],{},0,[],"<登場>
カードを2枚引き、手札を2枚控え室に置く。",HAS_TEXT,0,"{""hearts"": {}, ""blade_mentions"": [], ""blade_icon_n"": 0, ""energy_icon_n"": 0, ""all_heart_n"": 0, ""score_delta_icon"": 0, ""unknown_tags"": [], ""tags"": []}",0,0,0,0,0,"{""draw"": 0, ""score"": 0, ""colorless"": 0}",0,0,0,,
PL!N-bp3-025,Awakening Promise,PL!N-bp3-025 Awakening Promise - ラブライブ！シリーズ オフィシャルカードゲーム(ラブカ) 非公式 Wiki*,ライブ,ラブライブ！虹ヶ咲学園スクールアイドル同好会,虹ヶ咲,,,,<赤> <ドロー+1>,,<桃> 1 <赤> 5 <黄> 3 <任意> 4 (合計13),5.0,"<ライブ開始時>
自分のステージにいるメンバー1人の下にあるエネルギーカードを、好きな枚数エネルギーデッキに置いてもよい。そうした場合、ライブ終了時まで、そのメンバーは、これによって置いたエネルギーカード1枚につき、
<赤>
<赤>
<赤>
を得る。",https://wikiwiki.jp/llocardgame/PL%21N-bp3-025%20Awakening%20Promise,LIVE,{},0,[],{},13,[],"{""red"": 1}",1,[],"<ライブ開始時>
自分のステージにいるメンバー1人の下にあるエネルギーカードを、好きな枚数エネルギーデッキに置いてもよい。そうした場合、ライブ終了時まで、そのメンバーは、これによって置いたエネルギーカード1枚につき、
<赤>
<赤>
<赤>
を得る。",HAS_TEXT,0,"{""hearts"": {}, ""blade_mentions"": [], ""blade_icon_n"": 0, ""energy_icon_n"": 0, ""all_heart_n"": 0, ""score_delta_icon"": 0, ""unknown_tags"": [], ""tags"": []}",0,0,0,0,0,"{""draw"": 1, ""score"": 0, ""colorless"": 0}",1,0,0,,
PL!N-bp3-026,サイコーハート,PL!N-bp3-026 サイコーハート - ラブライブ！シリーズ オフィシャルカードゲーム(ラブカ) 非公式 Wiki*,ライブ,ラブライブ！虹ヶ咲学園スクールアイドル同好会,虹ヶ咲,,,,<ALL>,,<赤> 3 <青> 1 <任意> 5 (合計9),3.0,"<ライブ開始時>
自分の成功ライブカード置き場にスコアが1か5のカードがある場合、このカードのスコアを+1する。それらが両方ある場合、代わりにスコアを+2する。",https://wikiwiki.jp/llocardgame/PL%21N-bp3-026%20%E3%82%B5%E3%82%A4%E3%82%B3%E3%83%BC%E3%83%8F%E3%83%BC%E3%83%88,LIVE,{},0,[],{},9,[],"{""all"": 1}",1,[],"<ライブ開始時>
自分の成功ライブカード置き場にスコアが1か5のカードがある場合、このカードのスコアを+1する。それらが両方ある場合、代わりにスコアを+2する。",HAS_TEXT,0,"{""hearts"": {}, ""blade_mentions"": [], ""blade_icon_n"": 0, ""energy_icon_n"": 0, ""all_heart_n"": 0, ""score_delta_icon"": 0, ""unknown_tags"": [], ""tags"": []}",0,0,0,0,0,"{""draw"": 0, ""score"": 0, ""colorless"": 0}",0,0,0,,
PL!N-bp3-027,La Bella Patria,PL!N-bp3-027 La Bella Patria - ラブライブ！シリーズ オフィシャルカードゲーム(ラブカ) 非公式 Wiki*,ライブ,ラブライブ！虹ヶ咲学園スクールアイドル同好会,虹ヶ咲,,,,<ALL>,,<黄> 2 <緑> 2 <任意> 1 (合計5),2.0,"<ライブ成功時>
このターン、自分が余剰ハートに
<緑>
を1つ以上持っており、かつ自分のステージに『虹ヶ咲』のメンバーがいる場合、自分のエネルギーデッキから、エネルギーカードを1枚ウェイト状態で置く。",https://wikiwiki.jp/llocardgame/PL%21N-bp3-027%20La%20Bella%20Patria,LIVE,{},0,[],{},5,[],"{""all"": 1}",1,[],"<ライブ成功時>
このターン、自分が余剰ハートに
<緑>
を1つ以上持っており、かつ自分のステージに『虹ヶ咲』のメンバーがいる場合、自分のエネルギーデッキから、エネルギーカードを1枚ウェイト状態で置く。",HAS_TEXT,0,"{""hearts"": {}, ""blade_mentions"": [], ""blade_icon_n"": 0, ""energy_icon_n"": 0, ""all_heart_n"": 0, ""score_delta_icon"": 0, ""unknown_tags"": [], ""tags"": []}",0,0,0,0,0,"{""draw"": 0, ""score"": 0, ""colorless"": 0}",0,0,0,,
PL!N-bp3-028,ツナガルコネクト,PL!N-bp3-028 ツナガルコネクト - ラブライブ！シリーズ オフィシャルカードゲーム(ラブカ) 非公式 Wiki*,ライブ,ラブライブ！虹ヶ咲学園スクールアイドル同好会,虹ヶ咲,,,,<スコア+1>,,<黄> 1 <青> 1 <紫> 1 <任意> 1 (合計4),1.0,"<ライブ開始時>
自分のステージにいる『虹ヶ咲』のメンバー1人につき、自分のデッキの上からカードを1枚見る。その中から1枚をデッキの上に置き、残りを控え室に置く。自分のデッキの一番上のカードを1枚公開する。これによりライブカードを公開したとき、このカードのスコアを+1する。",https://wikiwiki.jp/llocardgame/PL%21N-bp3-028%20%E3%83%84%E3%83%8A%E3%82%AC%E3%83%AB%E3%82%B3%E3%83%8D%E3%82%AF%E3%83%88,LIVE,{},0,[],{},4,[],{},0,[],"<ライブ開始時>
自分のステージにいる『虹ヶ咲』のメンバー1人につき、自分のデッキの上からカードを1枚見る。その中から1枚をデッキの上に置き、残りを控え室に置く。自分のデッキの一番上のカードを1枚公開する。これによりライブカードを公開したとき、このカードのスコアを+1する。",HAS_TEXT,0,"{""hearts"": {}, ""blade_mentions"": [], ""blade_icon_n"": 0, ""energy_icon_n"": 0, ""all_heart_n"": 0, ""score_delta_icon"": 0, ""unknown_tags"": [], ""tags"": []}",0,0,0,0,0,"{""draw"": 0, ""score"": 1, ""colorless"": 0}",0,1,0,,
PL!N-bp3-029,未来ハーモニー,PL!N-bp3-029 未来ハーモニー - ラブライブ！シリーズ オフィシャルカードゲーム(ラブカ) 非公式 Wiki*,ライブ,ラブライブ！虹ヶ咲学園スクールアイドル同好会,虹ヶ咲,,,,<ALL>,,<黄> 1 <緑> 1 <青> 1 <任意> 4 (合計7),3.0,(なし),https://wikiwiki.jp/llocardgame/PL%21N-bp3-029%20%E6%9C%AA%E6%9D%A5%E3%83%8F%E3%83%BC%E3%83%A2%E3%83%8B%E3%83%BC,LIVE,{},0,[],{},7,[],"{""all"": 1}",1,[],(なし),NO_ABILITY,1,"{""hearts"": {}, ""blade_mentions"": [], ""blade_icon_n"": 0, ""energy_icon_n"": 0, ""all_heart_n"": 0, ""score_delta_icon"": 0, ""unknown_tags"": [], ""tags"": []}",0,0,0,0,0,"{""draw"": 0, ""score"": 0, ""colorless"": 0}",0,0,0,,
PL!N-bp3-030,Love U my friends,PL!N-bp3-030 Love U my friends - ラブライブ！シリーズ オフィシャルカードゲーム(ラブカ) 非公式 Wiki*,ライブ,ラブライブ！虹ヶ咲学園スクールアイドル同好会,虹ヶ咲,,,,<ALL>,,<桃> 1 <赤> 1 <黄> 1 <緑> 1 <青> 1 <紫> 1 (合計6),3.0,"<ライブ成功時>
エールにより公開された自分のカードの中に
<ALL>
を持つカードが1枚以上ある場合、このカードのスコアを+1する。",https://wikiwiki.jp/llocardgame/PL%21N-bp3-030%20Love%20U%20my%20friends,LIVE,{},0,[],{},6,[],"{""all"": 1}",1,[],"<ライブ成功時>
エールにより公開された自分のカードの中に
<ALL>
を持つカードが1枚以上ある場合、このカードのスコアを+1する。",HAS_TEXT,0,"{""hearts"": {}, ""blade_mentions"": [], ""blade_icon_n"": 0, ""energy_icon_n"": 0, ""all_heart_n"": 0, ""score_delta_icon"": 0, ""unknown_tags"": [], ""tags"": []}",0,0,0,0,0,"{""draw"": 0, ""score"": 0, ""colorless"": 0}",0,0,0,,
PL!N-bp3-031,MONSTER GIRLS,PL!N-bp3-031 MONSTER GIRLS - ラブライブ！シリーズ オフィシャルカードゲーム(ラブカ) 非公式 Wiki*,ライブ,ラブライブ！虹ヶ咲学園スクールアイドル同好会,虹ヶ咲,R3BIRTH,,,<緑> <ドロー+1>,,<桃> 1 <黄> 2 <緑> 5 <任意> 6 (合計14),6.0,"<ライブ成功時>
自分のステージにいるウェイト状態のメンバー1人につき、このカードのスコアを+1する。",https://wikiwiki.jp/llocardgame/PL%21N-bp3-031%20MONSTER%20GIRLS,LIVE,{},0,[],{},14,[],"{""green"": 1}",1,[],"<ライブ成功時>
自分のステージにいるウェイト状態のメンバー1人につき、このカードのスコアを+1する。",HAS_TEXT,0,"{""hearts"": {}, ""blade_mentions"": [], ""blade_icon_n"": 0, ""energy_icon_n"": 0, ""all_heart_n"": 0, ""score_delta_icon"": 0, ""unknown_tags"": [], ""tags"": []}",0,0,0,0,0,"{""draw"": 1, ""score"": 0, ""colorless"": 0}",1,0,0,,
PL!N-bp3-032,THE SECRET NiGHT,PL!N-bp3-032 THE SECRET NiGHT - ラブライブ！シリーズ オフィシャルカードゲーム(ラブカ) 非公式 Wiki*,ライブ,ラブライブ！虹ヶ咲学園スクールアイドル同好会,虹ヶ咲,DiverDiva,,,<ALL>,,<青> 1 <紫> 1 <任意> 3 (合計5),2.0,(なし),https://wikiwiki.jp/llocardgame/PL%21N-bp3-032%20THE%20SECRET%20NiGHT,LIVE,{},0,[],{},5,[],"{""all"": 1}",1,[],(なし),NO_ABILITY,1,"{""hearts"": {}, ""blade_mentions"": [], ""blade_icon_n"": 0, ""energy_icon_n"": 0, ""all_heart_n"": 0, ""score_delta_icon"": 0, ""unknown_tags"": [], ""tags"": []}",0,0,0,0,0,"{""draw"": 0, ""score"": 0, ""colorless"": 0}",0,0,0,,
PL!N-bp4-001,上原歩夢,PL!N-bp4-001 上原歩夢 - ラブライブ！シリーズ オフィシャルカードゲーム(ラブカ) 非公式 Wiki*,メンバー,ラブライブ！虹ヶ咲学園スクールアイドル同好会,虹ヶ咲,A・ZU・NA,2.0,1.0,なし,<桃> 1,,,"<ライブ成功時>
自分のエネルギーが相手より少ない場合、自分のエネルギーデッキから、エネルギーカードを1枚ウェイト状態で置く。",https://wikiwiki.jp/llocardgame/PL%21N-bp4-001%20%E4%B8%8A%E5%8E%9F%E6%AD%A9%E5%A4%A2,MEMBER,{},0,[],{},0,[],{},0,[],"<ライブ成功時>
自分のエネルギーが相手より少ない場合、自分のエネルギーデッキから、エネルギーカードを1枚ウェイト状態で置く。",HAS_TEXT,0,"{""hearts"": {}, ""blade_mentions"": [], ""blade_icon_n"": 0, ""energy_icon_n"": 0, ""all_heart_n"": 0, ""score_delta_icon"": 0, ""unknown_tags"": [], ""tags"": []}",0,0,0,0,0,"{""draw"": 0, ""score"": 0, ""colorless"": 0}",0,0,0,,
PL!N-bp4-002,中須かすみ,PL!N-bp4-002 中須かすみ - ラブライブ！シリーズ オフィシャルカードゲーム(ラブカ) 非公式 Wiki*,メンバー,ラブライブ！虹ヶ咲学園スクールアイドル同好会,虹ヶ咲,QU4RTZ,9.0,4.0,なし,<黄> 1 <青> 1 <紫> 1,,,"<ライブ開始時>
自分か相手を選ぶ。自分は、そのプレイヤーのデッキの一番上のカードを見る。自分はそのカードを控え室に置いてもよい。",https://wikiwiki.jp/llocardgame/PL%21N-bp4-002%20%E4%B8%AD%E9%A0%88%E3%81%8B%E3%81%99%E3%81%BF,MEMBER,{},0,[],{},0,[],{},0,[],"<ライブ開始時>
自分か相手を選ぶ。自分は、そのプレイヤーのデッキの一番上のカードを見る。自分はそのカードを控え室に置いてもよい。",HAS_TEXT,0,"{""hearts"": {}, ""blade_mentions"": [], ""blade_icon_n"": 0, ""energy_icon_n"": 0, ""all_heart_n"": 0, ""score_delta_icon"": 0, ""unknown_tags"": [], ""tags"": []}",0,0,0,0,0,"{""draw"": 0, ""score"": 0, ""colorless"": 0}",0,0,0,,
PL!N-bp4-003,桜坂しずく,PL!N-bp4-003 桜坂しずく - ラブライブ！シリーズ オフィシャルカードゲーム(ラブカ) 非公式 Wiki*,メンバー,ラブライブ！虹ヶ咲学園スクールアイドル同好会,虹ヶ咲,A・ZU・NA,4.0,0.0,<青>,<青> 2,,,"<ライブ成功時>
ライブの合計スコアが相手より高い場合、カードを1枚引く。",https://wikiwiki.jp/llocardgame/PL%21N-bp4-003%20%E6%A1%9C%E5%9D%82%E3%81%97%E3%81%9A%E3%81%8F,MEMBER,{},0,[],{},0,[],"{""blue"": 1}",1,[],"<ライブ成功時>
ライブの合計スコアが相手より高い場合、カードを1枚引く。",HAS_TEXT,0,"{""hearts"": {}, ""blade_mentions"": [], ""blade_icon_n"": 0, ""energy_icon_n"": 0, ""all_heart_n"": 0, ""score_delta_icon"": 0, ""unknown_tags"": [], ""tags"": []}",0,0,0,0,0,"{""draw"": 0, ""score"": 0, ""colorless"": 0}",0,0,0,,
PL!N-bp4-004,朝香果林,PL!N-bp4-004 朝香果林 - ラブライブ！シリーズ オフィシャルカードゲーム(ラブカ) 非公式 Wiki*,メンバー,ラブライブ！虹ヶ咲学園スクールアイドル同好会,虹ヶ咲,DiverDiva,15.0,6.0,<青>,<緑> 1 <青> 3 <紫> 2,,,"<ライブ開始時>
カードを1枚引く。相手のステージにいるコスト9以下のメンバーを1人までウェイトにする。
<ライブ開始時>
相手のステージにいるウェイト状態のメンバーの数まで、自分の控え室にある『虹ヶ咲』のメンバーカードを選ぶ。それらを好きな順番でデッキの上に置く。",https://wikiwiki.jp/llocardgame/PL%21N-bp4-004%20%E6%9C%9D%E9%A6%99%E6%9E%9C%E6%9E%97,MEMBER,{},0,[],{},0,[],"{""blue"": 1}",1,[],"<ライブ開始時>
カードを1枚引く。相手のステージにいるコスト9以下のメンバーを1人までウェイトにする。
<ライブ開始時>
相手のステージにいるウェイト状態のメンバーの数まで、自分の控え室にある『虹ヶ咲』のメンバーカードを選ぶ。それらを好きな順番でデッキの上に置く。",HAS_TEXT,0,"{""hearts"": {}, ""blade_mentions"": [], ""blade_icon_n"": 0, ""energy_icon_n"": 0, ""all_heart_n"": 0, ""score_delta_icon"": 0, ""unknown_tags"": [], ""tags"": []}",0,0,0,0,0,"{""draw"": 0, ""score"": 0, ""colorless"": 0}",0,0,0,,
PL!N-bp4-005,宮下愛,PL!N-bp4-005 宮下愛 - ラブライブ！シリーズ オフィシャルカードゲーム(ラブカ) 非公式 Wiki*,メンバー,ラブライブ！虹ヶ咲学園スクールアイドル同好会,虹ヶ咲,DiverDiva,4.0,2.0,なし,<赤> 1,,,"<登場>
手札を1枚控え室に置いてもよい：相手のステージにいるコスト4以下のメンバーを2人までウェイトにする。",https://wikiwiki.jp/llocardgame/PL%21N-bp4-005%20%E5%AE%AE%E4%B8%8B%E6%84%9B,MEMBER,{},0,[],{},0,[],{},0,[],"<登場>
手札を1枚控え室に置いてもよい：相手のステージにいるコスト4以下のメンバーを2人までウェイトにする。",HAS_TEXT,0,"{""hearts"": {}, ""blade_mentions"": [], ""blade_icon_n"": 0, ""energy_icon_n"": 0, ""all_heart_n"": 0, ""score_delta_icon"": 0, ""unknown_tags"": [], ""tags"": []}",0,0,0,0,0,"{""draw"": 0, ""score"": 0, ""colorless"": 0}",0,0,0,,
PL!N-bp4-006,近江彼方,PL!N-bp4-006 近江彼方 - ラブライブ！シリーズ オフィシャルカードゲーム(ラブカ) 非公式 Wiki*,メンバー,ラブライブ！虹ヶ咲学園スクールアイドル同好会,虹ヶ咲,QU4RTZ,11.0,3.0,<紫>,<桃> 1 <青> 1 <紫> 1,,,"<登場>
<(E)>
<(E)>
支払ってもよい：自分の手札からコスト4以下の『虹ヶ咲』のメンバーカードを1枚ステージに登場させる。これにより登場したメンバーがブレードハートを持つ場合、このメンバーをウェイトにする。",https://wikiwiki.jp/llocardgame/PL%21N-bp4-006%20%E8%BF%91%E6%B1%9F%E5%BD%BC%E6%96%B9,MEMBER,{},0,[],{},0,[],"{""purple"": 1}",1,[],"<登場>
<(E)>
<(E)>
支払ってもよい：自分の手札からコスト4以下の『虹ヶ咲』のメンバーカードを1枚ステージに登場させる。これにより登場したメンバーがブレードハートを持つ場合、このメンバーをウェイトにする。",HAS_TEXT,0,"{""hearts"": {}, ""blade_mentions"": [], ""tags"": [], ""blade_icon_n"": 0, ""energy_icon_n"": 2, ""all_heart_n"": 0, ""score_delta_icon"": 0, ""unknown_tags"": []}",0,2,0,0,0,"{""draw"": 0, ""score"": 0, ""colorless"": 0}",0,0,0,,
PL!N-bp4-007,優木せつ菜,PL!N-bp4-007 優木せつ菜 - ラブライブ！シリーズ オフィシャルカードゲーム(ラブカ) 非公式 Wiki*,メンバー,ラブライブ！虹ヶ咲学園スクールアイドル同好会,虹ヶ咲,A・ZU・NA,13.0,4.0,なし,<赤> 2 <青> 2 <紫> 2,,,"<登場>
自分と相手はそれぞれ、自身の控え室からライブカードを1枚手札に加える。
<常時>
自分と相手のエネルギーの合計が15枚以上あるかぎり、
<赤>
<赤>
を得る。
<ライブ成功時>
自分と相手はそれぞれ、自身のエネルギーデッキから、エネルギーカードを1枚ウェイト状態で置く。",https://wikiwiki.jp/llocardgame/PL%21N-bp4-007%20%E5%84%AA%E6%9C%A8%E3%81%9B%E3%81%A4%E8%8F%9C,MEMBER,{},0,[],{},0,[],{},0,[],"<登場>
自分と相手はそれぞれ、自身の控え室からライブカードを1枚手札に加える。
<常時>
自分と相手のエネルギーの合計が15枚以上あるかぎり、
<赤>
<赤>
を得る。
<ライブ成功時>
自分と相手はそれぞれ、自身のエネルギーデッキから、エネルギーカードを1枚ウェイト状態で置く。",HAS_TEXT,0,"{""hearts"": {}, ""blade_mentions"": [], ""blade_icon_n"": 0, ""energy_icon_n"": 0, ""all_heart_n"": 0, ""score_delta_icon"": 0, ""unknown_tags"": [], ""tags"": []}",0,0,0,0,0,"{""draw"": 0, ""score"": 0, ""colorless"": 0}",0,0,0,,
PL!N-bp4-008,エマ・ヴェルデ,PL!N-bp4-008 エマ・ヴェルデ - ラブライブ！シリーズ オフィシャルカードゲーム(ラブカ) 非公式 Wiki*,メンバー,ラブライブ！虹ヶ咲学園スクールアイドル同好会,虹ヶ咲,QU4RTZ,5.0,0.0,なし,<赤> 1 <黄> 1 <緑> 1,,,"<起動>
<ターン1回>
手札を1枚控え室に置く：エネルギー1枚か『虹ヶ咲』のメンバー1人をアクティブにする。",https://wikiwiki.jp/llocardgame/PL%21N-bp4-008%20%E3%82%A8%E3%83%9E%E3%83%BB%E3%83%B4%E3%82%A7%E3%83%AB%E3%83%87,MEMBER,{},0,[],{},0,[],{},0,[],"<起動>
<ターン1回>
手札を1枚控え室に置く：エネルギー1枚か『虹ヶ咲』のメンバー1人をアクティブにする。",HAS_TEXT,0,"{""hearts"": {}, ""blade_mentions"": [], ""blade_icon_n"": 0, ""energy_icon_n"": 0, ""all_heart_n"": 0, ""score_delta_icon"": 0, ""unknown_tags"": [], ""tags"": []}",0,0,0,0,0,"{""draw"": 0, ""score"": 0, ""colorless"": 0}",0,0,0,,
PL!N-bp4-009,天王寺璃奈,PL!N-bp4-009 天王寺璃奈 - ラブライブ！シリーズ オフィシャルカードゲーム(ラブカ) 非公式 Wiki*,メンバー,ラブライブ！虹ヶ咲学園スクールアイドル同好会,虹ヶ咲,QU4RTZ,13.0,3.0,<紫>,<黄> 1 <青> 2 <紫> 3,,,"<ライブ開始時>
自分のステージにいるメンバーのコストの合計が相手より低い場合、カードを2枚引き、自分の手札を1枚デッキの一番上に置く。",https://wikiwiki.jp/llocardgame/PL%21N-bp4-009%20%E5%A4%A9%E7%8E%8B%E5%AF%BA%E7%92%83%E5%A5%88,MEMBER,{},0,[],{},0,[],"{""purple"": 1}",1,[],"<ライブ開始時>
自分のステージにいるメンバーのコストの合計が相手より低い場合、カードを2枚引き、自分の手札を1枚デッキの一番上に置く。",HAS_TEXT,0,"{""hearts"": {}, ""blade_mentions"": [], ""blade_icon_n"": 0, ""energy_icon_n"": 0, ""all_heart_n"": 0, ""score_delta_icon"": 0, ""unknown_tags"": [], ""tags"": []}",0,0,0,0,0,"{""draw"": 0, ""score"": 0, ""colorless"": 0}",0,0,0,,
PL!N-bp4-010,三船栞子,PL!N-bp4-010 三船栞子 - ラブライブ！シリーズ オフィシャルカードゲーム(ラブカ) 非公式 Wiki*,メンバー,ラブライブ！虹ヶ咲学園スクールアイドル同好会,虹ヶ咲,R3BIRTH,5.0,2.0,なし,<緑> 1 <青> 1,,,"<登場>
自分の成功ライブカード置き場にある『虹ヶ咲』のライブカードを1枚控え室に置いてもよい。そうした場合、自分の控え室にある『虹ヶ咲』のライブカードを1枚成功ライブカード置き場に置く。
<ライブ開始時>
自分のライブ中の『虹ヶ咲』のライブカードを1枚選ぶ。それと同じカード名のカードが自分の成功ライブカード置き場にある場合、ライブ終了時まで、
<緑>
を得る。",https://wikiwiki.jp/llocardgame/PL%21N-bp4-010%20%E4%B8%89%E8%88%B9%E6%A0%9E%E5%AD%90,MEMBER,{},0,[],{},0,[],{},0,[],"<登場>
自分の成功ライブカード置き場にある『虹ヶ咲』のライブカードを1枚控え室に置いてもよい。そうした場合、自分の控え室にある『虹ヶ咲』のライブカードを1枚成功ライブカード置き場に置く。
<ライブ開始時>
自分のライブ中の『虹ヶ咲』のライブカードを1枚選ぶ。それと同じカード名のカードが自分の成功ライブカード置き場にある場合、ライブ終了時まで、
<緑>
を得る。",HAS_TEXT,0,"{""hearts"": {}, ""blade_mentions"": [], ""blade_icon_n"": 0, ""energy_icon_n"": 0, ""all_heart_n"": 0, ""score_delta_icon"": 0, ""unknown_tags"": [], ""tags"": []}",0,0,0,0,0,"{""draw"": 0, ""score"": 0, ""colorless"": 0}",0,0,0,,
PL!N-bp4-011,ミア・テイラー,PL!N-bp4-011 ミア・テイラー - ラブライブ！シリーズ オフィシャルカードゲーム(ラブカ) 非公式 Wiki*,メンバー,ラブライブ！虹ヶ咲学園スクールアイドル同好会,虹ヶ咲,R3BIRTH,9.0,3.0,なし,<桃> 1 <黄> 1 <紫> 1,,,"<ライブ開始時>
手札のライブカードを1枚控え室に置いてもよい：好きなハートの色を1つ指定する。ライブ終了時まで、そのハートを1つ得る。
<ライブ成功時>
自分のデッキの上からカードを5枚控え室に置く。その後、自分の控え室にあるカード名の異なる『虹ヶ咲』のライブカードが3枚以上ある場合、自分の控え室から『虹ヶ咲』のライブカードを1枚手札に加える。",https://wikiwiki.jp/llocardgame/PL%21N-bp4-011%20%E3%83%9F%E3%82%A2%E3%83%BB%E3%83%86%E3%82%A4%E3%83%A9%E3%83%BC,MEMBER,{},0,[],{},0,[],{},0,[],"<ライブ開始時>
手札のライブカードを1枚控え室に置いてもよい：好きなハートの色を1つ指定する。ライブ終了時まで、そのハートを1つ得る。
<ライブ成功時>
自分のデッキの上からカードを5枚控え室に置く。その後、自分の控え室にあるカード名の異なる『虹ヶ咲』のライブカードが3枚以上ある場合、自分の控え室から『虹ヶ咲』のライブカードを1枚手札に加える。",HAS_TEXT,0,"{""hearts"": {}, ""blade_mentions"": [], ""blade_icon_n"": 0, ""energy_icon_n"": 0, ""all_heart_n"": 0, ""score_delta_icon"": 0, ""unknown_tags"": [], ""tags"": []}",0,0,0,0,0,"{""draw"": 0, ""score"": 0, ""colorless"": 0}",0,0,0,,
PL!N-bp4-012,鐘嵐珠,PL!N-bp4-012 鐘嵐珠 - ラブライブ！シリーズ オフィシャルカードゲーム(ラブカ) 非公式 Wiki*,メンバー,ラブライブ！虹ヶ咲学園スクールアイドル同好会,虹ヶ咲,R3BIRTH,13.0,3.0,なし,<桃> 2 <緑> 1 <青> 1 <紫> 1,,,"<常時>
相手の成功ライブカード置き場にあるカードのスコアの合計が6以上であるかぎり、ライブの合計スコアを+1する。",https://wikiwiki.jp/llocardgame/PL%21N-bp4-012%20%E9%90%98%E5%B5%90%E7%8F%A0,MEMBER,{},0,[],{},0,[],{},0,[],"<常時>
相手の成功ライブカード置き場にあるカードのスコアの合計が6以上であるかぎり、ライブの合計スコアを+1する。",HAS_TEXT,0,"{""hearts"": {}, ""blade_mentions"": [], ""blade_icon_n"": 0, ""energy_icon_n"": 0, ""all_heart_n"": 0, ""score_delta_icon"": 0, ""unknown_tags"": [], ""tags"": []}",0,0,0,0,0,"{""draw"": 0, ""score"": 0, ""colorless"": 0}",0,0,0,,
PL!N-bp4-013,上原歩夢,PL!N-bp4-013 上原歩夢 - ラブライブ！シリーズ オフィシャルカードゲーム(ラブカ) 非公式 Wiki*,メンバー,ラブライブ！虹ヶ咲学園スクールアイドル同好会,虹ヶ咲,A・ZU・NA,4.0,0.0,<桃>,<桃> 1 <赤> 1,,,"<ライブ開始時>
<(E)>
支払ってもよい：ライブ終了時まで、
<(ブレード)>
<(ブレード)>
を得る。",https://wikiwiki.jp/llocardgame/PL%21N-bp4-013%20%E4%B8%8A%E5%8E%9F%E6%AD%A9%E5%A4%A2,MEMBER,{},0,[],{},0,[],"{""pink"": 1}",1,[],"<ライブ開始時>
<(E)>
支払ってもよい：ライブ終了時まで、
<(ブレード)>
<(ブレード)>
を得る。",HAS_TEXT,0,"{""hearts"": {}, ""blade_mentions"": [], ""tags"": [], ""blade_icon_n"": 2, ""energy_icon_n"": 1, ""all_heart_n"": 0, ""score_delta_icon"": 0, ""unknown_tags"": []}",2,1,0,0,0,"{""draw"": 0, ""score"": 0, ""colorless"": 0}",0,0,0,,
PL!N-bp4-014,中須かすみ,PL!N-bp4-014 中須かすみ - ラブライブ！シリーズ オフィシャルカードゲーム(ラブカ) 非公式 Wiki*,メンバー,ラブライブ！虹ヶ咲学園スクールアイドル同好会,虹ヶ咲,QU4RTZ,4.0,1.0,<黄>,<黄> 1 <紫> 1,,,(なし),https://wikiwiki.jp/llocardgame/PL%21N-bp4-014%20%E4%B8%AD%E9%A0%88%E3%81%8B%E3%81%99%E3%81%BF,MEMBER,{},0,[],{},0,[],"{""yellow"": 1}",1,[],(なし),NO_ABILITY,1,"{""hearts"": {}, ""blade_mentions"": [], ""blade_icon_n"": 0, ""energy_icon_n"": 0, ""all_heart_n"": 0, ""score_delta_icon"": 0, ""unknown_tags"": [], ""tags"": []}",0,0,0,0,0,"{""draw"": 0, ""score"": 0, ""colorless"": 0}",0,0,0,,
PL!N-bp4-015,桜坂しずく,PL!N-bp4-015 桜坂しずく - ラブライブ！シリーズ オフィシャルカードゲーム(ラブカ) 非公式 Wiki*,メンバー,ラブライブ！虹ヶ咲学園スクールアイドル同好会,虹ヶ咲,A・ZU・NA,5.0,1.0,なし,<桃> 1 <緑> 1 <紫> 1,,,(なし),https://wikiwiki.jp/llocardgame/PL%21N-bp4-015%20%E6%A1%9C%E5%9D%82%E3%81%97%E3%81%9A%E3%81%8F,MEMBER,{},0,[],{},0,[],{},0,[],(なし),NO_ABILITY,1,"{""hearts"": {}, ""blade_mentions"": [], ""blade_icon_n"": 0, ""energy_icon_n"": 0, ""all_heart_n"": 0, ""score_delta_icon"": 0, ""unknown_tags"": [], ""tags"": []}",0,0,0,0,0,"{""draw"": 0, ""score"": 0, ""colorless"": 0}",0,0,0,,
PL!N-bp4-016,朝香果林,PL!N-bp4-016 朝香果林 - ラブライブ！シリーズ オフィシャルカードゲーム(ラブカ) 非公式 Wiki*,メンバー,ラブライブ！虹ヶ咲学園スクールアイドル同好会,虹ヶ咲,DiverDiva,4.0,2.0,<青>,<青> 1,,,"<登場>
このメンバーをウェイトにしてもよい：自分のデッキの上からカードを2枚見る。その中から好きな枚数を好きな順番でデッキの上に置き、残りを控え室に置く。
（ウェイト状態のメンバーが持つ
<(ブレード)>
は、エールで公開する枚数を増やさない。）",https://wikiwiki.jp/llocardgame/PL%21N-bp4-016%20%E6%9C%9D%E9%A6%99%E6%9E%9C%E6%9E%97,MEMBER,{},0,[],{},0,[],"{""blue"": 1}",1,[],"<登場>
このメンバーをウェイトにしてもよい：自分のデッキの上からカードを2枚見る。その中から好きな枚数を好きな順番でデッキの上に置き、残りを控え室に置く。
（ウェイト状態のメンバーが持つ
<(ブレード)>
は、エールで公開する枚数を増やさない。）",HAS_TEXT,0,"{""hearts"": {}, ""blade_mentions"": [], ""tags"": [], ""blade_icon_n"": 1, ""energy_icon_n"": 0, ""all_heart_n"": 0, ""score_delta_icon"": 0, ""unknown_tags"": []}",1,0,0,0,0,"{""draw"": 0, ""score"": 0, ""colorless"": 0}",0,0,0,,
PL!N-bp4-017,宮下愛,PL!N-bp4-017 宮下愛 - ラブライブ！シリーズ オフィシャルカードゲーム(ラブカ) 非公式 Wiki*,メンバー,ラブライブ！虹ヶ咲学園スクールアイドル同好会,虹ヶ咲,DiverDiva,2.0,1.0,<青>,<青> 1,,,"<起動>
このメンバーをステージから控え室に置く：自分の控え室からメンバーカードを1枚手札に加える。",https://wikiwiki.jp/llocardgame/PL%21N-bp4-017%20%E5%AE%AE%E4%B8%8B%E6%84%9B,MEMBER,{},0,[],{},0,[],"{""blue"": 1}",1,[],"<起動>
このメンバーをステージから控え室に置く：自分の控え室からメンバーカードを1枚手札に加える。",HAS_TEXT,0,"{""hearts"": {}, ""blade_mentions"": [], ""blade_icon_n"": 0, ""energy_icon_n"": 0, ""all_heart_n"": 0, ""score_delta_icon"": 0, ""unknown_tags"": [], ""tags"": []}",0,0,0,0,0,"{""draw"": 0, ""score"": 0, ""colorless"": 0}",0,0,0,,
PL!N-bp4-018,近江彼方,PL!N-bp4-018 近江彼方 - ラブライブ！シリーズ オフィシャルカードゲーム(ラブカ) 非公式 Wiki*,メンバー,ラブライブ！虹ヶ咲学園スクールアイドル同好会,虹ヶ咲,QU4RTZ,2.0,1.0,<黄>,<黄> 1,,,"<自動>
<ターン1回>
自分のメインフェイズの間、このメンバーがアクティブ状態からウェイト状態になった時、カードを1枚引き、手札からカードを1枚控え室に置く。",https://wikiwiki.jp/llocardgame/PL%21N-bp4-018%20%E8%BF%91%E6%B1%9F%E5%BD%BC%E6%96%B9,MEMBER,{},0,[],{},0,[],"{""yellow"": 1}",1,[],"<自動>
<ターン1回>
自分のメインフェイズの間、このメンバーがアクティブ状態からウェイト状態になった時、カードを1枚引き、手札からカードを1枚控え室に置く。",HAS_TEXT,0,"{""hearts"": {}, ""blade_mentions"": [], ""blade_icon_n"": 0, ""energy_icon_n"": 0, ""all_heart_n"": 0, ""score_delta_icon"": 0, ""unknown_tags"": [], ""tags"": []}",0,0,0,0,0,"{""draw"": 0, ""score"": 0, ""colorless"": 0}",0,0,0,,
PL!N-bp4-019,優木せつ菜,PL!N-bp4-019 優木せつ菜 - ラブライブ！シリーズ オフィシャルカードゲーム(ラブカ) 非公式 Wiki*,メンバー,ラブライブ！虹ヶ咲学園スクールアイドル同好会,虹ヶ咲,A・ZU・NA,11.0,3.0,<赤>,<桃> 1 <赤> 2 <黄> 1 <紫> 1,,,(なし),https://wikiwiki.jp/llocardgame/PL%21N-bp4-019%20%E5%84%AA%E6%9C%A8%E3%81%9B%E3%81%A4%E8%8F%9C,MEMBER,{},0,[],{},0,[],"{""red"": 1}",1,[],(なし),NO_ABILITY,1,"{""hearts"": {}, ""blade_mentions"": [], ""blade_icon_n"": 0, ""energy_icon_n"": 0, ""all_heart_n"": 0, ""score_delta_icon"": 0, ""unknown_tags"": [], ""tags"": []}",0,0,0,0,0,"{""draw"": 0, ""score"": 0, ""colorless"": 0}",0,0,0,,
PL!N-bp4-020,エマ・ヴェルデ,PL!N-bp4-020 エマ・ヴェルデ - ラブライブ！シリーズ オフィシャルカードゲーム(ラブカ) 非公式 Wiki*,メンバー,ラブライブ！虹ヶ咲学園スクールアイドル同好会,虹ヶ咲,QU4RTZ,2.0,1.0,<緑>,<緑> 1,,,"<起動>
このメンバーをステージから控え室に置く：自分の控え室からメンバーカードを1枚手札に加える。",https://wikiwiki.jp/llocardgame/PL%21N-bp4-020%20%E3%82%A8%E3%83%9E%E3%83%BB%E3%83%B4%E3%82%A7%E3%83%AB%E3%83%87,MEMBER,{},0,[],{},0,[],"{""green"": 1}",1,[],"<起動>
このメンバーをステージから控え室に置く：自分の控え室からメンバーカードを1枚手札に加える。",HAS_TEXT,0,"{""hearts"": {}, ""blade_mentions"": [], ""blade_icon_n"": 0, ""energy_icon_n"": 0, ""all_heart_n"": 0, ""score_delta_icon"": 0, ""unknown_tags"": [], ""tags"": []}",0,0,0,0,0,"{""draw"": 0, ""score"": 0, ""colorless"": 0}",0,0,0,,
PL!N-bp4-021,天王寺璃奈,PL!N-bp4-021 天王寺璃奈 - ラブライブ！シリーズ オフィシャルカードゲーム(ラブカ) 非公式 Wiki*,メンバー,ラブライブ！虹ヶ咲学園スクールアイドル同好会,虹ヶ咲,QU4RTZ,9.0,2.0,なし,<黄> 1 <青> 1 <紫> 1,,,"<登場>
自分の控え室にあるカード1枚をデッキの一番上に置いてもよい。",https://wikiwiki.jp/llocardgame/PL%21N-bp4-021%20%E5%A4%A9%E7%8E%8B%E5%AF%BA%E7%92%83%E5%A5%88,MEMBER,{},0,[],{},0,[],{},0,[],"<登場>
自分の控え室にあるカード1枚をデッキの一番上に置いてもよい。",HAS_TEXT,0,"{""hearts"": {}, ""blade_mentions"": [], ""blade_icon_n"": 0, ""energy_icon_n"": 0, ""all_heart_n"": 0, ""score_delta_icon"": 0, ""unknown_tags"": [], ""tags"": []}",0,0,0,0,0,"{""draw"": 0, ""score"": 0, ""colorless"": 0}",0,0,0,,
PL!N-bp4-022,三船栞子,PL!N-bp4-022 三船栞子 - ラブライブ！シリーズ オフィシャルカードゲーム(ラブカ) 非公式 Wiki*,メンバー,ラブライブ！虹ヶ咲学園スクールアイドル同好会,虹ヶ咲,R3BIRTH,15.0,6.0,<緑> 1,<桃> 1 <黄> 1 <緑> 2 <青> 2,,,(なし),https://wikiwiki.jp/llocardgame/PL%21N-bp4-022%20%E4%B8%89%E8%88%B9%E6%A0%9E%E5%AD%90,MEMBER,{},0,[],{},0,[],"{""green"": 1}",1,[],(なし),NO_ABILITY,1,"{""hearts"": {}, ""blade_mentions"": [], ""blade_icon_n"": 0, ""energy_icon_n"": 0, ""all_heart_n"": 0, ""score_delta_icon"": 0, ""unknown_tags"": [], ""tags"": []}",0,0,0,0,0,"{""draw"": 0, ""score"": 0, ""colorless"": 0}",0,0,0,,
PL!N-bp4-023,ミア・テイラー,PL!N-bp4-023 ミア・テイラー - ラブライブ！シリーズ オフィシャルカードゲーム(ラブカ) 非公式 Wiki*,メンバー,ラブライブ！虹ヶ咲学園スクールアイドル同好会,虹ヶ咲,R3BIRTH,5.0,2.0,なし,<桃> 1 <黄> 1,,,"<登場>
『虹ヶ咲』のメンバー1人をウェイトにしてもよい：カードを1枚引き、手札を1枚控え室に置く。",https://wikiwiki.jp/llocardgame/PL%21N-bp4-023%20%E3%83%9F%E3%82%A2%E3%83%BB%E3%83%86%E3%82%A4%E3%83%A9%E3%83%BC,MEMBER,{},0,[],{},0,[],{},0,[],"<登場>
『虹ヶ咲』のメンバー1人をウェイトにしてもよい：カードを1枚引き、手札を1枚控え室に置く。",HAS_TEXT,0,"{""hearts"": {}, ""blade_mentions"": [], ""blade_icon_n"": 0, ""energy_icon_n"": 0, ""all_heart_n"": 0, ""score_delta_icon"": 0, ""unknown_tags"": [], ""tags"": []}",0,0,0,0,0,"{""draw"": 0, ""score"": 0, ""colorless"": 0}",0,0,0,,
PL!N-bp4-024,鐘嵐珠,PL!N-bp4-024 鐘嵐珠 - ラブライブ！シリーズ オフィシャルカードゲーム(ラブカ) 非公式 Wiki*,メンバー,ラブライブ！虹ヶ咲学園スクールアイドル同好会,虹ヶ咲,R3BIRTH,7.0,2.0,なし,<桃> 1 <青> 1 <紫> 1,,,(なし),https://wikiwiki.jp/llocardgame/PL%21N-bp4-024%20%E9%90%98%E5%B5%90%E7%8F%A0,MEMBER,{},0,[],{},0,[],{},0,[],(なし),NO_ABILITY,1,"{""hearts"": {}, ""blade_mentions"": [], ""blade_icon_n"": 0, ""energy_icon_n"": 0, ""all_heart_n"": 0, ""score_delta_icon"": 0, ""unknown_tags"": [], ""tags"": []}",0,0,0,0,0,"{""draw"": 0, ""score"": 0, ""colorless"": 0}",0,0,0,,
PL!N-bp4-025,VIVID WORLD,PL!N-bp4-025 VIVID WORLD - ラブライブ！シリーズ オフィシャルカードゲーム(ラブカ) 非公式 Wiki*,ライブ,ラブライブ！虹ヶ咲学園スクールアイドル同好会,虹ヶ咲,,,,<青> <ドロー+1>,,<青> 8 <紫> 2 <任意> 4 (合計14),6.0,"<ライブ開始時>
ライブ終了時まで、エールによって公開される自分のカードが持つ
<桃>
、
<赤>
、
<黄>
、
<緑>
、
<紫>
、
<ALL>
は、すべて
<青>
になる。
<ライブ成功時>
エールにより公開された自分の『虹ヶ咲』のメンバーが持つハートの中に
<桃>
、
<赤>
、
<黄>
、
<緑>
、
<青>
、
<紫>
がある場合、このカードのスコアを+1する。",https://wikiwiki.jp/llocardgame/PL%21N-bp4-025%20VIVID%20WORLD,LIVE,{},0,[],{},14,[],"{""blue"": 1}",1,[],"<ライブ開始時>
ライブ終了時まで、エールによって公開される自分のカードが持つ
<桃>
、
<赤>
、
<黄>
、
<緑>
、
<紫>
、
<ALL>
は、すべて
<青>
になる。
<ライブ成功時>
エールにより公開された自分の『虹ヶ咲』のメンバーが持つハートの中に
<桃>
、
<赤>
、
<黄>
、
<緑>
、
<青>
、
<紫>
がある場合、このカードのスコアを+1する。",HAS_TEXT,0,"{""hearts"": {}, ""blade_mentions"": [], ""blade_icon_n"": 0, ""energy_icon_n"": 0, ""all_heart_n"": 0, ""score_delta_icon"": 0, ""unknown_tags"": [], ""tags"": []}",0,0,0,0,0,"{""draw"": 1, ""score"": 0, ""colorless"": 0}",1,0,0,,
PL!N-bp4-026,DIVE!,PL!N-bp4-026 DIVE! - ラブライブ！シリーズ オフィシャルカードゲーム(ラブカ) 非公式 Wiki*,ライブ,ラブライブ！虹ヶ咲学園スクールアイドル同好会,虹ヶ咲,,,,<赤> <ドロー+1>,,<赤> 4 <青> 3 <任意> 5 (合計12),5.0,"<自動>
自分のメインフェイズにこのカードが控え室から手札に加えられたとき、自分の手札からカード名が「DIVE！」のカード1枚を表向きでライブカード置き場に置いてもよい。そうした場合、次のライブカードセットフェイズで自分のライブカード置き場におけるカードの枚数の条件が1枚減る。
<自動>
このカードが表向きでライブカード置き場に置かれたとき、ライブ終了時まで、自分のステージにいる『虹ヶ咲』のメンバー1人は、
<(ブレード)>
<(ブレード)>
を得る。",https://wikiwiki.jp/llocardgame/PL%21N-bp4-026%20DIVE%21,LIVE,{},0,[],{},12,[],"{""red"": 1}",1,[],"<自動>
自分のメインフェイズにこのカードが控え室から手札に加えられたとき、自分の手札からカード名が「DIVE！」のカード1枚を表向きでライブカード置き場に置いてもよい。そうした場合、次のライブカードセットフェイズで自分のライブカード置き場におけるカードの枚数の条件が1枚減る。
<自動>
このカードが表向きでライブカード置き場に置かれたとき、ライブ終了時まで、自分のステージにいる『虹ヶ咲』のメンバー1人は、
<(ブレード)>
<(ブレード)>
を得る。",HAS_TEXT,0,"{""hearts"": {}, ""blade_mentions"": [], ""tags"": [], ""blade_icon_n"": 2, ""energy_icon_n"": 0, ""all_heart_n"": 0, ""score_delta_icon"": 0, ""unknown_tags"": []}",2,0,0,0,0,"{""draw"": 1, ""score"": 0, ""colorless"": 0}",1,0,0,,
PL!N-bp4-027,EMOTION,PL!N-bp4-027 EMOTION - ラブライブ！シリーズ オフィシャルカードゲーム(ラブカ) 非公式 Wiki*,ライブ,ラブライブ！虹ヶ咲学園スクールアイドル同好会,虹ヶ咲,,,,<ALL>,,<緑> 2 <青> 1 <任意> 2 (合計5),2.0,"<ライブ開始時>
自分の成功ライブカード置き場にあるカード名が「EMOTION」のカード1枚につき、このカードのスコアを+2、成功させるための必要ハートを
<任意>
<任意>
<任意>
増やす。",https://wikiwiki.jp/llocardgame/PL%21N-bp4-027%20EMOTION,LIVE,{},0,[],{},5,[],"{""all"": 1}",1,[],"<ライブ開始時>
自分の成功ライブカード置き場にあるカード名が「EMOTION」のカード1枚につき、このカードのスコアを+2、成功させるための必要ハートを
<任意>
<任意>
<任意>
増やす。",HAS_TEXT,0,"{""hearts"": {}, ""blade_mentions"": [], ""blade_icon_n"": 0, ""energy_icon_n"": 0, ""all_heart_n"": 0, ""score_delta_icon"": 0, ""unknown_tags"": [], ""tags"": []}",0,0,0,0,0,"{""draw"": 0, ""score"": 0, ""colorless"": 0}",0,0,0,,
PL!N-bp4-028,stars we chase,PL!N-bp4-028 stars we chase - ラブライブ！シリーズ オフィシャルカードゲーム(ラブカ) 非公式 Wiki*,ライブ,ラブライブ！虹ヶ咲学園スクールアイドル同好会,虹ヶ咲,,,,<ALL>,,<桃> 2 <黄> 2 <任意> 1 (合計5),2.0,"<ライブ開始時>
自分の控え室にカード名の異なる『虹ヶ咲』のライブカードが4枚以上ある場合、このカードのスコアを+1する。6枚以上ある場合、代わりにスコアを+2する。",https://wikiwiki.jp/llocardgame/PL%21N-bp4-028%20stars%20we%20chase,LIVE,{},0,[],{},5,[],"{""all"": 1}",1,[],"<ライブ開始時>
自分の控え室にカード名の異なる『虹ヶ咲』のライブカードが4枚以上ある場合、このカードのスコアを+1する。6枚以上ある場合、代わりにスコアを+2する。",HAS_TEXT,0,"{""hearts"": {}, ""blade_mentions"": [], ""blade_icon_n"": 0, ""energy_icon_n"": 0, ""all_heart_n"": 0, ""score_delta_icon"": 0, ""unknown_tags"": [], ""tags"": []}",0,0,0,0,0,"{""draw"": 0, ""score"": 0, ""colorless"": 0}",0,0,0,,
PL!N-bp4-029,Rise Up High!,PL!N-bp4-029 Rise Up High! - ラブライブ！シリーズ オフィシャルカードゲーム(ラブカ) 非公式 Wiki*,ライブ,ラブライブ！虹ヶ咲学園スクールアイドル同好会,虹ヶ咲,,,,<ALL>,,<青> 2 <任意> 1 (合計3),1.0,"<ライブ開始時>
このゲームの1ターン目のライブフェイズの場合、このカードのスコアを+1し、ライブ終了時まで、自分のステージにいる『虹ヶ咲』のメンバー1人は、
<(ブレード)>
を得る。",https://wikiwiki.jp/llocardgame/PL%21N-bp4-029%20Rise%20Up%20High%21,LIVE,{},0,[],{},3,[],"{""all"": 1}",1,[],"<ライブ開始時>
このゲームの1ターン目のライブフェイズの場合、このカードのスコアを+1し、ライブ終了時まで、自分のステージにいる『虹ヶ咲』のメンバー1人は、
<(ブレード)>
を得る。",HAS_TEXT,0,"{""hearts"": {}, ""blade_mentions"": [], ""tags"": [], ""blade_icon_n"": 1, ""energy_icon_n"": 0, ""all_heart_n"": 0, ""score_delta_icon"": 0, ""unknown_tags"": []}",1,0,0,0,0,"{""draw"": 0, ""score"": 0, ""colorless"": 0}",0,0,0,,
PL!N-bp4-030,Daydream Mermaid,PL!N-bp4-030 Daydream Mermaid - ラブライブ！シリーズ オフィシャルカードゲーム(ラブカ) 非公式 Wiki*,ライブ,ラブライブ！虹ヶ咲学園スクールアイドル同好会,虹ヶ咲,,,,<ALL>,,<青> 1 <紫> 3 <任意> 4 (合計8),3.0,"<ライブ成功時>
以下から1つを選ぶ。自分の成功ライブカード置き場に『虹ヶ咲』のカードがある場合、代わりに1つ以上を選ぶ。
・自分のエネルギーデッキから、エネルギーカードを1枚ウェイト状態で置く。
・自分の控え室からメンバーカードを1枚手札に加える。",https://wikiwiki.jp/llocardgame/PL%21N-bp4-030%20Daydream%20Mermaid,LIVE,{},0,[],{},8,[],"{""all"": 1}",1,[],"<ライブ成功時>
以下から1つを選ぶ。自分の成功ライブカード置き場に『虹ヶ咲』のカードがある場合、代わりに1つ以上を選ぶ。
・自分のエネルギーデッキから、エネルギーカードを1枚ウェイト状態で置く。
・自分の控え室からメンバーカードを1枚手札に加える。",HAS_TEXT,0,"{""hearts"": {}, ""blade_mentions"": [], ""blade_icon_n"": 0, ""energy_icon_n"": 0, ""all_heart_n"": 0, ""score_delta_icon"": 0, ""unknown_tags"": [], ""tags"": []}",0,0,0,0,0,"{""draw"": 0, ""score"": 0, ""colorless"": 0}",0,0,0,,
PL!N-bp4-031,"NEO SKY, NEO MAP!","PL!N-bp4-031 NEO SKY, NEO MAP! - ラブライブ！シリーズ オフィシャルカードゲーム(ラブカ) 非公式 Wiki*",ライブ,ラブライブ！虹ヶ咲学園スクールアイドル同好会,虹ヶ咲,,,,<スコア+1>,,<桃> 1 <赤> 1 <黄> 1 <緑> 1 <青> 1 <紫> 1 <任意> 12 (合計18),8.0,"<ライブ開始時>
自分のステージのエリアすべてに『虹ヶ咲』のメンバーがいて、かつそれらのコスト合計が20以上の場合、カードを3枚引き、自分の手札を3枚好きな順番でデッキの上に置く。",https://wikiwiki.jp/llocardgame/PL%21N-bp4-031%20NEO%20SKY%2C%20NEO%20MAP%21,LIVE,{},0,[],{},18,[],{},0,[],"<ライブ開始時>
自分のステージのエリアすべてに『虹ヶ咲』のメンバーがいて、かつそれらのコスト合計が20以上の場合、カードを3枚引き、自分の手札を3枚好きな順番でデッキの上に置く。",HAS_TEXT,0,"{""hearts"": {}, ""blade_mentions"": [], ""blade_icon_n"": 0, ""energy_icon_n"": 0, ""all_heart_n"": 0, ""score_delta_icon"": 0, ""unknown_tags"": [], ""tags"": []}",0,0,0,0,0,"{""draw"": 0, ""score"": 1, ""colorless"": 0}",0,1,0,,
PL!N-bp4-032,Blue!,PL!N-bp4-032 Blue! - ラブライブ！シリーズ オフィシャルカードゲーム(ラブカ) 非公式 Wiki*,ライブ,ラブライブ！虹ヶ咲学園スクールアイドル同好会,虹ヶ咲,A・ZU・NA,,,<ALL>,,<桃> 1 <赤> 1 <青> 1 <任意> 4 (合計7),3.0,(なし),https://wikiwiki.jp/llocardgame/PL%21N-bp4-032%20Blue%21,LIVE,{},0,[],{},7,[],"{""all"": 1}",1,[],(なし),NO_ABILITY,1,"{""hearts"": {}, ""blade_mentions"": [], ""blade_icon_n"": 0, ""energy_icon_n"": 0, ""all_heart_n"": 0, ""score_delta_icon"": 0, ""unknown_tags"": [], ""tags"": []}",0,0,0,0,0,"{""draw"": 0, ""score"": 0, ""colorless"": 0}",0,0,0,,
PL!N-bp5-001,上原歩夢,PL!N-bp5-001 上原歩夢 - ラブライブ！シリーズ オフィシャルカードゲーム(ラブカ) 非公式 Wiki*,メンバー,ラブライブ！虹ヶ咲学園スクールアイドル同好会,虹ヶ咲,A・ZU・NA,5.0,4.0,なし,なし,,,"<自動>
<ターン1回>
自分がエールしたとき、エールにより公開された自分のカードが持つブレードハートの中に
<桃>
、
<赤>
、
<黄>
、
<緑>
、
<青>
、
<紫>
、
<ALL>
のうち、3種類以上ある場合、ライブ終了時まで、
<桃>
を得る。6種類以上ある場合、さらにライブ終了時まで、『
<常時>
ライブの合計スコアを+1する。』を得る。",https://wikiwiki.jp/llocardgame/PL%21N-bp5-001%20%E4%B8%8A%E5%8E%9F%E6%AD%A9%E5%A4%A2,MEMBER,{},0,[],{},0,[],{},0,[],"<自動>
<ターン1回>
自分がエールしたとき、エールにより公開された自分のカードが持つブレードハートの中に
<桃>
、
<赤>
、
<黄>
、
<緑>
、
<青>
、
<紫>
、
<ALL>
のうち、3種類以上ある場合、ライブ終了時まで、
<桃>
を得る。6種類以上ある場合、さらにライブ終了時まで、『
<常時>
ライブの合計スコアを+1する。』を得る。",HAS_TEXT,0,"{""hearts"": {}, ""blade_mentions"": [], ""blade_icon_n"": 0, ""energy_icon_n"": 0, ""all_heart_n"": 0, ""score_delta_icon"": 0, ""unknown_tags"": [], ""tags"": []}",0,0,0,0,0,"{""draw"": 0, ""score"": 0, ""colorless"": 0}",0,0,0,,
PL!N-bp5-002,中須かすみ,PL!N-bp5-002 中須かすみ - ラブライブ！シリーズ オフィシャルカードゲーム(ラブカ) 非公式 Wiki*,メンバー,ラブライブ！虹ヶ咲学園スクールアイドル同好会,虹ヶ咲,QU4RTZ,15.0,5.0,<黄>,<黄> 3 <緑> 1 <青> 1 <紫> 1,,,"<常時>
自分と相手のステージの中で、このメンバーがほかのすべてのメンバーより多くのハートを持つかぎり、ライブの合計スコアを+1する。",https://wikiwiki.jp/llocardgame/PL%21N-bp5-002%20%E4%B8%AD%E9%A0%88%E3%81%8B%E3%81%99%E3%81%BF,MEMBER,{},0,[],{},0,[],"{""yellow"": 1}",1,[],"<常時>
自分と相手のステージの中で、このメンバーがほかのすべてのメンバーより多くのハートを持つかぎり、ライブの合計スコアを+1する。",HAS_TEXT,0,"{""hearts"": {}, ""blade_mentions"": [], ""blade_icon_n"": 0, ""energy_icon_n"": 0, ""all_heart_n"": 0, ""score_delta_icon"": 0, ""unknown_tags"": [], ""tags"": []}",0,0,0,0,0,"{""draw"": 0, ""score"": 0, ""colorless"": 0}",0,0,0,,
PL!N-bp5-003,桜坂しずく,PL!N-bp5-003 桜坂しずく - ラブライブ！シリーズ オフィシャルカードゲーム(ラブカ) 非公式 Wiki*,メンバー,ラブライブ！虹ヶ咲学園スクールアイドル同好会,虹ヶ咲,A・ZU・NA,11.0,4.0,<青>,<桃> 1 <赤> 1 <黄> 1 <青> 1,,,"<起動>
<ターン1回>
手札を1枚控え室に置く：自分の控え室にあるライブカードを1枚選び、そのカードのスコアに等しい数の
<(E)>
を支払ってもよい。そうした場合、そのライブカードを手札に加える。",https://wikiwiki.jp/llocardgame/PL%21N-bp5-003%20%E6%A1%9C%E5%9D%82%E3%81%97%E3%81%9A%E3%81%8F,MEMBER,{},0,[],{},0,[],"{""blue"": 1}",1,[],"<起動>
<ターン1回>
手札を1枚控え室に置く：自分の控え室にあるライブカードを1枚選び、そのカードのスコアに等しい数の
<(E)>
を支払ってもよい。そうした場合、そのライブカードを手札に加える。",HAS_TEXT,0,"{""hearts"": {}, ""blade_mentions"": [], ""tags"": [], ""blade_icon_n"": 0, ""energy_icon_n"": 1, ""all_heart_n"": 0, ""score_delta_icon"": 0, ""unknown_tags"": []}",0,1,0,0,0,"{""draw"": 0, ""score"": 0, ""colorless"": 0}",0,0,0,,
PL!N-bp5-004,朝香果林,PL!N-bp5-004 朝香果林 - ラブライブ！シリーズ オフィシャルカードゲーム(ラブカ) 非公式 Wiki*,メンバー,ラブライブ！虹ヶ咲学園スクールアイドル同好会,虹ヶ咲,DiverDiva,7.0,4.0,なし,<青> 1,,,"<登場>
/
<ライブ開始時>
このメンバーをウェイトにしてもよい：相手のステージにいる元々持つ
<(ブレード)>
の数がちょうど4つのメンバー1人をウェイトにする。
（ウェイト状態のメンバーが持つ
<(ブレード)>
は、エールで公開する枚数を増やさない。）",https://wikiwiki.jp/llocardgame/PL%21N-bp5-004%20%E6%9C%9D%E9%A6%99%E6%9E%9C%E6%9E%97,MEMBER,{},0,[],{},0,[],{},0,[],"<登場>
/
<ライブ開始時>
このメンバーをウェイトにしてもよい：相手のステージにいる元々持つ
<(ブレード)>
の数がちょうど4つのメンバー1人をウェイトにする。
（ウェイト状態のメンバーが持つ
<(ブレード)>
は、エールで公開する枚数を増やさない。）",HAS_TEXT,0,"{""hearts"": {}, ""blade_mentions"": [], ""tags"": [], ""blade_icon_n"": 2, ""energy_icon_n"": 0, ""all_heart_n"": 0, ""score_delta_icon"": 0, ""unknown_tags"": []}",2,0,0,0,0,"{""draw"": 0, ""score"": 0, ""colorless"": 0}",0,0,0,,
PL!N-bp5-005,宮下愛,PL!N-bp5-005 宮下愛 - ラブライブ！シリーズ オフィシャルカードゲーム(ラブカ) 非公式 Wiki*,メンバー,ラブライブ！虹ヶ咲学園スクールアイドル同好会,虹ヶ咲,DiverDiva,9.0,4.0,なし,<赤> 1 <青> 1,,,"<自動>
このメンバーがステージから控え室に置かれたとき、このメンバーがコスト10以上のブレードハートを持たない『虹ヶ咲』のメンバーとバトンタッチしていた場合、エネルギーを2枚アクティブにする。コスト15以上のブレードハートを持たない『虹ヶ咲』のメンバーの場合、さらにカードを1枚引く。",https://wikiwiki.jp/llocardgame/PL%21N-bp5-005%20%E5%AE%AE%E4%B8%8B%E6%84%9B,MEMBER,{},0,[],{},0,[],{},0,[],"<自動>
このメンバーがステージから控え室に置かれたとき、このメンバーがコスト10以上のブレードハートを持たない『虹ヶ咲』のメンバーとバトンタッチしていた場合、エネルギーを2枚アクティブにする。コスト15以上のブレードハートを持たない『虹ヶ咲』のメンバーの場合、さらにカードを1枚引く。",HAS_TEXT,0,"{""hearts"": {}, ""blade_mentions"": [], ""blade_icon_n"": 0, ""energy_icon_n"": 0, ""all_heart_n"": 0, ""score_delta_icon"": 0, ""unknown_tags"": [], ""tags"": []}",0,0,0,0,0,"{""draw"": 0, ""score"": 0, ""colorless"": 0}",0,0,0,,
PL!N-bp5-006,近江彼方,PL!N-bp5-006 近江彼方 - ラブライブ！シリーズ オフィシャルカードゲーム(ラブカ) 非公式 Wiki*,メンバー,ラブライブ！虹ヶ咲学園スクールアイドル同好会,虹ヶ咲,QU4RTZ,15.0,6.0,<紫>,<桃> 1 <黄> 2 <青> 1 <紫> 3,,,"<常時>
このメンバーは自分のアクティブフェイズにアクティブにできない。
<ライブ成功時>
自分のステージにこのメンバー以外のメンバーがいる場合、このメンバーをウェイトにする。",https://wikiwiki.jp/llocardgame/PL%21N-bp5-006%20%E8%BF%91%E6%B1%9F%E5%BD%BC%E6%96%B9,MEMBER,{},0,[],{},0,[],"{""purple"": 1}",1,[],"<常時>
このメンバーは自分のアクティブフェイズにアクティブにできない。
<ライブ成功時>
自分のステージにこのメンバー以外のメンバーがいる場合、このメンバーをウェイトにする。",HAS_TEXT,0,"{""hearts"": {}, ""blade_mentions"": [], ""blade_icon_n"": 0, ""energy_icon_n"": 0, ""all_heart_n"": 0, ""score_delta_icon"": 0, ""unknown_tags"": [], ""tags"": []}",0,0,0,0,0,"{""draw"": 0, ""score"": 0, ""colorless"": 0}",0,0,0,,
PL!N-bp5-007,優木せつ菜,PL!N-bp5-007 優木せつ菜 - ラブライブ！シリーズ オフィシャルカードゲーム(ラブカ) 非公式 Wiki*,メンバー,ラブライブ！虹ヶ咲学園スクールアイドル同好会,虹ヶ咲,A・ZU・NA,7.0,2.0,なし,<赤> 2,,,"<ライブ開始時>
自分と相手の成功ライブカード置き場にあるカードの枚数が同じ場合、ライブ終了時まで、
<赤>
<赤>
を得る。
<ライブ成功時>
自分が余剰ハートを1つ以上持っている場合、カードを2枚引き、手札を1枚控え室に置く。",https://wikiwiki.jp/llocardgame/PL%21N-bp5-007%20%E5%84%AA%E6%9C%A8%E3%81%9B%E3%81%A4%E8%8F%9C,MEMBER,{},0,[],{},0,[],{},0,[],"<ライブ開始時>
自分と相手の成功ライブカード置き場にあるカードの枚数が同じ場合、ライブ終了時まで、
<赤>
<赤>
を得る。
<ライブ成功時>
自分が余剰ハートを1つ以上持っている場合、カードを2枚引き、手札を1枚控え室に置く。",HAS_TEXT,0,"{""hearts"": {}, ""blade_mentions"": [], ""blade_icon_n"": 0, ""energy_icon_n"": 0, ""all_heart_n"": 0, ""score_delta_icon"": 0, ""unknown_tags"": [], ""tags"": []}",0,0,0,0,0,"{""draw"": 0, ""score"": 0, ""colorless"": 0}",0,0,0,,
PL!N-bp5-008,エマ・ヴェルデ,PL!N-bp5-008 エマ・ヴェルデ - ラブライブ！シリーズ オフィシャルカードゲーム(ラブカ) 非公式 Wiki*,メンバー,ラブライブ！虹ヶ咲学園スクールアイドル同好会,虹ヶ咲,QU4RTZ,10.0,3.0,なし,<桃> 1 <黄> 1 <緑> 2,,,"<起動>
<ターン1回>
エネルギー置き場にあるエネルギー1枚をこのメンバーの下に置く：エネルギーを2枚アクティブにする。",https://wikiwiki.jp/llocardgame/PL%21N-bp5-008%20%E3%82%A8%E3%83%9E%E3%83%BB%E3%83%B4%E3%82%A7%E3%83%AB%E3%83%87,MEMBER,{},0,[],{},0,[],{},0,[],"<起動>
<ターン1回>
エネルギー置き場にあるエネルギー1枚をこのメンバーの下に置く：エネルギーを2枚アクティブにする。",HAS_TEXT,0,"{""hearts"": {}, ""blade_mentions"": [], ""blade_icon_n"": 0, ""energy_icon_n"": 0, ""all_heart_n"": 0, ""score_delta_icon"": 0, ""unknown_tags"": [], ""tags"": []}",0,0,0,0,0,"{""draw"": 0, ""score"": 0, ""colorless"": 0}",0,0,0,,
PL!N-bp5-009,天王寺璃奈,PL!N-bp5-009 天王寺璃奈 - ラブライブ！シリーズ オフィシャルカードゲーム(ラブカ) 非公式 Wiki*,メンバー,ラブライブ！虹ヶ咲学園スクールアイドル同好会,虹ヶ咲,QU4RTZ,4.0,2.0,<紫>,<紫> 1,,,"<登場>
このメンバーをウェイトにし、手札を1枚控え室に置いてもよい：自分のデッキの上からカードを5枚見る。その中からコスト9以上の『虹ヶ咲』のメンバーカードを1枚公開して手札に加えてもよい。残りを控え室に置く。",https://wikiwiki.jp/llocardgame/PL%21N-bp5-009%20%E5%A4%A9%E7%8E%8B%E5%AF%BA%E7%92%83%E5%A5%88,MEMBER,{},0,[],{},0,[],"{""purple"": 1}",1,[],"<登場>
このメンバーをウェイトにし、手札を1枚控え室に置いてもよい：自分のデッキの上からカードを5枚見る。その中からコスト9以上の『虹ヶ咲』のメンバーカードを1枚公開して手札に加えてもよい。残りを控え室に置く。",HAS_TEXT,0,"{""hearts"": {}, ""blade_mentions"": [], ""blade_icon_n"": 0, ""energy_icon_n"": 0, ""all_heart_n"": 0, ""score_delta_icon"": 0, ""unknown_tags"": [], ""tags"": []}",0,0,0,0,0,"{""draw"": 0, ""score"": 0, ""colorless"": 0}",0,0,0,,
PL!N-bp5-010,三船栞子,PL!N-bp5-010 三船栞子 - ラブライブ！シリーズ オフィシャルカードゲーム(ラブカ) 非公式 Wiki*,メンバー,ラブライブ！虹ヶ咲学園スクールアイドル同好会,虹ヶ咲,R3BIRTH,13.0,3.0,<緑>,<緑> 3 <青> 1 <紫> 2,,,"<ライブ成功時>
自分が余剰ハートを持たない場合、ライブの合計スコアを+1する。自分が余剰ハートを2つ以上持つ場合、ライブの合計スコアを-1する。この効果ではライブの合計スコアは0未満にならない。",https://wikiwiki.jp/llocardgame/PL%21N-bp5-010%20%E4%B8%89%E8%88%B9%E6%A0%9E%E5%AD%90,MEMBER,{},0,[],{},0,[],"{""green"": 1}",1,[],"<ライブ成功時>
自分が余剰ハートを持たない場合、ライブの合計スコアを+1する。自分が余剰ハートを2つ以上持つ場合、ライブの合計スコアを-1する。この効果ではライブの合計スコアは0未満にならない。",HAS_TEXT,0,"{""hearts"": {}, ""blade_mentions"": [], ""blade_icon_n"": 0, ""energy_icon_n"": 0, ""all_heart_n"": 0, ""score_delta_icon"": 0, ""unknown_tags"": [], ""tags"": []}",0,0,0,0,0,"{""draw"": 0, ""score"": 0, ""colorless"": 0}",0,0,0,,
PL!N-bp5-011,ミア・テイラー,PL!N-bp5-011 ミア・テイラー - ラブライブ！シリーズ オフィシャルカードゲーム(ラブカ) 非公式 Wiki*,メンバー,ラブライブ！虹ヶ咲学園スクールアイドル同好会,虹ヶ咲,R3BIRTH,11.0,2.0,<黄>,<桃> 2 <黄> 2 <緑> 1,,,"<登場>
以下から1つを選ぶ。
・自分の控え室にカード名が異なるライブカードが3枚以上ある場合、自分の控え室からライブカードを1枚手札に加える。
・自分の控え室にグループ名が異なるライブカードが3枚以上ある場合、自分の控え室からライブカードを2枚手札に加える。",https://wikiwiki.jp/llocardgame/PL%21N-bp5-011%20%E3%83%9F%E3%82%A2%E3%83%BB%E3%83%86%E3%82%A4%E3%83%A9%E3%83%BC,MEMBER,{},0,[],{},0,[],"{""yellow"": 1}",1,[],"<登場>
以下から1つを選ぶ。
・自分の控え室にカード名が異なるライブカードが3枚以上ある場合、自分の控え室からライブカードを1枚手札に加える。
・自分の控え室にグループ名が異なるライブカードが3枚以上ある場合、自分の控え室からライブカードを2枚手札に加える。",HAS_TEXT,0,"{""hearts"": {}, ""blade_mentions"": [], ""blade_icon_n"": 0, ""energy_icon_n"": 0, ""all_heart_n"": 0, ""score_delta_icon"": 0, ""unknown_tags"": [], ""tags"": []}",0,0,0,0,0,"{""draw"": 0, ""score"": 0, ""colorless"": 0}",0,0,0,,
PL!N-bp5-012,鐘嵐珠,PL!N-bp5-012 鐘嵐珠 - ラブライブ！シリーズ オフィシャルカードゲーム(ラブカ) 非公式 Wiki*,メンバー,ラブライブ！虹ヶ咲学園スクールアイドル同好会,虹ヶ咲,R3BIRTH,13.0,4.0,<桃>,<桃> 2 <赤> 2 <紫> 1,,,"<起動>
<ターン1回>
エネルギー置き場にあるエネルギー1枚をこのメンバーの下に置く：カードを1枚引き、ライブ終了時まで、
<桃>
を得る。
<ライブ成功時>
ライブの合計スコアが相手より高い場合、自分のエネルギーデッキから、このメンバーの下にあるエネルギーカードの枚数に1を足した枚数のエネルギーカードをウェイト状態で置く。",https://wikiwiki.jp/llocardgame/PL%21N-bp5-012%20%E9%90%98%E5%B5%90%E7%8F%A0,MEMBER,{},0,[],{},0,[],"{""pink"": 1}",1,[],"<起動>
<ターン1回>
エネルギー置き場にあるエネルギー1枚をこのメンバーの下に置く：カードを1枚引き、ライブ終了時まで、
<桃>
を得る。
<ライブ成功時>
ライブの合計スコアが相手より高い場合、自分のエネルギーデッキから、このメンバーの下にあるエネルギーカードの枚数に1を足した枚数のエネルギーカードをウェイト状態で置く。",HAS_TEXT,0,"{""hearts"": {}, ""blade_mentions"": [], ""blade_icon_n"": 0, ""energy_icon_n"": 0, ""all_heart_n"": 0, ""score_delta_icon"": 0, ""unknown_tags"": [], ""tags"": []}",0,0,0,0,0,"{""draw"": 0, ""score"": 0, ""colorless"": 0}",0,0,0,,
PL!N-bp5-013,上原歩夢,PL!N-bp5-013 上原歩夢 - ラブライブ！シリーズ オフィシャルカードゲーム(ラブカ) 非公式 Wiki*,メンバー,ラブライブ！虹ヶ咲学園スクールアイドル同好会,虹ヶ咲,A・ZU・NA,2.0,1.0,<桃>,<桃> 1,,,"<ライブ開始時>
自分のステージにエネルギーカードが下にあるメンバーがいる場合、ライブ終了時まで、
<桃>
を得る。",https://wikiwiki.jp/llocardgame/PL%21N-bp5-013%20%E4%B8%8A%E5%8E%9F%E6%AD%A9%E5%A4%A2,MEMBER,{},0,[],{},0,[],"{""pink"": 1}",1,[],"<ライブ開始時>
自分のステージにエネルギーカードが下にあるメンバーがいる場合、ライブ終了時まで、
<桃>
を得る。",HAS_TEXT,0,"{""hearts"": {}, ""blade_mentions"": [], ""blade_icon_n"": 0, ""energy_icon_n"": 0, ""all_heart_n"": 0, ""score_delta_icon"": 0, ""unknown_tags"": [], ""tags"": []}",0,0,0,0,0,"{""draw"": 0, ""score"": 0, ""colorless"": 0}",0,0,0,,
PL!N-bp5-014,中須かすみ,PL!N-bp5-014 中須かすみ - ラブライブ！シリーズ オフィシャルカードゲーム(ラブカ) 非公式 Wiki*,メンバー,ラブライブ！虹ヶ咲学園スクールアイドル同好会,虹ヶ咲,QU4RTZ,4.0,2.0,<黄>,<黄> 1,,,"<起動>
<ターン1回>
<(E)>
<(E)>
手札を1枚控え室に置く：自分の控え室から『虹ヶ咲』のライブカードを1枚手札に加える。",https://wikiwiki.jp/llocardgame/PL%21N-bp5-014%20%E4%B8%AD%E9%A0%88%E3%81%8B%E3%81%99%E3%81%BF,MEMBER,{},0,[],{},0,[],"{""yellow"": 1}",1,[],"<起動>
<ターン1回>
<(E)>
<(E)>
手札を1枚控え室に置く：自分の控え室から『虹ヶ咲』のライブカードを1枚手札に加える。",HAS_TEXT,0,"{""hearts"": {}, ""blade_mentions"": [], ""tags"": [], ""blade_icon_n"": 0, ""energy_icon_n"": 2, ""all_heart_n"": 0, ""score_delta_icon"": 0, ""unknown_tags"": []}",0,2,0,0,0,"{""draw"": 0, ""score"": 0, ""colorless"": 0}",0,0,0,,
PL!N-bp5-015,桜坂しずく,PL!N-bp5-015 桜坂しずく - ラブライブ！シリーズ オフィシャルカードゲーム(ラブカ) 非公式 Wiki*,メンバー,ラブライブ！虹ヶ咲学園スクールアイドル同好会,虹ヶ咲,A・ZU・NA,4.0,0.0,<青>,<赤> 1 <青> 1,,,"<ライブ開始時>
自分のステージにいるメンバーが持つハートの中に
<桃>
、
<赤>
、
<黄>
、
<緑>
、
<青>
、
<紫>
がすべてある場合、ライブ終了時まで、
<(ブレード)>
<(ブレード)>
を得る。",https://wikiwiki.jp/llocardgame/PL%21N-bp5-015%20%E6%A1%9C%E5%9D%82%E3%81%97%E3%81%9A%E3%81%8F,MEMBER,{},0,[],{},0,[],"{""blue"": 1}",1,[],"<ライブ開始時>
自分のステージにいるメンバーが持つハートの中に
<桃>
、
<赤>
、
<黄>
、
<緑>
、
<青>
、
<紫>
がすべてある場合、ライブ終了時まで、
<(ブレード)>
<(ブレード)>
を得る。",HAS_TEXT,0,"{""hearts"": {}, ""blade_mentions"": [], ""tags"": [], ""blade_icon_n"": 2, ""energy_icon_n"": 0, ""all_heart_n"": 0, ""score_delta_icon"": 0, ""unknown_tags"": []}",2,0,0,0,0,"{""draw"": 0, ""score"": 0, ""colorless"": 0}",0,0,0,,
PL!N-bp5-016,朝香果林,PL!N-bp5-016 朝香果林 - ラブライブ！シリーズ オフィシャルカードゲーム(ラブカ) 非公式 Wiki*,メンバー,ラブライブ！虹ヶ咲学園スクールアイドル同好会,虹ヶ咲,DiverDiva,2.0,1.0,<青>,<青> 1,,,"<ライブ成功時>
カードを1枚引き、手札を1枚控え室に置く。",https://wikiwiki.jp/llocardgame/PL%21N-bp5-016%20%E6%9C%9D%E9%A6%99%E6%9E%9C%E6%9E%97,MEMBER,{},0,[],{},0,[],"{""blue"": 1}",1,[],"<ライブ成功時>
カードを1枚引き、手札を1枚控え室に置く。",HAS_TEXT,0,"{""hearts"": {}, ""blade_mentions"": [], ""blade_icon_n"": 0, ""energy_icon_n"": 0, ""all_heart_n"": 0, ""score_delta_icon"": 0, ""unknown_tags"": [], ""tags"": []}",0,0,0,0,0,"{""draw"": 0, ""score"": 0, ""colorless"": 0}",0,0,0,,
PL!N-bp5-017,宮下愛,PL!N-bp5-017 宮下愛 - ラブライブ！シリーズ オフィシャルカードゲーム(ラブカ) 非公式 Wiki*,メンバー,ラブライブ！虹ヶ咲学園スクールアイドル同好会,虹ヶ咲,DiverDiva,4.0,1.0,<青>,<緑> 1 <青> 1,,,(なし),https://wikiwiki.jp/llocardgame/PL%21N-bp5-017%20%E5%AE%AE%E4%B8%8B%E6%84%9B,MEMBER,{},0,[],{},0,[],"{""blue"": 1}",1,[],(なし),NO_ABILITY,1,"{""hearts"": {}, ""blade_mentions"": [], ""blade_icon_n"": 0, ""energy_icon_n"": 0, ""all_heart_n"": 0, ""score_delta_icon"": 0, ""unknown_tags"": [], ""tags"": []}",0,0,0,0,0,"{""draw"": 0, ""score"": 0, ""colorless"": 0}",0,0,0,,
PL!N-bp5-018,近江彼方,PL!N-bp5-018 近江彼方 - ラブライブ！シリーズ オフィシャルカードゲーム(ラブカ) 非公式 Wiki*,メンバー,ラブライブ！虹ヶ咲学園スクールアイドル同好会,虹ヶ咲,QU4RTZ,4.0,1.0,<黄>,<黄> 1 <青> 1,,,(なし),https://wikiwiki.jp/llocardgame/PL%21N-bp5-018%20%E8%BF%91%E6%B1%9F%E5%BD%BC%E6%96%B9,MEMBER,{},0,[],{},0,[],"{""yellow"": 1}",1,[],(なし),NO_ABILITY,1,"{""hearts"": {}, ""blade_mentions"": [], ""blade_icon_n"": 0, ""energy_icon_n"": 0, ""all_heart_n"": 0, ""score_delta_icon"": 0, ""unknown_tags"": [], ""tags"": []}",0,0,0,0,0,"{""draw"": 0, ""score"": 0, ""colorless"": 0}",0,0,0,,
PL!N-bp5-019,優木せつ菜,PL!N-bp5-019 優木せつ菜 - ラブライブ！シリーズ オフィシャルカードゲーム(ラブカ) 非公式 Wiki*,メンバー,ラブライブ！虹ヶ咲学園スクールアイドル同好会,虹ヶ咲,A・ZU・NA,9.0,4.0,なし,<赤> 1 <黄> 1 <青> 1,,,"<登場>
手札を1枚控え室に置いてもよい：自分の控え室から『虹ヶ咲』のライブカードを1枚手札に加える。",https://wikiwiki.jp/llocardgame/PL%21N-bp5-019%20%E5%84%AA%E6%9C%A8%E3%81%9B%E3%81%A4%E8%8F%9C,MEMBER,{},0,[],{},0,[],{},0,[],"<登場>
手札を1枚控え室に置いてもよい：自分の控え室から『虹ヶ咲』のライブカードを1枚手札に加える。",HAS_TEXT,0,"{""hearts"": {}, ""blade_mentions"": [], ""blade_icon_n"": 0, ""energy_icon_n"": 0, ""all_heart_n"": 0, ""score_delta_icon"": 0, ""unknown_tags"": [], ""tags"": []}",0,0,0,0,0,"{""draw"": 0, ""score"": 0, ""colorless"": 0}",0,0,0,,
PL!N-bp5-020,エマ・ヴェルデ,PL!N-bp5-020 エマ・ヴェルデ - ラブライブ！シリーズ オフィシャルカードゲーム(ラブカ) 非公式 Wiki*,メンバー,ラブライブ！虹ヶ咲学園スクールアイドル同好会,虹ヶ咲,QU4RTZ,4.0,1.0,<緑>,<桃> 1 <緑> 1,,,(なし),https://wikiwiki.jp/llocardgame/PL%21N-bp5-020%20%E3%82%A8%E3%83%9E%E3%83%BB%E3%83%B4%E3%82%A7%E3%83%AB%E3%83%87,MEMBER,{},0,[],{},0,[],"{""green"": 1}",1,[],(なし),NO_ABILITY,1,"{""hearts"": {}, ""blade_mentions"": [], ""blade_icon_n"": 0, ""energy_icon_n"": 0, ""all_heart_n"": 0, ""score_delta_icon"": 0, ""unknown_tags"": [], ""tags"": []}",0,0,0,0,0,"{""draw"": 0, ""score"": 0, ""colorless"": 0}",0,0,0,,
PL!N-bp5-021,天王寺璃奈,PL!N-bp5-021 天王寺璃奈 - ラブライブ！シリーズ オフィシャルカードゲーム(ラブカ) 非公式 Wiki*,メンバー,ラブライブ！虹ヶ咲学園スクールアイドル同好会,虹ヶ咲,QU4RTZ,2.0,1.0,<紫>,<紫> 1,,,"<登場>
自分のデッキの上からカードを2枚控え室に置く。その後、自分の控え室からライブカード1枚を自分のデッキの一番上から4枚目に置いてもよい。",https://wikiwiki.jp/llocardgame/PL%21N-bp5-021%20%E5%A4%A9%E7%8E%8B%E5%AF%BA%E7%92%83%E5%A5%88,MEMBER,{},0,[],{},0,[],"{""purple"": 1}",1,[],"<登場>
自分のデッキの上からカードを2枚控え室に置く。その後、自分の控え室からライブカード1枚を自分のデッキの一番上から4枚目に置いてもよい。",HAS_TEXT,0,"{""hearts"": {}, ""blade_mentions"": [], ""blade_icon_n"": 0, ""energy_icon_n"": 0, ""all_heart_n"": 0, ""score_delta_icon"": 0, ""unknown_tags"": [], ""tags"": []}",0,0,0,0,0,"{""draw"": 0, ""score"": 0, ""colorless"": 0}",0,0,0,,
PL!N-bp5-022,三船栞子,PL!N-bp5-022 三船栞子 - ラブライブ！シリーズ オフィシャルカードゲーム(ラブカ) 非公式 Wiki*,メンバー,ラブライブ！虹ヶ咲学園スクールアイドル同好会,虹ヶ咲,R3BIRTH,9.0,4.0,なし,<桃> 1 <緑> 1 <紫> 1,,,"<登場>
手札を1枚控え室に置いてもよい：自分の控え室から『虹ヶ咲』のライブカードを1枚手札に加える。",https://wikiwiki.jp/llocardgame/PL%21N-bp5-022%20%E4%B8%89%E8%88%B9%E6%A0%9E%E5%AD%90,MEMBER,{},0,[],{},0,[],{},0,[],"<登場>
手札を1枚控え室に置いてもよい：自分の控え室から『虹ヶ咲』のライブカードを1枚手札に加える。",HAS_TEXT,0,"{""hearts"": {}, ""blade_mentions"": [], ""blade_icon_n"": 0, ""energy_icon_n"": 0, ""all_heart_n"": 0, ""score_delta_icon"": 0, ""unknown_tags"": [], ""tags"": []}",0,0,0,0,0,"{""draw"": 0, ""score"": 0, ""colorless"": 0}",0,0,0,,
PL!N-bp5-023,ミア・テイラー,PL!N-bp5-023 ミア・テイラー - ラブライブ！シリーズ オフィシャルカードゲーム(ラブカ) 非公式 Wiki*,メンバー,ラブライブ！虹ヶ咲学園スクールアイドル同好会,虹ヶ咲,R3BIRTH,2.0,1.0,<桃>,<桃> 1,,,"<ライブ成功時>
カードを1枚引き、手札を1枚控え室に置く。",https://wikiwiki.jp/llocardgame/PL%21N-bp5-023%20%E3%83%9F%E3%82%A2%E3%83%BB%E3%83%86%E3%82%A4%E3%83%A9%E3%83%BC,MEMBER,{},0,[],{},0,[],"{""pink"": 1}",1,[],"<ライブ成功時>
カードを1枚引き、手札を1枚控え室に置く。",HAS_TEXT,0,"{""hearts"": {}, ""blade_mentions"": [], ""blade_icon_n"": 0, ""energy_icon_n"": 0, ""all_heart_n"": 0, ""score_delta_icon"": 0, ""unknown_tags"": [], ""tags"": []}",0,0,0,0,0,"{""draw"": 0, ""score"": 0, ""colorless"": 0}",0,0,0,,
PL!N-bp5-024,鐘嵐珠,PL!N-bp5-024 鐘嵐珠 - ラブライブ！シリーズ オフィシャルカードゲーム(ラブカ) 非公式 Wiki*,メンバー,ラブライブ！虹ヶ咲学園スクールアイドル同好会,虹ヶ咲,R3BIRTH,5.0,1.0,なし,<桃> 1 <黄> 1 <青> 1,,,(なし),https://wikiwiki.jp/llocardgame/PL%21N-bp5-024%20%E9%90%98%E5%B5%90%E7%8F%A0,MEMBER,{},0,[],{},0,[],{},0,[],(なし),NO_ABILITY,1,"{""hearts"": {}, ""blade_mentions"": [], ""blade_icon_n"": 0, ""energy_icon_n"": 0, ""all_heart_n"": 0, ""score_delta_icon"": 0, ""unknown_tags"": [], ""tags"": []}",0,0,0,0,0,"{""draw"": 0, ""score"": 0, ""colorless"": 0}",0,0,0,,
PL!N-bp5-025,"SINGING, DREAMING, NOW!","PL!N-bp5-025 SINGING, DREAMING, NOW! - ラブライブ！シリーズ オフィシャルカードゲーム(ラブカ) 非公式 Wiki*",ライブ,ラブライブ！虹ヶ咲学園スクールアイドル同好会,虹ヶ咲,,,,<ALL>,,<桃> 1 <赤> 1 <黄> 1 <任意> 4 (合計7),3.0,(なし),https://wikiwiki.jp/llocardgame/PL%21N-bp5-025%20SINGING%2C%20DREAMING%2C%20NOW%21,LIVE,{},0,[],{},7,[],"{""all"": 1}",1,[],(なし),NO_ABILITY,1,"{""hearts"": {}, ""blade_mentions"": [], ""blade_icon_n"": 0, ""energy_icon_n"": 0, ""all_heart_n"": 0, ""score_delta_icon"": 0, ""unknown_tags"": [], ""tags"": []}",0,0,0,0,0,"{""draw"": 0, ""score"": 0, ""colorless"": 0}",0,0,0,,
PL!N-bp5-026,TOKIMEKI Runners,PL!N-bp5-026 TOKIMEKI Runners - ラブライブ！シリーズ オフィシャルカードゲーム(ラブカ) 非公式 Wiki*,ライブ,ラブライブ！虹ヶ咲学園スクールアイドル同好会,虹ヶ咲,,,,<ALL>,,<黄> 2 <任意> 4 (合計6),2.0,"<ライブ開始時>
自分のステージにいるメンバーが持つハートの中に
<桃>
<赤>
<黄>
<緑>
<青>
<紫>
がすべてある場合、このカードのスコアを+1する。
<ライブ成功時>
このカードのスコアが3の場合、自分の控え室にある『虹ヶ咲』のカードを1枚手札に加える。",https://wikiwiki.jp/llocardgame/PL%21N-bp5-026%20TOKIMEKI%20Runners,LIVE,{},0,[],{},6,[],"{""all"": 1}",1,[],"<ライブ開始時>
自分のステージにいるメンバーが持つハートの中に
<桃>
<赤>
<黄>
<緑>
<青>
<紫>
がすべてある場合、このカードのスコアを+1する。
<ライブ成功時>
このカードのスコアが3の場合、自分の控え室にある『虹ヶ咲』のカードを1枚手札に加える。",HAS_TEXT,0,"{""hearts"": {}, ""blade_mentions"": [], ""blade_icon_n"": 0, ""energy_icon_n"": 0, ""all_heart_n"": 0, ""score_delta_icon"": 0, ""unknown_tags"": [], ""tags"": []}",0,0,0,0,0,"{""draw"": 0, ""score"": 0, ""colorless"": 0}",0,0,0,,
PL!N-bp5-027,ミラクル STAY TUNE！,PL!N-bp5-027 ミラクル STAY TUNE！ - ラブライブ！シリーズ オフィシャルカードゲーム(ラブカ) 非公式 Wiki*,ライブ,ラブライブ！虹ヶ咲学園スクールアイドル同好会,虹ヶ咲,,,,<青> <ドロー+1>,,<黄> 2 <青> 2 <紫> 1 <任意> 7 (合計12),5.0,"<ライブ開始時>
自分か相手の成功ライブカード置き場にカードが2枚以上あり、かつ自分のステージに名前の異なるメンバーが3人以上いる場合、このカードのスコアを+1する。",https://wikiwiki.jp/llocardgame/PL%21N-bp5-027%20%E3%83%9F%E3%83%A9%E3%82%AF%E3%83%AB%20STAY%20TUNE%EF%BC%81,LIVE,{},0,[],{},12,[],"{""blue"": 1}",1,[],"<ライブ開始時>
自分か相手の成功ライブカード置き場にカードが2枚以上あり、かつ自分のステージに名前の異なるメンバーが3人以上いる場合、このカードのスコアを+1する。",HAS_TEXT,0,"{""hearts"": {}, ""blade_mentions"": [], ""blade_icon_n"": 0, ""energy_icon_n"": 0, ""all_heart_n"": 0, ""score_delta_icon"": 0, ""unknown_tags"": [], ""tags"": []}",0,0,0,0,0,"{""draw"": 1, ""score"": 0, ""colorless"": 0}",1,0,0,,
PL!N-bp5-028,CHASE!,PL!N-bp5-028 CHASE! - ラブライブ！シリーズ オフィシャルカードゲーム(ラブカ) 非公式 Wiki*,ライブ,ラブライブ！虹ヶ咲学園スクールアイドル同好会,虹ヶ咲,,,,<スコア+1>,,<赤> 2 <青> 1 (合計3),1.0,"<ライブ開始時>
自分のステージに
<赤>
を4つ以上持つメンバーがいる場合、このカードのスコアを+2し、必要ハートは
<赤>
<赤>
<赤>
<赤>
<赤>
になる。",https://wikiwiki.jp/llocardgame/PL%21N-bp5-028%20CHASE%21,LIVE,{},0,[],{},3,[],{},0,[],"<ライブ開始時>
自分のステージに
<赤>
を4つ以上持つメンバーがいる場合、このカードのスコアを+2し、必要ハートは
<赤>
<赤>
<赤>
<赤>
<赤>
になる。",HAS_TEXT,0,"{""hearts"": {}, ""blade_mentions"": [], ""blade_icon_n"": 0, ""energy_icon_n"": 0, ""all_heart_n"": 0, ""score_delta_icon"": 0, ""unknown_tags"": [], ""tags"": []}",0,0,0,0,0,"{""draw"": 0, ""score"": 1, ""colorless"": 0}",0,1,0,,
PL!N-bp5-029,無敵級＊ビリーバー,PL!N-bp5-029 無敵級＊ビリーバー - ラブライブ！シリーズ オフィシャルカードゲーム(ラブカ) 非公式 Wiki*,ライブ,ラブライブ！虹ヶ咲学園スクールアイドル同好会,虹ヶ咲,,,,<スコア+1>,,<黄> 4 <緑> 1 <青> 1 <紫> 1 <任意> 10 (合計17),7.0,"<ライブ開始時>
自分のステージに「中須かすみ」がいる場合、自分のデッキの上からカードを4枚公開する。自分はそれらの中から「中須かすみ」のカードを1枚選ぶ。ライブ終了時まで、自分のステージにいる「中須かすみ」1人は、これにより選んだカードが持つ色のハートを1つずつ得る。公開したカードをすべて控え室に置く。",https://wikiwiki.jp/llocardgame/PL%21N-bp5-029%20%E7%84%A1%E6%95%B5%E7%B4%9A%EF%BC%8A%E3%83%93%E3%83%AA%E3%83%BC%E3%83%90%E3%83%BC,LIVE,{},0,[],{},17,[],{},0,[],"<ライブ開始時>
自分のステージに「中須かすみ」がいる場合、自分のデッキの上からカードを4枚公開する。自分はそれらの中から「中須かすみ」のカードを1枚選ぶ。ライブ終了時まで、自分のステージにいる「中須かすみ」1人は、これにより選んだカードが持つ色のハートを1つずつ得る。公開したカードをすべて控え室に置く。",HAS_TEXT,0,"{""hearts"": {}, ""blade_mentions"": [], ""blade_icon_n"": 0, ""energy_icon_n"": 0, ""all_heart_n"": 0, ""score_delta_icon"": 0, ""unknown_tags"": [], ""tags"": []}",0,0,0,0,0,"{""draw"": 0, ""score"": 1, ""colorless"": 0}",0,1,0,,
PL!N-bp5-030,繚乱！ビクトリーロード,PL!N-bp5-030 繚乱！ビクトリーロード - ラブライブ！シリーズ オフィシャルカードゲーム(ラブカ) 非公式 Wiki*,ライブ,ラブライブ！虹ヶ咲学園スクールアイドル同好会,虹ヶ咲,,,,<ALL>,,<桃> 1 <赤> 1 <黄> 1 <緑> 1 <青> 1 <紫> 1 <任意> 7 (合計13),5.0,"<自動>
自分のステージにいるメンバーの
<ライブ開始時>
能力が解決するたび、そのメンバーが
<ALL>
を持たない場合、ライブ終了時まで、そのメンバーは
<ALL>
を得る。
<自動>
自分のステージにいるメンバーの
<ライブ成功時>
能力が解決するたび、カードを1枚引く。",https://wikiwiki.jp/llocardgame/PL%21N-bp5-030%20%E7%B9%9A%E4%B9%B1%EF%BC%81%E3%83%93%E3%82%AF%E3%83%88%E3%83%AA%E3%83%BC%E3%83%AD%E3%83%BC%E3%83%89,LIVE,{},0,[],{},13,[],"{""all"": 1}",1,[],"<自動>
自分のステージにいるメンバーの
<ライブ開始時>
能力が解決するたび、そのメンバーが
<ALL>
を持たない場合、ライブ終了時まで、そのメンバーは
<ALL>
を得る。
<自動>
自分のステージにいるメンバーの
<ライブ成功時>
能力が解決するたび、カードを1枚引く。",HAS_TEXT,0,"{""hearts"": {}, ""blade_mentions"": [], ""blade_icon_n"": 0, ""energy_icon_n"": 0, ""all_heart_n"": 0, ""score_delta_icon"": 0, ""unknown_tags"": [], ""tags"": []}",0,0,0,0,0,"{""draw"": 0, ""score"": 0, ""colorless"": 0}",0,0,0,,
PL!N-bp7-003,桜坂しずく,PL!N-bp7-003 桜坂しずく - ラブライブ！シリーズ オフィシャルカードゲーム(ラブカ) 非公式 Wiki*,メンバー,ラブライブ！虹ヶ咲学園スクールアイドル同好会,虹ヶ咲,A・ZU・NA,15.0,6.0,なし,なし,,,"<起動>
<ターン1回>
デッキの上からカードを5枚控え室に置く：自分の控え室にあるコスト17以下の『虹ヶ咲』のメンバーカード1枚をこのメンバーの下に置く。そうしたとき、ライブ終了時まで、このメンバーが元々持つハートは、これにより下に置いたメンバーカードが持つハートと同じになる。
<ライブ開始時>
ライブ終了時まで、このメンバーの下に置かれている名前の異なるメンバーカード1枚につき、
<(ブレード)>
を得る。",https://wikiwiki.jp/llocardgame/PL%21N-bp7-003%20%E6%A1%9C%E5%9D%82%E3%81%97%E3%81%9A%E3%81%8F,MEMBER,{},0,[],{},0,[],{},0,[],"<起動>
<ターン1回>
デッキの上からカードを5枚控え室に置く：自分の控え室にあるコスト17以下の『虹ヶ咲』のメンバーカード1枚をこのメンバーの下に置く。そうしたとき、ライブ終了時まで、このメンバーが元々持つハートは、これにより下に置いたメンバーカードが持つハートと同じになる。
<ライブ開始時>
ライブ終了時まで、このメンバーの下に置かれている名前の異なるメンバーカード1枚につき、
<(ブレード)>
を得る。",HAS_TEXT,0,"{""hearts"": {}, ""blade_mentions"": [], ""tags"": [""(起動)"", ""(ターン1回)"", ""(ライブ開始時)""], ""blade_icon_n"": 1, ""energy_icon_n"": 0, ""all_heart_n"": 0, ""score_delta_icon"": 0, ""unknown_tags"": [""(起動)"", ""(ターン1回)"", ""(ライブ開始時)""]}",1,0,0,0,3,"{""draw"": 0, ""score"": 0, ""colorless"": 0}",0,0,0,,
PL!N-bp7-004,朝香果林,PL!N-bp7-004 朝香果林 - ラブライブ！シリーズ オフィシャルカードゲーム(ラブカ) 非公式 Wiki*,メンバー,ラブライブ！虹ヶ咲学園スクールアイドル同好会,虹ヶ咲,DiverDiva,13.0,4.0,<赤>,<赤> 2 <青> 2 <紫> 1,,,"<起動>
<ターン1回>
エネルギー置き場にあるエネルギー1枚をこのメンバーの下に置く：相手のステージにいる、元々持つ
<(ブレード)>
の数がこのメンバーの下にあるエネルギーカードの枚数に1を足した数以下のメンバー1人をウェイトにする。",https://wikiwiki.jp/llocardgame/PL%21N-bp7-004%20%E6%9C%9D%E9%A6%99%E6%9E%9C%E6%9E%97,MEMBER,{},0,[],{},0,[],"{""red"": 1}",1,[],"<起動>
<ターン1回>
エネルギー置き場にあるエネルギー1枚をこのメンバーの下に置く：相手のステージにいる、元々持つ
<(ブレード)>
の数がこのメンバーの下にあるエネルギーカードの枚数に1を足した数以下のメンバー1人をウェイトにする。",HAS_TEXT,0,"{""hearts"": {}, ""blade_mentions"": [], ""tags"": [], ""blade_icon_n"": 1, ""energy_icon_n"": 0, ""all_heart_n"": 0, ""score_delta_icon"": 0, ""unknown_tags"": []}",1,0,0,0,0,"{""draw"": 0, ""score"": 0, ""colorless"": 0}",0,0,0,,
PL!N-bp7-005,宮下愛,PL!N-bp7-005 宮下愛 - ラブライブ！シリーズ オフィシャルカードゲーム(ラブカ) 非公式 Wiki*,メンバー,ラブライブ！虹ヶ咲学園スクールアイドル同好会,虹ヶ咲,DiverDiva,11.0,3.0,<赤>,<赤> 1 <緑> 1 <青> 1,,,"<登場>
自分のステージに名前の異なる『DiverDiva』のメンバーが2人いる場合、以下から1つを選ぶ。
・エネルギーを2枚アクティブにする。
・自分のエネルギーデッキから、エネルギーカード1枚を自分のステージにいる『虹ヶ咲』のメンバーの下に置く。",https://wikiwiki.jp/llocardgame/PL%21N-bp7-005%20%E5%AE%AE%E4%B8%8B%E6%84%9B,MEMBER,{},0,[],{},0,[],"{""red"": 1}",1,[],"<登場>
自分のステージに名前の異なる『DiverDiva』のメンバーが2人いる場合、以下から1つを選ぶ。
・エネルギーを2枚アクティブにする。
・自分のエネルギーデッキから、エネルギーカード1枚を自分のステージにいる『虹ヶ咲』のメンバーの下に置く。",HAS_TEXT,0,"{""hearts"": {}, ""blade_mentions"": [], ""blade_icon_n"": 0, ""energy_icon_n"": 0, ""all_heart_n"": 0, ""score_delta_icon"": 0, ""unknown_tags"": [], ""tags"": []}",0,0,0,0,0,"{""draw"": 0, ""score"": 0, ""colorless"": 0}",0,0,0,,
PL!N-bp7-007,優木せつ菜,PL!N-bp7-007 優木せつ菜 - ラブライブ！シリーズ オフィシャルカードゲーム(ラブカ) 非公式 Wiki*,メンバー,ラブライブ！虹ヶ咲学園スクールアイドル同好会,虹ヶ咲,A・ZU・NA,11.0,4.0,<赤>,<赤> 1 <黄> 1 <青> 1,,,"<常時>
このメンバーの下にあるエネルギーカード1枚につき、
<赤>
を得る。
<常時>
自分のエネルギーが6枚より多いかぎり、その差に等しい数の
<赤>
を得る。
<ライブ成功時>
自分のエネルギーデッキから、エネルギーカード1枚をこのメンバーの下に置く。",https://wikiwiki.jp/llocardgame/PL%21N-bp7-007%20%E5%84%AA%E6%9C%A8%E3%81%9B%E3%81%A4%E8%8F%9C,MEMBER,{},0,[],{},0,[],"{""red"": 1}",1,[],"<常時>
このメンバーの下にあるエネルギーカード1枚につき、
<赤>
を得る。
<常時>
自分のエネルギーが6枚より多いかぎり、その差に等しい数の
<赤>
を得る。
<ライブ成功時>
自分のエネルギーデッキから、エネルギーカード1枚をこのメンバーの下に置く。",HAS_TEXT,0,"{""hearts"": {}, ""blade_mentions"": [], ""blade_icon_n"": 0, ""energy_icon_n"": 0, ""all_heart_n"": 0, ""score_delta_icon"": 0, ""unknown_tags"": [], ""tags"": []}",0,0,0,0,0,"{""draw"": 0, ""score"": 0, ""colorless"": 0}",0,0,0,,
PL!N-bp7-009,天王寺璃奈,PL!N-bp7-009 天王寺璃奈 - ラブライブ！シリーズ オフィシャルカードゲーム(ラブカ) 非公式 Wiki*,メンバー,ラブライブ！虹ヶ咲学園スクールアイドル同好会,虹ヶ咲,QU4RTZ,4.0,0.0,<緑>,<黄> 1 <緑> 1,,,"<登場>
自分と相手はそれぞれ、自分のデッキの上からカードを7枚控え室に置く。",https://wikiwiki.jp/llocardgame/PL%21N-bp7-009%20%E5%A4%A9%E7%8E%8B%E5%AF%BA%E7%92%83%E5%A5%88,MEMBER,{},0,[],{},0,[],"{""green"": 1}",1,[],"<登場>
自分と相手はそれぞれ、自分のデッキの上からカードを7枚控え室に置く。",HAS_TEXT,0,"{""hearts"": {}, ""blade_mentions"": [], ""blade_icon_n"": 0, ""energy_icon_n"": 0, ""all_heart_n"": 0, ""score_delta_icon"": 0, ""unknown_tags"": [], ""tags"": []}",0,0,0,0,0,"{""draw"": 0, ""score"": 0, ""colorless"": 0}",0,0,0,,
PL!N-bp7-019,優木せつ菜,PL!N-bp7-019 優木せつ菜 - ラブライブ！シリーズ オフィシャルカードゲーム(ラブカ) 非公式 Wiki*,メンバー,ラブライブ！虹ヶ咲学園スクールアイドル同好会,虹ヶ咲,A・ZU・NA,9.0,,なし,<桃> 1 <赤> 1 <黄> 1,,,"<自動>
このメンバーがステージから控え室に置かれた時、このメンバーが『虹ヶ咲』のメンバーとバトンタッチしていた場合、自分のエネルギーデッキから、エネルギーカード1枚をこのバトンタッチで登場したメンバーの下に置く。",https://wikiwiki.jp/llocardgame/PL%21N-bp7-019%20%E5%84%AA%E6%9C%A8%E3%81%9B%E3%81%A4%E8%8F%9C,MEMBER,{},0,[],{},0,[],{},0,[],"<自動>
このメンバーがステージから控え室に置かれた時、このメンバーが『虹ヶ咲』のメンバーとバトンタッチしていた場合、自分のエネルギーデッキから、エネルギーカード1枚をこのバトンタッチで登場したメンバーの下に置く。",HAS_TEXT,0,"{""hearts"": {}, ""blade_mentions"": [], ""blade_icon_n"": 0, ""energy_icon_n"": 0, ""all_heart_n"": 0, ""score_delta_icon"": 0, ""unknown_tags"": [], ""tags"": []}",0,0,0,0,0,"{""draw"": 0, ""score"": 0, ""colorless"": 0}",0,0,0,,
PL!N-bp7-027,オードリー,PL!N-bp7-027 オードリー - ラブライブ！シリーズ オフィシャルカードゲーム(ラブカ) 非公式 Wiki*,ライブ,ラブライブ！虹ヶ咲学園スクールアイドル同好会,虹ヶ咲,,,,<ALL>,,<赤> 1 <青> 3 <任意> 1 (合計5),2.0,"<ライブ成功時>
自分のステージにいる『虹ヶ咲』のメンバー1人を選ぶ。そのメンバーが、自分と相手のステージにいるほかのすべてのメンバーより多くの
<(ブレード)>
を持つ場合、このカードのスコアを+1する。",https://wikiwiki.jp/llocardgame/PL%21N-bp7-027%20%E3%82%AA%E3%83%BC%E3%83%89%E3%83%AA%E3%83%BC,LIVE,{},0,[],"{""red"": 1, ""blue"": 3, ""any"": 1}",5,[],"{""all"": 1}",1,[],"<ライブ成功時>
自分のステージにいる『虹ヶ咲』のメンバー1人を選ぶ。そのメンバーが、自分と相手のステージにいるほかのすべてのメンバーより多くの
<(ブレード)>
を持つ場合、このカードのスコアを+1する。",HAS_TEXT,0,"{""hearts"": {}, ""blade_mentions"": [], ""tags"": [""(ライブ成功時)""], ""blade_icon_n"": 1, ""energy_icon_n"": 0, ""all_heart_n"": 0, ""score_delta_icon"": 0, ""unknown_tags"": [""(ライブ成功時)""]}",1,0,0,0,1,"{""draw"": 0, ""score"": 0, ""colorless"": 0}",0,0,0,,
PL!N-pb1-001,上原歩夢,PL!N-pb1-001 上原歩夢 - ラブライブ！シリーズ オフィシャルカードゲーム(ラブカ) 非公式 Wiki*,メンバー,ラブライブ！虹ヶ咲学園スクールアイドル同好会,虹ヶ咲,A・ZU・NA,11.0,3.0,<桃>,<桃> 2 <赤> 1 <紫> 1,,,"<登場>
手札を1枚控え室に置いてもよい：自分のステージにこのメンバー以外のコスト11のメンバーがいる場合、自分の控え室から『虹ヶ咲』のライブカード1枚を手札に加える。
<常時>
自分のライブ中のライブカードが2枚以上あるかぎり、
<(ブレード)>
<(ブレード)>
を得る。",https://wikiwiki.jp/llocardgame/PL%21N-pb1-001%20%E4%B8%8A%E5%8E%9F%E6%AD%A9%E5%A4%A2,MEMBER,{},0,[],{},0,[],"{""pink"": 1}",1,[],"<登場>
手札を1枚控え室に置いてもよい：自分のステージにこのメンバー以外のコスト11のメンバーがいる場合、自分の控え室から『虹ヶ咲』のライブカード1枚を手札に加える。
<常時>
自分のライブ中のライブカードが2枚以上あるかぎり、
<(ブレード)>
<(ブレード)>
を得る。",HAS_TEXT,0,"{""hearts"": {}, ""blade_mentions"": [], ""tags"": [], ""blade_icon_n"": 2, ""energy_icon_n"": 0, ""all_heart_n"": 0, ""score_delta_icon"": 0, ""unknown_tags"": []}",2,0,0,0,0,"{""draw"": 0, ""score"": 0, ""colorless"": 0}",0,0,0,,
PL!N-pb1-002,中須かすみ,PL!N-pb1-002 中須かすみ - ラブライブ！シリーズ オフィシャルカードゲーム(ラブカ) 非公式 Wiki*,メンバー,ラブライブ！虹ヶ咲学園スクールアイドル同好会,虹ヶ咲,QU4RTZ,13.0,2.0,<黄>,<黄> 2 <緑> 2 <青> 1,,,"<登場>
自分のエネルギー置き場にあるエネルギー2枚をこのメンバーの下に置いてもよい。
<常時>
このメンバーの下にエネルギーカードが2枚以上置かれているかぎり、ライブの合計スコアを+1する。
（メンバーがステージから離れたとき、下に置かれているエネルギーカードはエネルギーデッキに戻す。）",https://wikiwiki.jp/llocardgame/PL%21N-pb1-002%20%E4%B8%AD%E9%A0%88%E3%81%8B%E3%81%99%E3%81%BF,MEMBER,{},0,[],{},0,[],"{""yellow"": 1}",1,[],"<登場>
自分のエネルギー置き場にあるエネルギー2枚をこのメンバーの下に置いてもよい。
<常時>
このメンバーの下にエネルギーカードが2枚以上置かれているかぎり、ライブの合計スコアを+1する。
（メンバーがステージから離れたとき、下に置かれているエネルギーカードはエネルギーデッキに戻す。）",HAS_TEXT,0,"{""hearts"": {}, ""blade_mentions"": [], ""blade_icon_n"": 0, ""energy_icon_n"": 0, ""all_heart_n"": 0, ""score_delta_icon"": 0, ""unknown_tags"": [], ""tags"": []}",0,0,0,0,0,"{""draw"": 0, ""score"": 0, ""colorless"": 0}",0,0,0,,
PL!N-pb1-003,桜坂しずく,PL!N-pb1-003 桜坂しずく - ラブライブ！シリーズ オフィシャルカードゲーム(ラブカ) 非公式 Wiki*,メンバー,ラブライブ！虹ヶ咲学園スクールアイドル同好会,虹ヶ咲,A・ZU・NA,4.0,1.0,<青>,<青> 1,,,"<起動>
<(E)>
<(E)>
このカードを手札から控え室に置く：カードを1枚引き、ライブ終了時まで、自分のステージにいる『虹ヶ咲』のメンバー1人は
<(ブレード)>
を得る。この能力は、このカードが手札にある場合のみ起動できる。",https://wikiwiki.jp/llocardgame/PL%21N-pb1-003%20%E6%A1%9C%E5%9D%82%E3%81%97%E3%81%9A%E3%81%8F,MEMBER,{},0,[],{},0,[],"{""blue"": 1}",1,[],"<起動>
<(E)>
<(E)>
このカードを手札から控え室に置く：カードを1枚引き、ライブ終了時まで、自分のステージにいる『虹ヶ咲』のメンバー1人は
<(ブレード)>
を得る。この能力は、このカードが手札にある場合のみ起動できる。",HAS_TEXT,0,"{""hearts"": {}, ""blade_mentions"": [], ""tags"": [], ""blade_icon_n"": 1, ""energy_icon_n"": 2, ""all_heart_n"": 0, ""score_delta_icon"": 0, ""unknown_tags"": []}",1,2,0,0,0,"{""draw"": 0, ""score"": 0, ""colorless"": 0}",0,0,0,,
PL!N-pb1-004,朝香果林,PL!N-pb1-004 朝香果林 - ラブライブ！シリーズ オフィシャルカードゲーム(ラブカ) 非公式 Wiki*,メンバー,ラブライブ！虹ヶ咲学園スクールアイドル同好会,虹ヶ咲,DiverDiva,11.0,3.0,<緑>,<緑> 2 <青> 2 <紫> 1,,,"<常時>
このターンにこのメンバーが移動していない限り、
<(ブレード)>
<(ブレード)>
を得る。
<ライブ開始時>
自分のデッキの一番上のカードを公開する。公開したカードがコスト9以下のメンバーカードの場合、公開したカードを手札に加え、このメンバーはポジションチェンジする。それ以外の場合、公開したカードを控え室に置く。",https://wikiwiki.jp/llocardgame/PL%21N-pb1-004%20%E6%9C%9D%E9%A6%99%E6%9E%9C%E6%9E%97,MEMBER,{},0,[],{},0,[],"{""green"": 1}",1,[],"<常時>
このターンにこのメンバーが移動していない限り、
<(ブレード)>
<(ブレード)>
を得る。
<ライブ開始時>
自分のデッキの一番上のカードを公開する。公開したカードがコスト9以下のメンバーカードの場合、公開したカードを手札に加え、このメンバーはポジションチェンジする。それ以外の場合、公開したカードを控え室に置く。",HAS_TEXT,0,"{""hearts"": {}, ""blade_mentions"": [], ""tags"": [], ""blade_icon_n"": 2, ""energy_icon_n"": 0, ""all_heart_n"": 0, ""score_delta_icon"": 0, ""unknown_tags"": []}",2,0,0,0,0,"{""draw"": 0, ""score"": 0, ""colorless"": 0}",0,0,0,,
PL!N-pb1-005,宮下愛,PL!N-pb1-005 宮下愛 - ラブライブ！シリーズ オフィシャルカードゲーム(ラブカ) 非公式 Wiki*,メンバー,ラブライブ！虹ヶ咲学園スクールアイドル同好会,虹ヶ咲,DiverDiva,2.0,1.0,<青>,<青> 1,,,"<自動>
<ターン1回>
自分のステージにコスト10のメンバーが登場したとき、カードを1枚引く。",https://wikiwiki.jp/llocardgame/PL%21N-pb1-005%20%E5%AE%AE%E4%B8%8B%E6%84%9B,MEMBER,{},0,[],{},0,[],"{""blue"": 1}",1,[],"<自動>
<ターン1回>
自分のステージにコスト10のメンバーが登場したとき、カードを1枚引く。",HAS_TEXT,0,"{""hearts"": {}, ""blade_mentions"": [], ""blade_icon_n"": 0, ""energy_icon_n"": 0, ""all_heart_n"": 0, ""score_delta_icon"": 0, ""unknown_tags"": [], ""tags"": []}",0,0,0,0,0,"{""draw"": 0, ""score"": 0, ""colorless"": 0}",0,0,0,,
PL!N-pb1-006,近江彼方,PL!N-pb1-006 近江彼方 - ラブライブ！シリーズ オフィシャルカードゲーム(ラブカ) 非公式 Wiki*,メンバー,ラブライブ！虹ヶ咲学園スクールアイドル同好会,虹ヶ咲,QU4RTZ,9.0,3.0,<緑>,<緑> 1 <青> 1 <紫> 1,,,"<起動>
このメンバーをウェイトにする：エネルギーを1枚アクティブにする。",https://wikiwiki.jp/llocardgame/PL%21N-pb1-006%20%E8%BF%91%E6%B1%9F%E5%BD%BC%E6%96%B9,MEMBER,{},0,[],{},0,[],"{""green"": 1}",1,[],"<起動>
このメンバーをウェイトにする：エネルギーを1枚アクティブにする。",HAS_TEXT,0,"{""hearts"": {}, ""blade_mentions"": [], ""blade_icon_n"": 0, ""energy_icon_n"": 0, ""all_heart_n"": 0, ""score_delta_icon"": 0, ""unknown_tags"": [], ""tags"": []}",0,0,0,0,0,"{""draw"": 0, ""score"": 0, ""colorless"": 0}",0,0,0,,
PL!N-pb1-007,優木せつ菜,PL!N-pb1-007 優木せつ菜 - ラブライブ！シリーズ オフィシャルカードゲーム(ラブカ) 非公式 Wiki*,メンバー,ラブライブ！虹ヶ咲学園スクールアイドル同好会,虹ヶ咲,A・ZU・NA,15.0,7.0,<赤>,<桃> 2 <赤> 2 <青> 1,,,"<常時>
自分のライブ中のカードの必要ハートの中に
<桃>
、
<赤>
、
<黄>
、
<緑>
、
<青>
、
<紫>
がそれぞれ1以上含まれるかぎり、
<ALL>
を得る。",https://wikiwiki.jp/llocardgame/PL%21N-pb1-007%20%E5%84%AA%E6%9C%A8%E3%81%9B%E3%81%A4%E8%8F%9C,MEMBER,{},0,[],{},0,[],"{""red"": 1}",1,[],"<常時>
自分のライブ中のカードの必要ハートの中に
<桃>
、
<赤>
、
<黄>
、
<緑>
、
<青>
、
<紫>
がそれぞれ1以上含まれるかぎり、
<ALL>
を得る。",HAS_TEXT,0,"{""hearts"": {}, ""blade_mentions"": [], ""blade_icon_n"": 0, ""energy_icon_n"": 0, ""all_heart_n"": 0, ""score_delta_icon"": 0, ""unknown_tags"": [], ""tags"": []}",0,0,0,0,0,"{""draw"": 0, ""score"": 0, ""colorless"": 0}",0,0,0,,
PL!N-pb1-008,エマ・ヴェルデ,PL!N-pb1-008 エマ・ヴェルデ - ラブライブ！シリーズ オフィシャルカードゲーム(ラブカ) 非公式 Wiki*,メンバー,ラブライブ！虹ヶ咲学園スクールアイドル同好会,虹ヶ咲,QU4RTZ,17.0,6.0,<緑>,<赤> 1 <黄> 1 <緑> 4 <青> 1,,,"<常時>
自分のステージにウェイト状態の『虹ヶ咲』のメンバーがいるかぎり、手札にあるこのメンバーカードのコストは2減る。
<登場>
自分のステージにいるメンバー1人か、エネルギー2枚をアクティブにする。",https://wikiwiki.jp/llocardgame/PL%21N-pb1-008%20%E3%82%A8%E3%83%9E%E3%83%BB%E3%83%B4%E3%82%A7%E3%83%AB%E3%83%87,MEMBER,{},0,[],{},0,[],"{""green"": 1}",1,[],"<常時>
自分のステージにウェイト状態の『虹ヶ咲』のメンバーがいるかぎり、手札にあるこのメンバーカードのコストは2減る。
<登場>
自分のステージにいるメンバー1人か、エネルギー2枚をアクティブにする。",HAS_TEXT,0,"{""hearts"": {}, ""blade_mentions"": [], ""blade_icon_n"": 0, ""energy_icon_n"": 0, ""all_heart_n"": 0, ""score_delta_icon"": 0, ""unknown_tags"": [], ""tags"": []}",0,0,0,0,0,"{""draw"": 0, ""score"": 0, ""colorless"": 0}",0,0,0,,
PL!N-pb1-009,天王寺璃奈,PL!N-pb1-009 天王寺璃奈 - ラブライブ！シリーズ オフィシャルカードゲーム(ラブカ) 非公式 Wiki*,メンバー,ラブライブ！虹ヶ咲学園スクールアイドル同好会,虹ヶ咲,QU4RTZ,15.0,4.0,なし,<黄> 2 <青> 2 <紫> 2,,,"<ライブ開始時>
このターン、ブレードハートを持たないメンバーカードが自分のライブカード置き場から控え室に置かれている場合、カードを1枚引き、ライブ終了時まで、
<黄>
<青>
<紫>
を得る。",https://wikiwiki.jp/llocardgame/PL%21N-pb1-009%20%E5%A4%A9%E7%8E%8B%E5%AF%BA%E7%92%83%E5%A5%88,MEMBER,{},0,[],{},0,[],{},0,[],"<ライブ開始時>
このターン、ブレードハートを持たないメンバーカードが自分のライブカード置き場から控え室に置かれている場合、カードを1枚引き、ライブ終了時まで、
<黄>
<青>
<紫>
を得る。",HAS_TEXT,0,"{""hearts"": {}, ""blade_mentions"": [], ""blade_icon_n"": 0, ""energy_icon_n"": 0, ""all_heart_n"": 0, ""score_delta_icon"": 0, ""unknown_tags"": [], ""tags"": []}",0,0,0,0,0,"{""draw"": 0, ""score"": 0, ""colorless"": 0}",0,0,0,,
PL!N-pb1-010,三船栞子,PL!N-pb1-010 三船栞子 - ラブライブ！シリーズ オフィシャルカードゲーム(ラブカ) 非公式 Wiki*,メンバー,ラブライブ！虹ヶ咲学園スクールアイドル同好会,虹ヶ咲,R3BIRTH,10.0,3.0,なし,<桃> 1 <緑> 2 <青> 1,,,"<登場>
以下から1つを選ぶ。
・エネルギーを1枚アクティブにする。
・自分の控え室にある『虹ヶ咲』のライブカードを2枚まで好きな順番でデッキの上に置く。",https://wikiwiki.jp/llocardgame/PL%21N-pb1-010%20%E4%B8%89%E8%88%B9%E6%A0%9E%E5%AD%90,MEMBER,{},0,[],{},0,[],{},0,[],"<登場>
以下から1つを選ぶ。
・エネルギーを1枚アクティブにする。
・自分の控え室にある『虹ヶ咲』のライブカードを2枚まで好きな順番でデッキの上に置く。",HAS_TEXT,0,"{""hearts"": {}, ""blade_mentions"": [], ""blade_icon_n"": 0, ""energy_icon_n"": 0, ""all_heart_n"": 0, ""score_delta_icon"": 0, ""unknown_tags"": [], ""tags"": []}",0,0,0,0,0,"{""draw"": 0, ""score"": 0, ""colorless"": 0}",0,0,0,,
PL!N-pb1-011,ミア・テイラー,PL!N-pb1-011 ミア・テイラー - ラブライブ！シリーズ オフィシャルカードゲーム(ラブカ) 非公式 Wiki*,メンバー,ラブライブ！虹ヶ咲学園スクールアイドル同好会,虹ヶ咲,R3BIRTH,15.0,5.0,<黄>,<桃> 2 <黄> 2 <青> 2,,,"<常時>
このメンバーの下にあるエネルギーカード1枚につき、
<(ブレード)>
を得る。
<起動>
<ターン1回>
自分のエネルギー置き場にあるエネルギー1枚をこのメンバーの下に置く：自分の控え室から『虹ヶ咲』のライブカードを1枚手札に加える。
（メンバーがステージから離れたとき、下に置かれているエネルギーカードはエネルギーデッキに戻す。）",https://wikiwiki.jp/llocardgame/PL%21N-pb1-011%20%E3%83%9F%E3%82%A2%E3%83%BB%E3%83%86%E3%82%A4%E3%83%A9%E3%83%BC,MEMBER,{},0,[],{},0,[],"{""yellow"": 1}",1,[],"<常時>
このメンバーの下にあるエネルギーカード1枚につき、
<(ブレード)>
を得る。
<起動>
<ターン1回>
自分のエネルギー置き場にあるエネルギー1枚をこのメンバーの下に置く：自分の控え室から『虹ヶ咲』のライブカードを1枚手札に加える。
（メンバーがステージから離れたとき、下に置かれているエネルギーカードはエネルギーデッキに戻す。）",HAS_TEXT,0,"{""hearts"": {}, ""blade_mentions"": [], ""tags"": [], ""blade_icon_n"": 1, ""energy_icon_n"": 0, ""all_heart_n"": 0, ""score_delta_icon"": 0, ""unknown_tags"": []}",1,0,0,0,0,"{""draw"": 0, ""score"": 0, ""colorless"": 0}",0,0,0,,
PL!N-pb1-012,鐘嵐珠,PL!N-pb1-012 鐘嵐珠 - ラブライブ！シリーズ オフィシャルカードゲーム(ラブカ) 非公式 Wiki*,メンバー,ラブライブ！虹ヶ咲学園スクールアイドル同好会,虹ヶ咲,R3BIRTH,11.0,3.0,なし,<桃> 3 <赤> 1 <紫> 1,,,"<自動>
<ターン1回>
自分のステージにこのメンバー以外のコスト11のメンバーが登場した時、自分のエネルギーデッキから、エネルギーカードを1枚ウェイト状態で置く。
<ライブ成功時>
エールにより公開された自分のカードの中から、『虹ヶ咲』のメンバーカードを1枚手札に加える。",https://wikiwiki.jp/llocardgame/PL%21N-pb1-012%20%E9%90%98%E5%B5%90%E7%8F%A0,MEMBER,{},0,[],{},0,[],{},0,[],"<自動>
<ターン1回>
自分のステージにこのメンバー以外のコスト11のメンバーが登場した時、自分のエネルギーデッキから、エネルギーカードを1枚ウェイト状態で置く。
<ライブ成功時>
エールにより公開された自分のカードの中から、『虹ヶ咲』のメンバーカードを1枚手札に加える。",HAS_TEXT,0,"{""hearts"": {}, ""blade_mentions"": [], ""blade_icon_n"": 0, ""energy_icon_n"": 0, ""all_heart_n"": 0, ""score_delta_icon"": 0, ""unknown_tags"": [], ""tags"": []}",0,0,0,0,0,"{""draw"": 0, ""score"": 0, ""colorless"": 0}",0,0,0,,
PL!N-pb1-013,上原歩夢,PL!N-pb1-013 上原歩夢 - ラブライブ！シリーズ オフィシャルカードゲーム(ラブカ) 非公式 Wiki*,メンバー,ラブライブ！虹ヶ咲学園スクールアイドル同好会,虹ヶ咲,A・ZU・NA,7.0,2.0,なし,<桃> 1,,,"<登場>
<(E)>
<(E)>
支払ってもよい：手札からコスト4以下の「上原歩夢」のメンバーカードを1枚ステージに登場させる。",https://wikiwiki.jp/llocardgame/PL%21N-pb1-013%20%E4%B8%8A%E5%8E%9F%E6%AD%A9%E5%A4%A2,MEMBER,{},0,[],{},0,[],{},0,[],"<登場>
<(E)>
<(E)>
支払ってもよい：手札からコスト4以下の「上原歩夢」のメンバーカードを1枚ステージに登場させる。",HAS_TEXT,0,"{""hearts"": {}, ""blade_mentions"": [], ""tags"": [], ""blade_icon_n"": 0, ""energy_icon_n"": 2, ""all_heart_n"": 0, ""score_delta_icon"": 0, ""unknown_tags"": []}",0,2,0,0,0,"{""draw"": 0, ""score"": 0, ""colorless"": 0}",0,0,0,,
PL!N-pb1-014,中須かすみ,PL!N-pb1-014 中須かすみ - ラブライブ！シリーズ オフィシャルカードゲーム(ラブカ) 非公式 Wiki*,メンバー,ラブライブ！虹ヶ咲学園スクールアイドル同好会,虹ヶ咲,QU4RTZ,11.0,4.0,<黄>,<黄> 2 <紫> 2,,,"<登場>
「中須かすみ」からバトンタッチして登場した場合、カードを2枚引き、手札を1枚控え室に置く。",https://wikiwiki.jp/llocardgame/PL%21N-pb1-014%20%E4%B8%AD%E9%A0%88%E3%81%8B%E3%81%99%E3%81%BF,MEMBER,{},0,[],{},0,[],"{""yellow"": 1}",1,[],"<登場>
「中須かすみ」からバトンタッチして登場した場合、カードを2枚引き、手札を1枚控え室に置く。",HAS_TEXT,0,"{""hearts"": {}, ""blade_mentions"": [], ""blade_icon_n"": 0, ""energy_icon_n"": 0, ""all_heart_n"": 0, ""score_delta_icon"": 0, ""unknown_tags"": [], ""tags"": []}",0,0,0,0,0,"{""draw"": 0, ""score"": 0, ""colorless"": 0}",0,0,0,,
PL!N-pb1-015,桜坂しずく,PL!N-pb1-015 桜坂しずく - ラブライブ！シリーズ オフィシャルカードゲーム(ラブカ) 非公式 Wiki*,メンバー,ラブライブ！虹ヶ咲学園スクールアイドル同好会,虹ヶ咲,A・ZU・NA,13.0,2.0,<青>,<桃> 1 <赤> 2 <黄> 1 <青> 2,,,"<登場>
<(E)>
<(E)>
支払ってもよい：手札からコスト4以下の「桜坂しずく」のメンバーカードを1枚ステージに登場させる。",https://wikiwiki.jp/llocardgame/PL%21N-pb1-015%20%E6%A1%9C%E5%9D%82%E3%81%97%E3%81%9A%E3%81%8F,MEMBER,{},0,[],{},0,[],"{""blue"": 1}",1,[],"<登場>
<(E)>
<(E)>
支払ってもよい：手札からコスト4以下の「桜坂しずく」のメンバーカードを1枚ステージに登場させる。",HAS_TEXT,0,"{""hearts"": {}, ""blade_mentions"": [], ""tags"": [], ""blade_icon_n"": 0, ""energy_icon_n"": 2, ""all_heart_n"": 0, ""score_delta_icon"": 0, ""unknown_tags"": []}",0,2,0,0,0,"{""draw"": 0, ""score"": 0, ""colorless"": 0}",0,0,0,,
PL!N-pb1-016,朝香果林,PL!N-pb1-016 朝香果林 - ラブライブ！シリーズ オフィシャルカードゲーム(ラブカ) 非公式 Wiki*,メンバー,ラブライブ！虹ヶ咲学園スクールアイドル同好会,虹ヶ咲,DiverDiva,2.0,1.0,<青>,<青> 1,,,"<登場>
自分のデッキの上からカードを2枚見る。その中から『朝香果林』のメンバーカードを1枚公開して手札に加えてもよい。残りを控え室に置く。",https://wikiwiki.jp/llocardgame/PL%21N-pb1-016%20%E6%9C%9D%E9%A6%99%E6%9E%9C%E6%9E%97,MEMBER,{},0,[],{},0,[],"{""blue"": 1}",1,[],"<登場>
自分のデッキの上からカードを2枚見る。その中から『朝香果林』のメンバーカードを1枚公開して手札に加えてもよい。残りを控え室に置く。",HAS_TEXT,0,"{""hearts"": {}, ""blade_mentions"": [], ""blade_icon_n"": 0, ""energy_icon_n"": 0, ""all_heart_n"": 0, ""score_delta_icon"": 0, ""unknown_tags"": [], ""tags"": []}",0,0,0,0,0,"{""draw"": 0, ""score"": 0, ""colorless"": 0}",0,0,0,,
PL!N-pb1-017,宮下愛,PL!N-pb1-017 宮下愛 - ラブライブ！シリーズ オフィシャルカードゲーム(ラブカ) 非公式 Wiki*,メンバー,ラブライブ！虹ヶ咲学園スクールアイドル同好会,虹ヶ咲,DiverDiva,7.0,2.0,なし,<赤> 1,,,"<登場>
<(E)>
<(E)>
支払ってもよい：手札からコスト4以下の「宮下愛」のメンバーカードを1枚ステージに登場させる。",https://wikiwiki.jp/llocardgame/PL%21N-pb1-017%20%E5%AE%AE%E4%B8%8B%E6%84%9B,MEMBER,{},0,[],{},0,[],{},0,[],"<登場>
<(E)>
<(E)>
支払ってもよい：手札からコスト4以下の「宮下愛」のメンバーカードを1枚ステージに登場させる。",HAS_TEXT,0,"{""hearts"": {}, ""blade_mentions"": [], ""tags"": [], ""blade_icon_n"": 0, ""energy_icon_n"": 2, ""all_heart_n"": 0, ""score_delta_icon"": 0, ""unknown_tags"": []}",0,2,0,0,0,"{""draw"": 0, ""score"": 0, ""colorless"": 0}",0,0,0,,
PL!N-pb1-018,近江彼方,PL!N-pb1-018 近江彼方 - ラブライブ！シリーズ オフィシャルカードゲーム(ラブカ) 非公式 Wiki*,メンバー,ラブライブ！虹ヶ咲学園スクールアイドル同好会,虹ヶ咲,QU4RTZ,4.0,0.0,<紫> 1,<青> 1 <紫> 1,,,"<登場>
自分のデッキの上からカードを2枚見る。その中から『近江彼方』のメンバーカードを1枚公開して手札に加えてもよい。残りを控え室に置く。",https://wikiwiki.jp/llocardgame/PL%21N-pb1-018%20%E8%BF%91%E6%B1%9F%E5%BD%BC%E6%96%B9,MEMBER,{},0,[],{},0,[],"{""purple"": 1}",1,[],"<登場>
自分のデッキの上からカードを2枚見る。その中から『近江彼方』のメンバーカードを1枚公開して手札に加えてもよい。残りを控え室に置く。",HAS_TEXT,0,"{""hearts"": {}, ""blade_mentions"": [], ""blade_icon_n"": 0, ""energy_icon_n"": 0, ""all_heart_n"": 0, ""score_delta_icon"": 0, ""unknown_tags"": [], ""tags"": []}",0,0,0,0,0,"{""draw"": 0, ""score"": 0, ""colorless"": 0}",0,0,0,,
PL!N-pb1-019,優木せつ菜,PL!N-pb1-019 優木せつ菜 - ラブライブ！シリーズ オフィシャルカードゲーム(ラブカ) 非公式 Wiki*,メンバー,ラブライブ！虹ヶ咲学園スクールアイドル同好会,虹ヶ咲,A・ZU・NA,9.0,4.0,なし,<赤> 2 <緑> 1,,,"<登場>
『優木せつ菜』からバトンタッチして登場した場合、カードを2枚引き、手札を1枚控え室に置く。",https://wikiwiki.jp/llocardgame/PL%21N-pb1-019%20%E5%84%AA%E6%9C%A8%E3%81%9B%E3%81%A4%E8%8F%9C,MEMBER,{},0,[],{},0,[],{},0,[],"<登場>
『優木せつ菜』からバトンタッチして登場した場合、カードを2枚引き、手札を1枚控え室に置く。",HAS_TEXT,0,"{""hearts"": {}, ""blade_mentions"": [], ""blade_icon_n"": 0, ""energy_icon_n"": 0, ""all_heart_n"": 0, ""score_delta_icon"": 0, ""unknown_tags"": [], ""tags"": []}",0,0,0,0,0,"{""draw"": 0, ""score"": 0, ""colorless"": 0}",0,0,0,,
PL!N-pb1-020,エマ・ヴェルデ,PL!N-pb1-020 エマ・ヴェルデ - ラブライブ！シリーズ オフィシャルカードゲーム(ラブカ) 非公式 Wiki*,メンバー,ラブライブ！虹ヶ咲学園スクールアイドル同好会,虹ヶ咲,QU4RTZ,9.0,4.0,なし,<黄> 1 <緑> 2,,,"<登場>
『エマ・ヴェルデ』からバトンタッチして登場した場合、カードを2枚引き、手札を1枚控え室に置く。",https://wikiwiki.jp/llocardgame/PL%21N-pb1-020%20%E3%82%A8%E3%83%9E%E3%83%BB%E3%83%B4%E3%82%A7%E3%83%AB%E3%83%87,MEMBER,{},0,[],{},0,[],{},0,[],"<登場>
『エマ・ヴェルデ』からバトンタッチして登場した場合、カードを2枚引き、手札を1枚控え室に置く。",HAS_TEXT,0,"{""hearts"": {}, ""blade_mentions"": [], ""blade_icon_n"": 0, ""energy_icon_n"": 0, ""all_heart_n"": 0, ""score_delta_icon"": 0, ""unknown_tags"": [], ""tags"": []}",0,0,0,0,0,"{""draw"": 0, ""score"": 0, ""colorless"": 0}",0,0,0,,
PL!N-pb1-021,天王寺璃奈,PL!N-pb1-021 天王寺璃奈 - ラブライブ！シリーズ オフィシャルカードゲーム(ラブカ) 非公式 Wiki*,メンバー,ラブライブ！虹ヶ咲学園スクールアイドル同好会,虹ヶ咲,QU4RTZ,2.0,1.0,<紫> 1,<紫> 1,,,"<登場>
自分のデッキの上からカードを2枚見る。その中から『天王寺璃奈』のメンバーカードを1枚公開して手札に加えてもよい。残りを控え室に置く。",https://wikiwiki.jp/llocardgame/PL%21N-pb1-021%20%E5%A4%A9%E7%8E%8B%E5%AF%BA%E7%92%83%E5%A5%88,MEMBER,{},0,[],{},0,[],"{""purple"": 1}",1,[],"<登場>
自分のデッキの上からカードを2枚見る。その中から『天王寺璃奈』のメンバーカードを1枚公開して手札に加えてもよい。残りを控え室に置く。",HAS_TEXT,0,"{""hearts"": {}, ""blade_mentions"": [], ""blade_icon_n"": 0, ""energy_icon_n"": 0, ""all_heart_n"": 0, ""score_delta_icon"": 0, ""unknown_tags"": [], ""tags"": []}",0,0,0,0,0,"{""draw"": 0, ""score"": 0, ""colorless"": 0}",0,0,0,,
PL!N-pb1-022,三船栞子,PL!N-pb1-022 三船栞子 - ラブライブ！シリーズ オフィシャルカードゲーム(ラブカ) 非公式 Wiki*,メンバー,ラブライブ！虹ヶ咲学園スクールアイドル同好会,虹ヶ咲,R3BIRTH,11.0,4.0,<緑>,<桃> 2 <緑> 2,,,"<登場>
『三船栞子』からバトンタッチして登場した場合、カードを2枚引き、手札を1枚控え室に置く。",https://wikiwiki.jp/llocardgame/PL%21N-pb1-022%20%E4%B8%89%E8%88%B9%E6%A0%9E%E5%AD%90,MEMBER,{},0,[],{},0,[],"{""green"": 1}",1,[],"<登場>
『三船栞子』からバトンタッチして登場した場合、カードを2枚引き、手札を1枚控え室に置く。",HAS_TEXT,0,"{""hearts"": {}, ""blade_mentions"": [], ""blade_icon_n"": 0, ""energy_icon_n"": 0, ""all_heart_n"": 0, ""score_delta_icon"": 0, ""unknown_tags"": [], ""tags"": []}",0,0,0,0,0,"{""draw"": 0, ""score"": 0, ""colorless"": 0}",0,0,0,,
PL!N-pb1-023,ミア・テイラー,PL!N-pb1-023 ミア・テイラー - ラブライブ！シリーズ オフィシャルカードゲーム(ラブカ) 非公式 Wiki*,メンバー,ラブライブ！虹ヶ咲学園スクールアイドル同好会,虹ヶ咲,R3BIRTH,13.0,2.0,<黄>,<桃> 2 <黄> 2 <緑> 1 <紫> 1,,,"<登場>
<(E)>
<(E)>
支払ってもよい：手札からコスト4以下の『ミア・テイラー』のメンバーカードを1枚ステージに登場させる。",https://wikiwiki.jp/llocardgame/PL%21N-pb1-023%20%E3%83%9F%E3%82%A2%E3%83%BB%E3%83%86%E3%82%A4%E3%83%A9%E3%83%BC,MEMBER,{},0,[],{},0,[],"{""yellow"": 1}",1,[],"<登場>
<(E)>
<(E)>
支払ってもよい：手札からコスト4以下の『ミア・テイラー』のメンバーカードを1枚ステージに登場させる。",HAS_TEXT,0,"{""hearts"": {}, ""blade_mentions"": [], ""tags"": [], ""blade_icon_n"": 0, ""energy_icon_n"": 2, ""all_heart_n"": 0, ""score_delta_icon"": 0, ""unknown_tags"": []}",0,2,0,0,0,"{""draw"": 0, ""score"": 0, ""colorless"": 0}",0,0,0,,
PL!N-pb1-024,鐘嵐珠,PL!N-pb1-024 鐘嵐珠 - ラブライブ！シリーズ オフィシャルカードゲーム(ラブカ) 非公式 Wiki*,メンバー,ラブライブ！虹ヶ咲学園スクールアイドル同好会,虹ヶ咲,R3BIRTH,4.0,0.0,<桃>,<桃> 1 <紫> 1,,,"<登場>
自分のデッキの上からカードを2枚見る。その中から『鐘嵐珠』のメンバーカードを1枚公開して手札に加えてもよい。残りを控え室に置く。",https://wikiwiki.jp/llocardgame/PL%21N-pb1-024%20%E9%90%98%E5%B5%90%E7%8F%A0,MEMBER,{},0,[],{},0,[],"{""pink"": 1}",1,[],"<登場>
自分のデッキの上からカードを2枚見る。その中から『鐘嵐珠』のメンバーカードを1枚公開して手札に加えてもよい。残りを控え室に置く。",HAS_TEXT,0,"{""hearts"": {}, ""blade_mentions"": [], ""blade_icon_n"": 0, ""energy_icon_n"": 0, ""all_heart_n"": 0, ""score_delta_icon"": 0, ""unknown_tags"": [], ""tags"": []}",0,0,0,0,0,"{""draw"": 0, ""score"": 0, ""colorless"": 0}",0,0,0,,
PL!N-pb1-025,上原歩夢,PL!N-pb1-025 上原歩夢 - ラブライブ！シリーズ オフィシャルカードゲーム(ラブカ) 非公式 Wiki*,メンバー,ラブライブ！虹ヶ咲学園スクールアイドル同好会,虹ヶ咲,A・ZU・NA,4.0,1.0,<桃>,<桃> 1 <青> 1,,,(なし),https://wikiwiki.jp/llocardgame/PL%21N-pb1-025%20%E4%B8%8A%E5%8E%9F%E6%AD%A9%E5%A4%A2,MEMBER,{},0,[],{},0,[],"{""pink"": 1}",1,[],(なし),NO_ABILITY,1,"{""hearts"": {}, ""blade_mentions"": [], ""blade_icon_n"": 0, ""energy_icon_n"": 0, ""all_heart_n"": 0, ""score_delta_icon"": 0, ""unknown_tags"": [], ""tags"": []}",0,0,0,0,0,"{""draw"": 0, ""score"": 0, ""colorless"": 0}",0,0,0,,
PL!N-pb1-026,中須かすみ,PL!N-pb1-026 中須かすみ - ラブライブ！シリーズ オフィシャルカードゲーム(ラブカ) 非公式 Wiki*,メンバー,ラブライブ！虹ヶ咲学園スクールアイドル同好会,虹ヶ咲,QU4RTZ,4.0,1.0,<黄>,<黄> 1 <緑> 1,,,(なし),https://wikiwiki.jp/llocardgame/PL%21N-pb1-026%20%E4%B8%AD%E9%A0%88%E3%81%8B%E3%81%99%E3%81%BF,MEMBER,{},0,[],{},0,[],"{""yellow"": 1}",1,[],(なし),NO_ABILITY,1,"{""hearts"": {}, ""blade_mentions"": [], ""blade_icon_n"": 0, ""energy_icon_n"": 0, ""all_heart_n"": 0, ""score_delta_icon"": 0, ""unknown_tags"": [], ""tags"": []}",0,0,0,0,0,"{""draw"": 0, ""score"": 0, ""colorless"": 0}",0,0,0,,
PL!N-pb1-027,桜坂しずく,PL!N-pb1-027 桜坂しずく - ラブライブ！シリーズ オフィシャルカードゲーム(ラブカ) 非公式 Wiki*,メンバー,ラブライブ！虹ヶ咲学園スクールアイドル同好会,虹ヶ咲,A・ZU・NA,4.0,1.0,<青>,<青> 1 <紫> 1,,,(なし),https://wikiwiki.jp/llocardgame/PL%21N-pb1-027%20%E6%A1%9C%E5%9D%82%E3%81%97%E3%81%9A%E3%81%8F,MEMBER,{},0,[],{},0,[],"{""blue"": 1}",1,[],(なし),NO_ABILITY,1,"{""hearts"": {}, ""blade_mentions"": [], ""blade_icon_n"": 0, ""energy_icon_n"": 0, ""all_heart_n"": 0, ""score_delta_icon"": 0, ""unknown_tags"": [], ""tags"": []}",0,0,0,0,0,"{""draw"": 0, ""score"": 0, ""colorless"": 0}",0,0,0,,
PL!N-pb1-028,朝香果林,PL!N-pb1-028 朝香果林 - ラブライブ！シリーズ オフィシャルカードゲーム(ラブカ) 非公式 Wiki*,メンバー,ラブライブ！虹ヶ咲学園スクールアイドル同好会,虹ヶ咲,DiverDiva,4.0,1.0,<青> 1,<青> 1,,,"<登場>
手札を1枚控え室に置いてもよい：自分のデッキの上からカードを2枚見る。その中から1枚を手札に加え、残りを控え室に置く。",https://wikiwiki.jp/llocardgame/PL%21N-pb1-028%20%E6%9C%9D%E9%A6%99%E6%9E%9C%E6%9E%97,MEMBER,{},0,[],{},0,[],"{""blue"": 1}",1,[],"<登場>
手札を1枚控え室に置いてもよい：自分のデッキの上からカードを2枚見る。その中から1枚を手札に加え、残りを控え室に置く。",HAS_TEXT,0,"{""hearts"": {}, ""blade_mentions"": [], ""blade_icon_n"": 0, ""energy_icon_n"": 0, ""all_heart_n"": 0, ""score_delta_icon"": 0, ""unknown_tags"": [], ""tags"": []}",0,0,0,0,0,"{""draw"": 0, ""score"": 0, ""colorless"": 0}",0,0,0,,
PL!N-pb1-029,宮下愛,PL!N-pb1-029 宮下愛 - ラブライブ！シリーズ オフィシャルカードゲーム(ラブカ) 非公式 Wiki*,メンバー,ラブライブ！虹ヶ咲学園スクールアイドル同好会,虹ヶ咲,DiverDiva,5.0,1.0,なし,<赤> 1 <青> 1 <紫> 1,,,(なし),https://wikiwiki.jp/llocardgame/PL%21N-pb1-029%20%E5%AE%AE%E4%B8%8B%E6%84%9B,MEMBER,{},0,[],{},0,[],{},0,[],(なし),NO_ABILITY,1,"{""hearts"": {}, ""blade_mentions"": [], ""blade_icon_n"": 0, ""energy_icon_n"": 0, ""all_heart_n"": 0, ""score_delta_icon"": 0, ""unknown_tags"": [], ""tags"": []}",0,0,0,0,0,"{""draw"": 0, ""score"": 0, ""colorless"": 0}",0,0,0,,
PL!N-pb1-030,近江彼方,PL!N-pb1-030 近江彼方 - ラブライブ！シリーズ オフィシャルカードゲーム(ラブカ) 非公式 Wiki*,メンバー,ラブライブ！虹ヶ咲学園スクールアイドル同好会,虹ヶ咲,QU4RTZ,7.0,1.0,なし,<桃> 1 <黄> 1 <緑> 1,,,(なし),https://wikiwiki.jp/llocardgame/PL%21N-pb1-030%20%E8%BF%91%E6%B1%9F%E5%BD%BC%E6%96%B9,MEMBER,{},0,[],{},0,[],{},0,[],(なし),NO_ABILITY,1,"{""hearts"": {}, ""blade_mentions"": [], ""blade_icon_n"": 0, ""energy_icon_n"": 0, ""all_heart_n"": 0, ""score_delta_icon"": 0, ""unknown_tags"": [], ""tags"": []}",0,0,0,0,0,"{""draw"": 0, ""score"": 0, ""colorless"": 0}",0,0,0,,
PL!N-pb1-031,優木せつ菜,PL!N-pb1-031 優木せつ菜 - ラブライブ！シリーズ オフィシャルカードゲーム(ラブカ) 非公式 Wiki*,メンバー,ラブライブ！虹ヶ咲学園スクールアイドル同好会,虹ヶ咲,A・ZU・NA,4.0,1.0,<赤>,<桃> 1 <赤> 1,,,(なし),https://wikiwiki.jp/llocardgame/PL%21N-pb1-031%20%E5%84%AA%E6%9C%A8%E3%81%9B%E3%81%A4%E8%8F%9C,MEMBER,{},0,[],{},0,[],"{""red"": 1}",1,[],(なし),NO_ABILITY,1,"{""hearts"": {}, ""blade_mentions"": [], ""blade_icon_n"": 0, ""energy_icon_n"": 0, ""all_heart_n"": 0, ""score_delta_icon"": 0, ""unknown_tags"": [], ""tags"": []}",0,0,0,0,0,"{""draw"": 0, ""score"": 0, ""colorless"": 0}",0,0,0,,
PL!N-pb1-032,エマ・ヴェルデ,PL!N-pb1-032 エマ・ヴェルデ - ラブライブ！シリーズ オフィシャルカードゲーム(ラブカ) 非公式 Wiki*,メンバー,ラブライブ！虹ヶ咲学園スクールアイドル同好会,虹ヶ咲,QU4RTZ,4.0,1.0,<緑>,<赤> 1 <緑> 1,,,(なし),https://wikiwiki.jp/llocardgame/PL%21N-pb1-032%20%E3%82%A8%E3%83%9E%E3%83%BB%E3%83%B4%E3%82%A7%E3%83%AB%E3%83%87,MEMBER,{},0,[],{},0,[],"{""green"": 1}",1,[],(なし),NO_ABILITY,1,"{""hearts"": {}, ""blade_mentions"": [], ""blade_icon_n"": 0, ""energy_icon_n"": 0, ""all_heart_n"": 0, ""score_delta_icon"": 0, ""unknown_tags"": [], ""tags"": []}",0,0,0,0,0,"{""draw"": 0, ""score"": 0, ""colorless"": 0}",0,0,0,,
PL!N-pb1-033,天王寺璃奈,PL!N-pb1-033 天王寺璃奈 - ラブライブ！シリーズ オフィシャルカードゲーム(ラブカ) 非公式 Wiki*,メンバー,ラブライブ！虹ヶ咲学園スクールアイドル同好会,虹ヶ咲,QU4RTZ,4.0,1.0,<紫>,<黄> 1 <紫> 1,,,(なし),https://wikiwiki.jp/llocardgame/PL%21N-pb1-033%20%E5%A4%A9%E7%8E%8B%E5%AF%BA%E7%92%83%E5%A5%88,MEMBER,{},0,[],{},0,[],"{""purple"": 1}",1,[],(なし),NO_ABILITY,1,"{""hearts"": {}, ""blade_mentions"": [], ""blade_icon_n"": 0, ""energy_icon_n"": 0, ""all_heart_n"": 0, ""score_delta_icon"": 0, ""unknown_tags"": [], ""tags"": []}",0,0,0,0,0,"{""draw"": 0, ""score"": 0, ""colorless"": 0}",0,0,0,,
PL!N-pb1-034,三船栞子,PL!N-pb1-034 三船栞子 - ラブライブ！シリーズ オフィシャルカードゲーム(ラブカ) 非公式 Wiki*,メンバー,ラブライブ！虹ヶ咲学園スクールアイドル同好会,虹ヶ咲,R3BIRTH,2.0,1.0,<緑>,<緑> 1,,,"<ライブ開始時>
<黄>
か
<緑>
か
<青>
のうち1つを選ぶ。ライブ終了時まで、このメンバーが元々持つハートは選んだハートになる。",https://wikiwiki.jp/llocardgame/PL%21N-pb1-034%20%E4%B8%89%E8%88%B9%E6%A0%9E%E5%AD%90,MEMBER,{},0,[],{},0,[],"{""green"": 1}",1,[],"<ライブ開始時>
<黄>
か
<緑>
か
<青>
のうち1つを選ぶ。ライブ終了時まで、このメンバーが元々持つハートは選んだハートになる。",HAS_TEXT,0,"{""hearts"": {}, ""blade_mentions"": [], ""blade_icon_n"": 0, ""energy_icon_n"": 0, ""all_heart_n"": 0, ""score_delta_icon"": 0, ""unknown_tags"": [], ""tags"": []}",0,0,0,0,0,"{""draw"": 0, ""score"": 0, ""colorless"": 0}",0,0,0,,
PL!N-pb1-035,ミア・テイラー,PL!N-pb1-035 ミア・テイラー - ラブライブ！シリーズ オフィシャルカードゲーム(ラブカ) 非公式 Wiki*,メンバー,ラブライブ！虹ヶ咲学園スクールアイドル同好会,虹ヶ咲,R3BIRTH,4.0,1.0,<黄>,<黄> 1,,,"<登場>
手札を1枚控え室に置いてもよい：自分のデッキの上からカードを2枚見る。その中から1枚を手札に加え、残りを控え室に置く。",https://wikiwiki.jp/llocardgame/PL%21N-pb1-035%20%E3%83%9F%E3%82%A2%E3%83%BB%E3%83%86%E3%82%A4%E3%83%A9%E3%83%BC,MEMBER,{},0,[],{},0,[],"{""yellow"": 1}",1,[],"<登場>
手札を1枚控え室に置いてもよい：自分のデッキの上からカードを2枚見る。その中から1枚を手札に加え、残りを控え室に置く。",HAS_TEXT,0,"{""hearts"": {}, ""blade_mentions"": [], ""blade_icon_n"": 0, ""energy_icon_n"": 0, ""all_heart_n"": 0, ""score_delta_icon"": 0, ""unknown_tags"": [], ""tags"": []}",0,0,0,0,0,"{""draw"": 0, ""score"": 0, ""colorless"": 0}",0,0,0,,
PL!N-pb1-036,鐘嵐珠,PL!N-pb1-036 鐘嵐珠 - ラブライブ！シリーズ オフィシャルカードゲーム(ラブカ) 非公式 Wiki*,メンバー,ラブライブ！虹ヶ咲学園スクールアイドル同好会,虹ヶ咲,R3BIRTH,2.0,1.0,<桃>,<桃> 1,,,"<ライブ開始時>
<桃>
か
<赤>
か
<紫>
のうち1つを選ぶ。ライブ終了時まで、このメンバーが元々持つハートは選んだハートになる。",https://wikiwiki.jp/llocardgame/PL%21N-pb1-036%20%E9%90%98%E5%B5%90%E7%8F%A0,MEMBER,{},0,[],{},0,[],"{""pink"": 1}",1,[],"<ライブ開始時>
<桃>
か
<赤>
か
<紫>
のうち1つを選ぶ。ライブ終了時まで、このメンバーが元々持つハートは選んだハートになる。",HAS_TEXT,0,"{""hearts"": {}, ""blade_mentions"": [], ""blade_icon_n"": 0, ""energy_icon_n"": 0, ""all_heart_n"": 0, ""score_delta_icon"": 0, ""unknown_tags"": [], ""tags"": []}",0,0,0,0,0,"{""draw"": 0, ""score"": 0, ""colorless"": 0}",0,0,0,,
PL!N-pb1-037,Cara Tesoro,PL!N-pb1-037 Cara Tesoro - ラブライブ！シリーズ オフィシャルカードゲーム(ラブカ) 非公式 Wiki*,ライブ,ラブライブ！虹ヶ咲学園スクールアイドル同好会,虹ヶ咲,,,,<緑> <ドロー+1>,,<緑> 6 <任意> 6 (合計12),5.0,"<ライブ開始時>
このターン、自分の虹ヶ咲の『虹ヶ咲』の効果によってウェイト状態の自分のエネルギーをアクティブにしていた場合、このカードのスコアを+1する。さらに、自分の『虹ヶ咲』のカードによって自分のステージにいるウェイト状態のメンバーもアクティブにしていた場合、代わりにスコアを+2する。",https://wikiwiki.jp/llocardgame/PL%21N-pb1-037%20Cara%20Tesoro,LIVE,{},0,[],{},12,[],"{""green"": 1}",1,[],"<ライブ開始時>
このターン、自分の虹ヶ咲の『虹ヶ咲』の効果によってウェイト状態の自分のエネルギーをアクティブにしていた場合、このカードのスコアを+1する。さらに、自分の『虹ヶ咲』のカードによって自分のステージにいるウェイト状態のメンバーもアクティブにしていた場合、代わりにスコアを+2する。",HAS_TEXT,0,"{""hearts"": {}, ""blade_mentions"": [], ""blade_icon_n"": 0, ""energy_icon_n"": 0, ""all_heart_n"": 0, ""score_delta_icon"": 0, ""unknown_tags"": [], ""tags"": []}",0,0,0,0,0,"{""draw"": 1, ""score"": 0, ""colorless"": 0}",1,0,0,,
PL!N-pb1-038,PHOENIX,PL!N-pb1-038 PHOENIX - ラブライブ！シリーズ オフィシャルカードゲーム(ラブカ) 非公式 Wiki*,ライブ,ラブライブ！虹ヶ咲学園スクールアイドル同好会,虹ヶ咲,,,,<ALL>,,<桃> 3 <赤> 1 <紫> 1 <任意> 2 (合計7),3.0,"<ライブ開始時>
自分の成功ライブカード置き場かライブ中のライブカードの中に、必要ハートに含まれる
<桃>
が4の『虹ヶ咲』のライブカードがある場合、このカードのスコアを+1する。",https://wikiwiki.jp/llocardgame/PL%21N-pb1-038%20PHOENIX,LIVE,{},0,[],{},7,[],"{""all"": 1}",1,[],"<ライブ開始時>
自分の成功ライブカード置き場かライブ中のライブカードの中に、必要ハートに含まれる
<桃>
が4の『虹ヶ咲』のライブカードがある場合、このカードのスコアを+1する。",HAS_TEXT,0,"{""hearts"": {}, ""blade_mentions"": [], ""blade_icon_n"": 0, ""energy_icon_n"": 0, ""all_heart_n"": 0, ""score_delta_icon"": 0, ""unknown_tags"": [], ""tags"": []}",0,0,0,0,0,"{""draw"": 0, ""score"": 0, ""colorless"": 0}",0,0,0,,
PL!N-pb1-039,Stellar Stream,PL!N-pb1-039 Stellar Stream - ラブライブ！シリーズ オフィシャルカードゲーム(ラブカ) 非公式 Wiki*,ライブ,ラブライブ！虹ヶ咲学園スクールアイドル同好会,虹ヶ咲,,,,<桃> <ドロー+1>,,<桃> 4 <紫> 4 <任意> 6 (合計14),5.0,"<ライブ開始時>
自分の成功ライブカード置き場かライブ中のライブカードの中に、必要ハートに含まれる
<桃>
が3の『虹ヶ咲』のライブカードがある場合、ライブ終了時まで、自分のステージにいる
<紫>
を持つ『虹ヶ咲』のメンバー1人は
<紫>
<紫>
<紫>
<紫>
を得る。",https://wikiwiki.jp/llocardgame/PL%21N-pb1-039%20Stellar%20Stream,LIVE,{},0,[],{},14,[],"{""pink"": 1}",1,[],"<ライブ開始時>
自分の成功ライブカード置き場かライブ中のライブカードの中に、必要ハートに含まれる
<桃>
が3の『虹ヶ咲』のライブカードがある場合、ライブ終了時まで、自分のステージにいる
<紫>
を持つ『虹ヶ咲』のメンバー1人は
<紫>
<紫>
<紫>
<紫>
を得る。",HAS_TEXT,0,"{""hearts"": {}, ""blade_mentions"": [], ""blade_icon_n"": 0, ""energy_icon_n"": 0, ""all_heart_n"": 0, ""score_delta_icon"": 0, ""unknown_tags"": [], ""tags"": []}",0,0,0,0,0,"{""draw"": 1, ""score"": 0, ""colorless"": 0}",1,0,0,,
PL!N-pb1-040,どこにいても君は君,PL!N-pb1-040 どこにいても君は君 - ラブライブ！シリーズ オフィシャルカードゲーム(ラブカ) 非公式 Wiki*,ライブ,ラブライブ！虹ヶ咲学園スクールアイドル同好会,虹ヶ咲,,,,<スコア+1>,,<黄> 1 <青> 1 <任意> 1 (合計3),1.0,(なし),https://wikiwiki.jp/llocardgame/PL%21N-pb1-040%20%E3%81%A9%E3%81%93%E3%81%AB%E3%81%84%E3%81%A6%E3%82%82%E5%90%9B%E3%81%AF%E5%90%9B,LIVE,{},0,[],{},3,[],{},0,[],(なし),NO_ABILITY,1,"{""hearts"": {}, ""blade_mentions"": [], ""blade_icon_n"": 0, ""energy_icon_n"": 0, ""all_heart_n"": 0, ""score_delta_icon"": 0, ""unknown_tags"": [], ""tags"": []}",0,0,0,0,0,"{""draw"": 0, ""score"": 1, ""colorless"": 0}",0,1,0,,
PL!N-pb1-041,PASTEL,PL!N-pb1-041 PASTEL - ラブライブ！シリーズ オフィシャルカードゲーム(ラブカ) 非公式 Wiki*,ライブ,ラブライブ！虹ヶ咲学園スクールアイドル同好会,虹ヶ咲,QU4RTZ,,,<ALL>,,<黄> 1 <緑> 1 <青> 1 <紫> 1 <任意> 5 (合計9),4.0,(なし),https://wikiwiki.jp/llocardgame/PL%21N-pb1-041%20PASTEL,LIVE,{},0,[],{},9,[],"{""all"": 1}",1,[],(なし),NO_ABILITY,1,"{""hearts"": {}, ""blade_mentions"": [], ""blade_icon_n"": 0, ""energy_icon_n"": 0, ""all_heart_n"": 0, ""score_delta_icon"": 0, ""unknown_tags"": [], ""tags"": []}",0,0,0,0,0,"{""draw"": 0, ""score"": 0, ""colorless"": 0}",0,0,0,,
PL!N-pb1-042,Eternalize Love!!,PL!N-pb1-042 Eternalize Love!! - ラブライブ！シリーズ オフィシャルカードゲーム(ラブカ) 非公式 Wiki*,ライブ,ラブライブ！虹ヶ咲学園スクールアイドル同好会,虹ヶ咲,,,,<ALL>,,<任意> 12 (合計12),4.0,"<ライブ開始時>
自分のステージに同じ名前の『虹ヶ咲』のメンバーが2人以上いる場合、このカードの必要ハートを
<任意>
<任意>
<任意>
減らす。",https://wikiwiki.jp/llocardgame/PL%21N-pb1-042%20Eternalize%20Love%21%21,LIVE,{},0,[],{},12,[],"{""all"": 1}",1,[],"<ライブ開始時>
自分のステージに同じ名前の『虹ヶ咲』のメンバーが2人以上いる場合、このカードの必要ハートを
<任意>
<任意>
<任意>
減らす。",HAS_TEXT,0,"{""hearts"": {}, ""blade_mentions"": [], ""blade_icon_n"": 0, ""energy_icon_n"": 0, ""all_heart_n"": 0, ""score_delta_icon"": 0, ""unknown_tags"": [], ""tags"": []}",0,0,0,0,0,"{""draw"": 0, ""score"": 0, ""colorless"": 0}",0,0,0,,
PL!N-sd1-001,上原歩夢,PL!N-sd1-001 上原歩夢 - ラブライブ！シリーズ オフィシャルカードゲーム(ラブカ) 非公式 Wiki*,メンバー,ラブライブ！虹ヶ咲学園スクールアイドル同好会,虹ヶ咲,A・ZU・NA,13.0,4.0,<桃>,<桃> 3 <赤> 1 <緑> 1,,,"<登場>
自分のデッキの上からカードを5枚見る。その中から『虹ヶ咲』のライブカードを1枚まで公開して手札に加えてもよい。残りを控え室に置く。
<ライブ開始時>
<(E)>
支払ってもよい：自分のステージにいるほかの『虹ヶ咲』のメンバーは
<(ブレード)>
を得る。",https://wikiwiki.jp/llocardgame/PL%21N-sd1-001%20%E4%B8%8A%E5%8E%9F%E6%AD%A9%E5%A4%A2,MEMBER,{},0,[],{},0,[],"{""pink"": 1}",1,[],"<登場>
自分のデッキの上からカードを5枚見る。その中から『虹ヶ咲』のライブカードを1枚まで公開して手札に加えてもよい。残りを控え室に置く。
<ライブ開始時>
<(E)>
支払ってもよい：自分のステージにいるほかの『虹ヶ咲』のメンバーは
<(ブレード)>
を得る。",HAS_TEXT,0,"{""hearts"": {}, ""blade_mentions"": [], ""tags"": [], ""blade_icon_n"": 1, ""energy_icon_n"": 1, ""all_heart_n"": 0, ""score_delta_icon"": 0, ""unknown_tags"": []}",1,1,0,0,0,"{""draw"": 0, ""score"": 0, ""colorless"": 0}",0,0,0,,
PL!N-sd1-002,中須かすみ,PL!N-sd1-002 中須かすみ - ラブライブ！シリーズ オフィシャルカードゲーム(ラブカ) 非公式 Wiki*,メンバー,ラブライブ！虹ヶ咲学園スクールアイドル同好会,虹ヶ咲,QU4RTZ,9.0,3.0,なし,<黄> 2 <緑> 1,,,"<登場>
手札を1枚控え室に置いてもよい：自分のデッキの上からカードを3枚見る。その中から1枚を手札に加え、残りを控え室に置く。",https://wikiwiki.jp/llocardgame/PL%21N-sd1-002%20%E4%B8%AD%E9%A0%88%E3%81%8B%E3%81%99%E3%81%BF,MEMBER,{},0,[],{},0,[],{},0,[],"<登場>
手札を1枚控え室に置いてもよい：自分のデッキの上からカードを3枚見る。その中から1枚を手札に加え、残りを控え室に置く。",HAS_TEXT,0,"{""hearts"": {}, ""blade_mentions"": [], ""blade_icon_n"": 0, ""energy_icon_n"": 0, ""all_heart_n"": 0, ""score_delta_icon"": 0, ""unknown_tags"": [], ""tags"": []}",0,0,0,0,0,"{""draw"": 0, ""score"": 0, ""colorless"": 0}",0,0,0,,
PL!N-sd1-003,桜坂しずく,PL!N-sd1-003 桜坂しずく - ラブライブ！シリーズ オフィシャルカードゲーム(ラブカ) 非公式 Wiki*,メンバー,ラブライブ！虹ヶ咲学園スクールアイドル同好会,虹ヶ咲,A・ZU・NA,9.0,3.0,なし,<桃> 1 <青> 2,,,"<登場>
手札を1枚控え室に置いてもよい：自分のデッキの上からカードを3枚見る。その中から1枚を手札に加え、残りを控え室に置く。",https://wikiwiki.jp/llocardgame/PL%21N-sd1-003%20%E6%A1%9C%E5%9D%82%E3%81%97%E3%81%9A%E3%81%8F,MEMBER,{},0,[],{},0,[],{},0,[],"<登場>
手札を1枚控え室に置いてもよい：自分のデッキの上からカードを3枚見る。その中から1枚を手札に加え、残りを控え室に置く。",HAS_TEXT,0,"{""hearts"": {}, ""blade_mentions"": [], ""blade_icon_n"": 0, ""energy_icon_n"": 0, ""all_heart_n"": 0, ""score_delta_icon"": 0, ""unknown_tags"": [], ""tags"": []}",0,0,0,0,0,"{""draw"": 0, ""score"": 0, ""colorless"": 0}",0,0,0,,
PL!N-sd1-004,朝香果林,PL!N-sd1-004 朝香果林 - ラブライブ！シリーズ オフィシャルカードゲーム(ラブカ) 非公式 Wiki*,メンバー,ラブライブ！虹ヶ咲学園スクールアイドル同好会,虹ヶ咲,DiverDiva,11.0,3.0,<青>,<桃> 1 <赤> 1 <青> 2,,,"<ライブ開始時>
手札を1枚控え室に置いてもよい：ライブ終了時まで、
<(ブレード)>
<(ブレード)>
を得る。",https://wikiwiki.jp/llocardgame/PL%21N-sd1-004%20%E6%9C%9D%E9%A6%99%E6%9E%9C%E6%9E%97,MEMBER,{},0,[],{},0,[],"{""blue"": 1}",1,[],"<ライブ開始時>
手札を1枚控え室に置いてもよい：ライブ終了時まで、
<(ブレード)>
<(ブレード)>
を得る。",HAS_TEXT,0,"{""hearts"": {}, ""blade_mentions"": [], ""tags"": [], ""blade_icon_n"": 2, ""energy_icon_n"": 0, ""all_heart_n"": 0, ""score_delta_icon"": 0, ""unknown_tags"": []}",2,0,0,0,0,"{""draw"": 0, ""score"": 0, ""colorless"": 0}",0,0,0,,
PL!N-sd1-005,宮下愛,PL!N-sd1-005 宮下愛 - ラブライブ！シリーズ オフィシャルカードゲーム(ラブカ) 非公式 Wiki*,メンバー,ラブライブ！虹ヶ咲学園スクールアイドル同好会,虹ヶ咲,DiverDiva,11.0,3.0,なし,<桃> 1 <赤> 3 <緑> 1,,,"<起動>
<ターン1回>
手札を2枚控え室に置く：自分の控え室から『虹ヶ咲』のメンバーカードを1枚手札に加える。",https://wikiwiki.jp/llocardgame/PL%21N-sd1-005%20%E5%AE%AE%E4%B8%8B%E6%84%9B,MEMBER,{},0,[],{},0,[],{},0,[],"<起動>
<ターン1回>
手札を2枚控え室に置く：自分の控え室から『虹ヶ咲』のメンバーカードを1枚手札に加える。",HAS_TEXT,0,"{""hearts"": {}, ""blade_mentions"": [], ""blade_icon_n"": 0, ""energy_icon_n"": 0, ""all_heart_n"": 0, ""score_delta_icon"": 0, ""unknown_tags"": [], ""tags"": []}",0,0,0,0,0,"{""draw"": 0, ""score"": 0, ""colorless"": 0}",0,0,0,,
PL!N-sd1-006,近江彼方,PL!N-sd1-006 近江彼方 - ラブライブ！シリーズ オフィシャルカードゲーム(ラブカ) 非公式 Wiki*,メンバー,ラブライブ！虹ヶ咲学園スクールアイドル同好会,虹ヶ咲,QU4RTZ,2.0,1.0,<紫>,<紫> 1,,,"<起動>
このメンバーをステージから控え室に置く：自分の控え室からメンバーカードを1枚手札に加える。",https://wikiwiki.jp/llocardgame/PL%21N-sd1-006%20%E8%BF%91%E6%B1%9F%E5%BD%BC%E6%96%B9,MEMBER,{},0,[],{},0,[],"{""purple"": 1}",1,[],"<起動>
このメンバーをステージから控え室に置く：自分の控え室からメンバーカードを1枚手札に加える。",HAS_TEXT,0,"{""hearts"": {}, ""blade_mentions"": [], ""blade_icon_n"": 0, ""energy_icon_n"": 0, ""all_heart_n"": 0, ""score_delta_icon"": 0, ""unknown_tags"": [], ""tags"": []}",0,0,0,0,0,"{""draw"": 0, ""score"": 0, ""colorless"": 0}",0,0,0,,
PL!N-sd1-007,優木せつ菜,PL!N-sd1-007 優木せつ菜 - ラブライブ！シリーズ オフィシャルカードゲーム(ラブカ) 非公式 Wiki*,メンバー,ラブライブ！虹ヶ咲学園スクールアイドル同好会,虹ヶ咲,A・ZU・NA,13.0,4.0,<赤>,<桃> 1 <赤> 3 <緑> 1,,,"<起動>
<ターン1回>
手札を2枚控え室に置く：自分の控え室から『虹ヶ咲』のライブカードを1枚手札に加える。",https://wikiwiki.jp/llocardgame/PL%21N-sd1-007%20%E5%84%AA%E6%9C%A8%E3%81%9B%E3%81%A4%E8%8F%9C,MEMBER,{},0,[],{},0,[],"{""red"": 1}",1,[],"<起動>
<ターン1回>
手札を2枚控え室に置く：自分の控え室から『虹ヶ咲』のライブカードを1枚手札に加える。",HAS_TEXT,0,"{""hearts"": {}, ""blade_mentions"": [], ""blade_icon_n"": 0, ""energy_icon_n"": 0, ""all_heart_n"": 0, ""score_delta_icon"": 0, ""unknown_tags"": [], ""tags"": []}",0,0,0,0,0,"{""draw"": 0, ""score"": 0, ""colorless"": 0}",0,0,0,,
PL!N-sd1-008,エマ・ヴェルデ,PL!N-sd1-008 エマ・ヴェルデ - ラブライブ！シリーズ オフィシャルカードゲーム(ラブカ) 非公式 Wiki*,メンバー,ラブライブ！虹ヶ咲学園スクールアイドル同好会,虹ヶ咲,QU4RTZ,7.0,1.0,なし,<緑> 1,,,"<登場>
エネルギーを2枚アクティブにする。",https://wikiwiki.jp/llocardgame/PL%21N-sd1-008%20%E3%82%A8%E3%83%9E%E3%83%BB%E3%83%B4%E3%82%A7%E3%83%AB%E3%83%87,MEMBER,{},0,[],{},0,[],{},0,[],"<登場>
エネルギーを2枚アクティブにする。",HAS_TEXT,0,"{""hearts"": {}, ""blade_mentions"": [], ""blade_icon_n"": 0, ""energy_icon_n"": 0, ""all_heart_n"": 0, ""score_delta_icon"": 0, ""unknown_tags"": [], ""tags"": []}",0,0,0,0,0,"{""draw"": 0, ""score"": 0, ""colorless"": 0}",0,0,0,,
PL!N-sd1-009,天王寺璃奈,PL!N-sd1-009 天王寺璃奈 - ラブライブ！シリーズ オフィシャルカードゲーム(ラブカ) 非公式 Wiki*,メンバー,ラブライブ！虹ヶ咲学園スクールアイドル同好会,虹ヶ咲,QU4RTZ,7.0,1.0,なし,<桃> 1 <赤> 1 <紫> 1,,,"<起動>
<ターン1回>
<(E)>
<(E)>
,手札を1枚控え室に置く：自分の控え室から『虹ヶ咲』のライブカードを1枚手札に加える。",https://wikiwiki.jp/llocardgame/PL%21N-sd1-009%20%E5%A4%A9%E7%8E%8B%E5%AF%BA%E7%92%83%E5%A5%88,MEMBER,{},0,[],{},0,[],{},0,[],"<起動>
<ターン1回>
<(E)>
<(E)>
,手札を1枚控え室に置く：自分の控え室から『虹ヶ咲』のライブカードを1枚手札に加える。",HAS_TEXT,0,"{""hearts"": {}, ""blade_mentions"": [], ""tags"": [], ""blade_icon_n"": 0, ""energy_icon_n"": 2, ""all_heart_n"": 0, ""score_delta_icon"": 0, ""unknown_tags"": []}",0,2,0,0,0,"{""draw"": 0, ""score"": 0, ""colorless"": 0}",0,0,0,,
PL!N-sd1-010,三船栞子,PL!N-sd1-010 三船栞子 - ラブライブ！シリーズ オフィシャルカードゲーム(ラブカ) 非公式 Wiki*,メンバー,ラブライブ！虹ヶ咲学園スクールアイドル同好会,虹ヶ咲,R3BIRTH,11.0,3.0,なし,<桃> 3 <黄> 1 <緑> 2,,,"<登場>
カードを2枚引き、手札を1枚控え室に置く。
<ライブ開始時>
<(E)>
<(E)>
支払ってもよい：ライブ終了時まで、
<緑>
を得る。",https://wikiwiki.jp/llocardgame/PL%21N-sd1-010%20%E4%B8%89%E8%88%B9%E6%A0%9E%E5%AD%90,MEMBER,{},0,[],{},0,[],{},0,[],"<登場>
カードを2枚引き、手札を1枚控え室に置く。
<ライブ開始時>
<(E)>
<(E)>
支払ってもよい：ライブ終了時まで、
<緑>
を得る。",HAS_TEXT,0,"{""hearts"": {}, ""blade_mentions"": [], ""tags"": [], ""blade_icon_n"": 0, ""energy_icon_n"": 2, ""all_heart_n"": 0, ""score_delta_icon"": 0, ""unknown_tags"": []}",0,2,0,0,0,"{""draw"": 0, ""score"": 0, ""colorless"": 0}",0,0,0,,
PL!N-sd1-011,ミア・テイラー,PL!N-sd1-011 ミア・テイラー - ラブライブ！シリーズ オフィシャルカードゲーム(ラブカ) 非公式 Wiki*,メンバー,ラブライブ！虹ヶ咲学園スクールアイドル同好会,虹ヶ咲,R3BIRTH,2.0,1.0,<黄>,<黄> 1,,,"<起動>
このメンバーをステージから控え室に置く：自分の控え室からライブカードを1枚手札に加える。",https://wikiwiki.jp/llocardgame/PL%21N-sd1-011%20%E3%83%9F%E3%82%A2%E3%83%BB%E3%83%86%E3%82%A4%E3%83%A9%E3%83%BC,MEMBER,{},0,[],{},0,[],"{""yellow"": 1}",1,[],"<起動>
このメンバーをステージから控え室に置く：自分の控え室からライブカードを1枚手札に加える。",HAS_TEXT,0,"{""hearts"": {}, ""blade_mentions"": [], ""blade_icon_n"": 0, ""energy_icon_n"": 0, ""all_heart_n"": 0, ""score_delta_icon"": 0, ""unknown_tags"": [], ""tags"": []}",0,0,0,0,0,"{""draw"": 0, ""score"": 0, ""colorless"": 0}",0,0,0,,
PL!N-sd1-012,鐘嵐珠,PL!N-sd1-012 鐘嵐珠 - ラブライブ！シリーズ オフィシャルカードゲーム(ラブカ) 非公式 Wiki*,メンバー,ラブライブ！虹ヶ咲学園スクールアイドル同好会,虹ヶ咲,R3BIRTH,9.0,3.0,なし,<桃> 2 <赤> 1 <黄> 1,,,(なし),https://wikiwiki.jp/llocardgame/PL%21N-sd1-012%20%E9%90%98%E5%B5%90%E7%8F%A0,MEMBER,{},0,[],{},0,[],{},0,[],(なし),NO_ABILITY,1,"{""hearts"": {}, ""blade_mentions"": [], ""blade_icon_n"": 0, ""energy_icon_n"": 0, ""all_heart_n"": 0, ""score_delta_icon"": 0, ""unknown_tags"": [], ""tags"": []}",0,0,0,0,0,"{""draw"": 0, ""score"": 0, ""colorless"": 0}",0,0,0,,
PL!N-sd1-013,上原歩夢,PL!N-sd1-013 上原歩夢 - ラブライブ！シリーズ オフィシャルカードゲーム(ラブカ) 非公式 Wiki*,メンバー,ラブライブ！虹ヶ咲学園スクールアイドル同好会,虹ヶ咲,A・ZU・NA,4.0,1.0,なし,<桃> 2,,,"<登場>
カードを1枚引き、手札を1枚控え室に置く。",https://wikiwiki.jp/llocardgame/PL%21N-sd1-013%20%E4%B8%8A%E5%8E%9F%E6%AD%A9%E5%A4%A2,MEMBER,{},0,[],{},0,[],{},0,[],"<登場>
カードを1枚引き、手札を1枚控え室に置く。",HAS_TEXT,0,"{""hearts"": {}, ""blade_mentions"": [], ""blade_icon_n"": 0, ""energy_icon_n"": 0, ""all_heart_n"": 0, ""score_delta_icon"": 0, ""unknown_tags"": [], ""tags"": []}",0,0,0,0,0,"{""draw"": 0, ""score"": 0, ""colorless"": 0}",0,0,0,,
PL!N-sd1-014,中須かすみ,PL!N-sd1-014 中須かすみ - ラブライブ！シリーズ オフィシャルカードゲーム(ラブカ) 非公式 Wiki*,メンバー,ラブライブ！虹ヶ咲学園スクールアイドル同好会,虹ヶ咲,QU4RTZ,9.0,3.0,なし,<桃> 1 <赤> 1 <黄> 2,,,(なし),https://wikiwiki.jp/llocardgame/PL%21N-sd1-014%20%E4%B8%AD%E9%A0%88%E3%81%8B%E3%81%99%E3%81%BF,MEMBER,{},0,[],{},0,[],{},0,[],(なし),NO_ABILITY,1,"{""hearts"": {}, ""blade_mentions"": [], ""blade_icon_n"": 0, ""energy_icon_n"": 0, ""all_heart_n"": 0, ""score_delta_icon"": 0, ""unknown_tags"": [], ""tags"": []}",0,0,0,0,0,"{""draw"": 0, ""score"": 0, ""colorless"": 0}",0,0,0,,
PL!N-sd1-015,桜坂しずく,PL!N-sd1-015 桜坂しずく - ラブライブ！シリーズ オフィシャルカードゲーム(ラブカ) 非公式 Wiki*,メンバー,ラブライブ！虹ヶ咲学園スクールアイドル同好会,虹ヶ咲,A・ZU・NA,4.0,1.0,<青>,<赤> 1 <青> 1,,,(なし),https://wikiwiki.jp/llocardgame/PL%21N-sd1-015%20%E6%A1%9C%E5%9D%82%E3%81%97%E3%81%9A%E3%81%8F,MEMBER,{},0,[],{},0,[],"{""blue"": 1}",1,[],(なし),NO_ABILITY,1,"{""hearts"": {}, ""blade_mentions"": [], ""blade_icon_n"": 0, ""energy_icon_n"": 0, ""all_heart_n"": 0, ""score_delta_icon"": 0, ""unknown_tags"": [], ""tags"": []}",0,0,0,0,0,"{""draw"": 0, ""score"": 0, ""colorless"": 0}",0,0,0,,
PL!N-sd1-016,朝香果林,PL!N-sd1-016 朝香果林 - ラブライブ！シリーズ オフィシャルカードゲーム(ラブカ) 非公式 Wiki*,メンバー,ラブライブ！虹ヶ咲学園スクールアイドル同好会,虹ヶ咲,DiverDiva,9.0,3.0,なし,<桃> 1 <赤> 1 <青> 2,,,(なし),https://wikiwiki.jp/llocardgame/PL%21N-sd1-016%20%E6%9C%9D%E9%A6%99%E6%9E%9C%E6%9E%97,MEMBER,{},0,[],{},0,[],{},0,[],(なし),NO_ABILITY,1,"{""hearts"": {}, ""blade_mentions"": [], ""blade_icon_n"": 0, ""energy_icon_n"": 0, ""all_heart_n"": 0, ""score_delta_icon"": 0, ""unknown_tags"": [], ""tags"": []}",0,0,0,0,0,"{""draw"": 0, ""score"": 0, ""colorless"": 0}",0,0,0,,
PL!N-sd1-017,宮下愛,PL!N-sd1-017 宮下愛 - ラブライブ！シリーズ オフィシャルカードゲーム(ラブカ) 非公式 Wiki*,メンバー,ラブライブ！虹ヶ咲学園スクールアイドル同好会,虹ヶ咲,DiverDiva,4.0,1.0,<赤>,<赤> 1 <黄> 1,,,(なし),https://wikiwiki.jp/llocardgame/PL%21N-sd1-017%20%E5%AE%AE%E4%B8%8B%E6%84%9B,MEMBER,{},0,[],{},0,[],"{""red"": 1}",1,[],(なし),NO_ABILITY,1,"{""hearts"": {}, ""blade_mentions"": [], ""blade_icon_n"": 0, ""energy_icon_n"": 0, ""all_heart_n"": 0, ""score_delta_icon"": 0, ""unknown_tags"": [], ""tags"": []}",0,0,0,0,0,"{""draw"": 0, ""score"": 0, ""colorless"": 0}",0,0,0,,
PL!N-sd1-018,近江彼方,PL!N-sd1-018 近江彼方 - ラブライブ！シリーズ オフィシャルカードゲーム(ラブカ) 非公式 Wiki*,メンバー,ラブライブ！虹ヶ咲学園スクールアイドル同好会,虹ヶ咲,QU4RTZ,9.0,3.0,なし,<桃> 1 <赤> 1 <紫> 2,,,(なし),https://wikiwiki.jp/llocardgame/PL%21N-sd1-018%20%E8%BF%91%E6%B1%9F%E5%BD%BC%E6%96%B9,MEMBER,{},0,[],{},0,[],{},0,[],(なし),NO_ABILITY,1,"{""hearts"": {}, ""blade_mentions"": [], ""blade_icon_n"": 0, ""energy_icon_n"": 0, ""all_heart_n"": 0, ""score_delta_icon"": 0, ""unknown_tags"": [], ""tags"": []}",0,0,0,0,0,"{""draw"": 0, ""score"": 0, ""colorless"": 0}",0,0,0,,
PL!N-sd1-019,優木せつ菜,PL!N-sd1-019 優木せつ菜 - ラブライブ！シリーズ オフィシャルカードゲーム(ラブカ) 非公式 Wiki*,メンバー,ラブライブ！虹ヶ咲学園スクールアイドル同好会,虹ヶ咲,A・ZU・NA,4.0,1.0,<赤>,<赤> 1 <紫> 1,,,(なし),https://wikiwiki.jp/llocardgame/PL%21N-sd1-019%20%E5%84%AA%E6%9C%A8%E3%81%9B%E3%81%A4%E8%8F%9C,MEMBER,{},0,[],{},0,[],"{""red"": 1}",1,[],(なし),NO_ABILITY,1,"{""hearts"": {}, ""blade_mentions"": [], ""blade_icon_n"": 0, ""energy_icon_n"": 0, ""all_heart_n"": 0, ""score_delta_icon"": 0, ""unknown_tags"": [], ""tags"": []}",0,0,0,0,0,"{""draw"": 0, ""score"": 0, ""colorless"": 0}",0,0,0,,
PL!N-sd1-020,エマ・ヴェルデ,PL!N-sd1-020 エマ・ヴェルデ - ラブライブ！シリーズ オフィシャルカードゲーム(ラブカ) 非公式 Wiki*,メンバー,ラブライブ！虹ヶ咲学園スクールアイドル同好会,虹ヶ咲,QU4RTZ,4.0,1.0,<緑>,<緑> 1 <紫> 1,,,(なし),https://wikiwiki.jp/llocardgame/PL%21N-sd1-020%20%E3%82%A8%E3%83%9E%E3%83%BB%E3%83%B4%E3%82%A7%E3%83%AB%E3%83%87,MEMBER,{},0,[],{},0,[],"{""green"": 1}",1,[],(なし),NO_ABILITY,1,"{""hearts"": {}, ""blade_mentions"": [], ""blade_icon_n"": 0, ""energy_icon_n"": 0, ""all_heart_n"": 0, ""score_delta_icon"": 0, ""unknown_tags"": [], ""tags"": []}",0,0,0,0,0,"{""draw"": 0, ""score"": 0, ""colorless"": 0}",0,0,0,,
PL!N-sd1-021,天王寺璃奈,PL!N-sd1-021 天王寺璃奈 - ラブライブ！シリーズ オフィシャルカードゲーム(ラブカ) 非公式 Wiki*,メンバー,ラブライブ！虹ヶ咲学園スクールアイドル同好会,虹ヶ咲,QU4RTZ,4.0,1.0,なし,<紫> 2,,,"<登場>
カードを1枚引き、手札を1枚控え室に置く。",https://wikiwiki.jp/llocardgame/PL%21N-sd1-021%20%E5%A4%A9%E7%8E%8B%E5%AF%BA%E7%92%83%E5%A5%88,MEMBER,{},0,[],{},0,[],{},0,[],"<登場>
カードを1枚引き、手札を1枚控え室に置く。",HAS_TEXT,0,"{""hearts"": {}, ""blade_mentions"": [], ""blade_icon_n"": 0, ""energy_icon_n"": 0, ""all_heart_n"": 0, ""score_delta_icon"": 0, ""unknown_tags"": [], ""tags"": []}",0,0,0,0,0,"{""draw"": 0, ""score"": 0, ""colorless"": 0}",0,0,0,,
PL!N-sd1-022,三船栞子,PL!N-sd1-022 三船栞子 - ラブライブ！シリーズ オフィシャルカードゲーム(ラブカ) 非公式 Wiki*,メンバー,ラブライブ！虹ヶ咲学園スクールアイドル同好会,虹ヶ咲,R3BIRTH,4.0,1.0,なし,<緑> 2,,,"<登場>
カードを1枚引き、手札を1枚控え室に置く。",https://wikiwiki.jp/llocardgame/PL%21N-sd1-022%20%E4%B8%89%E8%88%B9%E6%A0%9E%E5%AD%90,MEMBER,{},0,[],{},0,[],{},0,[],"<登場>
カードを1枚引き、手札を1枚控え室に置く。",HAS_TEXT,0,"{""hearts"": {}, ""blade_mentions"": [], ""blade_icon_n"": 0, ""energy_icon_n"": 0, ""all_heart_n"": 0, ""score_delta_icon"": 0, ""unknown_tags"": [], ""tags"": []}",0,0,0,0,0,"{""draw"": 0, ""score"": 0, ""colorless"": 0}",0,0,0,,
PL!N-sd1-023,ミア・テイラー,PL!N-sd1-023 ミア・テイラー - ラブライブ！シリーズ オフィシャルカードゲーム(ラブカ) 非公式 Wiki*,メンバー,ラブライブ！虹ヶ咲学園スクールアイドル同好会,虹ヶ咲,R3BIRTH,4.0,1.0,<黄>,<桃> 1 <黄> 1,,,(なし),https://wikiwiki.jp/llocardgame/PL%21N-sd1-023%20%E3%83%9F%E3%82%A2%E3%83%BB%E3%83%86%E3%82%A4%E3%83%A9%E3%83%BC,MEMBER,{},0,[],{},0,[],"{""yellow"": 1}",1,[],(なし),NO_ABILITY,1,"{""hearts"": {}, ""blade_mentions"": [], ""blade_icon_n"": 0, ""energy_icon_n"": 0, ""all_heart_n"": 0, ""score_delta_icon"": 0, ""unknown_tags"": [], ""tags"": []}",0,0,0,0,0,"{""draw"": 0, ""score"": 0, ""colorless"": 0}",0,0,0,,
PL!N-sd1-024,鐘嵐珠,PL!N-sd1-024 鐘嵐珠 - ラブライブ！シリーズ オフィシャルカードゲーム(ラブカ) 非公式 Wiki*,メンバー,ラブライブ！虹ヶ咲学園スクールアイドル同好会,虹ヶ咲,R3BIRTH,4.0,1.0,<桃>,<桃> 1 <緑> 1,,,(なし),https://wikiwiki.jp/llocardgame/PL%21N-sd1-024%20%E9%90%98%E5%B5%90%E7%8F%A0,MEMBER,{},0,[],{},0,[],"{""pink"": 1}",1,[],(なし),NO_ABILITY,1,"{""hearts"": {}, ""blade_mentions"": [], ""blade_icon_n"": 0, ""energy_icon_n"": 0, ""all_heart_n"": 0, ""score_delta_icon"": 0, ""unknown_tags"": [], ""tags"": []}",0,0,0,0,0,"{""draw"": 0, ""score"": 0, ""colorless"": 0}",0,0,0,,
PL!N-sd1-025,Colorful Dreams! Colorful Smiles!,PL!N-sd1-025 Colorful Dreams! Colorful Smiles! - ラブライブ！シリーズ オフィシャルカードゲーム(ラブカ) 非公式 Wiki*,ライブ,ラブライブ！虹ヶ咲学園スクールアイドル同好会,虹ヶ咲,,,,<スコア+1>,,<任意> 4 (合計4),1.0,(なし),https://wikiwiki.jp/llocardgame/PL%21N-sd1-025%20Colorful%20Dreams%21%20Colorful%20Smiles%21,LIVE,{},0,[],{},4,[],{},0,[],(なし),NO_ABILITY,1,"{""hearts"": {}, ""blade_mentions"": [], ""blade_icon_n"": 0, ""energy_icon_n"": 0, ""all_heart_n"": 0, ""score_delta_icon"": 0, ""unknown_tags"": [], ""tags"": []}",0,0,0,0,0,"{""draw"": 0, ""score"": 1, ""colorless"": 0}",0,1,0,,
PL!N-sd1-026,夢が僕らの太陽さ,PL!N-sd1-026 夢が僕らの太陽さ - ラブライブ！シリーズ オフィシャルカードゲーム(ラブカ) 非公式 Wiki*,ライブ,ラブライブ！虹ヶ咲学園スクールアイドル同好会,虹ヶ咲,,,,<ALL>,,<桃> 1 <赤> 1 <任意> 3 (合計5),2.0,(なし),https://wikiwiki.jp/llocardgame/PL%21N-sd1-026%20%E5%A4%A2%E3%81%8C%E5%83%95%E3%82%89%E3%81%AE%E5%A4%AA%E9%99%BD%E3%81%95,LIVE,{},0,[],{},5,[],"{""all"": 1}",1,[],(なし),NO_ABILITY,1,"{""hearts"": {}, ""blade_mentions"": [], ""blade_icon_n"": 0, ""energy_icon_n"": 0, ""all_heart_n"": 0, ""score_delta_icon"": 0, ""unknown_tags"": [], ""tags"": []}",0,0,0,0,0,"{""draw"": 0, ""score"": 0, ""colorless"": 0}",0,0,0,,
PL!N-sd1-027,Just Believe!!!,PL!N-sd1-027 Just Believe!!! - ラブライブ！シリーズ オフィシャルカードゲーム(ラブカ) 非公式 Wiki*,ライブ,ラブライブ！虹ヶ咲学園スクールアイドル同好会,虹ヶ咲,,,,<ALL>,,<桃> 1 <赤> 1 <緑> 1 <任意> 4 (合計7),3.0,(なし),https://wikiwiki.jp/llocardgame/PL%21N-sd1-027%20Just%20Believe%21%21%21,LIVE,{},0,[],{},7,[],"{""all"": 1}",1,[],(なし),NO_ABILITY,1,"{""hearts"": {}, ""blade_mentions"": [], ""blade_icon_n"": 0, ""energy_icon_n"": 0, ""all_heart_n"": 0, ""score_delta_icon"": 0, ""unknown_tags"": [], ""tags"": []}",0,0,0,0,0,"{""draw"": 0, ""score"": 0, ""colorless"": 0}",0,0,0,,
PL!N-sd1-028,Dream with You,PL!N-sd1-028 Dream with You - ラブライブ！シリーズ オフィシャルカードゲーム(ラブカ) 非公式 Wiki*,ライブ,ラブライブ！虹ヶ咲学園スクールアイドル同好会,虹ヶ咲,,,,<桃> <ドロー+1>,,<桃> 4 <任意> 7 (合計11),4.0,"<ライブ開始時>
自分のステージにいるメンバーが持つ
<(ブレード)>
の合計が10以上の場合、このカードのスコアを+1する。",https://wikiwiki.jp/llocardgame/PL%21N-sd1-028%20Dream%20with%20You,LIVE,{},0,[],{},11,[],"{""pink"": 1}",1,[],"<ライブ開始時>
自分のステージにいるメンバーが持つ
<(ブレード)>
の合計が10以上の場合、このカードのスコアを+1する。",HAS_TEXT,0,"{""hearts"": {}, ""blade_mentions"": [], ""tags"": [], ""blade_icon_n"": 1, ""energy_icon_n"": 0, ""all_heart_n"": 0, ""score_delta_icon"": 0, ""unknown_tags"": []}",1,0,0,0,0,"{""draw"": 1, ""score"": 0, ""colorless"": 0}",1,0,0,,
PL!N-sd2-025,ワンダーメイツ,PL!N-sd2-025 ワンダーメイツ - ラブライブ！シリーズ オフィシャルカードゲーム(ラブカ) 非公式 Wiki*,ライブ,ラブライブ！虹ヶ咲学園スクールアイドル同好会,虹ヶ咲,,,,<スコア+1>,,<桃> 1 <緑> 1 <青> 1 (合計3),1.0,"<ライブ開始時>
自分のステージにいる『虹ヶ咲』のメンバー1人をアクティブにする。",https://wikiwiki.jp/llocardgame/PL%21N-sd2-025%20%E3%83%AF%E3%83%B3%E3%83%80%E3%83%BC%E3%83%A1%E3%82%A4%E3%83%84,LIVE,{},0,[],{},3,[],{},0,[],"<ライブ開始時>
自分のステージにいる『虹ヶ咲』のメンバー1人をアクティブにする。",HAS_TEXT,0,"{""hearts"": {}, ""blade_mentions"": [], ""blade_icon_n"": 0, ""energy_icon_n"": 0, ""all_heart_n"": 0, ""score_delta_icon"": 0, ""unknown_tags"": [], ""tags"": []}",0,0,0,0,0,"{""draw"": 0, ""score"": 1, ""colorless"": 0}",0,1,0,,
PL!S-PR-013,高海千歌,PL!S-PR-013 高海千歌 - ラブライブ！シリーズ オフィシャルカードゲーム(ラブカ) 非公式 Wiki*,メンバー,ラブライブ！サンシャイン!!,Aqours,CYaRon!,11.0,3.0,なし,<赤> 2 <緑> 1 <青> 1,,,"<登場>
手札を1枚控え室に置いてもよい：自分のデッキの上からカードを3枚見る。その中から1枚を手札に加え、残りを控え室に置く。
<ライブ開始時>
<(E)>
<(E)>
支払ってもよい：ライブ終了時まで、
<(ブレード)>
<(ブレード)>
を得る。",https://wikiwiki.jp/llocardgame/PL%21S-PR-013%20%E9%AB%98%E6%B5%B7%E5%8D%83%E6%AD%8C,MEMBER,{},0,[],{},0,[],{},0,[],"<登場>
手札を1枚控え室に置いてもよい：自分のデッキの上からカードを3枚見る。その中から1枚を手札に加え、残りを控え室に置く。
<ライブ開始時>
<(E)>
<(E)>
支払ってもよい：ライブ終了時まで、
<(ブレード)>
<(ブレード)>
を得る。",HAS_TEXT,0,"{""hearts"": {}, ""blade_mentions"": [], ""tags"": [], ""blade_icon_n"": 2, ""energy_icon_n"": 2, ""all_heart_n"": 0, ""score_delta_icon"": 0, ""unknown_tags"": []}",2,2,0,0,0,"{""draw"": 0, ""score"": 0, ""colorless"": 0}",0,0,0,,
PL!S-PR-014,桜内梨子,PL!S-PR-014 桜内梨子 - ラブライブ！シリーズ オフィシャルカードゲーム(ラブカ) 非公式 Wiki*,メンバー,ラブライブ！サンシャイン!!,Aqours,Guilty Kiss,15.0,6.0,<青>,<赤> 2 <緑> 2 <青> 2,,,(なし),https://wikiwiki.jp/llocardgame/PL%21S-PR-014%20%E6%A1%9C%E5%86%85%E6%A2%A8%E5%AD%90,MEMBER,{},0,[],{},0,[],"{""blue"": 1}",1,[],(なし),NO_ABILITY,1,"{""hearts"": {}, ""blade_mentions"": [], ""blade_icon_n"": 0, ""energy_icon_n"": 0, ""all_heart_n"": 0, ""score_delta_icon"": 0, ""unknown_tags"": [], ""tags"": []}",0,0,0,0,0,"{""draw"": 0, ""score"": 0, ""colorless"": 0}",0,0,0,,
PL!S-PR-015,松浦果南,PL!S-PR-015 松浦果南 - ラブライブ！シリーズ オフィシャルカードゲーム(ラブカ) 非公式 Wiki*,メンバー,ラブライブ！サンシャイン!!,Aqours,AZALEA,4.0,1.0,<緑>,<赤> 1 <緑> 1,,,(なし),https://wikiwiki.jp/llocardgame/PL%21S-PR-015%20%E6%9D%BE%E6%B5%A6%E6%9E%9C%E5%8D%97,MEMBER,{},0,[],{},0,[],"{""green"": 1}",1,[],(なし),NO_ABILITY,1,"{""hearts"": {}, ""blade_mentions"": [], ""blade_icon_n"": 0, ""energy_icon_n"": 0, ""all_heart_n"": 0, ""score_delta_icon"": 0, ""unknown_tags"": [], ""tags"": []}",0,0,0,0,0,"{""draw"": 0, ""score"": 0, ""colorless"": 0}",0,0,0,,
PL!S-PR-016,黒澤ダイヤ,PL!S-PR-016 黒澤ダイヤ - ラブライブ！シリーズ オフィシャルカードゲーム(ラブカ) 非公式 Wiki*,メンバー,ラブライブ！サンシャイン!!,Aqours,AZALEA,9.0,3.0,なし,<赤> 1 <緑> 2,,,"<登場>
ライブ終了時まで、
<(ブレード)>
を得る。",https://wikiwiki.jp/llocardgame/PL%21S-PR-016%20%E9%BB%92%E6%BE%A4%E3%83%80%E3%82%A4%E3%83%A4,MEMBER,{},0,[],{},0,[],{},0,[],"<登場>
ライブ終了時まで、
<(ブレード)>
を得る。",HAS_TEXT,0,"{""hearts"": {}, ""blade_mentions"": [], ""tags"": [], ""blade_icon_n"": 1, ""energy_icon_n"": 0, ""all_heart_n"": 0, ""score_delta_icon"": 0, ""unknown_tags"": []}",1,0,0,0,0,"{""draw"": 0, ""score"": 0, ""colorless"": 0}",0,0,0,,
PL!S-PR-017,渡辺曜,PL!S-PR-017 渡辺曜 - ラブライブ！シリーズ オフィシャルカードゲーム(ラブカ) 非公式 Wiki*,メンバー,ラブライブ！サンシャイン!!,Aqours,CYaRon!,4.0,1.0,<赤>,<赤> 1 <青> 1,,,(なし),https://wikiwiki.jp/llocardgame/PL%21S-PR-017%20%E6%B8%A1%E8%BE%BA%E6%9B%9C,MEMBER,{},0,[],{},0,[],"{""red"": 1}",1,[],(なし),NO_ABILITY,1,"{""hearts"": {}, ""blade_mentions"": [], ""blade_icon_n"": 0, ""energy_icon_n"": 0, ""all_heart_n"": 0, ""score_delta_icon"": 0, ""unknown_tags"": [], ""tags"": []}",0,0,0,0,0,"{""draw"": 0, ""score"": 0, ""colorless"": 0}",0,0,0,,
PL!S-PR-018,津島善子,PL!S-PR-018 津島善子 - ラブライブ！シリーズ オフィシャルカードゲーム(ラブカ) 非公式 Wiki*,メンバー,ラブライブ！サンシャイン!!,Aqours,Guilty Kiss,4.0,1.0,<青>,<緑> 1 <青> 1,,,(なし),https://wikiwiki.jp/llocardgame/PL%21S-PR-018%20%E6%B4%A5%E5%B3%B6%E5%96%84%E5%AD%90,MEMBER,{},0,[],{},0,[],"{""blue"": 1}",1,[],(なし),NO_ABILITY,1,"{""hearts"": {}, ""blade_mentions"": [], ""blade_icon_n"": 0, ""energy_icon_n"": 0, ""all_heart_n"": 0, ""score_delta_icon"": 0, ""unknown_tags"": [], ""tags"": []}",0,0,0,0,0,"{""draw"": 0, ""score"": 0, ""colorless"": 0}",0,0,0,,
PL!S-PR-019,国木田花丸,PL!S-PR-019 国木田花丸 - ラブライブ！シリーズ オフィシャルカードゲーム(ラブカ) 非公式 Wiki*,メンバー,ラブライブ！サンシャイン!!,Aqours,AZALEA,11.0,3.0,なし,<赤> 1 <緑> 2 <青> 1,,,"<登場>
手札を1枚控え室に置いてもよい：自分のデッキの上からカードを3枚見る。その中から1枚を手札に加え、残りを控え室に置く。
<ライブ開始時>
<(E)>
<(E)>
支払ってもよい：ライブ終了時まで、
<(ブレード)>
<(ブレード)>
を得る。",https://wikiwiki.jp/llocardgame/PL%21S-PR-019%20%E5%9B%BD%E6%9C%A8%E7%94%B0%E8%8A%B1%E4%B8%B8,MEMBER,{},0,[],{},0,[],{},0,[],"<登場>
手札を1枚控え室に置いてもよい：自分のデッキの上からカードを3枚見る。その中から1枚を手札に加え、残りを控え室に置く。
<ライブ開始時>
<(E)>
<(E)>
支払ってもよい：ライブ終了時まで、
<(ブレード)>
<(ブレード)>
を得る。",HAS_TEXT,0,"{""hearts"": {}, ""blade_mentions"": [], ""tags"": [], ""blade_icon_n"": 2, ""energy_icon_n"": 2, ""all_heart_n"": 0, ""score_delta_icon"": 0, ""unknown_tags"": []}",2,2,0,0,0,"{""draw"": 0, ""score"": 0, ""colorless"": 0}",0,0,0,,
PL!S-PR-020,小原鞠莉,PL!S-PR-020 小原鞠莉 - ラブライブ！シリーズ オフィシャルカードゲーム(ラブカ) 非公式 Wiki*,メンバー,ラブライブ！サンシャイン!!,Aqours,Guilty Kiss,9.0,3.0,なし,<緑> 1 <青> 2,,,"<登場>
ライブ終了時まで、
<(ブレード)>
を得る。",https://wikiwiki.jp/llocardgame/PL%21S-PR-020%20%E5%B0%8F%E5%8E%9F%E9%9E%A0%E8%8E%89,MEMBER,{},0,[],{},0,[],{},0,[],"<登場>
ライブ終了時まで、
<(ブレード)>
を得る。",HAS_TEXT,0,"{""hearts"": {}, ""blade_mentions"": [], ""tags"": [], ""blade_icon_n"": 1, ""energy_icon_n"": 0, ""all_heart_n"": 0, ""score_delta_icon"": 0, ""unknown_tags"": []}",1,0,0,0,0,"{""draw"": 0, ""score"": 0, ""colorless"": 0}",0,0,0,,
PL!S-PR-021,黒澤ルビィ,PL!S-PR-021 黒澤ルビィ - ラブライブ！シリーズ オフィシャルカードゲーム(ラブカ) 非公式 Wiki*,メンバー,ラブライブ！サンシャイン!!,Aqours,CYaRon!,9.0,3.0,なし,<赤> 2 <青> 1,,,"<登場>
ライブ終了時まで、
<(ブレード)>
を得る。",https://wikiwiki.jp/llocardgame/PL%21S-PR-021%20%E9%BB%92%E6%BE%A4%E3%83%AB%E3%83%93%E3%82%A3,MEMBER,{},0,[],{},0,[],{},0,[],"<登場>
ライブ終了時まで、
<(ブレード)>
を得る。",HAS_TEXT,0,"{""hearts"": {}, ""blade_mentions"": [], ""tags"": [], ""blade_icon_n"": 1, ""energy_icon_n"": 0, ""all_heart_n"": 0, ""score_delta_icon"": 0, ""unknown_tags"": []}",1,0,0,0,0,"{""draw"": 0, ""score"": 0, ""colorless"": 0}",0,0,0,,
PL!S-PR-022,HAPPY PARTY TRAIN,PL!S-PR-022 HAPPY PARTY TRAIN - ラブライブ！シリーズ オフィシャルカードゲーム(ラブカ) 非公式 Wiki*,ライブ,ラブライブ！サンシャイン!!,Aqours,,,,<ALL>,,<赤> 1 <緑> 1 <青> 1,1.0,(なし),https://wikiwiki.jp/llocardgame/PL%21S-PR-022%20HAPPY%20PARTY%20TRAIN,LIVE,{},0,[],{},0,[],"{""all"": 1}",1,[],(なし),NO_ABILITY,1,"{""hearts"": {}, ""blade_mentions"": [], ""blade_icon_n"": 0, ""energy_icon_n"": 0, ""all_heart_n"": 0, ""score_delta_icon"": 0, ""unknown_tags"": [], ""tags"": []}",0,0,0,0,0,"{""draw"": 0, ""score"": 0, ""colorless"": 0}",0,0,0,,
PL!S-PR-023,恋になりたいAQUARIUM,PL!S-PR-023 恋になりたいAQUARIUM - ラブライブ！シリーズ オフィシャルカードゲーム(ラブカ) 非公式 Wiki*,ライブ,ラブライブ！サンシャイン!!,Aqours,,,,<ALL>,,<赤> 2 <緑> 2 <青> 2 <任意> 1,3.0,(なし),https://wikiwiki.jp/llocardgame/PL%21S-PR-023%20%E6%81%8B%E3%81%AB%E3%81%AA%E3%82%8A%E3%81%9F%E3%81%84AQUARIUM,LIVE,{},0,[],{},0,[],"{""all"": 1}",1,[],(なし),NO_ABILITY,1,"{""hearts"": {}, ""blade_mentions"": [], ""blade_icon_n"": 0, ""energy_icon_n"": 0, ""all_heart_n"": 0, ""score_delta_icon"": 0, ""unknown_tags"": [], ""tags"": []}",0,0,0,0,0,"{""draw"": 0, ""score"": 0, ""colorless"": 0}",0,0,0,,
PL!S-PR-024,勇気はどこに?君の胸に!,PL!S-PR-024 勇気はどこに?君の胸に! - ラブライブ！シリーズ オフィシャルカードゲーム(ラブカ) 非公式 Wiki*,ライブ,ラブライブ！サンシャイン!!,Aqours,,,,<ALL>,,<赤> 3 <緑> 3 <青> 3 <任意> 3,5.0,(なし),https://wikiwiki.jp/llocardgame/PL%21S-PR-024%20%E5%8B%87%E6%B0%97%E3%81%AF%E3%81%A9%E3%81%93%E3%81%AB%3F%E5%90%9B%E3%81%AE%E8%83%B8%E3%81%AB%21,LIVE,{},0,[],{},0,[],"{""all"": 1}",1,[],(なし),NO_ABILITY,1,"{""hearts"": {}, ""blade_mentions"": [], ""blade_icon_n"": 0, ""energy_icon_n"": 0, ""all_heart_n"": 0, ""score_delta_icon"": 0, ""unknown_tags"": [], ""tags"": []}",0,0,0,0,0,"{""draw"": 0, ""score"": 0, ""colorless"": 0}",0,0,0,,
PL!S-PR-025,高海千歌,PL!S-PR-025 高海千歌 - ラブライブ！シリーズ オフィシャルカードゲーム(ラブカ) 非公式 Wiki*,メンバー,ラブライブ！サンシャイン!!,Aqours,CYaRon!,2.0,1.0,<赤>,<赤> 1,,,"<起動>
このメンバーをステージから控え室に置く：自分の控え室からメンバーカードを1枚手札に加える。",https://wikiwiki.jp/llocardgame/PL%21S-PR-025%20%E9%AB%98%E6%B5%B7%E5%8D%83%E6%AD%8C,MEMBER,{},0,[],{},0,[],"{""red"": 1}",1,[],"<起動>
このメンバーをステージから控え室に置く：自分の控え室からメンバーカードを1枚手札に加える。",HAS_TEXT,0,"{""hearts"": {}, ""blade_mentions"": [], ""blade_icon_n"": 0, ""energy_icon_n"": 0, ""all_heart_n"": 0, ""score_delta_icon"": 0, ""unknown_tags"": [], ""tags"": []}",0,0,0,0,0,"{""draw"": 0, ""score"": 0, ""colorless"": 0}",0,0,0,,
PL!S-PR-026,桜内梨子,PL!S-PR-026 桜内梨子 - ラブライブ！シリーズ オフィシャルカードゲーム(ラブカ) 非公式 Wiki*,メンバー,ラブライブ！サンシャイン!!,Aqours,Guilty Kiss,2.0,1.0,<青>,<青> 1,,,"<起動>
このメンバーをステージから控え室に置く：自分の控え室からライブカードを1枚手札に加える。",https://wikiwiki.jp/llocardgame/PL%21S-PR-026%20%E6%A1%9C%E5%86%85%E6%A2%A8%E5%AD%90,MEMBER,{},0,[],{},0,[],"{""blue"": 1}",1,[],"<起動>
このメンバーをステージから控え室に置く：自分の控え室からライブカードを1枚手札に加える。",HAS_TEXT,0,"{""hearts"": {}, ""blade_mentions"": [], ""blade_icon_n"": 0, ""energy_icon_n"": 0, ""all_heart_n"": 0, ""score_delta_icon"": 0, ""unknown_tags"": [], ""tags"": []}",0,0,0,0,0,"{""draw"": 0, ""score"": 0, ""colorless"": 0}",0,0,0,,
PL!S-PR-027,松浦果南,PL!S-PR-027 松浦果南 - ラブライブ！シリーズ オフィシャルカードゲーム(ラブカ) 非公式 Wiki*,メンバー,ラブライブ！サンシャイン!!,Aqours,AZALEA,2.0,1.0,<緑>,<緑> 1,,,"<起動>
このメンバーをステージから控え室に置く：自分の控え室からメンバーカードを1枚手札に加える。",https://wikiwiki.jp/llocardgame/PL%21S-PR-027%20%E6%9D%BE%E6%B5%A6%E6%9E%9C%E5%8D%97,MEMBER,{},0,[],{},0,[],"{""green"": 1}",1,[],"<起動>
このメンバーをステージから控え室に置く：自分の控え室からメンバーカードを1枚手札に加える。",HAS_TEXT,0,"{""hearts"": {}, ""blade_mentions"": [], ""blade_icon_n"": 0, ""energy_icon_n"": 0, ""all_heart_n"": 0, ""score_delta_icon"": 0, ""unknown_tags"": [], ""tags"": []}",0,0,0,0,0,"{""draw"": 0, ""score"": 0, ""colorless"": 0}",0,0,0,,
PL!S-PR-028,黒澤ダイヤ,PL!S-PR-028 黒澤ダイヤ - ラブライブ！シリーズ オフィシャルカードゲーム(ラブカ) 非公式 Wiki*,メンバー,ラブライブ！サンシャイン!!,Aqours,AZALEA,4.0,1.0,なし,<赤> 1 <緑> 1,,,"<登場>
自分のデッキの上からカードを3枚見る。その中から好きな枚数を好きな順番でデッキの上に置き、残りを控え室に置く。",https://wikiwiki.jp/llocardgame/PL%21S-PR-028%20%E9%BB%92%E6%BE%A4%E3%83%80%E3%82%A4%E3%83%A4,MEMBER,{},0,[],{},0,[],{},0,[],"<登場>
自分のデッキの上からカードを3枚見る。その中から好きな枚数を好きな順番でデッキの上に置き、残りを控え室に置く。",HAS_TEXT,0,"{""hearts"": {}, ""blade_mentions"": [], ""blade_icon_n"": 0, ""energy_icon_n"": 0, ""all_heart_n"": 0, ""score_delta_icon"": 0, ""unknown_tags"": [], ""tags"": []}",0,0,0,0,0,"{""draw"": 0, ""score"": 0, ""colorless"": 0}",0,0,0,,
PL!S-PR-029,渡辺曜,PL!S-PR-029 渡辺曜 - ラブライブ！シリーズ オフィシャルカードゲーム(ラブカ) 非公式 Wiki*,メンバー,ラブライブ！サンシャイン!!,Aqours,CYaRon!,9.0,3.0,なし,<赤> 1 <緑> 1 <青> 1,,,"<常時>
自分か相手のステージにコスト13以上のメンバーがいる場合、
<(ブレード)>
<(ブレード)>
を得る。",https://wikiwiki.jp/llocardgame/PL%21S-PR-029%20%E6%B8%A1%E8%BE%BA%E6%9B%9C,MEMBER,{},0,[],{},0,[],{},0,[],"<常時>
自分か相手のステージにコスト13以上のメンバーがいる場合、
<(ブレード)>
<(ブレード)>
を得る。",HAS_TEXT,0,"{""hearts"": {}, ""blade_mentions"": [], ""tags"": [], ""blade_icon_n"": 2, ""energy_icon_n"": 0, ""all_heart_n"": 0, ""score_delta_icon"": 0, ""unknown_tags"": []}",2,0,0,0,0,"{""draw"": 0, ""score"": 0, ""colorless"": 0}",0,0,0,,
PL!S-PR-030,津島善子,PL!S-PR-030 津島善子 - ラブライブ！シリーズ オフィシャルカードゲーム(ラブカ) 非公式 Wiki*,メンバー,ラブライブ！サンシャイン!!,Aqours,Guilty Kiss,9.0,3.0,なし,<赤> 1 <緑> 1 <青> 1,,,"<常時>
自分か相手のステージにコスト13以上のメンバーがいる場合、
<(ブレード)>
<(ブレード)>
を得る。",https://wikiwiki.jp/llocardgame/PL%21S-PR-030%20%E6%B4%A5%E5%B3%B6%E5%96%84%E5%AD%90,MEMBER,{},0,[],{},0,[],{},0,[],"<常時>
自分か相手のステージにコスト13以上のメンバーがいる場合、
<(ブレード)>
<(ブレード)>
を得る。",HAS_TEXT,0,"{""hearts"": {}, ""blade_mentions"": [], ""tags"": [], ""blade_icon_n"": 2, ""energy_icon_n"": 0, ""all_heart_n"": 0, ""score_delta_icon"": 0, ""unknown_tags"": []}",2,0,0,0,0,"{""draw"": 0, ""score"": 0, ""colorless"": 0}",0,0,0,,
PL!S-PR-031,国木田花丸,PL!S-PR-031 国木田花丸 - ラブライブ！シリーズ オフィシャルカードゲーム(ラブカ) 非公式 Wiki*,メンバー,ラブライブ！サンシャイン!!,Aqours,AZALEA,9.0,3.0,なし,<赤> 1 <緑> 1 <青> 1,,,"<常時>
自分か相手のステージにコスト13以上のメンバーがいる場合、
<(ブレード)>
<(ブレード)>
を得る。",https://wikiwiki.jp/llocardgame/PL%21S-PR-031%20%E5%9B%BD%E6%9C%A8%E7%94%B0%E8%8A%B1%E4%B8%B8,MEMBER,{},0,[],{},0,[],{},0,[],"<常時>
自分か相手のステージにコスト13以上のメンバーがいる場合、
<(ブレード)>
<(ブレード)>
を得る。",HAS_TEXT,0,"{""hearts"": {}, ""blade_mentions"": [], ""tags"": [], ""blade_icon_n"": 2, ""energy_icon_n"": 0, ""all_heart_n"": 0, ""score_delta_icon"": 0, ""unknown_tags"": []}",2,0,0,0,0,"{""draw"": 0, ""score"": 0, ""colorless"": 0}",0,0,0,,
PL!S-PR-032,小原鞠莉,PL!S-PR-032 小原鞠莉 - ラブライブ！シリーズ オフィシャルカードゲーム(ラブカ) 非公式 Wiki*,メンバー,ラブライブ！サンシャイン!!,Aqours,Guilty Kiss,4.0,1.0,なし,<緑> 1 <青> 1,,,"<登場>
自分のデッキの上からカードを3枚見る。その中から好きな枚数を好きな順番でデッキの上に置き、残りを控え室に置く。",https://wikiwiki.jp/llocardgame/PL%21S-PR-032%20%E5%B0%8F%E5%8E%9F%E9%9E%A0%E8%8E%89,MEMBER,{},0,[],{},0,[],{},0,[],"<登場>
自分のデッキの上からカードを3枚見る。その中から好きな枚数を好きな順番でデッキの上に置き、残りを控え室に置く。",HAS_TEXT,0,"{""hearts"": {}, ""blade_mentions"": [], ""blade_icon_n"": 0, ""energy_icon_n"": 0, ""all_heart_n"": 0, ""score_delta_icon"": 0, ""unknown_tags"": [], ""tags"": []}",0,0,0,0,0,"{""draw"": 0, ""score"": 0, ""colorless"": 0}",0,0,0,,
PL!S-PR-033,黒澤ルビィ,PL!S-PR-033 黒澤ルビィ - ラブライブ！シリーズ オフィシャルカードゲーム(ラブカ) 非公式 Wiki*,メンバー,ラブライブ！サンシャイン!!,Aqours,CYaRon!,4.0,1.0,なし,<赤> 1 <青> 1,,,"<登場>
自分のデッキの上からカードを3枚見る。その中から好きな枚数を好きな順番でデッキの上に置き、残りを控え室に置く。",https://wikiwiki.jp/llocardgame/PL%21S-PR-033%20%E9%BB%92%E6%BE%A4%E3%83%AB%E3%83%93%E3%82%A3,MEMBER,{},0,[],{},0,[],{},0,[],"<登場>
自分のデッキの上からカードを3枚見る。その中から好きな枚数を好きな順番でデッキの上に置き、残りを控え室に置く。",HAS_TEXT,0,"{""hearts"": {}, ""blade_mentions"": [], ""blade_icon_n"": 0, ""energy_icon_n"": 0, ""all_heart_n"": 0, ""score_delta_icon"": 0, ""unknown_tags"": [], ""tags"": []}",0,0,0,0,0,"{""draw"": 0, ""score"": 0, ""colorless"": 0}",0,0,0,,
PL!S-PR-037,松浦果南,PL!S-PR-037 松浦果南 - ラブライブ！シリーズ オフィシャルカードゲーム(ラブカ) 非公式 Wiki*,メンバー,ラブライブ！サンシャイン!!,Aqours,AZALEA,11.0,4.0,<青>,<緑> 2 <青> 2,,,"<常時>
自分のステージにいるメンバーがちょうど2人であるかぎり、
<青>
<(ブレード)>
を得る。",https://wikiwiki.jp/llocardgame/PL%21S-PR-037%20%E6%9D%BE%E6%B5%A6%E6%9E%9C%E5%8D%97,MEMBER,{},0,[],{},0,[],"{""blue"": 1}",1,[],"<常時>
自分のステージにいるメンバーがちょうど2人であるかぎり、
<青>
<(ブレード)>
を得る。",HAS_TEXT,0,"{""hearts"": {}, ""blade_mentions"": [], ""tags"": [], ""blade_icon_n"": 1, ""energy_icon_n"": 0, ""all_heart_n"": 0, ""score_delta_icon"": 0, ""unknown_tags"": []}",1,0,0,0,0,"{""draw"": 0, ""score"": 0, ""colorless"": 0}",0,0,0,,
PL!S-PR-038,黒澤ダイヤ,PL!S-PR-038 黒澤ダイヤ - ラブライブ！シリーズ オフィシャルカードゲーム(ラブカ) 非公式 Wiki*,メンバー,ラブライブ！サンシャイン!!,Aqours,AZALEA,4.0,2.0,<緑>,<緑> 1,,,"<起動>
<ターン1回>
このメンバーをウェイトにし、手札を1枚控え室に置く：カードを1枚引く。",https://wikiwiki.jp/llocardgame/PL%21S-PR-038%20%E9%BB%92%E6%BE%A4%E3%83%80%E3%82%A4%E3%83%A4,MEMBER,{},0,[],{},0,[],"{""green"": 1}",1,[],"<起動>
<ターン1回>
このメンバーをウェイトにし、手札を1枚控え室に置く：カードを1枚引く。",HAS_TEXT,0,"{""hearts"": {}, ""blade_mentions"": [], ""blade_icon_n"": 0, ""energy_icon_n"": 0, ""all_heart_n"": 0, ""score_delta_icon"": 0, ""unknown_tags"": [], ""tags"": []}",0,0,0,0,0,"{""draw"": 0, ""score"": 0, ""colorless"": 0}",0,0,0,,
PL!S-PR-039,渡辺曜,PL!S-PR-039 渡辺曜 - ラブライブ！シリーズ オフィシャルカードゲーム(ラブカ) 非公式 Wiki*,メンバー,ラブライブ！サンシャイン!!,Aqours,CYaRon!,11.0,4.0,<赤>,<赤> 2 <青> 2,,,"<常時>
自分と相手の成功ライブカード置き場にカードが合計4枚以上あるかぎり、
<(ブレード)>
<(ブレード)>
を得る。",https://wikiwiki.jp/llocardgame/PL%21S-PR-039%20%E6%B8%A1%E8%BE%BA%E6%9B%9C,MEMBER,{},0,[],{},0,[],"{""red"": 1}",1,[],"<常時>
自分と相手の成功ライブカード置き場にカードが合計4枚以上あるかぎり、
<(ブレード)>
<(ブレード)>
を得る。",HAS_TEXT,0,"{""hearts"": {}, ""blade_mentions"": [], ""tags"": [], ""blade_icon_n"": 2, ""energy_icon_n"": 0, ""all_heart_n"": 0, ""score_delta_icon"": 0, ""unknown_tags"": []}",2,0,0,0,0,"{""draw"": 0, ""score"": 0, ""colorless"": 0}",0,0,0,,
PL!S-PR-040,国木田花丸,PL!S-PR-040 国木田花丸 - ラブライブ！シリーズ オフィシャルカードゲーム(ラブカ) 非公式 Wiki*,メンバー,ラブライブ！サンシャイン!!,Aqours,AZALEA,9.0,4.0,なし,<桃> 1 <赤> 1 <緑> 1,,,"<自動>
<ターン1回>
自分がエールしたとき、エールにより公開された自分のカードの中に同じグループを持つメンバーカードが3枚ある場合、ライブ終了時まで、
<桃>
<緑>
を得る。",https://wikiwiki.jp/llocardgame/PL%21S-PR-040%20%E5%9B%BD%E6%9C%A8%E7%94%B0%E8%8A%B1%E4%B8%B8,MEMBER,{},0,[],{},0,[],{},0,[],"<自動>
<ターン1回>
自分がエールしたとき、エールにより公開された自分のカードの中に同じグループを持つメンバーカードが3枚ある場合、ライブ終了時まで、
<桃>
<緑>
を得る。",HAS_TEXT,0,"{""hearts"": {}, ""blade_mentions"": [], ""blade_icon_n"": 0, ""energy_icon_n"": 0, ""all_heart_n"": 0, ""score_delta_icon"": 0, ""unknown_tags"": [], ""tags"": []}",0,0,0,0,0,"{""draw"": 0, ""score"": 0, ""colorless"": 0}",0,0,0,,
PL!S-PR-041,黒澤ルビィ,PL!S-PR-041 黒澤ルビィ - ラブライブ！シリーズ オフィシャルカードゲーム(ラブカ) 非公式 Wiki*,メンバー,ラブライブ！サンシャイン!!,Aqours,CYaRon!,15.0,5.0,<赤>,<赤> 2 <緑> 2 <青> 2,,,"<登場>
自分か相手を選ぶ。自分は、そのプレイヤーの控え室にあるライブカードを1枚、そのプレイヤーのデッキの一番下に置く。そうした場合、自分はカードを1枚引く。",https://wikiwiki.jp/llocardgame/PL%21S-PR-041%20%E9%BB%92%E6%BE%A4%E3%83%AB%E3%83%93%E3%82%A3,MEMBER,{},0,[],{},0,[],"{""red"": 1}",1,[],"<登場>
自分か相手を選ぶ。自分は、そのプレイヤーの控え室にあるライブカードを1枚、そのプレイヤーのデッキの一番下に置く。そうした場合、自分はカードを1枚引く。",HAS_TEXT,0,"{""hearts"": {}, ""blade_mentions"": [], ""blade_icon_n"": 0, ""energy_icon_n"": 0, ""all_heart_n"": 0, ""score_delta_icon"": 0, ""unknown_tags"": [], ""tags"": []}",0,0,0,0,0,"{""draw"": 0, ""score"": 0, ""colorless"": 0}",0,0,0,,
PL!S-PR-042,小原鞠莉,PL!S-PR-042 小原鞠莉 - ラブライブ！シリーズ オフィシャルカードゲーム(ラブカ) 非公式 Wiki*,メンバー,ラブライブ！サンシャイン!!,Aqours,Guilty Kiss,4.0,2.0,<赤>,なし,,,"<常時>
自分と相手のステージにメンバーが合計6人いるかぎり、
<赤>
<緑>
を得る。",https://wikiwiki.jp/llocardgame/PL%21S-PR-042%20%E5%B0%8F%E5%8E%9F%E9%9E%A0%E8%8E%89,MEMBER,{},0,[],{},0,[],"{""red"": 1}",1,[],"<常時>
自分と相手のステージにメンバーが合計6人いるかぎり、
<赤>
<緑>
を得る。",HAS_TEXT,0,"{""hearts"": {}, ""blade_mentions"": [], ""blade_icon_n"": 0, ""energy_icon_n"": 0, ""all_heart_n"": 0, ""score_delta_icon"": 0, ""unknown_tags"": [], ""tags"": []}",0,0,0,0,0,"{""draw"": 0, ""score"": 0, ""colorless"": 0}",0,0,0,,
PL!S-PR-044,高海千歌,PL!S-PR-044 高海千歌 - ラブライブ！シリーズ オフィシャルカードゲーム(ラブカ) 非公式 Wiki*,メンバー,ラブライブ！サンシャイン!!,Aqours,CYaRon!,5.0,0.0,なし,<赤> 1 <青> 1 <紫> 1,,,"<登場>
自分の控え室にあるカードの枚数が8枚未満の場合、自分のデッキの上からカードをその差に等しい枚数控え室に置く。その後、これにより控え室により置いたカードの中から、ライブカード1枚をデッキの一番上に置いてもよい。",https://wikiwiki.jp/llocardgame/PL%21S-PR-044%20%E9%AB%98%E6%B5%B7%E5%8D%83%E6%AD%8C,MEMBER,{},0,[],{},0,[],{},0,[],"<登場>
自分の控え室にあるカードの枚数が8枚未満の場合、自分のデッキの上からカードをその差に等しい枚数控え室に置く。その後、これにより控え室により置いたカードの中から、ライブカード1枚をデッキの一番上に置いてもよい。",HAS_TEXT,0,"{""hearts"": {}, ""blade_mentions"": [], ""blade_icon_n"": 0, ""energy_icon_n"": 0, ""all_heart_n"": 0, ""score_delta_icon"": 0, ""unknown_tags"": [], ""tags"": []}",0,0,0,0,0,"{""draw"": 0, ""score"": 0, ""colorless"": 0}",0,0,0,,
PL!S-PR-045,津島善子,PL!S-PR-045 津島善子 - ラブライブ！シリーズ オフィシャルカードゲーム(ラブカ) 非公式 Wiki*,メンバー,ラブライブ！サンシャイン!!,Aqours,Guilty Kiss,11.0,4.0,<青>,<赤> 1 <緑> 1 <青> 2,,,"<登場>
コスト7のメンバーからバトンタッチして登場した場合、カードを2枚引き、手札を1枚控え室に置く。",https://wikiwiki.jp/llocardgame/PL%21S-PR-045%20%E6%B4%A5%E5%B3%B6%E5%96%84%E5%AD%90,MEMBER,{},0,[],{},0,[],"{""blue"": 1}",1,[],"<登場>
コスト7のメンバーからバトンタッチして登場した場合、カードを2枚引き、手札を1枚控え室に置く。",HAS_TEXT,0,"{""hearts"": {}, ""blade_mentions"": [], ""blade_icon_n"": 0, ""energy_icon_n"": 0, ""all_heart_n"": 0, ""score_delta_icon"": 0, ""unknown_tags"": [], ""tags"": []}",0,0,0,0,0,"{""draw"": 0, ""score"": 0, ""colorless"": 0}",0,0,0,,
PL!S-bp2-001,高海千歌,PL!S-bp2-001 高海千歌 - ラブライブ！シリーズ オフィシャルカードゲーム(ラブカ) 非公式 Wiki*,メンバー,ラブライブ！サンシャイン!!,Aqours,CYaRon!,9.0,4.0,なし,<赤> 1 <緑> 1 <青> 1,,,"<常時>
自分の成功ライブカード置き場のカードが0枚で、かつ相手の成功ライブカード置き場にカードが１枚以上ある場合、
<(ブレード)>
<(ブレード)>
<(ブレード)>
を得る。",https://wikiwiki.jp/llocardgame/PL%21S-bp2-001%20%E9%AB%98%E6%B5%B7%E5%8D%83%E6%AD%8C,MEMBER,{},0,[],{},0,[],{},0,[],"<常時>
自分の成功ライブカード置き場のカードが0枚で、かつ相手の成功ライブカード置き場にカードが1枚以上ある場合、
<(ブレード)>
<(ブレード)>
<(ブレード)>
を得る。",HAS_TEXT,0,"{""hearts"": {}, ""blade_mentions"": [], ""tags"": [], ""blade_icon_n"": 3, ""energy_icon_n"": 0, ""all_heart_n"": 0, ""score_delta_icon"": 0, ""unknown_tags"": []}",3,0,0,0,0,"{""draw"": 0, ""score"": 0, ""colorless"": 0}",0,0,0,,
PL!S-bp2-002,桜内梨子,PL!S-bp2-002 桜内梨子 - ラブライブ！シリーズ オフィシャルカードゲーム(ラブカ) 非公式 Wiki*,メンバー,ラブライブ！サンシャイン!!,Aqours,Guilty Kiss,4.0,0.0,なし,<青> 2,,,"<自動>
このメンバーがステージから控え室に置かれたとき、手札を1枚控え室に置いてもよい。そうした場合、自分の控え室から『Aqours』のライブカードを1枚手札に加える。",https://wikiwiki.jp/llocardgame/PL%21S-bp2-002%20%E6%A1%9C%E5%86%85%E6%A2%A8%E5%AD%90,MEMBER,{},0,[],{},0,[],{},0,[],"<自動>
このメンバーがステージから控え室に置かれたとき、手札を1枚控え室に置いてもよい。そうした場合、自分の控え室から『Aqours』のライブカードを1枚手札に加える。",HAS_TEXT,0,"{""hearts"": {}, ""blade_mentions"": [], ""blade_icon_n"": 0, ""energy_icon_n"": 0, ""all_heart_n"": 0, ""score_delta_icon"": 0, ""unknown_tags"": [], ""tags"": []}",0,0,0,0,0,"{""draw"": 0, ""score"": 0, ""colorless"": 0}",0,0,0,,
PL!S-bp2-003,松浦果南,PL!S-bp2-003 松浦果南 - ラブライブ！シリーズ オフィシャルカードゲーム(ラブカ) 非公式 Wiki*,メンバー,ラブライブ！サンシャイン!!,Aqours,AZALEA,9.0,4.0,なし,<赤> 1 <緑> 1 <青> 1,,,"<自動>
<ターン1回>
エールにより公開された自分のカードの中にライブカードが1枚以上あるとき、ライブ終了時まで、
<緑>
を得る。",https://wikiwiki.jp/llocardgame/PL%21S-bp2-003%20%E6%9D%BE%E6%B5%A6%E6%9E%9C%E5%8D%97,MEMBER,{},0,[],{},0,[],{},0,[],"<自動>
<ターン1回>
エールにより公開された自分のカードの中にライブカードが1枚以上あるとき、ライブ終了時まで、
<緑>
を得る。",HAS_TEXT,0,"{""hearts"": {}, ""blade_mentions"": [], ""blade_icon_n"": 0, ""energy_icon_n"": 0, ""all_heart_n"": 0, ""score_delta_icon"": 0, ""unknown_tags"": [], ""tags"": []}",0,0,0,0,0,"{""draw"": 0, ""score"": 0, ""colorless"": 0}",0,0,0,,
PL!S-bp2-004,黒澤ダイヤ,PL!S-bp2-004 黒澤ダイヤ - ラブライブ！シリーズ オフィシャルカードゲーム(ラブカ) 非公式 Wiki*,メンバー,ラブライブ！サンシャイン!!,Aqours,AZALEA,11.0,3.0,なし,<赤> 2 <緑> 2 <青> 1,,,"<自動>
<ターン1回>
エールにより公開された自分のカードの中にライブカードがないとき、それらのカードをすべて控え室に置いてもよい。これにより1枚以上のカードが控え室に置かれた場合、そのエールで得たブレードハートを失い、もう一度エールを行う。",https://wikiwiki.jp/llocardgame/PL%21S-bp2-004%20%E9%BB%92%E6%BE%A4%E3%83%80%E3%82%A4%E3%83%A4,MEMBER,{},0,[],{},0,[],{},0,[],"<自動>
<ターン1回>
エールにより公開された自分のカードの中にライブカードがないとき、それらのカードをすべて控え室に置いてもよい。これにより1枚以上のカードが控え室に置かれた場合、そのエールで得たブレードハートを失い、もう一度エールを行う。",HAS_TEXT,0,"{""hearts"": {}, ""blade_mentions"": [], ""blade_icon_n"": 0, ""energy_icon_n"": 0, ""all_heart_n"": 0, ""score_delta_icon"": 0, ""unknown_tags"": [], ""tags"": []}",0,0,0,0,0,"{""draw"": 0, ""score"": 0, ""colorless"": 0}",0,0,0,,
PL!S-bp2-005,渡辺曜,PL!S-bp2-005 渡辺曜 - ラブライブ！シリーズ オフィシャルカードゲーム(ラブカ) 非公式 Wiki*,メンバー,ラブライブ！サンシャイン!!,Aqours,CYaRon!,13.0,3.0,<緑>,<赤> 2 <緑> 2 <青> 2,,,"<登場>
手札を1枚控え室に置いてもよい：自分のデッキの上からカードを7枚見る。その中から
<赤>
か
<緑>
か
<青>
を持つメンバーカードを3枚まで公開して手札に加えてもよい。残りを控え室に置く。",https://wikiwiki.jp/llocardgame/PL%21S-bp2-005%20%E6%B8%A1%E8%BE%BA%E6%9B%9C,MEMBER,{},0,[],{},0,[],"{""green"": 1}",1,[],"<登場>
手札を1枚控え室に置いてもよい：自分のデッキの上からカードを7枚見る。その中から
<赤>
か
<緑>
か
<青>
を持つメンバーカードを3枚まで公開して手札に加えてもよい。残りを控え室に置く。",HAS_TEXT,0,"{""hearts"": {}, ""blade_mentions"": [], ""blade_icon_n"": 0, ""energy_icon_n"": 0, ""all_heart_n"": 0, ""score_delta_icon"": 0, ""unknown_tags"": [], ""tags"": []}",0,0,0,0,0,"{""draw"": 0, ""score"": 0, ""colorless"": 0}",0,0,0,,
PL!S-bp2-006,津島善子,PL!S-bp2-006 津島善子 - ラブライブ！シリーズ オフィシャルカードゲーム(ラブカ) 非公式 Wiki*,メンバー,ラブライブ！サンシャイン!!,Aqours,Guilty Kiss,11.0,4.0,<青>,<赤> 1 <緑> 1 <青> 2,,,"<登場>
<(E)>
<(E)>
<(E)>
<(E)>
支払ってもよい：自分の控え室から、コストの合計が4以下になるようにメンバーカードを2枚までステージに登場させる。",https://wikiwiki.jp/llocardgame/PL%21S-bp2-006%20%E6%B4%A5%E5%B3%B6%E5%96%84%E5%AD%90,MEMBER,{},0,[],{},0,[],"{""blue"": 1}",1,[],"<登場>
<(E)>
<(E)>
<(E)>
<(E)>
支払ってもよい：自分の控え室から、コストの合計が4以下になるようにメンバーカードを2枚までステージに登場させる。",HAS_TEXT,0,"{""hearts"": {}, ""blade_mentions"": [], ""tags"": [], ""blade_icon_n"": 0, ""energy_icon_n"": 4, ""all_heart_n"": 0, ""score_delta_icon"": 0, ""unknown_tags"": []}",0,4,0,0,0,"{""draw"": 0, ""score"": 0, ""colorless"": 0}",0,0,0,,
PL!S-bp2-007,国木田花丸,PL!S-bp2-007 国木田花丸 - ラブライブ！シリーズ オフィシャルカードゲーム(ラブカ) 非公式 Wiki*,メンバー,ラブライブ！サンシャイン!!,Aqours,AZALEA,4.0,3.0,なし,<赤> 1,,,"<自動>
<ターン1回>
エールにより公開された自分のカードの中にライブカードが1枚以上あるとき、自分の手札が7枚以下の場合、カードを1枚引く。
<ライブ開始時>
手札のライブカードを1枚公開し、デッキの一番下に置いてもよい：自分のデッキの上からカードを2枚見る。その中から好きな枚数を好きな順番でデッキの上に置き、残りを控え室に置く。",https://wikiwiki.jp/llocardgame/PL%21S-bp2-007%20%E5%9B%BD%E6%9C%A8%E7%94%B0%E8%8A%B1%E4%B8%B8,MEMBER,{},0,[],{},0,[],{},0,[],"<自動>
<ターン1回>
エールにより公開された自分のカードの中にライブカードが1枚以上あるとき、自分の手札が7枚以下の場合、カードを1枚引く。
<ライブ開始時>
手札のライブカードを1枚公開し、デッキの一番下に置いてもよい：自分のデッキの上からカードを2枚見る。その中から好きな枚数を好きな順番でデッキの上に置き、残りを控え室に置く。",HAS_TEXT,0,"{""hearts"": {}, ""blade_mentions"": [], ""blade_icon_n"": 0, ""energy_icon_n"": 0, ""all_heart_n"": 0, ""score_delta_icon"": 0, ""unknown_tags"": [], ""tags"": []}",0,0,0,0,0,"{""draw"": 0, ""score"": 0, ""colorless"": 0}",0,0,0,,
PL!S-bp2-008,小原鞠莉,PL!S-bp2-008 小原鞠莉 - ラブライブ！シリーズ オフィシャルカードゲーム(ラブカ) 非公式 Wiki*,メンバー,ラブライブ！サンシャイン!!,Aqours,Guilty Kiss,17.0,4.0,なし,<赤> 2 <緑> 2 <青> 2,,,"<登場>
自分の控え室からライブカードを1枚までデッキの一番下に置く。
<常時>
自分のステージのエリアすべてに『Aqours』のメンバーが登場しており、かつ名前が異なる場合、「
<ライブ成功時>
エールにより公開された自分のカードの中にライブカードが1枚以上ある場合、ライブの合計スコアを+1する。ライブカードが3枚以上ある場合、代わりに合計スコアを+2する。」を得る。",https://wikiwiki.jp/llocardgame/PL%21S-bp2-008%20%E5%B0%8F%E5%8E%9F%E9%9E%A0%E8%8E%89,MEMBER,{},0,[],{},0,[],{},0,[],"<登場>
自分の控え室からライブカードを1枚までデッキの一番下に置く。
<常時>
自分のステージのエリアすべてに『Aqours』のメンバーが登場しており、かつ名前が異なる場合、「
<ライブ成功時>
エールにより公開された自分のカードの中にライブカードが1枚以上ある場合、ライブの合計スコアを+1する。ライブカードが3枚以上ある場合、代わりに合計スコアを+2する。」を得る。",HAS_TEXT,0,"{""hearts"": {}, ""blade_mentions"": [], ""blade_icon_n"": 0, ""energy_icon_n"": 0, ""all_heart_n"": 0, ""score_delta_icon"": 0, ""unknown_tags"": [], ""tags"": []}",0,0,0,0,0,"{""draw"": 0, ""score"": 0, ""colorless"": 0}",0,0,0,,
PL!S-bp2-009,黒澤ルビィ,PL!S-bp2-009 黒澤ルビィ - ラブライブ！シリーズ オフィシャルカードゲーム(ラブカ) 非公式 Wiki*,メンバー,ラブライブ！サンシャイン!!,Aqours,CYaRon!,2.0,1.0,<赤>,<赤> 1,,,"<起動>
このメンバーをステージから控え室に置く：自分の控え室からライブカードを1枚手札に加える。",https://wikiwiki.jp/llocardgame/PL%21S-bp2-009%20%E9%BB%92%E6%BE%A4%E3%83%AB%E3%83%93%E3%82%A3,MEMBER,{},0,[],{},0,[],"{""red"": 1}",1,[],"<起動>
このメンバーをステージから控え室に置く：自分の控え室からライブカードを1枚手札に加える。",HAS_TEXT,0,"{""hearts"": {}, ""blade_mentions"": [], ""blade_icon_n"": 0, ""energy_icon_n"": 0, ""all_heart_n"": 0, ""score_delta_icon"": 0, ""unknown_tags"": [], ""tags"": []}",0,0,0,0,0,"{""draw"": 0, ""score"": 0, ""colorless"": 0}",0,0,0,,
PL!S-bp2-010,高海千歌,PL!S-bp2-010 高海千歌 - ラブライブ！シリーズ オフィシャルカードゲーム(ラブカ) 非公式 Wiki*,メンバー,ラブライブ！サンシャイン!!,Aqours,CYaRon!,13.0,4.0,<赤>,<赤> 2 <緑> 1 <青> 2,,,"<登場>
カードを2枚引き、手札を2枚控え室に置く。",https://wikiwiki.jp/llocardgame/PL%21S-bp2-010%20%E9%AB%98%E6%B5%B7%E5%8D%83%E6%AD%8C,MEMBER,{},0,[],{},0,[],"{""red"": 1}",1,[],"<登場>
カードを2枚引き、手札を2枚控え室に置く。",HAS_TEXT,0,"{""hearts"": {}, ""blade_mentions"": [], ""blade_icon_n"": 0, ""energy_icon_n"": 0, ""all_heart_n"": 0, ""score_delta_icon"": 0, ""unknown_tags"": [], ""tags"": []}",0,0,0,0,0,"{""draw"": 0, ""score"": 0, ""colorless"": 0}",0,0,0,,
PL!S-bp2-011,桜内梨子,PL!S-bp2-011 桜内梨子 - ラブライブ！シリーズ オフィシャルカードゲーム(ラブカ) 非公式 Wiki*,メンバー,ラブライブ！サンシャイン!!,Aqours,Guilty Kiss,11.0,3.0,<緑>,<赤> 1 <緑> 2 <青> 2,,,(なし),https://wikiwiki.jp/llocardgame/PL%21S-bp2-011%20%E6%A1%9C%E5%86%85%E6%A2%A8%E5%AD%90,MEMBER,{},0,[],{},0,[],"{""green"": 1}",1,[],(なし),NO_ABILITY,1,"{""hearts"": {}, ""blade_mentions"": [], ""blade_icon_n"": 0, ""energy_icon_n"": 0, ""all_heart_n"": 0, ""score_delta_icon"": 0, ""unknown_tags"": [], ""tags"": []}",0,0,0,0,0,"{""draw"": 0, ""score"": 0, ""colorless"": 0}",0,0,0,,
PL!S-bp2-012,松浦果南,PL!S-bp2-012 松浦果南 - ラブライブ！シリーズ オフィシャルカードゲーム(ラブカ) 非公式 Wiki*,メンバー,ラブライブ！サンシャイン!!,Aqours,AZALEA,4.0,1.0,<緑>,<赤> 1 <緑> 1,,,(なし),https://wikiwiki.jp/llocardgame/PL%21S-bp2-012%20%E6%9D%BE%E6%B5%A6%E6%9E%9C%E5%8D%97,MEMBER,{},0,[],{},0,[],"{""green"": 1}",1,[],(なし),NO_ABILITY,1,"{""hearts"": {}, ""blade_mentions"": [], ""blade_icon_n"": 0, ""energy_icon_n"": 0, ""all_heart_n"": 0, ""score_delta_icon"": 0, ""unknown_tags"": [], ""tags"": []}",0,0,0,0,0,"{""draw"": 0, ""score"": 0, ""colorless"": 0}",0,0,0,,
PL!S-bp2-013,黒澤ダイヤ,PL!S-bp2-013 黒澤ダイヤ - ラブライブ！シリーズ オフィシャルカードゲーム(ラブカ) 非公式 Wiki*,メンバー,ラブライブ！サンシャイン!!,Aqours,AZALEA,9.0,3.0,なし,<赤> 1 <緑> 1 <青> 2,,,(なし),https://wikiwiki.jp/llocardgame/PL%21S-bp2-013%20%E9%BB%92%E6%BE%A4%E3%83%80%E3%82%A4%E3%83%A4,MEMBER,{},0,[],{},0,[],{},0,[],(なし),NO_ABILITY,1,"{""hearts"": {}, ""blade_mentions"": [], ""blade_icon_n"": 0, ""energy_icon_n"": 0, ""all_heart_n"": 0, ""score_delta_icon"": 0, ""unknown_tags"": [], ""tags"": []}",0,0,0,0,0,"{""draw"": 0, ""score"": 0, ""colorless"": 0}",0,0,0,,
PL!S-bp2-014,渡辺曜,PL!S-bp2-014 渡辺曜 - ラブライブ！シリーズ オフィシャルカードゲーム(ラブカ) 非公式 Wiki*,メンバー,ラブライブ！サンシャイン!!,Aqours,CYaRon!,4.0,1.0,<赤>,<赤> 1 <青> 1,,,(なし),https://wikiwiki.jp/llocardgame/PL%21S-bp2-014%20%E6%B8%A1%E8%BE%BA%E6%9B%9C,MEMBER,{},0,[],{},0,[],"{""red"": 1}",1,[],(なし),NO_ABILITY,1,"{""hearts"": {}, ""blade_mentions"": [], ""blade_icon_n"": 0, ""energy_icon_n"": 0, ""all_heart_n"": 0, ""score_delta_icon"": 0, ""unknown_tags"": [], ""tags"": []}",0,0,0,0,0,"{""draw"": 0, ""score"": 0, ""colorless"": 0}",0,0,0,,
PL!S-bp2-015,津島善子,PL!S-bp2-015 津島善子 - ラブライブ！シリーズ オフィシャルカードゲーム(ラブカ) 非公式 Wiki*,メンバー,ラブライブ！サンシャイン!!,Aqours,Guilty Kiss,4.0,1.0,<青>,<緑> 1 <青> 1,,,(なし),https://wikiwiki.jp/llocardgame/PL%21S-bp2-015%20%E6%B4%A5%E5%B3%B6%E5%96%84%E5%AD%90,MEMBER,{},0,[],{},0,[],"{""blue"": 1}",1,[],(なし),NO_ABILITY,1,"{""hearts"": {}, ""blade_mentions"": [], ""blade_icon_n"": 0, ""energy_icon_n"": 0, ""all_heart_n"": 0, ""score_delta_icon"": 0, ""unknown_tags"": [], ""tags"": []}",0,0,0,0,0,"{""draw"": 0, ""score"": 0, ""colorless"": 0}",0,0,0,,
PL!S-bp2-016,国木田花丸,PL!S-bp2-016 国木田花丸 - ラブライブ！シリーズ オフィシャルカードゲーム(ラブカ) 非公式 Wiki*,メンバー,ラブライブ！サンシャイン!!,Aqours,AZALEA,2.0,1.0,<青>,<青> 1,,,"<起動>
このメンバーをステージから控え室に置く：自分の控え室からメンバーカードを1枚手札に加える。",https://wikiwiki.jp/llocardgame/PL%21S-bp2-016%20%E5%9B%BD%E6%9C%A8%E7%94%B0%E8%8A%B1%E4%B8%B8,MEMBER,{},0,[],{},0,[],"{""blue"": 1}",1,[],"<起動>
このメンバーをステージから控え室に置く：自分の控え室からメンバーカードを1枚手札に加える。",HAS_TEXT,0,"{""hearts"": {}, ""blade_mentions"": [], ""blade_icon_n"": 0, ""energy_icon_n"": 0, ""all_heart_n"": 0, ""score_delta_icon"": 0, ""unknown_tags"": [], ""tags"": []}",0,0,0,0,0,"{""draw"": 0, ""score"": 0, ""colorless"": 0}",0,0,0,,
PL!S-bp2-017,小原鞠莉,PL!S-bp2-017 小原鞠莉 - ラブライブ！シリーズ オフィシャルカードゲーム(ラブカ) 非公式 Wiki*,メンバー,ラブライブ！サンシャイン!!,Aqours,Guilty Kiss,13.0,4.0,<青>,<赤> 2 <緑> 2 <青> 2,,,(なし),https://wikiwiki.jp/llocardgame/PL%21S-bp2-017%20%E5%B0%8F%E5%8E%9F%E9%9E%A0%E8%8E%89,MEMBER,{},0,[],{},0,[],"{""blue"": 1}",1,[],(なし),NO_ABILITY,1,"{""hearts"": {}, ""blade_mentions"": [], ""blade_icon_n"": 0, ""energy_icon_n"": 0, ""all_heart_n"": 0, ""score_delta_icon"": 0, ""unknown_tags"": [], ""tags"": []}",0,0,0,0,0,"{""draw"": 0, ""score"": 0, ""colorless"": 0}",0,0,0,,
PL!S-bp2-018,黒澤ルビィ,PL!S-bp2-018 黒澤ルビィ - ラブライブ！シリーズ オフィシャルカードゲーム(ラブカ) 非公式 Wiki*,メンバー,ラブライブ！サンシャイン!!,Aqours,CYaRon!,9.0,3.0,なし,<赤> 2 <緑> 1 <青> 1,,,(なし),https://wikiwiki.jp/llocardgame/PL%21S-bp2-018%20%E9%BB%92%E6%BE%A4%E3%83%AB%E3%83%93%E3%82%A3,MEMBER,{},0,[],{},0,[],{},0,[],(なし),NO_ABILITY,1,"{""hearts"": {}, ""blade_mentions"": [], ""blade_icon_n"": 0, ""energy_icon_n"": 0, ""all_heart_n"": 0, ""score_delta_icon"": 0, ""unknown_tags"": [], ""tags"": []}",0,0,0,0,0,"{""draw"": 0, ""score"": 0, ""colorless"": 0}",0,0,0,,
PL!S-bp2-019,WATER BLUE NEW WORLD,PL!S-bp2-019 WATER BLUE NEW WORLD - ラブライブ！シリーズ オフィシャルカードゲーム(ラブカ) 非公式 Wiki*,ライブ,ラブライブ！サンシャイン!!,Aqours,,,,<緑> <ドロー+1>,,<赤> 3 <緑> 3 <青> 3 <任意> 7 (合計16),7.0,(なし),https://wikiwiki.jp/llocardgame/PL%21S-bp2-019%20WATER%20BLUE%20NEW%20WORLD,LIVE,{},0,[],{},16,[],"{""green"": 1}",1,[],(なし),NO_ABILITY,1,"{""hearts"": {}, ""blade_mentions"": [], ""blade_icon_n"": 0, ""energy_icon_n"": 0, ""all_heart_n"": 0, ""score_delta_icon"": 0, ""unknown_tags"": [], ""tags"": []}",0,0,0,0,0,"{""draw"": 1, ""score"": 0, ""colorless"": 0}",1,0,0,,
PL!S-bp2-020,DREAMY COLOR,PL!S-bp2-020 DREAMY COLOR - ラブライブ！シリーズ オフィシャルカードゲーム(ラブカ) 非公式 Wiki*,ライブ,ラブライブ！サンシャイン!!,Aqours,,,,<ALL>,,<緑> 2 <任意> 3 (合計5),2.0,(なし),https://wikiwiki.jp/llocardgame/PL%21S-bp2-020%20DREAMY%20COLOR,LIVE,{},0,[],{},5,[],"{""all"": 1}",1,[],(なし),NO_ABILITY,1,"{""hearts"": {}, ""blade_mentions"": [], ""blade_icon_n"": 0, ""energy_icon_n"": 0, ""all_heart_n"": 0, ""score_delta_icon"": 0, ""unknown_tags"": [], ""tags"": []}",0,0,0,0,0,"{""draw"": 0, ""score"": 0, ""colorless"": 0}",0,0,0,,
PL!S-bp2-021,未体験HORIZON,PL!S-bp2-021 未体験HORIZON - ラブライブ！シリーズ オフィシャルカードゲーム(ラブカ) 非公式 Wiki*,ライブ,ラブライブ！サンシャイン!!,Aqours,,,,<ALL>,,<赤> 3 <緑> 3 <青> 3 <任意> 2 (合計11),4.0,"<ライブ成功時>
エールにより公開された自分のカードの中から、ライブカードを1枚までデッキの一番下に置く。",https://wikiwiki.jp/llocardgame/PL%21S-bp2-021%20%E6%9C%AA%E4%BD%93%E9%A8%93HORIZON,LIVE,{},0,[],{},11,[],"{""all"": 1}",1,[],"<ライブ成功時>
エールにより公開された自分のカードの中から、ライブカードを1枚までデッキの一番下に置く。",HAS_TEXT,0,"{""hearts"": {}, ""blade_mentions"": [], ""blade_icon_n"": 0, ""energy_icon_n"": 0, ""all_heart_n"": 0, ""score_delta_icon"": 0, ""unknown_tags"": [], ""tags"": []}",0,0,0,0,0,"{""draw"": 0, ""score"": 0, ""colorless"": 0}",0,0,0,,
PL!S-bp2-022,未熟DREAMER,PL!S-bp2-022 未熟DREAMER - ラブライブ！シリーズ オフィシャルカードゲーム(ラブカ) 非公式 Wiki*,ライブ,ラブライブ！サンシャイン!!,Aqours,,,,<赤> <ドロー+1>,,<赤> 2 <緑> 2 <青> 2 <任意> 8 (合計14),5.0,"<ライブ成功時>
このターン、自分のデッキがリフレッシュしている場合、このカードのスコアを+2する。",https://wikiwiki.jp/llocardgame/PL%21S-bp2-022%20%E6%9C%AA%E7%86%9FDREAMER,LIVE,{},0,[],{},14,[],"{""red"": 1}",1,[],"<ライブ成功時>
このターン、自分のデッキがリフレッシュしている場合、このカードのスコアを+2する。",HAS_TEXT,0,"{""hearts"": {}, ""blade_mentions"": [], ""blade_icon_n"": 0, ""energy_icon_n"": 0, ""all_heart_n"": 0, ""score_delta_icon"": 0, ""unknown_tags"": [], ""tags"": []}",0,0,0,0,0,"{""draw"": 1, ""score"": 0, ""colorless"": 0}",1,0,0,,
PL!S-bp2-023,MY舞☆TONIGHT,PL!S-bp2-023 MY舞☆TONIGHT - ラブライブ！シリーズ オフィシャルカードゲーム(ラブカ) 非公式 Wiki*,ライブ,ラブライブ！サンシャイン!!,Aqours,,,,<ALL>,,<赤> 4 <任意> 4 (合計8),3.0,"<ライブ開始時>
自分のライブカード置き場に「MY舞☆TONIGHT」以外の『Aqours』のライブカードがある場合、ライブ終了時まで、自分のステージのメンバーは
<(ブレード)>
を得る。",https://wikiwiki.jp/llocardgame/PL%21S-bp2-023%20MY%E8%88%9E%E2%98%86TONIGHT,LIVE,{},0,[],{},8,[],"{""all"": 1}",1,[],"<ライブ開始時>
自分のライブカード置き場に「MY舞☆TONIGHT」以外の『Aqours』のライブカードがある場合、ライブ終了時まで、自分のステージのメンバーは
<(ブレード)>
を得る。",HAS_TEXT,0,"{""hearts"": {}, ""blade_mentions"": [], ""tags"": [], ""blade_icon_n"": 1, ""energy_icon_n"": 0, ""all_heart_n"": 0, ""score_delta_icon"": 0, ""unknown_tags"": []}",1,0,0,0,0,"{""draw"": 0, ""score"": 0, ""colorless"": 0}",0,0,0,,
PL!S-bp2-024,君のこころは輝いてるかい？,PL!S-bp2-024 君のこころは輝いてるかい？ - ラブライブ！シリーズ オフィシャルカードゲーム(ラブカ) 非公式 Wiki*,ライブ,ラブライブ！サンシャイン!!,Aqours,,,,<スコア+1>,,<青> 1 <任意> 1 (合計2),0.0,"<常時>
このカードは成功ライブカード置き場に置くことができない。
<ライブ成功時>
カードを2枚引き、手札を1枚控え室に置く。",https://wikiwiki.jp/llocardgame/PL%21S-bp2-024%20%E5%90%9B%E3%81%AE%E3%81%93%E3%81%93%E3%82%8D%E3%81%AF%E8%BC%9D%E3%81%84%E3%81%A6%E3%82%8B%E3%81%8B%E3%81%84%EF%BC%9F,LIVE,{},0,[],{},2,[],{},0,[],"<常時>
このカードは成功ライブカード置き場に置くことができない。
<ライブ成功時>
カードを2枚引き、手札を1枚控え室に置く。",HAS_TEXT,0,"{""hearts"": {}, ""blade_mentions"": [], ""blade_icon_n"": 0, ""energy_icon_n"": 0, ""all_heart_n"": 0, ""score_delta_icon"": 0, ""unknown_tags"": [], ""tags"": []}",0,0,0,0,0,"{""draw"": 0, ""score"": 1, ""colorless"": 0}",0,1,0,,
PL!S-bp2-025,青空Jumping Heart,PL!S-bp2-025 青空Jumping Heart - ラブライブ！シリーズ オフィシャルカードゲーム(ラブカ) 非公式 Wiki*,ライブ,ラブライブ！サンシャイン!!,Aqours,,,,<スコア+1>,,<赤> 1 <緑> 1 <青> 1 <任意> 1 (合計4),1.0,"<ライブ開始時>
自分の成功ライブカード置き場にカードが2枚以上ある場合、ライブ終了時まで、自分のステージにいるメンバー1人は、
<(ブレード)>
<(ブレード)>
を得る。",https://wikiwiki.jp/llocardgame/PL%21S-bp2-025%20%E9%9D%92%E7%A9%BAJumping%20Heart,LIVE,{},0,[],{},4,[],{},0,[],"<ライブ開始時>
自分の成功ライブカード置き場にカードが2枚以上ある場合、ライブ終了時まで、自分のステージにいるメンバー1人は、
<(ブレード)>
<(ブレード)>
を得る。",HAS_TEXT,0,"{""hearts"": {}, ""blade_mentions"": [], ""tags"": [], ""blade_icon_n"": 2, ""energy_icon_n"": 0, ""all_heart_n"": 0, ""score_delta_icon"": 0, ""unknown_tags"": []}",2,0,0,0,0,"{""draw"": 0, ""score"": 1, ""colorless"": 0}",0,1,0,,
PL!S-bp2-026,ユメ語るよりユメ歌おう,PL!S-bp2-026 ユメ語るよりユメ歌おう - ラブライブ！シリーズ オフィシャルカードゲーム(ラブカ) 非公式 Wiki*,ライブ,ラブライブ！サンシャイン!!,Aqours,,,,<ALL>,,<緑> 6 <任意> 3 (合計9),4.0,(なし),https://wikiwiki.jp/llocardgame/PL%21S-bp2-026%20%E3%83%A6%E3%83%A1%E8%AA%9E%E3%82%8B%E3%82%88%E3%82%8A%E3%83%A6%E3%83%A1%E6%AD%8C%E3%81%8A%E3%81%86,LIVE,{},0,[],{},9,[],"{""all"": 1}",1,[],(なし),NO_ABILITY,1,"{""hearts"": {}, ""blade_mentions"": [], ""blade_icon_n"": 0, ""energy_icon_n"": 0, ""all_heart_n"": 0, ""score_delta_icon"": 0, ""unknown_tags"": [], ""tags"": []}",0,0,0,0,0,"{""draw"": 0, ""score"": 0, ""colorless"": 0}",0,0,0,,
PL!S-bp3-001,高海千歌,PL!S-bp3-001 高海千歌 - ラブライブ！シリーズ オフィシャルカードゲーム(ラブカ) 非公式 Wiki*,メンバー,ラブライブ！サンシャイン!!,Aqours,CYaRon!,15.0,4.0,<赤>,<赤> 3 <緑> 2 <青> 2,,,"<起動>
<センター>
<ターン1回>
メンバー1人をウェイトにする：ライブ終了時まで、これによってウェイト状態になったメンバーは、「
<常時>
ライブの合計スコアを+1する。」を得る。
(この能力はセンターエリアに登場している場合のみ起動できる。)",https://wikiwiki.jp/llocardgame/PL%21S-bp3-001%20%E9%AB%98%E6%B5%B7%E5%8D%83%E6%AD%8C,MEMBER,{},0,[],{},0,[],"{""red"": 1}",1,[],"<起動>
<センター>
<ターン1回>
メンバー1人をウェイトにする：ライブ終了時まで、これによってウェイト状態になったメンバーは、「
<常時>
ライブの合計スコアを+1する。」を得る。
(この能力はセンターエリアに登場している場合のみ起動できる。)",HAS_TEXT,0,"{""hearts"": {}, ""blade_mentions"": [], ""blade_icon_n"": 0, ""energy_icon_n"": 0, ""all_heart_n"": 0, ""score_delta_icon"": 0, ""unknown_tags"": [], ""tags"": []}",0,0,0,0,0,"{""draw"": 0, ""score"": 0, ""colorless"": 0}",0,0,0,,
PL!S-bp3-002,桜内梨子,PL!S-bp3-002 桜内梨子 - ラブライブ！シリーズ オフィシャルカードゲーム(ラブカ) 非公式 Wiki*,メンバー,ラブライブ！サンシャイン!!,Aqours,Guilty Kiss,11.0,3.0,なし,<赤> 1 <緑> 1 <青> 2,,,"<ライブ成功時>
ライブの合計スコアが相手より高い場合、このカードを手札に加えてもよい。この能力は、このカードが自分のエールによって公開されている場合のみ発動する。",https://wikiwiki.jp/llocardgame/PL%21S-bp3-002%20%E6%A1%9C%E5%86%85%E6%A2%A8%E5%AD%90,MEMBER,{},0,[],{},0,[],{},0,[],"<ライブ成功時>
ライブの合計スコアが相手より高い場合、このカードを手札に加えてもよい。この能力は、このカードが自分のエールによって公開されている場合のみ発動する。",HAS_TEXT,0,"{""hearts"": {}, ""blade_mentions"": [], ""blade_icon_n"": 0, ""energy_icon_n"": 0, ""all_heart_n"": 0, ""score_delta_icon"": 0, ""unknown_tags"": [], ""tags"": []}",0,0,0,0,0,"{""draw"": 0, ""score"": 0, ""colorless"": 0}",0,0,0,,
PL!S-bp3-003,松浦果南,PL!S-bp3-003 松浦果南 - ラブライブ！シリーズ オフィシャルカードゲーム(ラブカ) 非公式 Wiki*,メンバー,ラブライブ！サンシャイン!!,Aqours,AZALEA,11.0,1.0,なし,<赤> 1 <緑> 2 <青> 2,,,"<登場>
手札のライブカードを1枚控え室に置いてもよい：カードを3枚引く。
<ライブ開始時>
手札を2枚まで控え室に置いてもよい：ライブ終了時まで、これによって控え室に置かれたカード1枚につき、
<(ブレード)>
<(ブレード)>
を得る。",https://wikiwiki.jp/llocardgame/PL%21S-bp3-003%20%E6%9D%BE%E6%B5%A6%E6%9E%9C%E5%8D%97,MEMBER,{},0,[],{},0,[],{},0,[],"<登場>
手札のライブカードを1枚控え室に置いてもよい：カードを3枚引く。
<ライブ開始時>
手札を2枚まで控え室に置いてもよい：ライブ終了時まで、これによって控え室に置かれたカード1枚につき、
<(ブレード)>
<(ブレード)>
を得る。",HAS_TEXT,0,"{""hearts"": {}, ""blade_mentions"": [], ""tags"": [], ""blade_icon_n"": 2, ""energy_icon_n"": 0, ""all_heart_n"": 0, ""score_delta_icon"": 0, ""unknown_tags"": []}",2,0,0,0,0,"{""draw"": 0, ""score"": 0, ""colorless"": 0}",0,0,0,,
PL!S-bp3-004,黒澤ダイヤ,PL!S-bp3-004 黒澤ダイヤ - ラブライブ！シリーズ オフィシャルカードゲーム(ラブカ) 非公式 Wiki*,メンバー,ラブライブ！サンシャイン!!,Aqours,AZALEA,5.0,2.0,なし,<赤> 1 <青> 1,,,"<登場>
手札を1枚控え室に置いてもよい：自分のデッキの上からカードを4枚見る。その中からメンバーカードを1枚公開して手札に加えてもよい。残りを控え室に置く。",https://wikiwiki.jp/llocardgame/PL%21S-bp3-004%20%E9%BB%92%E6%BE%A4%E3%83%80%E3%82%A4%E3%83%A4,MEMBER,{},0,[],{},0,[],{},0,[],"<登場>
手札を1枚控え室に置いてもよい：自分のデッキの上からカードを4枚見る。その中からメンバーカードを1枚公開して手札に加えてもよい。残りを控え室に置く。",HAS_TEXT,0,"{""hearts"": {}, ""blade_mentions"": [], ""blade_icon_n"": 0, ""energy_icon_n"": 0, ""all_heart_n"": 0, ""score_delta_icon"": 0, ""unknown_tags"": [], ""tags"": []}",0,0,0,0,0,"{""draw"": 0, ""score"": 0, ""colorless"": 0}",0,0,0,,
PL!S-bp3-005,渡辺曜,PL!S-bp3-005 渡辺曜 - ラブライブ！シリーズ オフィシャルカードゲーム(ラブカ) 非公式 Wiki*,メンバー,ラブライブ！サンシャイン!!,Aqours,CYaRon!,7.0,1.0,なし,<赤> 1 <緑> 1 <青> 1,,,"<ライブ成功時>
エールにより公開された自分のカードの枚数が、相手がエールによって公開したカードの枚数より少ない場合、カードを1枚引く。",https://wikiwiki.jp/llocardgame/PL%21S-bp3-005%20%E6%B8%A1%E8%BE%BA%E6%9B%9C,MEMBER,{},0,[],{},0,[],{},0,[],"<ライブ成功時>
エールにより公開された自分のカードの枚数が、相手がエールによって公開したカードの枚数より少ない場合、カードを1枚引く。",HAS_TEXT,0,"{""hearts"": {}, ""blade_mentions"": [], ""blade_icon_n"": 0, ""energy_icon_n"": 0, ""all_heart_n"": 0, ""score_delta_icon"": 0, ""unknown_tags"": [], ""tags"": []}",0,0,0,0,0,"{""draw"": 0, ""score"": 0, ""colorless"": 0}",0,0,0,,
PL!S-bp3-006,津島善子,PL!S-bp3-006 津島善子 - ラブライブ！シリーズ オフィシャルカードゲーム(ラブカ) 非公式 Wiki*,メンバー,ラブライブ！サンシャイン!!,Aqours,Guilty Kiss,13.0,4.0,<青>,<赤> 2 <緑> 1 <青> 2,,,"<起動>
<センター>
<ターン1回>
このメンバーをウェイトにし、手札を1枚控え室に置く：このメンバー以外の『Aqours』のメンバー1人を自分のステージから控え室に置く。そうした場合、自分の控え室から、そのメンバーのコストに2を足した数に等しいコストの『Aqours』のメンバーカードを1枚、そのメンバーがいたエリアに登場させる。",https://wikiwiki.jp/llocardgame/PL%21S-bp3-006%20%E6%B4%A5%E5%B3%B6%E5%96%84%E5%AD%90,MEMBER,{},0,[],{},0,[],"{""blue"": 1}",1,[],"<起動>
<センター>
<ターン1回>
このメンバーをウェイトにし、手札を1枚控え室に置く：このメンバー以外の『Aqours』のメンバー1人を自分のステージから控え室に置く。そうした場合、自分の控え室から、そのメンバーのコストに2を足した数に等しいコストの『Aqours』のメンバーカードを1枚、そのメンバーがいたエリアに登場させる。",HAS_TEXT,0,"{""hearts"": {}, ""blade_mentions"": [], ""blade_icon_n"": 0, ""energy_icon_n"": 0, ""all_heart_n"": 0, ""score_delta_icon"": 0, ""unknown_tags"": [], ""tags"": []}",0,0,0,0,0,"{""draw"": 0, ""score"": 0, ""colorless"": 0}",0,0,0,,
PL!S-bp3-007,国木田花丸,PL!S-bp3-007 国木田花丸 - ラブライブ！シリーズ オフィシャルカードゲーム(ラブカ) 非公式 Wiki*,メンバー,ラブライブ！サンシャイン!!,Aqours,AZALEA,9.0,2.0,なし,<赤> 1 <緑> 2 <青> 1,,,"<起動>
<ターン1回>
<(E)>
：自分か相手を選ぶ。自分は、そのプレイヤーの控え室にあるライブカードを1枚、そのプレイヤーのデッキの一番下に置く。そうした場合、自分はカードを1枚引く。",https://wikiwiki.jp/llocardgame/PL%21S-bp3-007%20%E5%9B%BD%E6%9C%A8%E7%94%B0%E8%8A%B1%E4%B8%B8,MEMBER,{},0,[],{},0,[],{},0,[],"<起動>
<ターン1回>
<(E)>
：自分か相手を選ぶ。自分は、そのプレイヤーの控え室にあるライブカードを1枚、そのプレイヤーのデッキの一番下に置く。そうした場合、自分はカードを1枚引く。",HAS_TEXT,0,"{""hearts"": {}, ""blade_mentions"": [], ""tags"": [], ""blade_icon_n"": 0, ""energy_icon_n"": 1, ""all_heart_n"": 0, ""score_delta_icon"": 0, ""unknown_tags"": []}",0,1,0,0,0,"{""draw"": 0, ""score"": 0, ""colorless"": 0}",0,0,0,,
PL!S-bp3-008,小原鞠莉,PL!S-bp3-008 小原鞠莉 - ラブライブ！シリーズ オフィシャルカードゲーム(ラブカ) 非公式 Wiki*,メンバー,ラブライブ！サンシャイン!!,Aqours,Guilty Kiss,4.0,1.0,なし,<赤> 1,,,"<起動>
このメンバーをステージから控え室に置く：自分の控え室からライブカードを1枚手札に加える。それがスコア6以上の『Aqours』のライブカードの場合、エネルギーを4枚アクティブにする。",https://wikiwiki.jp/llocardgame/PL%21S-bp3-008%20%E5%B0%8F%E5%8E%9F%E9%9E%A0%E8%8E%89,MEMBER,{},0,[],{},0,[],{},0,[],"<起動>
このメンバーをステージから控え室に置く：自分の控え室からライブカードを1枚手札に加える。それがスコア6以上の『Aqours』のライブカードの場合、エネルギーを4枚アクティブにする。",HAS_TEXT,0,"{""hearts"": {}, ""blade_mentions"": [], ""blade_icon_n"": 0, ""energy_icon_n"": 0, ""all_heart_n"": 0, ""score_delta_icon"": 0, ""unknown_tags"": [], ""tags"": []}",0,0,0,0,0,"{""draw"": 0, ""score"": 0, ""colorless"": 0}",0,0,0,,
PL!S-bp3-009,黒澤ルビィ,PL!S-bp3-009 黒澤ルビィ - ラブライブ！シリーズ オフィシャルカードゲーム(ラブカ) 非公式 Wiki*,メンバー,ラブライブ！サンシャイン!!,Aqours,CYaRon!,9.0,2.0,なし,<赤> 2 <緑> 1 <青> 1,,,"<登場>
手札を1枚控え室に置いてもよい：自分のデッキの上からカードを6枚見る。その中から『Aqours』のメンバーカードを1枚公開して手札に加えてもよい。残りを控え室に置く。",https://wikiwiki.jp/llocardgame/PL%21S-bp3-009%20%E9%BB%92%E6%BE%A4%E3%83%AB%E3%83%93%E3%82%A3,MEMBER,{},0,[],{},0,[],{},0,[],"<登場>
手札を1枚控え室に置いてもよい：自分のデッキの上からカードを6枚見る。その中から『Aqours』のメンバーカードを1枚公開して手札に加えてもよい。残りを控え室に置く。",HAS_TEXT,0,"{""hearts"": {}, ""blade_mentions"": [], ""blade_icon_n"": 0, ""energy_icon_n"": 0, ""all_heart_n"": 0, ""score_delta_icon"": 0, ""unknown_tags"": [], ""tags"": []}",0,0,0,0,0,"{""draw"": 0, ""score"": 0, ""colorless"": 0}",0,0,0,,
PL!S-bp3-010,高海千歌,PL!S-bp3-010 高海千歌 - ラブライブ！シリーズ オフィシャルカードゲーム(ラブカ) 非公式 Wiki*,メンバー,ラブライブ！サンシャイン!!,Aqours,CYaRon!,4.0,0.0,<赤>,<赤> 1 <青> 1,,,"<登場>
自分のステージにいるメンバーを1人までアクティブにする。",https://wikiwiki.jp/llocardgame/PL%21S-bp3-010%20%E9%AB%98%E6%B5%B7%E5%8D%83%E6%AD%8C,MEMBER,{},0,[],{},0,[],"{""red"": 1}",1,[],"<登場>
自分のステージにいるメンバーを1人までアクティブにする。",HAS_TEXT,0,"{""hearts"": {}, ""blade_mentions"": [], ""blade_icon_n"": 0, ""energy_icon_n"": 0, ""all_heart_n"": 0, ""score_delta_icon"": 0, ""unknown_tags"": [], ""tags"": []}",0,0,0,0,0,"{""draw"": 0, ""score"": 0, ""colorless"": 0}",0,0,0,,
PL!S-bp3-011,桜内梨子,PL!S-bp3-011 桜内梨子 - ラブライブ！シリーズ オフィシャルカードゲーム(ラブカ) 非公式 Wiki*,メンバー,ラブライブ！サンシャイン!!,Aqours,Guilty Kiss,4.0,0.0,<青>,<緑> 1 <青> 1,,,"<登場>
自分のステージにいるメンバーを1人までアクティブにする。",https://wikiwiki.jp/llocardgame/PL%21S-bp3-011%20%E6%A1%9C%E5%86%85%E6%A2%A8%E5%AD%90,MEMBER,{},0,[],{},0,[],"{""blue"": 1}",1,[],"<登場>
自分のステージにいるメンバーを1人までアクティブにする。",HAS_TEXT,0,"{""hearts"": {}, ""blade_mentions"": [], ""blade_icon_n"": 0, ""energy_icon_n"": 0, ""all_heart_n"": 0, ""score_delta_icon"": 0, ""unknown_tags"": [], ""tags"": []}",0,0,0,0,0,"{""draw"": 0, ""score"": 0, ""colorless"": 0}",0,0,0,,
PL!S-bp3-012,松浦果南,PL!S-bp3-012 松浦果南 - ラブライブ！シリーズ オフィシャルカードゲーム(ラブカ) 非公式 Wiki*,メンバー,ラブライブ！サンシャイン!!,Aqours,AZALEA,4.0,2.0,なし,<緑> 1,,,"<登場>
/
<ライブ開始時>
このメンバーをウェイトにしてもよい：相手のステージにいるコスト4以下のメンバー1人をウェイトにする。
（ウェイト状態のメンバーが持つ
<(ブレード)>
は、エールで公開する枚数を増やさない。）",https://wikiwiki.jp/llocardgame/PL%21S-bp3-012%20%E6%9D%BE%E6%B5%A6%E6%9E%9C%E5%8D%97,MEMBER,{},0,[],{},0,[],{},0,[],"<登場>
/
<ライブ開始時>
このメンバーをウェイトにしてもよい：相手のステージにいるコスト4以下のメンバー1人をウェイトにする。
（ウェイト状態のメンバーが持つ
<(ブレード)>
は、エールで公開する枚数を増やさない。）",HAS_TEXT,0,"{""hearts"": {}, ""blade_mentions"": [], ""tags"": [], ""blade_icon_n"": 1, ""energy_icon_n"": 0, ""all_heart_n"": 0, ""score_delta_icon"": 0, ""unknown_tags"": []}",1,0,0,0,0,"{""draw"": 0, ""score"": 0, ""colorless"": 0}",0,0,0,,
PL!S-bp3-013,黒澤ダイヤ,PL!S-bp3-013 黒澤ダイヤ - ラブライブ！シリーズ オフィシャルカードゲーム(ラブカ) 非公式 Wiki*,メンバー,ラブライブ！サンシャイン!!,Aqours,AZALEA,7.0,2.0,なし,<赤> 1 <緑> 2,,,(なし),https://wikiwiki.jp/llocardgame/PL%21S-bp3-013%20%E9%BB%92%E6%BE%A4%E3%83%80%E3%82%A4%E3%83%A4,MEMBER,{},0,[],{},0,[],{},0,[],(なし),NO_ABILITY,1,"{""hearts"": {}, ""blade_mentions"": [], ""blade_icon_n"": 0, ""energy_icon_n"": 0, ""all_heart_n"": 0, ""score_delta_icon"": 0, ""unknown_tags"": [], ""tags"": []}",0,0,0,0,0,"{""draw"": 0, ""score"": 0, ""colorless"": 0}",0,0,0,,
PL!S-bp3-014,渡辺曜,PL!S-bp3-014 渡辺曜 - ラブライブ！シリーズ オフィシャルカードゲーム(ラブカ) 非公式 Wiki*,メンバー,ラブライブ！サンシャイン!!,Aqours,CYaRon!,5.0,1.0,なし,<赤> 1 <緑> 1 <青> 1,,,(なし),https://wikiwiki.jp/llocardgame/PL%21S-bp3-014%20%E6%B8%A1%E8%BE%BA%E6%9B%9C,MEMBER,{},0,[],{},0,[],{},0,[],(なし),NO_ABILITY,1,"{""hearts"": {}, ""blade_mentions"": [], ""blade_icon_n"": 0, ""energy_icon_n"": 0, ""all_heart_n"": 0, ""score_delta_icon"": 0, ""unknown_tags"": [], ""tags"": []}",0,0,0,0,0,"{""draw"": 0, ""score"": 0, ""colorless"": 0}",0,0,0,,
PL!S-bp3-015,津島善子,PL!S-bp3-015 津島善子 - ラブライブ！シリーズ オフィシャルカードゲーム(ラブカ) 非公式 Wiki*,メンバー,ラブライブ！サンシャイン!!,Aqours,Guilty Kiss,9.0,3.0,なし,<赤> 1 <緑> 2 <青> 1,,,(なし),https://wikiwiki.jp/llocardgame/PL%21S-bp3-015%20%E6%B4%A5%E5%B3%B6%E5%96%84%E5%AD%90,MEMBER,{},0,[],{},0,[],{},0,[],(なし),NO_ABILITY,1,"{""hearts"": {}, ""blade_mentions"": [], ""blade_icon_n"": 0, ""energy_icon_n"": 0, ""all_heart_n"": 0, ""score_delta_icon"": 0, ""unknown_tags"": [], ""tags"": []}",0,0,0,0,0,"{""draw"": 0, ""score"": 0, ""colorless"": 0}",0,0,0,,
PL!S-bp3-016,国木田花丸,PL!S-bp3-016 国木田花丸 - ラブライブ！シリーズ オフィシャルカードゲーム(ラブカ) 非公式 Wiki*,メンバー,ラブライブ！サンシャイン!!,Aqours,AZALEA,4.0,1.0,なし,<赤> 1 <緑> 1,,,"<常時>
自分の成功ライブカード置き場にあるカード1枚につき、ステージにいるこのメンバーのコストを+1する。",https://wikiwiki.jp/llocardgame/PL%21S-bp3-016%20%E5%9B%BD%E6%9C%A8%E7%94%B0%E8%8A%B1%E4%B8%B8,MEMBER,{},0,[],{},0,[],{},0,[],"<常時>
自分の成功ライブカード置き場にあるカード1枚につき、ステージにいるこのメンバーのコストを+1する。",HAS_TEXT,0,"{""hearts"": {}, ""blade_mentions"": [], ""blade_icon_n"": 0, ""energy_icon_n"": 0, ""all_heart_n"": 0, ""score_delta_icon"": 0, ""unknown_tags"": [], ""tags"": []}",0,0,0,0,0,"{""draw"": 0, ""score"": 0, ""colorless"": 0}",0,0,0,,
PL!S-bp3-017,小原鞠莉,PL!S-bp3-017 小原鞠莉 - ラブライブ！シリーズ オフィシャルカードゲーム(ラブカ) 非公式 Wiki*,メンバー,ラブライブ！サンシャイン!!,Aqours,Guilty Kiss,4.0,2.0,なし,<青> 1,,,"<登場>
/
<ライブ開始時>
このメンバーをウェイトにしてもよい：相手のステージにいるコスト4以下のメンバー1人をウェイトにする。
（ウェイト状態のメンバーが持つ
<(ブレード)>
は、エールで公開する枚数を増やさない。）",https://wikiwiki.jp/llocardgame/PL%21S-bp3-017%20%E5%B0%8F%E5%8E%9F%E9%9E%A0%E8%8E%89,MEMBER,{},0,[],{},0,[],{},0,[],"<登場>
/
<ライブ開始時>
このメンバーをウェイトにしてもよい：相手のステージにいるコスト4以下のメンバー1人をウェイトにする。
（ウェイト状態のメンバーが持つ
<(ブレード)>
は、エールで公開する枚数を増やさない。）",HAS_TEXT,0,"{""hearts"": {}, ""blade_mentions"": [], ""tags"": [], ""blade_icon_n"": 1, ""energy_icon_n"": 0, ""all_heart_n"": 0, ""score_delta_icon"": 0, ""unknown_tags"": []}",1,0,0,0,0,"{""draw"": 0, ""score"": 0, ""colorless"": 0}",0,0,0,,
PL!S-bp3-018,黒澤ルビィ,PL!S-bp3-018 黒澤ルビィ - ラブライブ！シリーズ オフィシャルカードゲーム(ラブカ) 非公式 Wiki*,メンバー,ラブライブ！サンシャイン!!,Aqours,CYaRon!,11.0,3.0,<赤>,<赤> 2 <緑> 1 <青> 2,,,(なし),https://wikiwiki.jp/llocardgame/PL%21S-bp3-018%20%E9%BB%92%E6%BE%A4%E3%83%AB%E3%83%93%E3%82%A3,MEMBER,{},0,[],{},0,[],"{""red"": 1}",1,[],(なし),NO_ABILITY,1,"{""hearts"": {}, ""blade_mentions"": [], ""blade_icon_n"": 0, ""energy_icon_n"": 0, ""all_heart_n"": 0, ""score_delta_icon"": 0, ""unknown_tags"": [], ""tags"": []}",0,0,0,0,0,"{""draw"": 0, ""score"": 0, ""colorless"": 0}",0,0,0,,
PL!S-bp3-019,MIRACLE WAVE,PL!S-bp3-019 MIRACLE WAVE - ラブライブ！シリーズ オフィシャルカードゲーム(ラブカ) 非公式 Wiki*,ライブ,ラブライブ！サンシャイン!!,Aqours,,,,<ALL>,,<赤> 4 <緑> 4 <青> 4 (合計12),7.0,"<ライブ成功時>
このターン、エールにより公開された自分のカードの中にブレードハートを持たないカードが0枚の場合か、または自分の余剰ハートを2つ以上持っている場合、このカードのスコアは4になる。",https://wikiwiki.jp/llocardgame/PL%21S-bp3-019%20MIRACLE%20WAVE,LIVE,{},0,[],{},12,[],"{""all"": 1}",1,[],"<ライブ成功時>
このターン、エールにより公開された自分のカードの中にブレードハートを持たないカードが0枚の場合か、または自分の余剰ハートを2つ以上持っている場合、このカードのスコアは4になる。",HAS_TEXT,0,"{""hearts"": {}, ""blade_mentions"": [], ""blade_icon_n"": 0, ""energy_icon_n"": 0, ""all_heart_n"": 0, ""score_delta_icon"": 0, ""unknown_tags"": [], ""tags"": []}",0,0,0,0,0,"{""draw"": 0, ""score"": 0, ""colorless"": 0}",0,0,0,,
PL!S-bp3-020,ダイスキだったらダイジョウブ！,PL!S-bp3-020 ダイスキだったらダイジョウブ！ - ラブライブ！シリーズ オフィシャルカードゲーム(ラブカ) 非公式 Wiki*,ライブ,ラブライブ！サンシャイン!!,Aqours,,,,<スコア+1>,,<赤> 1 <緑> 1 <青> 1 (合計3),1.0,"<自動>
<ターン1回>
エールにより自分のカードを1枚以上公開したとき、それらのカードの中にブレードハートを持つカードが2枚以下の場合、それらのカードをすべて控え室に置いてもよい。そのエールで得たブレードハートを失い、もう一度エールを行う。",https://wikiwiki.jp/llocardgame/PL%21S-bp3-020%20%E3%83%80%E3%82%A4%E3%82%B9%E3%82%AD%E3%81%A0%E3%81%A3%E3%81%9F%E3%82%89%E3%83%80%E3%82%A4%E3%82%B8%E3%83%A7%E3%82%A6%E3%83%96%EF%BC%81,LIVE,{},0,[],{},3,[],{},0,[],"<自動>
<ターン1回>
エールにより自分のカードを1枚以上公開したとき、それらのカードの中にブレードハートを持つカードが2枚以下の場合、それらのカードをすべて控え室に置いてもよい。そのエールで得たブレードハートを失い、もう一度エールを行う。",HAS_TEXT,0,"{""hearts"": {}, ""blade_mentions"": [], ""blade_icon_n"": 0, ""energy_icon_n"": 0, ""all_heart_n"": 0, ""score_delta_icon"": 0, ""unknown_tags"": [], ""tags"": []}",0,0,0,0,0,"{""draw"": 0, ""score"": 1, ""colorless"": 0}",0,1,0,,
PL!S-bp3-021,想いよひとつになれ,PL!S-bp3-021 想いよひとつになれ - ラブライブ！シリーズ オフィシャルカードゲーム(ラブカ) 非公式 Wiki*,ライブ,ラブライブ！サンシャイン!!,Aqours,,,,<ALL>,,<赤> 3 <緑> 3 <青> 3 <任意> 1 (合計10),4.0,"<ライブ開始時>
自分の控え室にあるメンバーカード1枚をデッキの一番上に置いてもよい：ライブ終了時まで、自分のステージにいるメンバー1人は、
<(ブレード)>
を得る。",https://wikiwiki.jp/llocardgame/PL%21S-bp3-021%20%E6%83%B3%E3%81%84%E3%82%88%E3%81%B2%E3%81%A8%E3%81%A4%E3%81%AB%E3%81%AA%E3%82%8C,LIVE,{},0,[],{},10,[],"{""all"": 1}",1,[],"<ライブ開始時>
自分の控え室にあるメンバーカード1枚をデッキの一番上に置いてもよい：ライブ終了時まで、自分のステージにいるメンバー1人は、
<(ブレード)>
を得る。",HAS_TEXT,0,"{""hearts"": {}, ""blade_mentions"": [], ""tags"": [], ""blade_icon_n"": 1, ""energy_icon_n"": 0, ""all_heart_n"": 0, ""score_delta_icon"": 0, ""unknown_tags"": []}",1,0,0,0,0,"{""draw"": 0, ""score"": 0, ""colorless"": 0}",0,0,0,,
PL!S-bp3-022,Fantastic Departure!,PL!S-bp3-022 Fantastic Departure! - ラブライブ！シリーズ オフィシャルカードゲーム(ラブカ) 非公式 Wiki*,ライブ,ラブライブ！サンシャイン!!,Aqours,,,,<青> <ドロー+1>,,<赤> 3 <青> 3 <任意> 6 (合計12),5.0,(なし),https://wikiwiki.jp/llocardgame/PL%21S-bp3-022%20Fantastic%20Departure%21,LIVE,{},0,[],{},12,[],"{""blue"": 1}",1,[],(なし),NO_ABILITY,1,"{""hearts"": {}, ""blade_mentions"": [], ""blade_icon_n"": 0, ""energy_icon_n"": 0, ""all_heart_n"": 0, ""score_delta_icon"": 0, ""unknown_tags"": [], ""tags"": []}",0,0,0,0,0,"{""draw"": 1, ""score"": 0, ""colorless"": 0}",1,0,0,,
PL!S-bp3-023,KOKORO Magic “A to Z”,PL!S-bp3-023 KOKORO Magic “A to Z” - ラブライブ！シリーズ オフィシャルカードゲーム(ラブカ) 非公式 Wiki*,ライブ,ラブライブ！サンシャイン!!,Aqours,,,,<ALL>,,<赤> 1 <青> 1 <任意> 3,2.0,(なし),https://wikiwiki.jp/llocardgame/PL%21S-bp3-023%20KOKORO%20Magic%20%E2%80%9CA%20to%20Z%E2%80%9D,LIVE,{},0,[],{},0,[],"{""all"": 1}",1,[],(なし),NO_ABILITY,1,"{""hearts"": {}, ""blade_mentions"": [], ""blade_icon_n"": 0, ""energy_icon_n"": 0, ""all_heart_n"": 0, ""score_delta_icon"": 0, ""unknown_tags"": [], ""tags"": []}",0,0,0,0,0,"{""draw"": 0, ""score"": 0, ""colorless"": 0}",0,0,0,,
PL!S-bp3-024,Deep Resonance,PL!S-bp3-024 Deep Resonance - ラブライブ！シリーズ オフィシャルカードゲーム(ラブカ) 非公式 Wiki*,ライブ,ラブライブ！サンシャイン!!,Aqours,,,,<ALL>,,<緑> 1 <青> 3 <任意> 2,2.0,"<ライブ開始時>
自分のステージのセンターエリアにコスト9以上の『Aqours』のメンバーがいる場合、以下から1つを選ぶ。
・ライブ終了時まで、自分のステージにいるメンバー1人は、
<(ブレード)>
<(ブレード)>
を得る。
・相手のステージにいるコスト4以下のメンバ1人をウェイトにする。",https://wikiwiki.jp/llocardgame/PL%21S-bp3-024%20Deep%20Resonance,LIVE,{},0,[],{},0,[],"{""all"": 1}",1,[],"<ライブ開始時>
自分のステージのセンターエリアにコスト9以上の『Aqours』のメンバーがいる場合、以下から1つを選ぶ。
・ライブ終了時まで、自分のステージにいるメンバー1人は、
<(ブレード)>
<(ブレード)>
を得る。
・相手のステージにいるコスト4以下のメンバ1人をウェイトにする。",HAS_TEXT,0,"{""hearts"": {}, ""blade_mentions"": [], ""tags"": [], ""blade_icon_n"": 2, ""energy_icon_n"": 0, ""all_heart_n"": 0, ""score_delta_icon"": 0, ""unknown_tags"": []}",2,0,0,0,0,"{""draw"": 0, ""score"": 0, ""colorless"": 0}",0,0,0,,
PL!S-bp3-025,"SUKI for you, DREAM for you!","PL!S-bp3-025 SUKI for you, DREAM for you! - ラブライブ！シリーズ オフィシャルカードゲーム(ラブカ) 非公式 Wiki*",ライブ,ラブライブ！サンシャイン!!,Aqours,,,,<赤> <ドロー+1>,,<赤> 4 <緑> 2 <任意> 6,5.0,"<ライブ開始時>
自分のステージにいる『Aqours』のメンバー1人を選ぶ。そのメンバーが持つ
<(ブレード)>
が6つ以上の場合、このカードのスコアを+1する。",https://wikiwiki.jp/llocardgame/PL%21S-bp3-025%20SUKI%20for%20you%2C%20DREAM%20for%20you%21,LIVE,{},0,[],{},0,[],"{""red"": 1}",1,[],"<ライブ開始時>
自分のステージにいる『Aqours』のメンバー1人を選ぶ。そのメンバーが持つ
<(ブレード)>
が6つ以上の場合、このカードのスコアを+1する。",HAS_TEXT,0,"{""hearts"": {}, ""blade_mentions"": [], ""tags"": [], ""blade_icon_n"": 1, ""energy_icon_n"": 0, ""all_heart_n"": 0, ""score_delta_icon"": 0, ""unknown_tags"": []}",1,0,0,0,0,"{""draw"": 1, ""score"": 0, ""colorless"": 0}",1,0,0,,
PL!S-bp5-001,高海千歌,PL!S-bp5-001 高海千歌 - ラブライブ！シリーズ オフィシャルカードゲーム(ラブカ) 非公式 Wiki*,メンバー,ラブライブ！サンシャイン!!,Aqours,CYaRon!,10.0,3.0,なし,<赤> 4,,,"<登場>
能力を持たないメンバーからバトンタッチして登場した場合、カードを1枚引く。
<常時>
能力を持たないメンバーを自分の手札から登場させるためのコストは1減る。",https://wikiwiki.jp/llocardgame/PL%21S-bp5-001%20%E9%AB%98%E6%B5%B7%E5%8D%83%E6%AD%8C,MEMBER,{},0,[],{},0,[],{},0,[],"<登場>
能力を持たないメンバーからバトンタッチして登場した場合、カードを1枚引く。
<常時>
能力を持たないメンバーを自分の手札から登場させるためのコストは1減る。",HAS_TEXT,0,"{""hearts"": {}, ""blade_mentions"": [], ""blade_icon_n"": 0, ""energy_icon_n"": 0, ""all_heart_n"": 0, ""score_delta_icon"": 0, ""unknown_tags"": [], ""tags"": []}",0,0,0,0,0,"{""draw"": 0, ""score"": 0, ""colorless"": 0}",0,0,0,,
PL!S-bp5-002,桜内梨子,PL!S-bp5-002 桜内梨子 - ラブライブ！シリーズ オフィシャルカードゲーム(ラブカ) 非公式 Wiki*,メンバー,ラブライブ！サンシャイン!!,Aqours,Guilty Kiss,11.0,2.0,なし,<赤> 2 <緑> 2 <青> 2,,,"<ライブ開始時>
<センター>
自分のステージの右サイドエリアと左サイドエリアにいるメンバーのコストが同じ場合、相手のステージにいる元々持つ
<(ブレード)>
の数が3つ以下のすべてのメンバーをウェイトにする。",https://wikiwiki.jp/llocardgame/PL%21S-bp5-002%20%E6%A1%9C%E5%86%85%E6%A2%A8%E5%AD%90,MEMBER,{},0,[],{},0,[],{},0,[],"<ライブ開始時>
<センター>
自分のステージの右サイドエリアと左サイドエリアにいるメンバーのコストが同じ場合、相手のステージにいる元々持つ
<(ブレード)>
の数が3つ以下のすべてのメンバーをウェイトにする。",HAS_TEXT,0,"{""hearts"": {}, ""blade_mentions"": [], ""tags"": [], ""blade_icon_n"": 1, ""energy_icon_n"": 0, ""all_heart_n"": 0, ""score_delta_icon"": 0, ""unknown_tags"": []}",1,0,0,0,0,"{""draw"": 0, ""score"": 0, ""colorless"": 0}",0,0,0,,
PL!S-bp5-003,松浦果南,PL!S-bp5-003 松浦果南 - ラブライブ！シリーズ オフィシャルカードゲーム(ラブカ) 非公式 Wiki*,メンバー,ラブライブ！サンシャイン!!,Aqours,AZALEA,13.0,3.0,<赤>,<赤> 2 <緑> 2 <青> 2,,,"<登場>
手札のブレードハートを持たないメンバーカードを2枚まで控え室に置いてもよい：自分の控え室から、これにより控え室に置いたカードと同じ枚数の『Aqours』のライブカードを手札に加える。",https://wikiwiki.jp/llocardgame/PL%21S-bp5-003%20%E6%9D%BE%E6%B5%A6%E6%9E%9C%E5%8D%97,MEMBER,{},0,[],{},0,[],"{""red"": 1}",1,[],"<登場>
手札のブレードハートを持たないメンバーカードを2枚まで控え室に置いてもよい：自分の控え室から、これにより控え室に置いたカードと同じ枚数の『Aqours』のライブカードを手札に加える。",HAS_TEXT,0,"{""hearts"": {}, ""blade_mentions"": [], ""blade_icon_n"": 0, ""energy_icon_n"": 0, ""all_heart_n"": 0, ""score_delta_icon"": 0, ""unknown_tags"": [], ""tags"": []}",0,0,0,0,0,"{""draw"": 0, ""score"": 0, ""colorless"": 0}",0,0,0,,
PL!S-bp5-004,黒澤ダイヤ,PL!S-bp5-004 黒澤ダイヤ - ラブライブ！シリーズ オフィシャルカードゲーム(ラブカ) 非公式 Wiki*,メンバー,ラブライブ！サンシャイン!!,Aqours,AZALEA,2.0,1.0,<緑>,<緑> 1,,,"<登場>
以下から1つを選ぶ。
・自分のステージにいるこのメンバー以外の『Aqours』のメンバー1人は、ライブ終了時まで、
<(ブレード)>
を得る。
・自分のステージにいる『Saint Snow』のメンバー1人をポジションチェンジさせる。",https://wikiwiki.jp/llocardgame/PL%21S-bp5-004%20%E9%BB%92%E6%BE%A4%E3%83%80%E3%82%A4%E3%83%A4,MEMBER,{},0,[],{},0,[],"{""green"": 1}",1,[],"<登場>
以下から1つを選ぶ。
・自分のステージにいるこのメンバー以外の『Aqours』のメンバー1人は、ライブ終了時まで、
<(ブレード)>
を得る。
・自分のステージにいる『Saint Snow』のメンバー1人をポジションチェンジさせる。",HAS_TEXT,0,"{""hearts"": {}, ""blade_mentions"": [], ""tags"": [], ""blade_icon_n"": 1, ""energy_icon_n"": 0, ""all_heart_n"": 0, ""score_delta_icon"": 0, ""unknown_tags"": []}",1,0,0,0,0,"{""draw"": 0, ""score"": 0, ""colorless"": 0}",0,0,0,,
PL!S-bp5-005,渡辺曜,PL!S-bp5-005 渡辺曜 - ラブライブ！シリーズ オフィシャルカードゲーム(ラブカ) 非公式 Wiki*,メンバー,ラブライブ！サンシャイン!!,Aqours,CYaRon!,4.0,0.0,なし,<黄> 1 <緑> 1 <青> 1,,,"<ライブ開始時>
手札を1枚控え室に置いてもよい：
<黄>
か
<緑>
か
<青>
のうち、1つを選ぶ。ライブ終了時まで、自分のステージにいるこのターンに登場したメンバーのうち、『Aqours』以外のすべてのメンバーは選んだハートを1つ得る。",https://wikiwiki.jp/llocardgame/PL%21S-bp5-005%20%E6%B8%A1%E8%BE%BA%E6%9B%9C,MEMBER,{},0,[],{},0,[],{},0,[],"<ライブ開始時>
手札を1枚控え室に置いてもよい：
<黄>
か
<緑>
か
<青>
のうち、1つを選ぶ。ライブ終了時まで、自分のステージにいるこのターンに登場したメンバーのうち、『Aqours』以外のすべてのメンバーは選んだハートを1つ得る。",HAS_TEXT,0,"{""hearts"": {}, ""blade_mentions"": [], ""blade_icon_n"": 0, ""energy_icon_n"": 0, ""all_heart_n"": 0, ""score_delta_icon"": 0, ""unknown_tags"": [], ""tags"": []}",0,0,0,0,0,"{""draw"": 0, ""score"": 0, ""colorless"": 0}",0,0,0,,
PL!S-bp5-006,津島善子,PL!S-bp5-006 津島善子 - ラブライブ！シリーズ オフィシャルカードゲーム(ラブカ) 非公式 Wiki*,メンバー,ラブライブ！サンシャイン!!,Aqours,Guilty Kiss,4.0,2.0,<青>,<青> 1,,,"<登場>
このメンバーをウェイトにし、手札を1枚控え室に置いてもよい：自分のデッキの上からカードを5枚見る。その中からコスト9以上の『Aqours』のメンバーカードを1枚公開して手札に加えてもよい。残りを控え室に置く。",https://wikiwiki.jp/llocardgame/PL%21S-bp5-006%20%E6%B4%A5%E5%B3%B6%E5%96%84%E5%AD%90,MEMBER,{},0,[],{},0,[],"{""blue"": 1}",1,[],"<登場>
このメンバーをウェイトにし、手札を1枚控え室に置いてもよい：自分のデッキの上からカードを5枚見る。その中からコスト9以上の『Aqours』のメンバーカードを1枚公開して手札に加えてもよい。残りを控え室に置く。",HAS_TEXT,0,"{""hearts"": {}, ""blade_mentions"": [], ""blade_icon_n"": 0, ""energy_icon_n"": 0, ""all_heart_n"": 0, ""score_delta_icon"": 0, ""unknown_tags"": [], ""tags"": []}",0,0,0,0,0,"{""draw"": 0, ""score"": 0, ""colorless"": 0}",0,0,0,,
PL!S-bp5-007,国木田花丸,PL!S-bp5-007 国木田花丸 - ラブライブ！シリーズ オフィシャルカードゲーム(ラブカ) 非公式 Wiki*,メンバー,ラブライブ！サンシャイン!!,Aqours,AZALEA,13.0,5.0,<緑>,<緑> 5,,,"<ライブ成功時>
自分のデッキの上からカードを4枚見る。その中からハートに
<緑>
を2つ以上持つメンバーカードを1枚公開して手札に加えてもよい。残りを控え室に置く。",https://wikiwiki.jp/llocardgame/PL%21S-bp5-007%20%E5%9B%BD%E6%9C%A8%E7%94%B0%E8%8A%B1%E4%B8%B8,MEMBER,{},0,[],{},0,[],"{""green"": 1}",1,[],"<ライブ成功時>
自分のデッキの上からカードを4枚見る。その中からハートに
<緑>
を2つ以上持つメンバーカードを1枚公開して手札に加えてもよい。残りを控え室に置く。",HAS_TEXT,0,"{""hearts"": {}, ""blade_mentions"": [], ""blade_icon_n"": 0, ""energy_icon_n"": 0, ""all_heart_n"": 0, ""score_delta_icon"": 0, ""unknown_tags"": [], ""tags"": []}",0,0,0,0,0,"{""draw"": 0, ""score"": 0, ""colorless"": 0}",0,0,0,,
PL!S-bp5-008,小原鞠莉,PL!S-bp5-008 小原鞠莉 - ラブライブ！シリーズ オフィシャルカードゲーム(ラブカ) 非公式 Wiki*,メンバー,ラブライブ！サンシャイン!!,Aqours,Guilty Kiss,9.0,2.0,なし,<青> 4,,,"<常時>
相手の余剰ハートが2つ以上あるかぎり、自分のライブの合計スコアを+1する。",https://wikiwiki.jp/llocardgame/PL%21S-bp5-008%20%E5%B0%8F%E5%8E%9F%E9%9E%A0%E8%8E%89,MEMBER,{},0,[],{},0,[],{},0,[],"<常時>
相手の余剰ハートが2つ以上あるかぎり、自分のライブの合計スコアを+1する。",HAS_TEXT,0,"{""hearts"": {}, ""blade_mentions"": [], ""blade_icon_n"": 0, ""energy_icon_n"": 0, ""all_heart_n"": 0, ""score_delta_icon"": 0, ""unknown_tags"": [], ""tags"": []}",0,0,0,0,0,"{""draw"": 0, ""score"": 0, ""colorless"": 0}",0,0,0,,
PL!S-bp5-009,黒澤ルビィ,PL!S-bp5-009 黒澤ルビィ - ラブライブ！シリーズ オフィシャルカードゲーム(ラブカ) 非公式 Wiki*,メンバー,ラブライブ！サンシャイン!!,Aqours,CYaRon!,15.0,5.0,<紫>,<赤> 2 <緑> 2 <青> 1 <紫> 1,,,"<登場>
<(E)>
支払ってもよい：自分の控え室から『Saint Snow』のカードを1枚手札に加える。そうした場合、ライブ終了時まで、
<(ブレード)>
<(ブレード)>
を得る。",https://wikiwiki.jp/llocardgame/PL%21S-bp5-009%20%E9%BB%92%E6%BE%A4%E3%83%AB%E3%83%93%E3%82%A3,MEMBER,{},0,[],{},0,[],"{""purple"": 1}",1,[],"<登場>
<(E)>
支払ってもよい：自分の控え室から『Saint Snow』のカードを1枚手札に加える。そうした場合、ライブ終了時まで、
<(ブレード)>
<(ブレード)>
を得る。",HAS_TEXT,0,"{""hearts"": {}, ""blade_mentions"": [], ""tags"": [], ""blade_icon_n"": 2, ""energy_icon_n"": 1, ""all_heart_n"": 0, ""score_delta_icon"": 0, ""unknown_tags"": []}",2,1,0,0,0,"{""draw"": 0, ""score"": 0, ""colorless"": 0}",0,0,0,,
PL!S-bp5-010,高海千歌,PL!S-bp5-010 高海千歌 - ラブライブ！シリーズ オフィシャルカードゲーム(ラブカ) 非公式 Wiki*,メンバー,ラブライブ！サンシャイン!!,Aqours,CYaRon!,4.0,1.0,<赤>,<赤> 1,,,"<登場>
自分のステージにいるメンバーが持つハートに
<赤>
が合計5つ以上ある場合、相手のライブ開始時、相手のライブカード置き場にあるライブカード1枚は、成功させるための必要ハートが
<任意>
多くなる。",https://wikiwiki.jp/llocardgame/PL%21S-bp5-010%20%E9%AB%98%E6%B5%B7%E5%8D%83%E6%AD%8C,MEMBER,{},0,[],{},0,[],"{""red"": 1}",1,[],"<登場>
自分のステージにいるメンバーが持つハートに
<赤>
が合計5つ以上ある場合、相手のライブ開始時、相手のライブカード置き場にあるライブカード1枚は、成功させるための必要ハートが
<任意>
多くなる。",HAS_TEXT,0,"{""hearts"": {}, ""blade_mentions"": [], ""blade_icon_n"": 0, ""energy_icon_n"": 0, ""all_heart_n"": 0, ""score_delta_icon"": 0, ""unknown_tags"": [], ""tags"": []}",0,0,0,0,0,"{""draw"": 0, ""score"": 0, ""colorless"": 0}",0,0,0,,
PL!S-bp5-011,桜内梨子,PL!S-bp5-011 桜内梨子 - ラブライブ！シリーズ オフィシャルカードゲーム(ラブカ) 非公式 Wiki*,メンバー,ラブライブ！サンシャイン!!,Aqours,Guilty Kiss,4.0,1.0,<青>,<青> 1,,,"<登場>
自分のステージにいるメンバーが持つハートに
<青>
が合計5つ以上ある場合、相手のライブ開始時、相手のライブカード置き場にあるライブカード1枚は、成功させるための必要ハートが
<任意>
多くなる。",https://wikiwiki.jp/llocardgame/PL%21S-bp5-011%20%E6%A1%9C%E5%86%85%E6%A2%A8%E5%AD%90,MEMBER,{},0,[],{},0,[],"{""blue"": 1}",1,[],"<登場>
自分のステージにいるメンバーが持つハートに
<青>
が合計5つ以上ある場合、相手のライブ開始時、相手のライブカード置き場にあるライブカード1枚は、成功させるための必要ハートが
<任意>
多くなる。",HAS_TEXT,0,"{""hearts"": {}, ""blade_mentions"": [], ""blade_icon_n"": 0, ""energy_icon_n"": 0, ""all_heart_n"": 0, ""score_delta_icon"": 0, ""unknown_tags"": [], ""tags"": []}",0,0,0,0,0,"{""draw"": 0, ""score"": 0, ""colorless"": 0}",0,0,0,,
PL!S-bp5-012,松浦果南,PL!S-bp5-012 松浦果南 - ラブライブ！シリーズ オフィシャルカードゲーム(ラブカ) 非公式 Wiki*,メンバー,ラブライブ！サンシャイン!!,Aqours,AZALEA,2.0,0.0,<青>,<緑> 1 <青> 1,,,(なし),https://wikiwiki.jp/llocardgame/PL%21S-bp5-012%20%E6%9D%BE%E6%B5%A6%E6%9E%9C%E5%8D%97,MEMBER,{},0,[],{},0,[],"{""blue"": 1}",1,[],(なし),NO_ABILITY,1,"{""hearts"": {}, ""blade_mentions"": [], ""blade_icon_n"": 0, ""energy_icon_n"": 0, ""all_heart_n"": 0, ""score_delta_icon"": 0, ""unknown_tags"": [], ""tags"": []}",0,0,0,0,0,"{""draw"": 0, ""score"": 0, ""colorless"": 0}",0,0,0,,
PL!S-bp5-013,黒澤ダイヤ,PL!S-bp5-013 黒澤ダイヤ - ラブライブ！シリーズ オフィシャルカードゲーム(ラブカ) 非公式 Wiki*,メンバー,ラブライブ！サンシャイン!!,Aqours,AZALEA,4.0,2.0,<緑>,<緑> 1,,,"<ライブ開始時>
自分のライブカード置き場にあるカードの必要ハートに含まれる
<緑>
の合計が4以上の場合、ライブ終了時まで、
<緑>
を得る。",https://wikiwiki.jp/llocardgame/PL%21S-bp5-013%20%E9%BB%92%E6%BE%A4%E3%83%80%E3%82%A4%E3%83%A4,MEMBER,{},0,[],{},0,[],"{""green"": 1}",1,[],"<ライブ開始時>
自分のライブカード置き場にあるカードの必要ハートに含まれる
<緑>
の合計が4以上の場合、ライブ終了時まで、
<緑>
を得る。",HAS_TEXT,0,"{""hearts"": {}, ""blade_mentions"": [], ""blade_icon_n"": 0, ""energy_icon_n"": 0, ""all_heart_n"": 0, ""score_delta_icon"": 0, ""unknown_tags"": [], ""tags"": []}",0,0,0,0,0,"{""draw"": 0, ""score"": 0, ""colorless"": 0}",0,0,0,,
PL!S-bp5-014,渡辺曜,PL!S-bp5-014 渡辺曜 - ラブライブ！シリーズ オフィシャルカードゲーム(ラブカ) 非公式 Wiki*,メンバー,ラブライブ！サンシャイン!!,Aqours,CYaRon!,4.0,2.0,<緑>,<緑> 1,,,"<登場>
カードを1枚引き、手札を1枚デッキの一番下に置く。",https://wikiwiki.jp/llocardgame/PL%21S-bp5-014%20%E6%B8%A1%E8%BE%BA%E6%9B%9C,MEMBER,{},0,[],{},0,[],"{""green"": 1}",1,[],"<登場>
カードを1枚引き、手札を1枚デッキの一番下に置く。",HAS_TEXT,0,"{""hearts"": {}, ""blade_mentions"": [], ""blade_icon_n"": 0, ""energy_icon_n"": 0, ""all_heart_n"": 0, ""score_delta_icon"": 0, ""unknown_tags"": [], ""tags"": []}",0,0,0,0,0,"{""draw"": 0, ""score"": 0, ""colorless"": 0}",0,0,0,,
PL!S-bp5-015,津島善子,PL!S-bp5-015 津島善子 - ラブライブ！シリーズ オフィシャルカードゲーム(ラブカ) 非公式 Wiki*,メンバー,ラブライブ！サンシャイン!!,Aqours,Guilty Kiss,9.0,4.0,なし,<赤> 1 <青> 1 <紫> 1,,,"<登場>
自分のデッキの上からカードを10枚控え室に置く。",https://wikiwiki.jp/llocardgame/PL%21S-bp5-015%20%E6%B4%A5%E5%B3%B6%E5%96%84%E5%AD%90,MEMBER,{},0,[],{},0,[],{},0,[],"<登場>
自分のデッキの上からカードを10枚控え室に置く。",HAS_TEXT,0,"{""hearts"": {}, ""blade_mentions"": [], ""blade_icon_n"": 0, ""energy_icon_n"": 0, ""all_heart_n"": 0, ""score_delta_icon"": 0, ""unknown_tags"": [], ""tags"": []}",0,0,0,0,0,"{""draw"": 0, ""score"": 0, ""colorless"": 0}",0,0,0,,
PL!S-bp5-016,国木田花丸,PL!S-bp5-016 国木田花丸 - ラブライブ！シリーズ オフィシャルカードゲーム(ラブカ) 非公式 Wiki*,メンバー,ラブライブ！サンシャイン!!,Aqours,AZALEA,9.0,4.0,なし,<緑> 1 <青> 1 <紫> 1,,,"<ライブ開始時>
相手のステージにいるすべてのメンバーのコストよりもコストが高いメンバーが自分のステージにいる場合、ライブ終了時まで、
<(ブレード)>
<(ブレード)>
を得る。",https://wikiwiki.jp/llocardgame/PL%21S-bp5-016%20%E5%9B%BD%E6%9C%A8%E7%94%B0%E8%8A%B1%E4%B8%B8,MEMBER,{},0,[],{},0,[],{},0,[],"<ライブ開始時>
相手のステージにいるすべてのメンバーのコストよりもコストが高いメンバーが自分のステージにいる場合、ライブ終了時まで、
<(ブレード)>
<(ブレード)>
を得る。",HAS_TEXT,0,"{""hearts"": {}, ""blade_mentions"": [], ""tags"": [], ""blade_icon_n"": 2, ""energy_icon_n"": 0, ""all_heart_n"": 0, ""score_delta_icon"": 0, ""unknown_tags"": []}",2,0,0,0,0,"{""draw"": 0, ""score"": 0, ""colorless"": 0}",0,0,0,,
PL!S-bp5-017,小原鞠莉,PL!S-bp5-017 小原鞠莉 - ラブライブ！シリーズ オフィシャルカードゲーム(ラブカ) 非公式 Wiki*,メンバー,ラブライブ！サンシャイン!!,Aqours,Guilty Kiss,4.0,2.0,<青>,<青> 1,,,"<ライブ開始時>
自分のライブカード置き場にあるカードの必要ハートに含まれる
<青>
の合計が4以上の場合、ライブ終了時まで、
<青>
を得る。",https://wikiwiki.jp/llocardgame/PL%21S-bp5-017%20%E5%B0%8F%E5%8E%9F%E9%9E%A0%E8%8E%89,MEMBER,{},0,[],{},0,[],"{""blue"": 1}",1,[],"<ライブ開始時>
自分のライブカード置き場にあるカードの必要ハートに含まれる
<青>
の合計が4以上の場合、ライブ終了時まで、
<青>
を得る。",HAS_TEXT,0,"{""hearts"": {}, ""blade_mentions"": [], ""blade_icon_n"": 0, ""energy_icon_n"": 0, ""all_heart_n"": 0, ""score_delta_icon"": 0, ""unknown_tags"": [], ""tags"": []}",0,0,0,0,0,"{""draw"": 0, ""score"": 0, ""colorless"": 0}",0,0,0,,
PL!S-bp5-018,黒澤ルビィ,PL!S-bp5-018 黒澤ルビィ - ラブライブ！シリーズ オフィシャルカードゲーム(ラブカ) 非公式 Wiki*,メンバー,ラブライブ！サンシャイン!!,Aqours,CYaRon!,2.0,0.0,<赤>,<赤> 1 <紫> 1,,,(なし),https://wikiwiki.jp/llocardgame/PL%21S-bp5-018%20%E9%BB%92%E6%BE%A4%E3%83%AB%E3%83%93%E3%82%A3,MEMBER,{},0,[],{},0,[],"{""red"": 1}",1,[],(なし),NO_ABILITY,1,"{""hearts"": {}, ""blade_mentions"": [], ""blade_icon_n"": 0, ""energy_icon_n"": 0, ""all_heart_n"": 0, ""score_delta_icon"": 0, ""unknown_tags"": [], ""tags"": []}",0,0,0,0,0,"{""draw"": 0, ""score"": 0, ""colorless"": 0}",0,0,0,,
PL!S-bp5-019,not ALONE not HITORI,PL!S-bp5-019 not ALONE not HITORI - ラブライブ！シリーズ オフィシャルカードゲーム(ラブカ) 非公式 Wiki*,ライブ,ラブライブ！サンシャイン!!,Aqours,,,,<青> <ドロー+1>,,<緑> 2 <青> 4 <任意> 6 (合計12),5.0,"<ライブ成功時>
自分か相手の成功ライブカード置き場にカードが2枚以上ある場合、エールにより公開された自分のカードの中から、メンバーカードを2枚まで手札に加える。",https://wikiwiki.jp/llocardgame/PL%21S-bp5-019%20not%20ALONE%20not%20HITORI,LIVE,{},0,[],{},12,[],"{""blue"": 1}",1,[],"<ライブ成功時>
自分か相手の成功ライブカード置き場にカードが2枚以上ある場合、エールにより公開された自分のカードの中から、メンバーカードを2枚まで手札に加える。",HAS_TEXT,0,"{""hearts"": {}, ""blade_mentions"": [], ""blade_icon_n"": 0, ""energy_icon_n"": 0, ""all_heart_n"": 0, ""score_delta_icon"": 0, ""unknown_tags"": [], ""tags"": []}",0,0,0,0,0,"{""draw"": 1, ""score"": 0, ""colorless"": 0}",1,0,0,,
PL!S-bp5-020,Landing action Yeah!!,PL!S-bp5-020 Landing action Yeah!! - ラブライブ！シリーズ オフィシャルカードゲーム(ラブカ) 非公式 Wiki*,ライブ,ラブライブ！サンシャイン!!,Aqours,,,,<ALL>,,<緑> 1 <任意> 2 (合計3),1.0,"<ライブ成功時>
自分が余剰ハートを3つ以上持っている場合、それらをすべて失い、このカードのスコアを+1する。",https://wikiwiki.jp/llocardgame/PL%21S-bp5-020%20Landing%20action%20Yeah%21%21,LIVE,{},0,[],{},3,[],"{""all"": 1}",1,[],"<ライブ成功時>
自分が余剰ハートを3つ以上持っている場合、それらをすべて失い、このカードのスコアを+1する。",HAS_TEXT,0,"{""hearts"": {}, ""blade_mentions"": [], ""tags"": [""(ライブ成功時)""], ""blade_icon_n"": 0, ""energy_icon_n"": 0, ""all_heart_n"": 0, ""score_delta_icon"": 0, ""unknown_tags"": [""(ライブ成功時)""]}",0,0,0,0,1,"{""draw"": 0, ""score"": 0, ""colorless"": 0}",0,0,0,1.0,"wiki typo: the condition is '3つ以上', not '3つ'."
PL!S-bp5-021,夢で夜空を照らしたい,PL!S-bp5-021 夢で夜空を照らしたい - ラブライブ！シリーズ オフィシャルカードゲーム(ラブカ) 非公式 Wiki*,ライブ,ラブライブ！サンシャイン!!,Aqours,,,,<ALL>,,<赤> 1 <緑> 1 <青> 1 <任意> 4 (合計7),3.0,(なし),https://wikiwiki.jp/llocardgame/PL%21S-bp5-021%20%E5%A4%A2%E3%81%A7%E5%A4%9C%E7%A9%BA%E3%82%92%E7%85%A7%E3%82%89%E3%81%97%E3%81%9F%E3%81%84,LIVE,{},0,[],{},7,[],"{""all"": 1}",1,[],(なし),NO_ABILITY,1,"{""hearts"": {}, ""blade_mentions"": [], ""blade_icon_n"": 0, ""energy_icon_n"": 0, ""all_heart_n"": 0, ""score_delta_icon"": 0, ""unknown_tags"": [], ""tags"": []}",0,0,0,0,0,"{""draw"": 0, ""score"": 0, ""colorless"": 0}",0,0,0,,
PL!S-bp5-022,SELF CONTROL!!,PL!S-bp5-022 SELF CONTROL!! - ラブライブ！シリーズ オフィシャルカードゲーム(ラブカ) 非公式 Wiki*,ライブ,ラブライブ！サンシャイン!!,Aqours / Saint Snow,,,,<ALL>,,<青> 2 <紫> 2 <任意> 5 (合計9),3.0,"<ライブ開始時>
ライブ終了時まで、自分のステージにいる、このターン中にエリアを移動したメンバーは
<(ブレード)>
を得る。
<ライブ成功時>
エールにより公開されている自分のライブカードの枚数が、エールにより公開されている相手のライブカードの枚数より多い場合、このカードのスコアを+1する。",https://wikiwiki.jp/llocardgame/PL%21S-bp5-022%20SELF%20CONTROL%21%21,LIVE,{},0,[],{},9,[],"{""all"": 1}",1,[],"<ライブ開始時>
ライブ終了時まで、自分のステージにいる、このターン中にエリアを移動したメンバーは
<(ブレード)>
を得る。
<ライブ成功時>
エールにより公開されている自分のライブカードの枚数が、エールにより公開されている相手のライブカードの枚数より多い場合、このカードのスコアを+1する。",HAS_TEXT,0,"{""hearts"": {}, ""blade_mentions"": [], ""tags"": [], ""blade_icon_n"": 1, ""energy_icon_n"": 0, ""all_heart_n"": 0, ""score_delta_icon"": 0, ""unknown_tags"": []}",1,0,0,0,0,"{""draw"": 0, ""score"": 0, ""colorless"": 0}",0,0,0,,
PL!S-bp5-023,Awaken the power,PL!S-bp5-023 Awaken the power - ラブライブ！シリーズ オフィシャルカードゲーム(ラブカ) 非公式 Wiki*,ライブ,ラブライブ！サンシャイン!!,Aqours / Saint Snow,,,,<スコア+1>,,<赤> 3 <緑> 3 <青> 3 <紫> 2 <任意> 5 (合計16),7.0,"<ライブ開始時>
自分のステージに『Aqours』のメンバーと『Saint Snow』のメンバーがいて、かつメンバーのコストが合計20以上の場合、自分の控え室にある『Aqours』と『Saint Snow』のライブカードを4枚まで好きな順番でデッキの上に置いてもよい。",https://wikiwiki.jp/llocardgame/PL%21S-bp5-023%20Awaken%20the%20power,LIVE,{},0,[],{},16,[],{},0,[],"<ライブ開始時>
自分のステージに『Aqours』のメンバーと『Saint Snow』のメンバーがいて、かつメンバーのコストが合計20以上の場合、自分の控え室にある『Aqours』と『Saint Snow』のライブカードを4枚まで好きな順番でデッキの上に置いてもよい。",HAS_TEXT,0,"{""hearts"": {}, ""blade_mentions"": [], ""blade_icon_n"": 0, ""energy_icon_n"": 0, ""all_heart_n"": 0, ""score_delta_icon"": 0, ""unknown_tags"": [], ""tags"": []}",0,0,0,0,0,"{""draw"": 0, ""score"": 1, ""colorless"": 0}",0,1,0,,
PL!S-bp5-111,鹿角聖良,PL!S-bp5-111 鹿角聖良 - ラブライブ！シリーズ オフィシャルカードゲーム(ラブカ) 非公式 Wiki*,メンバー,ラブライブ！サンシャイン!!,Saint Snow,,4.0,2.0,<紫>,<紫> 1,,,"<起動>
<ターン1回>
<(E)>
：このメンバーを『Aqours』か『Saint Snow』のメンバーがいるエリアにポジションチェンジする。
<自動>
このメンバーがエリアを移動したとき、相手のステージにいる元々持つ
<(ブレード)>
の数が2つ以下のメンバー1人をウェイトにする。",https://wikiwiki.jp/llocardgame/PL%21S-bp5-111%20%E9%B9%BF%E8%A7%92%E8%81%96%E8%89%AF,MEMBER,{},0,[],{},0,[],"{""purple"": 1}",1,[],"<起動>
<ターン1回>
<(E)>
：このメンバーを『Aqours』か『Saint Snow』のメンバーがいるエリアにポジションチェンジする。
<自動>
このメンバーがエリアを移動したとき、相手のステージにいる元々持つ
<(ブレード)>
の数が2つ以下のメンバー1人をウェイトにする。",HAS_TEXT,0,"{""hearts"": {}, ""blade_mentions"": [], ""tags"": [], ""blade_icon_n"": 1, ""energy_icon_n"": 1, ""all_heart_n"": 0, ""score_delta_icon"": 0, ""unknown_tags"": []}",1,1,0,0,0,"{""draw"": 0, ""score"": 0, ""colorless"": 0}",0,0,0,,
PL!S-bp5-222,鹿角理亞,PL!S-bp5-222 鹿角理亞 - ラブライブ！シリーズ オフィシャルカードゲーム(ラブカ) 非公式 Wiki*,メンバー,ラブライブ！サンシャイン!!,Saint Snow,,11.0,2.0,<紫>,<青> 2 <紫> 2,,,"<起動>
<ターン1回>
<(E)>
：このメンバーを『Aqours』か『Saint Snow』のメンバーがいるエリアにポジションチェンジする。
<自動>
<ターン1回>
このメンバーがエリアを移動したとき、エネルギーを2枚アクティブにする。",https://wikiwiki.jp/llocardgame/PL%21S-bp5-222%20%E9%B9%BF%E8%A7%92%E7%90%86%E4%BA%9E,MEMBER,{},0,[],{},0,[],"{""purple"": 1}",1,[],"<起動>
<ターン1回>
<(E)>
：このメンバーを『Aqours』か『Saint Snow』のメンバーがいるエリアにポジションチェンジする。
<自動>
<ターン1回>
このメンバーがエリアを移動したとき、エネルギーを2枚アクティブにする。",HAS_TEXT,0,"{""hearts"": {}, ""blade_mentions"": [], ""tags"": [], ""blade_icon_n"": 0, ""energy_icon_n"": 1, ""all_heart_n"": 0, ""score_delta_icon"": 0, ""unknown_tags"": []}",0,1,0,0,0,"{""draw"": 0, ""score"": 0, ""colorless"": 0}",0,0,0,,
PL!S-bp6-001,高海千歌,PL!S-bp6-001 高海千歌 - ラブライブ！シリーズ オフィシャルカードゲーム(ラブカ) 非公式 Wiki*,メンバー,ラブライブ！サンシャイン!!,Aqours,CYaRon!,4.0,2.0,なし,<青> 1,,,"<登場>
控え室から登場している場合、相手のステージの右サイドエリアか左サイドエリアにいるコスト13以上のメンバー1人をウェイトにする。",https://wikiwiki.jp/llocardgame/PL%21S-bp6-001%20%E9%AB%98%E6%B5%B7%E5%8D%83%E6%AD%8C,MEMBER,{},0,[],{},0,[],{},0,[],"<登場>
控え室から登場している場合、相手のステージの右サイドエリアか左サイドエリアにいるコスト13以上のメンバー1人をウェイトにする。",HAS_TEXT,0,"{""hearts"": {}, ""blade_mentions"": [], ""blade_icon_n"": 0, ""energy_icon_n"": 0, ""all_heart_n"": 0, ""score_delta_icon"": 0, ""unknown_tags"": [], ""tags"": []}",0,0,0,0,0,"{""draw"": 0, ""score"": 0, ""colorless"": 0}",0,0,0,,
PL!S-bp6-002,桜内梨子,PL!S-bp6-002 桜内梨子 - ラブライブ！シリーズ オフィシャルカードゲーム(ラブカ) 非公式 Wiki*,メンバー,ラブライブ！サンシャイン!!,Aqours,Guilty Kiss,17.0,6.0,<青>,<赤> 2 <緑> 2 <青> 2,,,"<自動>
<ターン1回>
『Aqours』のライブカードが自分のライブカード置き場から控え室に置かれたとき、そのライブカードをデッキの一番上か一番下に置いてもよい。
<ライブ開始時>
自分のライブカード置き場にあるカードが『Aqours』のみで、かつそれらの必要ハートに含まれる
<赤>
と
<緑>
と
<青>
の合計が12以上の場合、ライブ終了時まで、
<ALL>
<ALL>
を得る。",https://wikiwiki.jp/llocardgame/PL%21S-bp6-002%20%E6%A1%9C%E5%86%85%E6%A2%A8%E5%AD%90,MEMBER,{},0,[],{},0,[],"{""blue"": 1}",1,[],"<自動>
<ターン1回>
『Aqours』のライブカードが自分のライブカード置き場から控え室に置かれたとき、そのライブカードをデッキの一番上か一番下に置いてもよい。
<ライブ開始時>
自分のライブカード置き場にあるカードが『Aqours』のみで、かつそれらの必要ハートに含まれる
<赤>
と
<緑>
と
<青>
の合計が12以上の場合、ライブ終了時まで、
<ALL>
<ALL>
を得る。",HAS_TEXT,0,"{""hearts"": {}, ""blade_mentions"": [], ""blade_icon_n"": 0, ""energy_icon_n"": 0, ""all_heart_n"": 0, ""score_delta_icon"": 0, ""unknown_tags"": [], ""tags"": []}",0,0,0,0,0,"{""draw"": 0, ""score"": 0, ""colorless"": 0}",0,0,0,,
PL!S-bp6-003,松浦果南,PL!S-bp6-003 松浦果南 - ラブライブ！シリーズ オフィシャルカードゲーム(ラブカ) 非公式 Wiki*,メンバー,ラブライブ！サンシャイン!!,Aqours,AZALEA,9.0,3.0,なし,<赤> 1 <緑> 1 <青> 1,,,"<起動>
<ターン1回>
<(E)>
<(E)>
,手札を1枚控え室に置く：このメンバー以外の『Aqours』のメンバー1人を自分のステージから控え室に置いてもよい。そうした場合、自分の控え室から、そのメンバーのコストに2を足した数に等しいコストの『Aqours』のメンバーカードを1枚、そのメンバーがいたエリアに登場させる。",https://wikiwiki.jp/llocardgame/PL%21S-bp6-003%20%E6%9D%BE%E6%B5%A6%E6%9E%9C%E5%8D%97,MEMBER,{},0,[],{},0,[],{},0,[],"<起動>
<ターン1回>
<(E)>
<(E)>
,手札を1枚控え室に置く：このメンバー以外の『Aqours』のメンバー1人を自分のステージから控え室に置いてもよい。そうした場合、自分の控え室から、そのメンバーのコストに2を足した数に等しいコストの『Aqours』のメンバーカードを1枚、そのメンバーがいたエリアに登場させる。",HAS_TEXT,0,"{""hearts"": {}, ""blade_mentions"": [], ""tags"": [], ""blade_icon_n"": 0, ""energy_icon_n"": 2, ""all_heart_n"": 0, ""score_delta_icon"": 0, ""unknown_tags"": []}",0,2,0,0,0,"{""draw"": 0, ""score"": 0, ""colorless"": 0}",0,0,0,,
PL!S-bp6-004,黒澤ダイヤ,PL!S-bp6-004 黒澤ダイヤ - ラブライブ！シリーズ オフィシャルカードゲーム(ラブカ) 非公式 Wiki*,メンバー,ラブライブ！サンシャイン!!,Aqours,AZALEA,11.0,3.0,<赤>,<赤> 2 <緑> 2,,,"<ライブ開始時>
自分のライブカード置き場にカードが2枚以上ある場合、その中から
<ライブ開始時>
能力を持たない『Aqours』のライブカードを1枚選び、デッキの一番上に置いてもよい。そうした場合、ライブ終了時まで、
<赤>
と
<緑>
を得る。",https://wikiwiki.jp/llocardgame/PL%21S-bp6-004%20%E9%BB%92%E6%BE%A4%E3%83%80%E3%82%A4%E3%83%A4,MEMBER,{},0,[],{},0,[],"{""red"": 1}",1,[],"<ライブ開始時>
自分のライブカード置き場にカードが2枚以上ある場合、その中から
<ライブ開始時>
能力を持たない『Aqours』のライブカードを1枚選び、デッキの一番上に置いてもよい。そうした場合、ライブ終了時まで、
<赤>
と
<緑>
を得る。",HAS_TEXT,0,"{""hearts"": {}, ""blade_mentions"": [], ""blade_icon_n"": 0, ""energy_icon_n"": 0, ""all_heart_n"": 0, ""score_delta_icon"": 0, ""unknown_tags"": [], ""tags"": []}",0,0,0,0,0,"{""draw"": 0, ""score"": 0, ""colorless"": 0}",0,0,0,,
PL!S-bp6-005,渡辺曜,PL!S-bp6-005 渡辺曜 - ラブライブ！シリーズ オフィシャルカードゲーム(ラブカ) 非公式 Wiki*,メンバー,ラブライブ！サンシャイン!!,Aqours,CYaRon!,2.0,2.0,なし,<青> 1,,,"<登場>
自分のデッキの上からカードを2枚見る。その中から
<赤>
と
<緑>
と
<青>
をすべて持つメンバーカードを1枚公開して手札に加えてもよい。残りを控え室に置く。",https://wikiwiki.jp/llocardgame/PL%21S-bp6-005%20%E6%B8%A1%E8%BE%BA%E6%9B%9C,MEMBER,{},0,[],{},0,[],{},0,[],"<登場>
自分のデッキの上からカードを2枚見る。その中から
<赤>
と
<緑>
と
<青>
をすべて持つメンバーカードを1枚公開して手札に加えてもよい。残りを控え室に置く。",HAS_TEXT,0,"{""hearts"": {}, ""blade_mentions"": [], ""blade_icon_n"": 0, ""energy_icon_n"": 0, ""all_heart_n"": 0, ""score_delta_icon"": 0, ""unknown_tags"": [], ""tags"": []}",0,0,0,0,0,"{""draw"": 0, ""score"": 0, ""colorless"": 0}",0,0,0,,
PL!S-bp6-006,津島善子,PL!S-bp6-006 津島善子 - ラブライブ！シリーズ オフィシャルカードゲーム(ラブカ) 非公式 Wiki*,メンバー,ラブライブ！サンシャイン!!,Aqours,Guilty Kiss,17.0,5.0,なし,<赤> 2 <緑> 2 <青> 3,,,"<登場>
カードを2枚引く。その後、控え室から登場している場合、ライブ終了時まで、
<(ブレード)>
<(ブレード)>
<(ブレード)>
を得る。",https://wikiwiki.jp/llocardgame/PL%21S-bp6-006%20%E6%B4%A5%E5%B3%B6%E5%96%84%E5%AD%90,MEMBER,{},0,[],{},0,[],{},0,[],"<登場>
カードを2枚引く。その後、控え室から登場している場合、ライブ終了時まで、
<(ブレード)>
<(ブレード)>
<(ブレード)>
を得る。",HAS_TEXT,0,"{""hearts"": {}, ""blade_mentions"": [], ""tags"": [], ""blade_icon_n"": 3, ""energy_icon_n"": 0, ""all_heart_n"": 0, ""score_delta_icon"": 0, ""unknown_tags"": []}",3,0,0,0,0,"{""draw"": 0, ""score"": 0, ""colorless"": 0}",0,0,0,,
PL!S-bp6-007,国木田花丸,PL!S-bp6-007 国木田花丸 - ラブライブ！シリーズ オフィシャルカードゲーム(ラブカ) 非公式 Wiki*,メンバー,ラブライブ！サンシャイン!!,Aqours,AZALEA,11.0,4.0,<緑>,<赤> 1 <緑> 2 <青> 1,,,"<ライブ開始時>
<(E)>
支払うか手札を2枚控え室に置いてもよい：自分の成功ライブカード置き場にカードがなく、かつ相手の成功ライブカード置き場にカードが2枚以上ある場合、ライブ終了時まで、自分のステージにいる『Aqours』のメンバー2人までは「
<常時>
ライブの合計スコアを+1する。」を得る。",https://wikiwiki.jp/llocardgame/PL%21S-bp6-007%20%E5%9B%BD%E6%9C%A8%E7%94%B0%E8%8A%B1%E4%B8%B8,MEMBER,{},0,[],{},0,[],"{""green"": 1}",1,[],"<ライブ開始時>
<(E)>
支払うか手札を2枚控え室に置いてもよい：自分の成功ライブカード置き場にカードがなく、かつ相手の成功ライブカード置き場にカードが2枚以上ある場合、ライブ終了時まで、自分のステージにいる『Aqours』のメンバー2人までは「
<常時>
ライブの合計スコアを+1する。」を得る。",HAS_TEXT,0,"{""hearts"": {}, ""blade_mentions"": [], ""tags"": [], ""blade_icon_n"": 0, ""energy_icon_n"": 1, ""all_heart_n"": 0, ""score_delta_icon"": 0, ""unknown_tags"": []}",0,1,0,0,0,"{""draw"": 0, ""score"": 0, ""colorless"": 0}",0,0,0,,
PL!S-bp6-008,小原鞠莉,PL!S-bp6-008 小原鞠莉 - ラブライブ！シリーズ オフィシャルカードゲーム(ラブカ) 非公式 Wiki*,メンバー,ラブライブ！サンシャイン!!,Aqours,Guilty Kiss,15.0,5.0,<赤>,<赤> 2 <緑> 2 <青> 2,,,"<起動>
<(E)>
<(E)>
、このメンバーをステージから控え室に置く：自分の控え室からコスト17以下の『Aqours』のメンバーカードを1枚、このメンバーがいたエリアに登場させる。",https://wikiwiki.jp/llocardgame/PL%21S-bp6-008%20%E5%B0%8F%E5%8E%9F%E9%9E%A0%E8%8E%89,MEMBER,{},0,[],{},0,[],"{""red"": 1}",1,[],"<起動>
<(E)>
<(E)>
、このメンバーをステージから控え室に置く：自分の控え室からコスト17以下の『Aqours』のメンバーカードを1枚、このメンバーがいたエリアに登場させる。",HAS_TEXT,0,"{""hearts"": {}, ""blade_mentions"": [], ""tags"": [], ""blade_icon_n"": 0, ""energy_icon_n"": 2, ""all_heart_n"": 0, ""score_delta_icon"": 0, ""unknown_tags"": []}",0,2,0,0,0,"{""draw"": 0, ""score"": 0, ""colorless"": 0}",0,0,0,,
PL!S-bp6-009,黒澤ルビィ,PL!S-bp6-009 黒澤ルビィ - ラブライブ！シリーズ オフィシャルカードゲーム(ラブカ) 非公式 Wiki*,メンバー,ラブライブ！サンシャイン!!,Aqours,CYaRon!,9.0,2.0,なし,<赤> 1 <緑> 1 <青> 1,,,"<常時>
相手の成功ライブカード置き場にあるカードの枚数が自分より多いかぎり、その差に等しい数の
<(ブレード)>
を得る。
<ライブ成功時>
<センター>
エールにより公開された自分のカードの中に、
<スコア+1>
を持つ『Aqours』のライブカードがある場合、ライブの合計スコアを+1する。",https://wikiwiki.jp/llocardgame/PL%21S-bp6-009%20%E9%BB%92%E6%BE%A4%E3%83%AB%E3%83%93%E3%82%A3,MEMBER,{},0,[],{},0,[],{},0,[],"<常時>
相手の成功ライブカード置き場にあるカードの枚数が自分より多いかぎり、その差に等しい数の
<(ブレード)>
を得る。
<ライブ成功時>
<センター>
エールにより公開された自分のカードの中に、
<スコア+1>
を持つ『Aqours』のライブカードがある場合、ライブの合計スコアを+1する。",HAS_TEXT,0,"{""hearts"": {}, ""blade_mentions"": [], ""tags"": [], ""blade_icon_n"": 1, ""energy_icon_n"": 0, ""all_heart_n"": 0, ""score_delta_icon"": 0, ""unknown_tags"": []}",1,0,0,0,0,"{""draw"": 0, ""score"": 0, ""colorless"": 0}",0,0,0,,
PL!S-bp6-010,高海千歌,PL!S-bp6-010 高海千歌 - ラブライブ！シリーズ オフィシャルカードゲーム(ラブカ) 非公式 Wiki*,メンバー,ラブライブ！サンシャイン!!,Aqours,CYaRon!,4.0,2.0,<赤>,<赤> 1,,,"<ライブ開始時>
自分のライブ中のライブカードの必要ハートに含まれる
<赤>
の合計が4以上の場合、ライブ終了時まで、
<赤>
を得る。",https://wikiwiki.jp/llocardgame/PL%21S-bp6-010%20%E9%AB%98%E6%B5%B7%E5%8D%83%E6%AD%8C,MEMBER,{},0,[],{},0,[],"{""red"": 1}",1,[],"<ライブ開始時>
自分のライブ中のライブカードの必要ハートに含まれる
<赤>
の合計が4以上の場合、ライブ終了時まで、
<赤>
を得る。",HAS_TEXT,0,"{""hearts"": {}, ""blade_mentions"": [], ""blade_icon_n"": 0, ""energy_icon_n"": 0, ""all_heart_n"": 0, ""score_delta_icon"": 0, ""unknown_tags"": [], ""tags"": []}",0,0,0,0,0,"{""draw"": 0, ""score"": 0, ""colorless"": 0}",0,0,0,,
PL!S-bp6-011,桜内梨子,PL!S-bp6-011 桜内梨子 - ラブライブ！シリーズ オフィシャルカードゲーム(ラブカ) 非公式 Wiki*,メンバー,ラブライブ！サンシャイン!!,Aqours,Guilty Kiss,11.0,4.0,<青>,<赤> 1 <緑> 1 <青> 1,,,"<登場>
控え室から登場している場合、カードを2枚引き、手札を1枚控え室に置く。",https://wikiwiki.jp/llocardgame/PL%21S-bp6-011%20%E6%A1%9C%E5%86%85%E6%A2%A8%E5%AD%90,MEMBER,{},0,[],{},0,[],"{""blue"": 1}",1,[],"<登場>
控え室から登場している場合、カードを2枚引き、手札を1枚控え室に置く。",HAS_TEXT,0,"{""hearts"": {}, ""blade_mentions"": [], ""blade_icon_n"": 0, ""energy_icon_n"": 0, ""all_heart_n"": 0, ""score_delta_icon"": 0, ""unknown_tags"": [], ""tags"": []}",0,0,0,0,0,"{""draw"": 0, ""score"": 0, ""colorless"": 0}",0,0,0,,
PL!S-bp6-012,松浦果南,PL!S-bp6-012 松浦果南 - ラブライブ！シリーズ オフィシャルカードゲーム(ラブカ) 非公式 Wiki*,メンバー,ラブライブ！サンシャイン!!,Aqours,AZALEA,2.0,1.0,<緑>,<緑> 1,,,"<登場>
自分のデッキの上からカードを5枚控え室に置く。",https://wikiwiki.jp/llocardgame/PL%21S-bp6-012%20%E6%9D%BE%E6%B5%A6%E6%9E%9C%E5%8D%97,MEMBER,{},0,[],{},0,[],"{""green"": 1}",1,[],"<登場>
自分のデッキの上からカードを5枚控え室に置く。",HAS_TEXT,0,"{""hearts"": {}, ""blade_mentions"": [], ""blade_icon_n"": 0, ""energy_icon_n"": 0, ""all_heart_n"": 0, ""score_delta_icon"": 0, ""unknown_tags"": [], ""tags"": []}",0,0,0,0,0,"{""draw"": 0, ""score"": 0, ""colorless"": 0}",0,0,0,,
PL!S-bp6-013,黒澤ダイヤ,PL!S-bp6-013 黒澤ダイヤ - ラブライブ！シリーズ オフィシャルカードゲーム(ラブカ) 非公式 Wiki*,メンバー,ラブライブ！サンシャイン!!,Aqours,AZALEA,5.0,0.0,なし,<赤> 1 <緑> 1 <青> 1,,,"<登場>
ライブ終了時まで、
<(ブレード)>
<(ブレード)>
を得る。",https://wikiwiki.jp/llocardgame/PL%21S-bp6-013%20%E9%BB%92%E6%BE%A4%E3%83%80%E3%82%A4%E3%83%A4,MEMBER,{},0,[],{},0,[],{},0,[],"<登場>
ライブ終了時まで、
<(ブレード)>
<(ブレード)>
を得る。",HAS_TEXT,0,"{""hearts"": {}, ""blade_mentions"": [], ""tags"": [], ""blade_icon_n"": 2, ""energy_icon_n"": 0, ""all_heart_n"": 0, ""score_delta_icon"": 0, ""unknown_tags"": []}",2,0,0,0,0,"{""draw"": 0, ""score"": 0, ""colorless"": 0}",0,0,0,,
PL!S-bp6-014,渡辺曜,PL!S-bp6-014 渡辺曜 - ラブライブ！シリーズ オフィシャルカードゲーム(ラブカ) 非公式 Wiki*,メンバー,ラブライブ！サンシャイン!!,Aqours,CYaRon!,2.0,1.0,<赤>,<赤> 1,,,"<起動>
このメンバーをステージから控え室に置く：自分の控え室からメンバーカードを1枚手札に加える。",https://wikiwiki.jp/llocardgame/PL%21S-bp6-014%20%E6%B8%A1%E8%BE%BA%E6%9B%9C,MEMBER,{},0,[],{},0,[],"{""red"": 1}",1,[],"<起動>
このメンバーをステージから控え室に置く：自分の控え室からメンバーカードを1枚手札に加える。",HAS_TEXT,0,"{""hearts"": {}, ""blade_mentions"": [], ""blade_icon_n"": 0, ""energy_icon_n"": 0, ""all_heart_n"": 0, ""score_delta_icon"": 0, ""unknown_tags"": [], ""tags"": []}",0,0,0,0,0,"{""draw"": 0, ""score"": 0, ""colorless"": 0}",0,0,0,,
PL!S-bp6-015,津島善子,PL!S-bp6-015 津島善子 - ラブライブ！シリーズ オフィシャルカードゲーム(ラブカ) 非公式 Wiki*,メンバー,ラブライブ！サンシャイン!!,Aqours,Guilty Kiss,4.0,0.0,<赤>,<赤> 2,,,"<登場>
相手のステージにいるコスト2以下のメンバー1人をウェイトにする。",https://wikiwiki.jp/llocardgame/PL%21S-bp6-015%20%E6%B4%A5%E5%B3%B6%E5%96%84%E5%AD%90,MEMBER,{},0,[],{},0,[],"{""red"": 1}",1,[],"<登場>
相手のステージにいるコスト2以下のメンバー1人をウェイトにする。",HAS_TEXT,0,"{""hearts"": {}, ""blade_mentions"": [], ""blade_icon_n"": 0, ""energy_icon_n"": 0, ""all_heart_n"": 0, ""score_delta_icon"": 0, ""unknown_tags"": [], ""tags"": []}",0,0,0,0,0,"{""draw"": 0, ""score"": 0, ""colorless"": 0}",0,0,0,,
PL!S-bp6-016,国木田花丸,PL!S-bp6-016 国木田花丸 - ラブライブ！シリーズ オフィシャルカードゲーム(ラブカ) 非公式 Wiki*,メンバー,ラブライブ！サンシャイン!!,Aqours,AZALEA,4.0,2.0,<緑>,<緑> 1,,,"<登場>
控え室から登場している場合、カードを2枚引き、手札を1枚控え室に置く。",https://wikiwiki.jp/llocardgame/PL%21S-bp6-016%20%E5%9B%BD%E6%9C%A8%E7%94%B0%E8%8A%B1%E4%B8%B8,MEMBER,{},0,[],{},0,[],"{""green"": 1}",1,[],"<登場>
控え室から登場している場合、カードを2枚引き、手札を1枚控え室に置く。",HAS_TEXT,0,"{""hearts"": {}, ""blade_mentions"": [], ""blade_icon_n"": 0, ""energy_icon_n"": 0, ""all_heart_n"": 0, ""score_delta_icon"": 0, ""unknown_tags"": [], ""tags"": []}",0,0,0,0,0,"{""draw"": 0, ""score"": 0, ""colorless"": 0}",0,0,0,,
PL!S-bp6-017,小原鞠莉,PL!S-bp6-017 小原鞠莉 - ラブライブ！シリーズ オフィシャルカードゲーム(ラブカ) 非公式 Wiki*,メンバー,ラブライブ！サンシャイン!!,Aqours,Guilty Kiss,4.0,2.0,<青>,<青> 1,,,"<登場>
自分のデッキの上からカードを5枚控え室に置く。",https://wikiwiki.jp/llocardgame/PL%21S-bp6-017%20%E5%B0%8F%E5%8E%9F%E9%9E%A0%E8%8E%89,MEMBER,{},0,[],{},0,[],"{""blue"": 1}",1,[],"<登場>
自分のデッキの上からカードを5枚控え室に置く。",HAS_TEXT,0,"{""hearts"": {}, ""blade_mentions"": [], ""blade_icon_n"": 0, ""energy_icon_n"": 0, ""all_heart_n"": 0, ""score_delta_icon"": 0, ""unknown_tags"": [], ""tags"": []}",0,0,0,0,0,"{""draw"": 0, ""score"": 0, ""colorless"": 0}",0,0,0,,
PL!S-bp6-018,黒澤ルビィ,PL!S-bp6-018 黒澤ルビィ - ラブライブ！シリーズ オフィシャルカードゲーム(ラブカ) 非公式 Wiki*,メンバー,ラブライブ！サンシャイン!!,Aqours,CYaRon!,4.0,2.0,<赤>,<赤> 1,,,"<登場>
このメンバーをウェイトにしてもよい：自分のデッキの上からカードを2枚見る。その中から好きな枚数を好きな順番でデッキの上に置き、残りを控え室に置く。
（ウェイト状態のメンバーが持つ
<(ブレード)>
は、エールで公開する枚数を増やさない。）",https://wikiwiki.jp/llocardgame/PL%21S-bp6-018%20%E9%BB%92%E6%BE%A4%E3%83%AB%E3%83%93%E3%82%A3,MEMBER,{},0,[],{},0,[],"{""red"": 1}",1,[],"<登場>
このメンバーをウェイトにしてもよい：自分のデッキの上からカードを2枚見る。その中から好きな枚数を好きな順番でデッキの上に置き、残りを控え室に置く。
（ウェイト状態のメンバーが持つ
<(ブレード)>
は、エールで公開する枚数を増やさない。）",HAS_TEXT,0,"{""hearts"": {}, ""blade_mentions"": [], ""tags"": [], ""blade_icon_n"": 1, ""energy_icon_n"": 0, ""all_heart_n"": 0, ""score_delta_icon"": 0, ""unknown_tags"": []}",1,0,0,0,0,"{""draw"": 0, ""score"": 0, ""colorless"": 0}",0,0,0,,
PL!S-bp6-019,Step! ZERO to ONE,PL!S-bp6-019 Step! ZERO to ONE - ラブライブ！シリーズ オフィシャルカードゲーム(ラブカ) 非公式 Wiki*,ライブ,ラブライブ！サンシャイン!!,Aqours,,,,<ALL>,,<赤> 1 <緑> 1 <任意> 1 (合計3),0.0,"<ライブ開始時>
自分のステージにいるメンバーがすべて『Aqours』の場合、このカードのスコアを+1し、カードを1枚引き、手札からカードを1枚デッキの一番上か一番下に置く。",https://wikiwiki.jp/llocardgame/PL%21S-bp6-019%20Step%21%20ZERO%20to%20ONE,LIVE,{},0,[],{},3,[],"{""all"": 1}",1,[],"<ライブ開始時>
自分のステージにいるメンバーがすべて『Aqours』の場合、このカードのスコアを+1し、カードを1枚引き、手札からカードを1枚デッキの一番上か一番下に置く。",HAS_TEXT,0,"{""hearts"": {}, ""blade_mentions"": [], ""blade_icon_n"": 0, ""energy_icon_n"": 0, ""all_heart_n"": 0, ""score_delta_icon"": 0, ""unknown_tags"": [], ""tags"": []}",0,0,0,0,0,"{""draw"": 0, ""score"": 0, ""colorless"": 0}",0,0,0,,
PL!S-bp6-020,"冒険Type A, B, C!!","PL!S-bp6-020 冒険Type A, B, C!! - ラブライブ！シリーズ オフィシャルカードゲーム(ラブカ) 非公式 Wiki*",ライブ,ラブライブ！サンシャイン!!,Aqours,,,,<ALL>,,<赤> 2 <緑> 2 <青> 2 <任意> 4 (合計10),4.0,"<ライブ開始時>
以下から1つを選ぶ。
・このカードは「
<ライブ成功時>
カードを1枚引く。」を得る。
・ライブ終了時まで、このターンにバトンタッチして登場した『Aqours』のメンバー1人は
<赤>
を得る。
・自分の成功ライブカード置き場にカードが2枚以上ある場合、このカードのスコアを+1する。",https://wikiwiki.jp/llocardgame/PL%21S-bp6-020%20%E5%86%92%E9%99%BAType%20A%2C%20B%2C%20C%21%21,LIVE,{},0,[],{},10,[],"{""all"": 1}",1,[],"<ライブ開始時>
以下から1つを選ぶ。
・このカードは「
<ライブ成功時>
カードを1枚引く。」を得る。
・ライブ終了時まで、このターンにバトンタッチして登場した『Aqours』のメンバー1人は
<赤>
を得る。
・自分の成功ライブカード置き場にカードが2枚以上ある場合、このカードのスコアを+1する。",HAS_TEXT,0,"{""hearts"": {}, ""blade_mentions"": [], ""blade_icon_n"": 0, ""energy_icon_n"": 0, ""all_heart_n"": 0, ""score_delta_icon"": 0, ""unknown_tags"": [], ""tags"": []}",0,0,0,0,0,"{""draw"": 0, ""score"": 0, ""colorless"": 0}",0,0,0,,
PL!S-bp6-021,MIRAI TICKET,PL!S-bp6-021 MIRAI TICKET - ラブライブ！シリーズ オフィシャルカードゲーム(ラブカ) 非公式 Wiki*,ライブ,ラブライブ！サンシャイン!!,Aqours,,,,<スコア+1>,,<赤> 5 <緑> 4 <青> 4 <任意> 4 (合計17),8.0,"<自動>
<ターン1回>
自分がエールした時、エールにより公開された自分のカードの中からブレードハートを持たない『Aqours』のメンバーカードを1枚まで控え室に置いてもよい。そうした場合、これにより控え室に置いたカードのコスト5につき、追加で1枚エールを行う。この能力では4枚までしか追加でエールできない。",https://wikiwiki.jp/llocardgame/PL%21S-bp6-021%20MIRAI%20TICKET,LIVE,{},0,[],{},17,[],{},0,[],"<自動>
<ターン1回>
自分がエールした時、エールにより公開された自分のカードの中からブレードハートを持たない『Aqours』のメンバーカードを1枚まで控え室に置いてもよい。そうした場合、これにより控え室に置いたカードのコスト5につき、追加で1枚エールを行う。この能力では4枚までしか追加でエールできない。",HAS_TEXT,0,"{""hearts"": {}, ""blade_mentions"": [], ""blade_icon_n"": 0, ""energy_icon_n"": 0, ""all_heart_n"": 0, ""score_delta_icon"": 0, ""unknown_tags"": [], ""tags"": []}",0,0,0,0,0,"{""draw"": 0, ""score"": 1, ""colorless"": 0}",0,1,0,,
PL!S-bp6-022,近未来ハッピーエンド,PL!S-bp6-022 近未来ハッピーエンド - ラブライブ！シリーズ オフィシャルカードゲーム(ラブカ) 非公式 Wiki*,ライブ,ラブライブ！サンシャイン!!,Aqours,CYaRon!,,,<赤> <ドロー+1>,,<赤> 5 <緑> 2 <青> 2 <任意> 7 (合計16),7.0,"<ライブ成功時>
相手のエネルギーが自分より多い場合、このカードのスコアを+1する。",https://wikiwiki.jp/llocardgame/PL%21S-bp6-022%20%E8%BF%91%E6%9C%AA%E6%9D%A5%E3%83%8F%E3%83%83%E3%83%94%E3%83%BC%E3%82%A8%E3%83%B3%E3%83%89,LIVE,{},0,[],{},16,[],"{""red"": 1}",1,[],"<ライブ成功時>
相手のエネルギーが自分より多い場合、このカードのスコアを+1する。",HAS_TEXT,0,"{""hearts"": {}, ""blade_mentions"": [], ""blade_icon_n"": 0, ""energy_icon_n"": 0, ""all_heart_n"": 0, ""score_delta_icon"": 0, ""unknown_tags"": [], ""tags"": []}",0,0,0,0,0,"{""draw"": 1, ""score"": 0, ""colorless"": 0}",1,0,0,,
PL!S-bp6-023,GALAXY HidE and SeeK,PL!S-bp6-023 GALAXY HidE and SeeK - ラブライブ！シリーズ オフィシャルカードゲーム(ラブカ) 非公式 Wiki*,ライブ,ラブライブ！サンシャイン!!,Aqours,AZALEA,,,<緑> <ドロー+1>,,<赤> 1 <緑> 5 <青> 1 <任意> 3 (合計10),4.0,"<ライブ成功時>
エールにより公開された自分のカードの中にライブカードがある場合、このカードのスコアを+1する。",https://wikiwiki.jp/llocardgame/PL%21S-bp6-023%20GALAXY%20HidE%20and%20SeeK,LIVE,{},0,[],{},10,[],"{""green"": 1}",1,[],"<ライブ成功時>
エールにより公開された自分のカードの中にライブカードがある場合、このカードのスコアを+1する。",HAS_TEXT,0,"{""hearts"": {}, ""blade_mentions"": [], ""blade_icon_n"": 0, ""energy_icon_n"": 0, ""all_heart_n"": 0, ""score_delta_icon"": 0, ""unknown_tags"": [], ""tags"": []}",0,0,0,0,0,"{""draw"": 1, ""score"": 0, ""colorless"": 0}",1,0,0,,
PL!S-bp6-024,コワレヤスキ,PL!S-bp6-024 コワレヤスキ - ラブライブ！シリーズ オフィシャルカードゲーム(ラブカ) 非公式 Wiki*,ライブ,ラブライブ！サンシャイン!!,Aqours,Guilty Kiss,,,<青> <ドロー+1>,,<赤> 2 <緑> 2 <青> 4 <任意> 3 (合計11),5.0,"<ライブ成功時>
ライブ終了時まで、相手は余剰ハートをすべて失う。これにより相手が余剰ハートを2つ以上失っている場合、このカードのスコアを+1する。",https://wikiwiki.jp/llocardgame/PL%21S-bp6-024%20%E3%82%B3%E3%83%AF%E3%83%AC%E3%83%A4%E3%82%B9%E3%82%AD,LIVE,{},0,[],{},11,[],"{""blue"": 1}",1,[],"<ライブ成功時>
ライブ終了時まで、相手は余剰ハートをすべて失う。これにより相手が余剰ハートを2つ以上失っている場合、このカードのスコアを+1する。",HAS_TEXT,0,"{""hearts"": {}, ""blade_mentions"": [], ""blade_icon_n"": 0, ""energy_icon_n"": 0, ""all_heart_n"": 0, ""score_delta_icon"": 0, ""unknown_tags"": [], ""tags"": []}",0,0,0,0,0,"{""draw"": 1, ""score"": 0, ""colorless"": 0}",1,0,0,,
PL!S-bp7-002,桜内梨子,PL!S-bp7-002 桜内梨子 - ラブライブ！シリーズ オフィシャルカードゲーム(ラブカ) 非公式 Wiki*,メンバー,ラブライブ！サンシャイン!!,Aqours,Guilty Kiss,4.0,0.0,<青>,<緑> 1 <青> 1,,,"<登場>
自分のステージにコスト9以上の『Aqours』のメンバーがいる場合、カードを1枚引く。",https://wikiwiki.jp/llocardgame/PL%21S-bp7-002%20%E6%A1%9C%E5%86%85%E6%A2%A8%E5%AD%90,MEMBER,{},0,[],{},0,[],"{""blue"": 1}",1,[],"<登場>
自分のステージにコスト9以上の『Aqours』のメンバーがいる場合、カードを1枚引く。",HAS_TEXT,0,"{""hearts"": {}, ""blade_mentions"": [], ""blade_icon_n"": 0, ""energy_icon_n"": 0, ""all_heart_n"": 0, ""score_delta_icon"": 0, ""unknown_tags"": [], ""tags"": []}",0,0,0,0,0,"{""draw"": 0, ""score"": 0, ""colorless"": 0}",0,0,0,,
PL!S-bp7-003,松浦果南,PL!S-bp7-003 松浦果南 - ラブライブ！シリーズ オフィシャルカードゲーム(ラブカ) 非公式 Wiki*,メンバー,ラブライブ！サンシャイン!!,Aqours,AZALEA,4.0,2.0,<緑>,<青> 1,,,"<登場>
/
<ライブ開始時>
自分のデッキの一番上のカードを見る。それをデッキの一番下に置いてもよい。
<登場>
以下から1つを選ぶ。
・ライブ終了時まで、自分のステージにいる元々持つ
<(ブレード)>
の数が3つ以下の『Aqours』のメンバーは、相手の効果によってはウェイトしない。
・このメンバーを『Aqours』か『Saint Snow』のメンバーがいるエリアにポジションチェンジする。",https://wikiwiki.jp/llocardgame/PL%21S-bp7-003%20%E6%9D%BE%E6%B5%A6%E6%9E%9C%E5%8D%97,MEMBER,"{""blue"": 1}",1,[],{},0,[],"{""green"": 1}",1,[],"<登場>
/
<ライブ開始時>
自分のデッキの一番上のカードを見る。それをデッキの一番下に置いてもよい。
<登場>
以下から1つを選ぶ。
・ライブ終了時まで、自分のステージにいる元々持つ
<(ブレード)>
の数が3つ以下の『Aqours』のメンバーは、相手の効果によってはウェイトしない。
・このメンバーを『Aqours』か『Saint Snow』のメンバーがいるエリアにポジションチェンジする。",HAS_TEXT,0,"{""hearts"": {}, ""blade_mentions"": [], ""tags"": [""(登場)"", ""(ライブ開始時)"", ""(登場)""], ""blade_icon_n"": 1, ""energy_icon_n"": 0, ""all_heart_n"": 0, ""score_delta_icon"": 0, ""unknown_tags"": [""(登場)"", ""(ライブ開始時)"", ""(登場)""]}",1,0,0,0,3,"{""draw"": 0, ""score"": 0, ""colorless"": 0}",0,0,0,,
PL!S-bp7-005,渡辺曜,PL!S-bp7-005 渡辺曜 - ラブライブ！シリーズ オフィシャルカードゲーム(ラブカ) 非公式 Wiki*,メンバー,ラブライブ！サンシャイン!!,Aqours,CYaRon!,15.0,6.0,なし,<赤> 2 <緑> 2 <青> 2,,,"<登場>
自分の控え室にあるメンバーカード1枚を、自分のステージにいるメンバー1人の下に置く。
<常時>
自分のステージにいる、メンバーカードが下に貸し枯れている『Aqours』のメンバーは、
<(ブレード)>
を得る。
<起動>
<センター>
<ターン1回>
手札を2枚控え室に置く：このメンバーと自分のステージにいるほかの『Aqours』のメンバー1人を選ぶ。それらが持つ
<登場>
能力それぞれ1つ発動させる。",https://wikiwiki.jp/llocardgame/PL%21S-bp7-005%20%E6%B8%A1%E8%BE%BA%E6%9B%9C,MEMBER,"{""red"": 2, ""green"": 2, ""blue"": 2}",6,[],{},0,[],{},0,[],"<登場>
自分の控え室にあるメンバーカード1枚を、自分のステージにいるメンバー1人の下に置く。
<常時>
自分のステージにいる、メンバーカードが下に貸し枯れている『Aqours』のメンバーは、
<(ブレード)>
を得る。
<起動>
<センター>
<ターン1回>
手札を2枚控え室に置く：このメンバーと自分のステージにいるほかの『Aqours』のメンバー1人を選ぶ。それらが持つ
<登場>
能力それぞれ1つ発動させる。",HAS_TEXT,0,"{""hearts"": {}, ""blade_mentions"": [], ""tags"": [""(登場)"", ""(常時)"", ""(起動)"", ""(センター)"", ""(ターン1回)"", ""(登場)""], ""blade_icon_n"": 1, ""energy_icon_n"": 0, ""all_heart_n"": 0, ""score_delta_icon"": 0, ""unknown_tags"": [""(登場)"", ""(常時)"", ""(起動)"", ""(センター)"", ""(ターン1回)"", ""(登場)""]}",1,0,0,0,6,"{""draw"": 0, ""score"": 0, ""colorless"": 0}",0,0,0,,
PL!S-bp7-006,津島善子,PL!S-bp7-006 津島善子 - ラブライブ！シリーズ オフィシャルカードゲーム(ラブカ) 非公式 Wiki*,メンバー,ラブライブ！サンシャイン!!,Aqours,Guilty Kiss,2.0,1.0,<緑>,<緑> 1,,,"<ライブ開始時>
自分のデッキの下からカードを3枚控え室に置く。それらがすべて『Aqours』のメンバーカードの場合、ライブ終了時まで、
<緑>
を得る。",https://wikiwiki.jp/llocardgame/PL%21S-bp7-006%20%E6%B4%A5%E5%B3%B6%E5%96%84%E5%AD%90,MEMBER,"{""green"": 1}",1,[],{},0,[],"{""green"": 1}",1,[],"<ライブ開始時>
自分のデッキの下からカードを3枚控え室に置く。それらがすべて『Aqours』のメンバーカードの場合、ライブ終了時まで、
<緑>
を得る。",HAS_TEXT,0,"{""hearts"": {""green"": 1}, ""blade_mentions"": [], ""tags"": [""(ライブ開始時)""], ""blade_icon_n"": 0, ""energy_icon_n"": 0, ""all_heart_n"": 0, ""score_delta_icon"": 0, ""unknown_tags"": [""(ライブ開始時)""]}",0,0,0,0,1,"{""draw"": 0, ""score"": 0, ""colorless"": 0}",0,0,0,,
PL!S-bp7-015,津島善子,PL!S-bp7-015 津島善子 - ラブライブ！シリーズ オフィシャルカードゲーム(ラブカ) 非公式 Wiki*,メンバー,ラブライブ！サンシャイン!!,Aqours,Guilty Kiss,5.0,2.0,なし,<緑> 1 <青> 1,,,"<常時>
自分のデッキの下からカードを1枚控え室に置く。それがライブカードの場合、ライブ終了時まで、
<赤>
を得る。",https://wikiwiki.jp/llocardgame/PL%21S-bp7-015%20%E6%B4%A5%E5%B3%B6%E5%96%84%E5%AD%90,MEMBER,"{""green"": 1, ""blue"": 1}",2,[],{},0,[],{},0,[],"<常時>
自分のデッキの下からカードを1枚控え室に置く。それがライブカードの場合、ライブ終了時まで、
<赤>
を得る。",HAS_TEXT,0,"{""hearts"": {""red"": 1}, ""blade_mentions"": [], ""tags"": [""(常時)""], ""blade_icon_n"": 0, ""energy_icon_n"": 0, ""all_heart_n"": 0, ""score_delta_icon"": 0, ""unknown_tags"": [""(常時)""]}",0,0,0,0,1,"{""draw"": 0, ""score"": 0, ""colorless"": 0}",0,0,0,,
PL!S-bp7-016,国木田花丸,PL!S-bp7-016 国木田花丸 - ラブライブ！シリーズ オフィシャルカードゲーム(ラブカ) 非公式 Wiki*,メンバー,ラブライブ！サンシャイン!!,Aqours,AZALEA,15.0,3.0,<青>,<赤> 2 <緑> 2 <青> 2,,,"<常時>
自分のステージにメンバーが3人以上いるかぎり、
<赤>
<緑>
<青>
を得る。",https://wikiwiki.jp/llocardgame/PL%21S-bp7-016%20%E5%9B%BD%E6%9C%A8%E7%94%B0%E8%8A%B1%E4%B8%B8,MEMBER,{},0,[],{},0,[],"{""blue"": 1}",1,[],"<常時>
自分のステージにメンバーが3人以上いるかぎり、
<赤>
<緑>
<青>
を得る。",HAS_TEXT,0,"{""hearts"": {}, ""blade_mentions"": [], ""blade_icon_n"": 0, ""energy_icon_n"": 0, ""all_heart_n"": 0, ""score_delta_icon"": 0, ""unknown_tags"": [], ""tags"": []}",0,0,0,0,0,"{""draw"": 0, ""score"": 0, ""colorless"": 0}",0,0,0,,
PL!S-bp7-019,なんどだって約束！,PL!S-bp7-019 なんどだって約束！ - ラブライブ！シリーズ オフィシャルカードゲーム(ラブカ) 非公式 Wiki*,ライブ,ラブライブ！サンシャイン!!,Aqours,,,,<ALL>,,<赤> 1 <緑> 1 <青> 1 <任意> 2 (合計5),2.0,"<ライブ成功時>
自分の控え室から『Aqours』のカードを2枚まで好きな順番でデッキの下に置く。",https://wikiwiki.jp/llocardgame/PL%21S-bp7-019%20%E3%81%AA%E3%82%93%E3%81%A9%E3%81%A0%E3%81%A3%E3%81%A6%E7%B4%84%E6%9D%9F%EF%BC%81,LIVE,{},0,[],"{""red"": 1, ""green"": 1, ""blue"": 1, ""any"": 2}",5,[],"{""all"": 1}",1,[],"<ライブ成功時>
自分の控え室から『Aqours』のカードを2枚まで好きな順番でデッキの下に置く。",HAS_TEXT,0,"{""hearts"": {}, ""blade_mentions"": [], ""tags"": [""(ライブ成功時)""], ""blade_icon_n"": 0, ""energy_icon_n"": 0, ""all_heart_n"": 0, ""score_delta_icon"": 0, ""unknown_tags"": [""(ライブ成功時)""]}",0,0,0,0,1,"{""draw"": 0, ""score"": 0, ""colorless"": 0}",0,0,0,,
PL!S-bp7-020,HAPPY PARTY TRAIN,PL!S-bp7-020 HAPPY PARTY TRAIN - ラブライブ！シリーズ オフィシャルカードゲーム(ラブカ) 非公式 Wiki*,ライブ,ラブライブ！サンシャイン!!,Aqours,,,,<ALL>,,<赤> 1 <緑> 2 <青> 2 <任意> 3 (合計8),3.0,"<ライブ開始時>
自分のステージにいるすべてのメンバーがアクティブ状態の場合、このカードの必要ハートを
<任意>
減らす。
<ライブ開始時>
自分のデッキの下からカードを1枚控え室に置く。それが『Aqours』のメンバーカードの場合、このカードの必要ハートを
<任意>
減らす。",https://wikiwiki.jp/llocardgame/PL%21S-bp7-020%20HAPPY%20PARTY%20TRAIN,LIVE,{},0,[],"{""red"": 1, ""green"": 2, ""blue"": 2, ""any"": 3}",8,[],"{""all"": 1}",1,[],"<ライブ開始時>
自分のステージにいるすべてのメンバーがアクティブ状態の場合、このカードの必要ハートを
<任意>
減らす。
<ライブ開始時>
自分のデッキの下からカードを1枚控え室に置く。それが『Aqours』のメンバーカードの場合、このカードの必要ハートを
<任意>
減らす。",HAS_TEXT,0,"{""hearts"": {""any"": 2}, ""blade_mentions"": [], ""tags"": [""(ライブ開始時)"", ""(ライブ開始時)""], ""blade_icon_n"": 0, ""energy_icon_n"": 0, ""all_heart_n"": 0, ""score_delta_icon"": 0, ""unknown_tags"": [""(ライブ開始時)"", ""(ライブ開始時)""]}",0,0,0,0,2,"{""draw"": 0, ""score"": 0, ""colorless"": 0}",0,0,0,,
PL!S-bp7-021,僕らの旅は終わらない,PL!S-bp7-021 僕らの旅は終わらない - ラブライブ！シリーズ オフィシャルカードゲーム(ラブカ) 非公式 Wiki*,ライブ,ラブライブ！サンシャイン!!,Aqours,,,,<青> <ドロー+1>,,<赤> 2 <緑> 2 <青> 2 <任意> 6 (合計12),5.0,"<ライブ開始時>
自分のステージにメンバーが3人以上いる場合、自分のデッキの下からカードを5枚控え室に置く。それらの中にメンバーカードが3枚以上ある場合、カードを1枚引く。それらがすべてメンバーカードの場合、さらにこのカードのスコアを+1する。",https://wikiwiki.jp/llocardgame/PL%21S-bp7-021%20%E5%83%95%E3%82%89%E3%81%AE%E6%97%85%E3%81%AF%E7%B5%82%E3%82%8F%E3%82%89%E3%81%AA%E3%81%84,LIVE,{},0,[],"{""red"": 2, ""green"": 2, ""blue"": 2, ""any"": 6}",12,[],"{""blue"": 1}",1,[],"<ライブ開始時>
自分のステージにメンバーが3人以上いる場合、自分のデッキの下からカードを5枚控え室に置く。それらの中にメンバーカードが3枚以上ある場合、カードを1枚引く。それらがすべてメンバーカードの場合、さらにこのカードのスコアを+1する。",HAS_TEXT,0,"{""hearts"": {}, ""blade_mentions"": [], ""tags"": [""(ライブ開始時)""], ""blade_icon_n"": 0, ""energy_icon_n"": 0, ""all_heart_n"": 0, ""score_delta_icon"": 0, ""unknown_tags"": [""(ライブ開始時)""]}",0,0,0,0,1,"{""draw"": 1, ""score"": 0, ""colorless"": 0}",1,0,0,,
PL!S-bp7-022,恋になりたいAQUARIUM,PL!S-bp7-022 恋になりたいAQUARIUM - ラブライブ！シリーズ オフィシャルカードゲーム(ラブカ) 非公式 Wiki*,ライブ,ラブライブ！サンシャイン!!,Aqours,,,,<無色×2>,,<赤> 3 <緑> 3 <青> 3 <任意> 10 (合計19),8.0,"<常時>
自分のエールは、デッキの上から行う代わりにデッキの下から行う。
<ライブ成功時>
エールにより公開された自分のカードの中に、
<赤>
、
<緑>
、
<青>
を持つ『Aqours』のメンバーカードがそれぞれあるなら、このカードのスコアを+1する。",https://wikiwiki.jp/llocardgame/PL%21S-bp7-022%20%E6%81%8B%E3%81%AB%E3%81%AA%E3%82%8A%E3%81%9F%E3%81%84AQUARIUM,LIVE,{},0,[],"{""red"": 3, ""green"": 3, ""blue"": 3, ""any"": 10}",19,[],{},2,[],"<常時>
自分のエールは、デッキの上から行う代わりにデッキの下から行う。
<ライブ成功時>
エールにより公開された自分のカードの中に、
<赤>
、
<緑>
、
<青>
を持つ『Aqours』のメンバーカードがそれぞれあるなら、このカードのスコアを+1する。",HAS_TEXT,0,"{""hearts"": {""red"": 1, ""green"": 1, ""blue"": 1}, ""blade_mentions"": [], ""tags"": [""(常時)"", ""(ライブ成功時)""], ""blade_icon_n"": 0, ""energy_icon_n"": 0, ""all_heart_n"": 0, ""score_delta_icon"": 0, ""unknown_tags"": [""(常時)"", ""(ライブ成功時)""]}",0,0,0,0,2,"{""draw"": 0, ""score"": 0, ""colorless"": 2}",0,0,2,,
PL!S-pb1-001,高海千歌,PL!S-pb1-001 高海千歌 - ラブライブ！シリーズ オフィシャルカードゲーム(ラブカ) 非公式 Wiki*,メンバー,ラブライブ！サンシャイン!!,Aqours,CYaRon!,13.0,4.0,<赤>,<赤> 3 <緑> 1 <青> 1,,,"<登場>
相手の手札の枚数が自分より2枚以上多い場合、自分の控え室からライブカードを1枚手札に加える。",https://wikiwiki.jp/llocardgame/PL%21S-pb1-001%20%E9%AB%98%E6%B5%B7%E5%8D%83%E6%AD%8C,MEMBER,{},0,[],{},0,[],"{""red"": 1}",1,[],"<登場>
相手の手札の枚数が自分より2枚以上多い場合、自分の控え室からライブカードを1枚手札に加える。",HAS_TEXT,0,"{""hearts"": {}, ""blade_mentions"": [], ""blade_icon_n"": 0, ""energy_icon_n"": 0, ""all_heart_n"": 0, ""score_delta_icon"": 0, ""unknown_tags"": [], ""tags"": []}",0,0,0,0,0,"{""draw"": 0, ""score"": 0, ""colorless"": 0}",0,0,0,,
PL!S-pb1-002,桜内梨子,PL!S-pb1-002 桜内梨子 - ラブライブ！シリーズ オフィシャルカードゲーム(ラブカ) 非公式 Wiki*,メンバー,ラブライブ！サンシャイン!!,Aqours,Guilty Kiss,13.0,5.0,なし,<赤> 4 <緑> 1 <青>,,,"<登場>
相手は手札からライブカードを1枚控え室に置いてもよい。そうしなかった場合、ライブ終了時まで、「
<常時>
ライブの合計スコアを+1する。」を得る。",https://wikiwiki.jp/llocardgame/PL%21S-pb1-002%20%E6%A1%9C%E5%86%85%E6%A2%A8%E5%AD%90,MEMBER,{},0,[],{},0,[],{},0,[],"<登場>
相手は手札からライブカードを1枚控え室に置いてもよい。そうしなかった場合、ライブ終了時まで、「
<常時>
ライブの合計スコアを+1する。」を得る。",HAS_TEXT,0,"{""hearts"": {}, ""blade_mentions"": [], ""blade_icon_n"": 0, ""energy_icon_n"": 0, ""all_heart_n"": 0, ""score_delta_icon"": 0, ""unknown_tags"": [], ""tags"": []}",0,0,0,0,0,"{""draw"": 0, ""score"": 0, ""colorless"": 0}",0,0,0,,
PL!S-pb1-003,松浦果南,PL!S-pb1-003 松浦果南 - ラブライブ！シリーズ オフィシャルカードゲーム(ラブカ) 非公式 Wiki*,メンバー,ラブライブ！サンシャイン!!,Aqours,AZALEA,15.0,5.0,<緑>,<赤> 1 <緑> 4 <青> 1,,,"<ライブ開始時>
<(E)>
支払ってもよい：ライブ終了時まで、このメンバーが元々持つハートはすべて
<緑>
になる。
<ライブ成功時>
エールにより公開された自分のカードの中から、ライブカードを1枚手札に加える。",https://wikiwiki.jp/llocardgame/PL%21S-pb1-003%20%E6%9D%BE%E6%B5%A6%E6%9E%9C%E5%8D%97,MEMBER,{},0,[],{},0,[],"{""green"": 1}",1,[],"<ライブ開始時>
<(E)>
支払ってもよい：ライブ終了時まで、このメンバーが元々持つハートはすべて
<緑>
になる。
<ライブ成功時>
エールにより公開された自分のカードの中から、ライブカードを1枚手札に加える。",HAS_TEXT,0,"{""hearts"": {}, ""blade_mentions"": [], ""tags"": [], ""blade_icon_n"": 0, ""energy_icon_n"": 1, ""all_heart_n"": 0, ""score_delta_icon"": 0, ""unknown_tags"": []}",0,1,0,0,0,"{""draw"": 0, ""score"": 0, ""colorless"": 0}",0,0,0,,
PL!S-pb1-004,黒澤ダイヤ,PL!S-pb1-004 黒澤ダイヤ - ラブライブ！シリーズ オフィシャルカードゲーム(ラブカ) 非公式 Wiki*,メンバー,ラブライブ！サンシャイン!!,Aqours,AZALEA,2.0,1.0,<緑>,<緑> 1,,,"<起動>
このメンバーをステージから控え室に置く：自分の控え室からライブカードを1枚手札に加える。",https://wikiwiki.jp/llocardgame/PL%21S-pb1-004%20%E9%BB%92%E6%BE%A4%E3%83%80%E3%82%A4%E3%83%A4,MEMBER,{},0,[],{},0,[],"{""green"": 1}",1,[],"<起動>
このメンバーをステージから控え室に置く：自分の控え室からライブカードを1枚手札に加える。",HAS_TEXT,0,"{""hearts"": {}, ""blade_mentions"": [], ""blade_icon_n"": 0, ""energy_icon_n"": 0, ""all_heart_n"": 0, ""score_delta_icon"": 0, ""unknown_tags"": [], ""tags"": []}",0,0,0,0,0,"{""draw"": 0, ""score"": 0, ""colorless"": 0}",0,0,0,,
PL!S-pb1-005,渡辺曜,PL!S-pb1-005 渡辺曜 - ラブライブ！シリーズ オフィシャルカードゲーム(ラブカ) 非公式 Wiki*,メンバー,ラブライブ！サンシャイン!!,Aqours,CYaRon!,15.0,5.0,<赤>,<赤> 4 <緑> 1 <青> 1,,,"<常時>
相手のエネルギーが自分より多い場合、
<(ブレード)>
<(ブレード)>
<(ブレード)>
を得る。",https://wikiwiki.jp/llocardgame/PL%21S-pb1-005%20%E6%B8%A1%E8%BE%BA%E6%9B%9C,MEMBER,{},0,[],{},0,[],"{""red"": 1}",1,[],"<常時>
相手のエネルギーが自分より多い場合、
<(ブレード)>
<(ブレード)>
<(ブレード)>
を得る。",HAS_TEXT,0,"{""hearts"": {}, ""blade_mentions"": [], ""tags"": [], ""blade_icon_n"": 3, ""energy_icon_n"": 0, ""all_heart_n"": 0, ""score_delta_icon"": 0, ""unknown_tags"": []}",3,0,0,0,0,"{""draw"": 0, ""score"": 0, ""colorless"": 0}",0,0,0,,
PL!S-pb1-006,津島善子,PL!S-pb1-006 津島善子 - ラブライブ！シリーズ オフィシャルカードゲーム(ラブカ) 非公式 Wiki*,メンバー,ラブライブ！サンシャイン!!,Aqours,Guilty Kiss,9.0,1.0,なし,<青> 4,,,"<起動>
<ターン1回>
手札のライブカードを1枚公開する：相手は手札を1枚控え室に置いてもよい。そうしなかった場合、ライブ終了時まで、
<(ブレード)>
<(ブレード)>
<(ブレード)>
<(ブレード)>
を得る。",https://wikiwiki.jp/llocardgame/PL%21S-pb1-006%20%E6%B4%A5%E5%B3%B6%E5%96%84%E5%AD%90,MEMBER,{},0,[],{},0,[],{},0,[],"<起動>
<ターン1回>
手札のライブカードを1枚公開する：相手は手札を1枚控え室に置いてもよい。そうしなかった場合、ライブ終了時まで、
<(ブレード)>
<(ブレード)>
<(ブレード)>
<(ブレード)>
を得る。",HAS_TEXT,0,"{""hearts"": {}, ""blade_mentions"": [], ""tags"": [], ""blade_icon_n"": 4, ""energy_icon_n"": 0, ""all_heart_n"": 0, ""score_delta_icon"": 0, ""unknown_tags"": []}",4,0,0,0,0,"{""draw"": 0, ""score"": 0, ""colorless"": 0}",0,0,0,,
PL!S-pb1-007,国木田花丸,PL!S-pb1-007 国木田花丸 - ラブライブ！シリーズ オフィシャルカードゲーム(ラブカ) 非公式 Wiki*,メンバー,ラブライブ！サンシャイン!!,Aqours,AZALEA,9.0,2.0,なし,<緑> 4,,,"<ライブ成功時>
エールにより公開された自分のカードの中にライブカードが1枚以上あるとき、自分のエネルギーデッキから、エネルギーカードを1枚ウェイト状態で置く。",https://wikiwiki.jp/llocardgame/PL%21S-pb1-007%20%E5%9B%BD%E6%9C%A8%E7%94%B0%E8%8A%B1%E4%B8%B8,MEMBER,{},0,[],{},0,[],{},0,[],"<ライブ成功時>
エールにより公開された自分のカードの中にライブカードが1枚以上あるとき、自分のエネルギーデッキから、エネルギーカードを1枚ウェイト状態で置く。",HAS_TEXT,0,"{""hearts"": {}, ""blade_mentions"": [], ""blade_icon_n"": 0, ""energy_icon_n"": 0, ""all_heart_n"": 0, ""score_delta_icon"": 0, ""unknown_tags"": [], ""tags"": []}",0,0,0,0,0,"{""draw"": 0, ""score"": 0, ""colorless"": 0}",0,0,0,,
PL!S-pb1-008,小原鞠莉,PL!S-pb1-008 小原鞠莉 - ラブライブ！シリーズ オフィシャルカードゲーム(ラブカ) 非公式 Wiki*,メンバー,ラブライブ！サンシャイン!!,Aqours,Guilty Kiss,11.0,3.0,<青>,<青> 4,,,"<ライブ開始時>
自分か相手を選ぶ。自分は、そのプレイヤーのデッキの上からカードを2枚見る。その中から好きな枚数を好きな順番でデッキの上に置き、残りを控え室に置く。",https://wikiwiki.jp/llocardgame/PL%21S-pb1-008%20%E5%B0%8F%E5%8E%9F%E9%9E%A0%E8%8E%89,MEMBER,{},0,[],{},0,[],"{""blue"": 1}",1,[],"<ライブ開始時>
自分か相手を選ぶ。自分は、そのプレイヤーのデッキの上からカードを2枚見る。その中から好きな枚数を好きな順番でデッキの上に置き、残りを控え室に置く。",HAS_TEXT,0,"{""hearts"": {}, ""blade_mentions"": [], ""blade_icon_n"": 0, ""energy_icon_n"": 0, ""all_heart_n"": 0, ""score_delta_icon"": 0, ""unknown_tags"": [], ""tags"": []}",0,0,0,0,0,"{""draw"": 0, ""score"": 0, ""colorless"": 0}",0,0,0,,
PL!S-pb1-009,黒澤ルビィ,PL!S-pb1-009 黒澤ルビィ - ラブライブ！シリーズ オフィシャルカードゲーム(ラブカ) 非公式 Wiki*,メンバー,ラブライブ！サンシャイン!!,Aqours,CYaRon!,11.0,3.0,<赤>,<赤> 4,,,"<常時>
自分と相手の成功ライブカード置き場にカードが合計3枚以上ある場合、
<(ブレード)>
<(ブレード)>
<(ブレード)>
を得る。",https://wikiwiki.jp/llocardgame/PL%21S-pb1-009%20%E9%BB%92%E6%BE%A4%E3%83%AB%E3%83%93%E3%82%A3,MEMBER,{},0,[],{},0,[],"{""red"": 1}",1,[],"<常時>
自分と相手の成功ライブカード置き場にカードが合計3枚以上ある場合、
<(ブレード)>
<(ブレード)>
<(ブレード)>
を得る。",HAS_TEXT,0,"{""hearts"": {}, ""blade_mentions"": [], ""tags"": [], ""blade_icon_n"": 3, ""energy_icon_n"": 0, ""all_heart_n"": 0, ""score_delta_icon"": 0, ""unknown_tags"": []}",3,0,0,0,0,"{""draw"": 0, ""score"": 0, ""colorless"": 0}",0,0,0,,
PL!S-pb1-010,高海千歌,PL!S-pb1-010 高海千歌 - ラブライブ！シリーズ オフィシャルカードゲーム(ラブカ) 非公式 Wiki*,メンバー,ラブライブ！サンシャイン!!,Aqours,CYaRon!,5.0,1.0,なし,<赤> 3,,,(なし),https://wikiwiki.jp/llocardgame/PL%21S-pb1-010%20%E9%AB%98%E6%B5%B7%E5%8D%83%E6%AD%8C,MEMBER,{},0,[],{},0,[],{},0,[],(なし),NO_ABILITY,1,"{""hearts"": {}, ""blade_mentions"": [], ""blade_icon_n"": 0, ""energy_icon_n"": 0, ""all_heart_n"": 0, ""score_delta_icon"": 0, ""unknown_tags"": [], ""tags"": []}",0,0,0,0,0,"{""draw"": 0, ""score"": 0, ""colorless"": 0}",0,0,0,,
PL!S-pb1-011,桜内梨子,PL!S-pb1-011 桜内梨子 - ラブライブ！シリーズ オフィシャルカードゲーム(ラブカ) 非公式 Wiki*,メンバー,ラブライブ！サンシャイン!!,Aqours,Guilty Kiss,5.0,1.0,なし,<青> 3,,,(なし),https://wikiwiki.jp/llocardgame/PL%21S-pb1-011%20%E6%A1%9C%E5%86%85%E6%A2%A8%E5%AD%90,MEMBER,{},0,[],{},0,[],{},0,[],(なし),NO_ABILITY,1,"{""hearts"": {}, ""blade_mentions"": [], ""blade_icon_n"": 0, ""energy_icon_n"": 0, ""all_heart_n"": 0, ""score_delta_icon"": 0, ""unknown_tags"": [], ""tags"": []}",0,0,0,0,0,"{""draw"": 0, ""score"": 0, ""colorless"": 0}",0,0,0,,
PL!S-pb1-012,松浦果南,PL!S-pb1-012 松浦果南 - ラブライブ！シリーズ オフィシャルカードゲーム(ラブカ) 非公式 Wiki*,メンバー,ラブライブ！サンシャイン!!,Aqours,AZALEA,5.0,1.0,なし,<緑> 3,,,(なし),https://wikiwiki.jp/llocardgame/PL%21S-pb1-012%20%E6%9D%BE%E6%B5%A6%E6%9E%9C%E5%8D%97,MEMBER,{},0,[],{},0,[],{},0,[],(なし),NO_ABILITY,1,"{""hearts"": {}, ""blade_mentions"": [], ""blade_icon_n"": 0, ""energy_icon_n"": 0, ""all_heart_n"": 0, ""score_delta_icon"": 0, ""unknown_tags"": [], ""tags"": []}",0,0,0,0,0,"{""draw"": 0, ""score"": 0, ""colorless"": 0}",0,0,0,,
PL!S-pb1-013,黒澤ダイヤ,PL!S-pb1-013 黒澤ダイヤ - ラブライブ！シリーズ オフィシャルカードゲーム(ラブカ) 非公式 Wiki*,メンバー,ラブライブ！サンシャイン!!,Aqours,AZALEA,4.0,2.0,なし,<緑> 1,,,"<登場>
手札を1枚控え室に置いてもよい：自分のデッキの上からカードを4枚見る。その中からハートに
<緑>
を2個以上持つメンバーカードか、必要ハートに
<緑>
を2以上含むライブカードを1枚公開して手札に加えてもよい。残りを控え室に置く。",https://wikiwiki.jp/llocardgame/PL%21S-pb1-013%20%E9%BB%92%E6%BE%A4%E3%83%80%E3%82%A4%E3%83%A4,MEMBER,{},0,[],{},0,[],{},0,[],"<登場>
手札を1枚控え室に置いてもよい：自分のデッキの上からカードを4枚見る。その中からハートに
<緑>
を2個以上持つメンバーカードか、必要ハートに
<緑>
を2以上含むライブカードを1枚公開して手札に加えてもよい。残りを控え室に置く。",HAS_TEXT,0,"{""hearts"": {}, ""blade_mentions"": [], ""blade_icon_n"": 0, ""energy_icon_n"": 0, ""all_heart_n"": 0, ""score_delta_icon"": 0, ""unknown_tags"": [], ""tags"": []}",0,0,0,0,0,"{""draw"": 0, ""score"": 0, ""colorless"": 0}",0,0,0,,
PL!S-pb1-014,渡辺曜,PL!S-pb1-014 渡辺曜 - ラブライブ！シリーズ オフィシャルカードゲーム(ラブカ) 非公式 Wiki*,メンバー,ラブライブ！サンシャイン!!,Aqours,CYaRon!,4.0,2.0,なし,<赤> 1,,,"<登場>
手札を1枚控え室に置いてもよい：自分のデッキの上からカードを4枚見る。その中からハートに
<赤>
を2個以上持つメンバーカードか、必要ハートに
<赤>
を2以上含むライブカードを1枚公開して手札に加えてもよい。残りを控え室に置く。",https://wikiwiki.jp/llocardgame/PL%21S-pb1-014%20%E6%B8%A1%E8%BE%BA%E6%9B%9C,MEMBER,{},0,[],{},0,[],{},0,[],"<登場>
手札を1枚控え室に置いてもよい：自分のデッキの上からカードを4枚見る。その中からハートに
<赤>
を2個以上持つメンバーカードか、必要ハートに
<赤>
を2以上含むライブカードを1枚公開して手札に加えてもよい。残りを控え室に置く。",HAS_TEXT,0,"{""hearts"": {}, ""blade_mentions"": [], ""blade_icon_n"": 0, ""energy_icon_n"": 0, ""all_heart_n"": 0, ""score_delta_icon"": 0, ""unknown_tags"": [], ""tags"": []}",0,0,0,0,0,"{""draw"": 0, ""score"": 0, ""colorless"": 0}",0,0,0,,
PL!S-pb1-015,津島善子,PL!S-pb1-015 津島善子 - ラブライブ！シリーズ オフィシャルカードゲーム(ラブカ) 非公式 Wiki*,メンバー,ラブライブ！サンシャイン!!,Aqours,Guilty Kiss,4.0,2.0,なし,<青> 1,,,"<登場>
手札を1枚控え室に置いてもよい：自分のデッキの上からカードを4枚見る。その中からハートに
<青>
を2個以上持つメンバーカードか、必要ハートに
<青>
を2以上含むライブカードを1枚公開して手札に加えてもよい。残りを控え室に置く。",https://wikiwiki.jp/llocardgame/PL%21S-pb1-015%20%E6%B4%A5%E5%B3%B6%E5%96%84%E5%AD%90,MEMBER,{},0,[],{},0,[],{},0,[],"<登場>
手札を1枚控え室に置いてもよい：自分のデッキの上からカードを4枚見る。その中からハートに
<青>
を2個以上持つメンバーカードか、必要ハートに
<青>
を2以上含むライブカードを1枚公開して手札に加えてもよい。残りを控え室に置く。",HAS_TEXT,0,"{""hearts"": {}, ""blade_mentions"": [], ""blade_icon_n"": 0, ""energy_icon_n"": 0, ""all_heart_n"": 0, ""score_delta_icon"": 0, ""unknown_tags"": [], ""tags"": []}",0,0,0,0,0,"{""draw"": 0, ""score"": 0, ""colorless"": 0}",0,0,0,,
PL!S-pb1-016,国木田花丸,PL!S-pb1-016 国木田花丸 - ラブライブ！シリーズ オフィシャルカードゲーム(ラブカ) 非公式 Wiki*,メンバー,ラブライブ！サンシャイン!!,Aqours,AZALEA,4.0,0.0,<緑>,<緑> 2,,,"<ライブ開始時>
<(E)>
支払ってもよい：ライブ終了時まで、
<(ブレード)>
<(ブレード)>
を得る。",https://wikiwiki.jp/llocardgame/PL%21S-pb1-016%20%E5%9B%BD%E6%9C%A8%E7%94%B0%E8%8A%B1%E4%B8%B8,MEMBER,{},0,[],{},0,[],"{""green"": 1}",1,[],"<ライブ開始時>
<(E)>
支払ってもよい：ライブ終了時まで、
<(ブレード)>
<(ブレード)>
を得る。",HAS_TEXT,0,"{""hearts"": {}, ""blade_mentions"": [], ""tags"": [], ""blade_icon_n"": 2, ""energy_icon_n"": 1, ""all_heart_n"": 0, ""score_delta_icon"": 0, ""unknown_tags"": []}",2,1,0,0,0,"{""draw"": 0, ""score"": 0, ""colorless"": 0}",0,0,0,,
PL!S-pb1-017,小原鞠莉,PL!S-pb1-017 小原鞠莉 - ラブライブ！シリーズ オフィシャルカードゲーム(ラブカ) 非公式 Wiki*,メンバー,ラブライブ！サンシャイン!!,Aqours,Guilty Kiss,4.0,0.0,<青>,<青> 2,,,"<ライブ開始時>
<(E)>
支払ってもよい：ライブ終了時まで、
<(ブレード)>
<(ブレード)>
を得る。",https://wikiwiki.jp/llocardgame/PL%21S-pb1-017%20%E5%B0%8F%E5%8E%9F%E9%9E%A0%E8%8E%89,MEMBER,{},0,[],{},0,[],"{""blue"": 1}",1,[],"<ライブ開始時>
<(E)>
支払ってもよい：ライブ終了時まで、
<(ブレード)>
<(ブレード)>
を得る。",HAS_TEXT,0,"{""hearts"": {}, ""blade_mentions"": [], ""tags"": [], ""blade_icon_n"": 2, ""energy_icon_n"": 1, ""all_heart_n"": 0, ""score_delta_icon"": 0, ""unknown_tags"": []}",2,1,0,0,0,"{""draw"": 0, ""score"": 0, ""colorless"": 0}",0,0,0,,
PL!S-pb1-018,黒澤ルビィ,PL!S-pb1-018 黒澤ルビィ - ラブライブ！シリーズ オフィシャルカードゲーム(ラブカ) 非公式 Wiki*,メンバー,ラブライブ！サンシャイン!!,Aqours,CYaRon!,4.0,0.0,<赤>,<赤> 2,,,"<ライブ開始時>
<(E)>
支払ってもよい：ライブ終了時まで、
<(ブレード)>
<(ブレード)>
を得る。",https://wikiwiki.jp/llocardgame/PL%21S-pb1-018%20%E9%BB%92%E6%BE%A4%E3%83%AB%E3%83%93%E3%82%A3,MEMBER,{},0,[],{},0,[],"{""red"": 1}",1,[],"<ライブ開始時>
<(E)>
支払ってもよい：ライブ終了時まで、
<(ブレード)>
<(ブレード)>
を得る。",HAS_TEXT,0,"{""hearts"": {}, ""blade_mentions"": [], ""tags"": [], ""blade_icon_n"": 2, ""energy_icon_n"": 1, ""all_heart_n"": 0, ""score_delta_icon"": 0, ""unknown_tags"": []}",2,1,0,0,0,"{""draw"": 0, ""score"": 0, ""colorless"": 0}",0,0,0,,
PL!S-pb1-019,元気全開DAY！DAY！DAY！,PL!S-pb1-019 元気全開DAY！DAY！DAY！ - ラブライブ！シリーズ オフィシャルカードゲーム(ラブカ) 非公式 Wiki*,ライブ,ラブライブ！サンシャイン!!,Aqours,CYaRon!,,,<ALL>,,<赤> 4 <任意> 2 (合計6),3.0,"<ライブ開始時>
自分のステージいる『Aqours』のメンバーが持つハートに、
<赤>
が合計6個以上ある場合、このカードの
<ライブ成功時>
能力を無効にする。
<ライブ成功時>
相手は、エネルギーデッキからエネルギーカードを1枚ウェイト状態で置く。",https://wikiwiki.jp/llocardgame/PL%21S-pb1-019%20%E5%85%83%E6%B0%97%E5%85%A8%E9%96%8BDAY%EF%BC%81DAY%EF%BC%81DAY%EF%BC%81,LIVE,{},0,[],{},6,[],"{""all"": 1}",1,[],"<ライブ開始時>
自分のステージいる『Aqours』のメンバーが持つハートに、
<赤>
が合計6個以上ある場合、このカードの
<ライブ成功時>
能力を無効にする。
<ライブ成功時>
相手は、エネルギーデッキからエネルギーカードを1枚ウェイト状態で置く。",HAS_TEXT,0,"{""hearts"": {}, ""blade_mentions"": [], ""blade_icon_n"": 0, ""energy_icon_n"": 0, ""all_heart_n"": 0, ""score_delta_icon"": 0, ""unknown_tags"": [], ""tags"": []}",0,0,0,0,0,"{""draw"": 0, ""score"": 0, ""colorless"": 0}",0,0,0,,
PL!S-pb1-020,トリコリコPLEASE!!,PL!S-pb1-020 トリコリコPLEASE!! - ラブライブ！シリーズ オフィシャルカードゲーム(ラブカ) 非公式 Wiki*,ライブ,ラブライブ！サンシャイン!!,Aqours,AZALEA,,,<緑> <ドロー+1>,,<緑> 8 <任意> 6 (合計14),6.0,"<ライブ開始時>
自分のステージにいる『Aqours』のメンバーが持つハートに、
<緑>
が合計10個以上ある場合、このカードのスコアを+2する。",https://wikiwiki.jp/llocardgame/PL%21S-pb1-020%20%E3%83%88%E3%83%AA%E3%82%B3%E3%83%AA%E3%82%B3PLEASE%21%21,LIVE,{},0,[],{},14,[],"{""green"": 1}",1,[],"<ライブ開始時>
自分のステージにいる『Aqours』のメンバーが持つハートに、
<緑>
が合計10個以上ある場合、このカードのスコアを+2する。",HAS_TEXT,0,"{""hearts"": {}, ""blade_mentions"": [], ""blade_icon_n"": 0, ""energy_icon_n"": 0, ""all_heart_n"": 0, ""score_delta_icon"": 0, ""unknown_tags"": [], ""tags"": []}",0,0,0,0,0,"{""draw"": 1, ""score"": 0, ""colorless"": 0}",1,0,0,,
PL!S-pb1-021,Strawberry Trapper,PL!S-pb1-021 Strawberry Trapper - ラブライブ！シリーズ オフィシャルカードゲーム(ラブカ) 非公式 Wiki*,ライブ,ラブライブ！サンシャイン!!,Aqours,Guilty Kiss,,,<スコア+1>,,<青> 2 <任意> 2 (合計4),1.0,"<ライブ成功時>
自分のステージにいる『Aqours』のメンバーが持つハートに、
<青>
が合計4個以上あり、このターン、相手が余剰のハートを持たずにライブを成功させていた場合、このカードのスコアを+2する。",https://wikiwiki.jp/llocardgame/PL%21S-pb1-021%20Strawberry%20Trapper,LIVE,{},0,[],{},4,[],{},0,[],"<ライブ成功時>
自分のステージにいる『Aqours』のメンバーが持つハートに、
<青>
が合計4個以上あり、このターン、相手が余剰のハートを持たずにライブを成功させていた場合、このカードのスコアを+2する。",HAS_TEXT,0,"{""hearts"": {}, ""blade_mentions"": [], ""blade_icon_n"": 0, ""energy_icon_n"": 0, ""all_heart_n"": 0, ""score_delta_icon"": 0, ""unknown_tags"": [], ""tags"": []}",0,0,0,0,0,"{""draw"": 0, ""score"": 1, ""colorless"": 0}",0,1,0,,
PL!S-pb1-022,逃走迷走メビウスループ,PL!S-pb1-022 逃走迷走メビウスループ - ラブライブ！シリーズ オフィシャルカードゲーム(ラブカ) 非公式 Wiki*,ライブ,ラブライブ！サンシャイン!!,Aqours,,,,<ALL>,,<緑> 3 <任意> 3 (合計6),2.0,"<ライブ成功時>
このターン、ライブに勝利するプレイヤーを決定するとき、自分と相手のライブの合計スコアが同じ場合、ライブ終了時まで、自分と相手は成功ライブカード置き場にカードを置くことができない。",https://wikiwiki.jp/llocardgame/PL%21S-pb1-022%20%E9%80%83%E8%B5%B0%E8%BF%B7%E8%B5%B0%E3%83%A1%E3%83%93%E3%82%A6%E3%82%B9%E3%83%AB%E3%83%BC%E3%83%97,LIVE,{},0,[],{},6,[],"{""all"": 1}",1,[],"<ライブ成功時>
このターン、ライブに勝利するプレイヤーを決定するとき、自分と相手のライブの合計スコアが同じ場合、ライブ終了時まで、自分と相手は成功ライブカード置き場にカードを置くことができない。",HAS_TEXT,0,"{""hearts"": {}, ""blade_mentions"": [], ""blade_icon_n"": 0, ""energy_icon_n"": 0, ""all_heart_n"": 0, ""score_delta_icon"": 0, ""unknown_tags"": [], ""tags"": []}",0,0,0,0,0,"{""draw"": 0, ""score"": 0, ""colorless"": 0}",0,0,0,,
PL!S-pb1-023,Next SPARKLING!!,PL!S-pb1-023 Next SPARKLING!! - ラブライブ！シリーズ オフィシャルカードゲーム(ラブカ) 非公式 Wiki*,ライブ,ラブライブ！サンシャイン!!,Aqours,,,,<ALL>,,<赤> 6 <緑> 6 <青> 6 <任意> 3 (合計21),9.0,(なし),https://wikiwiki.jp/llocardgame/PL%21S-pb1-023%20Next%20SPARKLING%21%21,LIVE,{},0,[],{},21,[],"{""all"": 1}",1,[],(なし),NO_ABILITY,1,"{""hearts"": {}, ""blade_mentions"": [], ""blade_icon_n"": 0, ""energy_icon_n"": 0, ""all_heart_n"": 0, ""score_delta_icon"": 0, ""unknown_tags"": [], ""tags"": []}",0,0,0,0,0,"{""draw"": 0, ""score"": 0, ""colorless"": 0}",0,0,0,,
PL!S-pb1-024,僕らの走ってきた道は…,PL!S-pb1-024 僕らの走ってきた道は… - ラブライブ！シリーズ オフィシャルカードゲーム(ラブカ) 非公式 Wiki*,ライブ,ラブライブ！サンシャイン!!,Aqours,,,,<ALL>,,<青> 4 <任意> 3 (合計7),3.0,"<ライブ成功時>
カードを2枚引き、手札を2枚控え室に置く。",https://wikiwiki.jp/llocardgame/PL%21S-pb1-024%20%E5%83%95%E3%82%89%E3%81%AE%E8%B5%B0%E3%81%A3%E3%81%A6%E3%81%8D%E3%81%9F%E9%81%93%E3%81%AF%E2%80%A6,LIVE,{},0,[],{},7,[],"{""all"": 1}",1,[],"<ライブ成功時>
カードを2枚引き、手札を2枚控え室に置く。",HAS_TEXT,0,"{""hearts"": {}, ""blade_mentions"": [], ""blade_icon_n"": 0, ""energy_icon_n"": 0, ""all_heart_n"": 0, ""score_delta_icon"": 0, ""unknown_tags"": [], ""tags"": []}",0,0,0,0,0,"{""draw"": 0, ""score"": 0, ""colorless"": 0}",0,0,0,,
PL!S-sd1-001,高海千歌,PL!S-sd1-001 高海千歌 - ラブライブ！シリーズ オフィシャルカードゲーム(ラブカ) 非公式 Wiki*,メンバー,ラブライブ！サンシャイン!!,Aqours,CYaRon!,17.0,6.0,なし,<赤> 3 <緑> 2 <青> 2,,,"<自動>
<ターン1回>
自分がエールしたとき、ライブ終了時まで、エールにより公開された自分のカードの中のライブカード1枚につき、
<赤>
を得る。この能力では
<赤>
は3つまでしか得られない。",https://wikiwiki.jp/llocardgame/PL%21S-sd1-001%20%E9%AB%98%E6%B5%B7%E5%8D%83%E6%AD%8C,MEMBER,{},0,[],{},0,[],{},0,[],"<自動>
<ターン1回>
自分がエールしたとき、ライブ終了時まで、エールにより公開された自分のカードの中のライブカード1枚につき、
<赤>
を得る。この能力では
<赤>
は3つまでしか得られない。",HAS_TEXT,0,"{""hearts"": {}, ""blade_mentions"": [], ""blade_icon_n"": 0, ""energy_icon_n"": 0, ""all_heart_n"": 0, ""score_delta_icon"": 0, ""unknown_tags"": [], ""tags"": []}",0,0,0,0,0,"{""draw"": 0, ""score"": 0, ""colorless"": 0}",0,0,0,,
PL!S-sd1-002,桜内梨子,PL!S-sd1-002 桜内梨子 - ラブライブ！シリーズ オフィシャルカードゲーム(ラブカ) 非公式 Wiki*,メンバー,ラブライブ！サンシャイン!!,Aqours,Guilty Kiss,15.0,6.0,<緑>,<赤> 2 <緑> 2 <青> 1,,,"<登場>
手札を1枚控え室に置いてもよい：自分の控え室から『Aqours』のカードを1枚手札に加える。",https://wikiwiki.jp/llocardgame/PL%21S-sd1-002%20%E6%A1%9C%E5%86%85%E6%A2%A8%E5%AD%90,MEMBER,{},0,[],{},0,[],"{""green"": 1}",1,[],"<登場>
手札を1枚控え室に置いてもよい：自分の控え室から『Aqours』のカードを1枚手札に加える。",HAS_TEXT,0,"{""hearts"": {}, ""blade_mentions"": [], ""blade_icon_n"": 0, ""energy_icon_n"": 0, ""all_heart_n"": 0, ""score_delta_icon"": 0, ""unknown_tags"": [], ""tags"": []}",0,0,0,0,0,"{""draw"": 0, ""score"": 0, ""colorless"": 0}",0,0,0,,
PL!S-sd1-003,松浦果南,PL!S-sd1-003 松浦果南 - ラブライブ！シリーズ オフィシャルカードゲーム(ラブカ) 非公式 Wiki*,メンバー,ラブライブ！サンシャイン!!,Aqours,AZALEA,11.0,3.0,<緑>,<赤> 1 <緑> 2 <青> 1,,,"<登場>
自分のデッキの上からカードを5枚見る。その中から『Aqours』のライブカードを1枚公開して手札に加えてもよい。残りを控え室に置く。",https://wikiwiki.jp/llocardgame/PL%21S-sd1-003%20%E6%9D%BE%E6%B5%A6%E6%9E%9C%E5%8D%97,MEMBER,{},0,[],{},0,[],"{""green"": 1}",1,[],"<登場>
自分のデッキの上からカードを5枚見る。その中から『Aqours』のライブカードを1枚公開して手札に加えてもよい。残りを控え室に置く。",HAS_TEXT,0,"{""hearts"": {}, ""blade_mentions"": [], ""blade_icon_n"": 0, ""energy_icon_n"": 0, ""all_heart_n"": 0, ""score_delta_icon"": 0, ""unknown_tags"": [], ""tags"": []}",0,0,0,0,0,"{""draw"": 0, ""score"": 0, ""colorless"": 0}",0,0,0,,
PL!S-sd1-004,黒澤ダイヤ,PL!S-sd1-004 黒澤ダイヤ - ラブライブ！シリーズ オフィシャルカードゲーム(ラブカ) 非公式 Wiki*,メンバー,ラブライブ！サンシャイン!!,Aqours,AZALEA,13.0,3.0,<緑>,<赤> 2 <緑> 2 <青> 2,,,"<ライブ開始時>
カードを1枚引いてもよい。そうした場合、手札2枚を好きな順番でデッキの上に置く。",https://wikiwiki.jp/llocardgame/PL%21S-sd1-004%20%E9%BB%92%E6%BE%A4%E3%83%80%E3%82%A4%E3%83%A4,MEMBER,{},0,[],{},0,[],"{""green"": 1}",1,[],"<ライブ開始時>
カードを1枚引いてもよい。そうした場合、手札2枚を好きな順番でデッキの上に置く。",HAS_TEXT,0,"{""hearts"": {}, ""blade_mentions"": [], ""blade_icon_n"": 0, ""energy_icon_n"": 0, ""all_heart_n"": 0, ""score_delta_icon"": 0, ""unknown_tags"": [], ""tags"": []}",0,0,0,0,0,"{""draw"": 0, ""score"": 0, ""colorless"": 0}",0,0,0,,
PL!S-sd1-005,渡辺曜,PL!S-sd1-005 渡辺曜 - ラブライブ！シリーズ オフィシャルカードゲーム(ラブカ) 非公式 Wiki*,メンバー,ラブライブ！サンシャイン!!,Aqours,CYaRon!,5.0,2.0,なし,<赤> 1 <緑> 1,,,"<起動>
<ターン1回>
手札を1枚控え室に置く：自分の控え室から『Aqours』のライブカードを1枚手札に加える",https://wikiwiki.jp/llocardgame/PL%21S-sd1-005%20%E6%B8%A1%E8%BE%BA%E6%9B%9C,MEMBER,{},0,[],{},0,[],{},0,[],"<起動>
<ターン1回>
手札を1枚控え室に置く：自分の控え室から『Aqours』のライブカードを1枚手札に加える",HAS_TEXT,0,"{""hearts"": {}, ""blade_mentions"": [], ""blade_icon_n"": 0, ""energy_icon_n"": 0, ""all_heart_n"": 0, ""score_delta_icon"": 0, ""unknown_tags"": [], ""tags"": []}",0,0,0,0,0,"{""draw"": 0, ""score"": 0, ""colorless"": 0}",0,0,0,,
PL!S-sd1-006,津島善子,PL!S-sd1-006 津島善子 - ラブライブ！シリーズ オフィシャルカードゲーム(ラブカ) 非公式 Wiki*,メンバー,ラブライブ！サンシャイン!!,Aqours,Guilty Kiss,5.0,0.0,なし,<青> 1,,,"<登場>
手札を1枚控え室に置いてもよい：自分の控え室からコスト2以下の『Aqours』のメンバーカードを1枚、メンバーのいないエリアに登場させる。
（この効果で登場したメンバーのいるエリアには、このターンにメンバーは登場できない。）",https://wikiwiki.jp/llocardgame/PL%21S-sd1-006%20%E6%B4%A5%E5%B3%B6%E5%96%84%E5%AD%90,MEMBER,{},0,[],{},0,[],{},0,[],"<登場>
手札を1枚控え室に置いてもよい：自分の控え室からコスト2以下の『Aqours』のメンバーカードを1枚、メンバーのいないエリアに登場させる。
（この効果で登場したメンバーのいるエリアには、このターンにメンバーは登場できない。）",HAS_TEXT,0,"{""hearts"": {}, ""blade_mentions"": [], ""blade_icon_n"": 0, ""energy_icon_n"": 0, ""all_heart_n"": 0, ""score_delta_icon"": 0, ""unknown_tags"": [], ""tags"": []}",0,0,0,0,0,"{""draw"": 0, ""score"": 0, ""colorless"": 0}",0,0,0,,
PL!S-sd1-007,国木田花丸,PL!S-sd1-007 国木田花丸 - ラブライブ！シリーズ オフィシャルカードゲーム(ラブカ) 非公式 Wiki*,メンバー,ラブライブ！サンシャイン!!,Aqours,AZALEA,11.0,4.0,<青>,<赤> 1 <緑> 1 <青> 2,,,"<起動>
<ターン1回>
手札を2枚控え室に置く：自分の控え室から
<スコア+1>
を持つ『Aqours』のライブカードを1枚手札に加える。",https://wikiwiki.jp/llocardgame/PL%21S-sd1-007%20%E5%9B%BD%E6%9C%A8%E7%94%B0%E8%8A%B1%E4%B8%B8,MEMBER,{},0,[],{},0,[],"{""blue"": 1}",1,[],"<起動>
<ターン1回>
手札を2枚控え室に置く：自分の控え室から
<スコア+1>
を持つ『Aqours』のライブカードを1枚手札に加える。",HAS_TEXT,0,"{""hearts"": {}, ""blade_mentions"": [], ""blade_icon_n"": 0, ""energy_icon_n"": 0, ""all_heart_n"": 0, ""score_delta_icon"": 0, ""unknown_tags"": [], ""tags"": []}",0,0,0,0,0,"{""draw"": 0, ""score"": 0, ""colorless"": 0}",0,0,0,,
PL!S-sd1-008,小原鞠莉,PL!S-sd1-008 小原鞠莉 - ラブライブ！シリーズ オフィシャルカードゲーム(ラブカ) 非公式 Wiki*,メンバー,ラブライブ！サンシャイン!!,Aqours,Guilty Kiss,2.0,1.0,<緑>,<緑> 1,,,"<起動>
このメンバーをステージから控え室に置く：自分の控え室からメンバーカードを1枚手札に加える。",https://wikiwiki.jp/llocardgame/PL%21S-sd1-008%20%E5%B0%8F%E5%8E%9F%E9%9E%A0%E8%8E%89,MEMBER,{},0,[],{},0,[],"{""green"": 1}",1,[],"<起動>
このメンバーをステージから控え室に置く：自分の控え室からメンバーカードを1枚手札に加える。",HAS_TEXT,0,"{""hearts"": {}, ""blade_mentions"": [], ""blade_icon_n"": 0, ""energy_icon_n"": 0, ""all_heart_n"": 0, ""score_delta_icon"": 0, ""unknown_tags"": [], ""tags"": []}",0,0,0,0,0,"{""draw"": 0, ""score"": 0, ""colorless"": 0}",0,0,0,,
PL!S-sd1-009,黒澤ルビィ,PL!S-sd1-009 黒澤ルビィ - ラブライブ！シリーズ オフィシャルカードゲーム(ラブカ) 非公式 Wiki*,メンバー,ラブライブ！サンシャイン!!,Aqours,CYaRon!,9.0,3.0,なし,<赤> 1 <緑> 1 <青> 1,,,"<ライブ開始時>
手札の『Aqours』のカードを1枚公開してもよい：これにより公開したカードをデッキの一番上か一番下に置き、ライブ終了時まで、
<(ブレード)>
を得る。",https://wikiwiki.jp/llocardgame/PL%21S-sd1-009%20%E9%BB%92%E6%BE%A4%E3%83%AB%E3%83%93%E3%82%A3,MEMBER,{},0,[],{},0,[],{},0,[],"<ライブ開始時>
手札の『Aqours』のカードを1枚公開してもよい：これにより公開したカードをデッキの一番上か一番下に置き、ライブ終了時まで、
<(ブレード)>
を得る。",HAS_TEXT,0,"{""hearts"": {}, ""blade_mentions"": [], ""tags"": [], ""blade_icon_n"": 1, ""energy_icon_n"": 0, ""all_heart_n"": 0, ""score_delta_icon"": 0, ""unknown_tags"": []}",1,0,0,0,0,"{""draw"": 0, ""score"": 0, ""colorless"": 0}",0,0,0,,
PL!S-sd1-010,高海千歌,PL!S-sd1-010 高海千歌 - ラブライブ！シリーズ オフィシャルカードゲーム(ラブカ) 非公式 Wiki*,メンバー,ラブライブ！サンシャイン!!,Aqours,CYaRon!,4.0,1.0,<赤>,<赤> 2,,,(なし),https://wikiwiki.jp/llocardgame/PL%21S-sd1-010%20%E9%AB%98%E6%B5%B7%E5%8D%83%E6%AD%8C,MEMBER,{},0,[],{},0,[],"{""red"": 1}",1,[],(なし),NO_ABILITY,1,"{""hearts"": {}, ""blade_mentions"": [], ""blade_icon_n"": 0, ""energy_icon_n"": 0, ""all_heart_n"": 0, ""score_delta_icon"": 0, ""unknown_tags"": [], ""tags"": []}",0,0,0,0,0,"{""draw"": 0, ""score"": 0, ""colorless"": 0}",0,0,0,,
PL!S-sd1-011,桜内梨子,PL!S-sd1-011 桜内梨子 - ラブライブ！シリーズ オフィシャルカードゲーム(ラブカ) 非公式 Wiki*,メンバー,ラブライブ！サンシャイン!!,Aqours,Guilty Kiss,4.0,1.0,<青>,<青> 2,,,(なし),https://wikiwiki.jp/llocardgame/PL%21S-sd1-011%20%E6%A1%9C%E5%86%85%E6%A2%A8%E5%AD%90,MEMBER,{},0,[],{},0,[],"{""blue"": 1}",1,[],(なし),NO_ABILITY,1,"{""hearts"": {}, ""blade_mentions"": [], ""blade_icon_n"": 0, ""energy_icon_n"": 0, ""all_heart_n"": 0, ""score_delta_icon"": 0, ""unknown_tags"": [], ""tags"": []}",0,0,0,0,0,"{""draw"": 0, ""score"": 0, ""colorless"": 0}",0,0,0,,
PL!S-sd1-012,松浦果南,PL!S-sd1-012 松浦果南 - ラブライブ！シリーズ オフィシャルカードゲーム(ラブカ) 非公式 Wiki*,メンバー,ラブライブ！サンシャイン!!,Aqours,AZALEA,9.0,3.0,なし,<赤> 1 <緑> 2 <青> 1,,,(なし),https://wikiwiki.jp/llocardgame/PL%21S-sd1-012%20%E6%9D%BE%E6%B5%A6%E6%9E%9C%E5%8D%97,MEMBER,{},0,[],{},0,[],{},0,[],(なし),NO_ABILITY,1,"{""hearts"": {}, ""blade_mentions"": [], ""blade_icon_n"": 0, ""energy_icon_n"": 0, ""all_heart_n"": 0, ""score_delta_icon"": 0, ""unknown_tags"": [], ""tags"": []}",0,0,0,0,0,"{""draw"": 0, ""score"": 0, ""colorless"": 0}",0,0,0,,
PL!S-sd1-013,黒澤ダイヤ,PL!S-sd1-013 黒澤ダイヤ - ラブライブ！シリーズ オフィシャルカードゲーム(ラブカ) 非公式 Wiki*,メンバー,ラブライブ！サンシャイン!!,Aqours,AZALEA,4.0,2.0,<緑>,<緑> 1,,,"<登場>
自分のデッキの上からカードを5枚控え室に置く。",https://wikiwiki.jp/llocardgame/PL%21S-sd1-013%20%E9%BB%92%E6%BE%A4%E3%83%80%E3%82%A4%E3%83%A4,MEMBER,{},0,[],{},0,[],"{""green"": 1}",1,[],"<登場>
自分のデッキの上からカードを5枚控え室に置く。",HAS_TEXT,0,"{""hearts"": {}, ""blade_mentions"": [], ""blade_icon_n"": 0, ""energy_icon_n"": 0, ""all_heart_n"": 0, ""score_delta_icon"": 0, ""unknown_tags"": [], ""tags"": []}",0,0,0,0,0,"{""draw"": 0, ""score"": 0, ""colorless"": 0}",0,0,0,,
PL!S-sd1-014,渡辺曜,PL!S-sd1-014 渡辺曜 - ラブライブ！シリーズ オフィシャルカードゲーム(ラブカ) 非公式 Wiki*,メンバー,ラブライブ！サンシャイン!!,Aqours,CYaRon!,2.0,1.0,<赤>,<赤> 1,,,"<ライブ成功時>
カードを1枚引き、手札を1枚控え室に置く。",https://wikiwiki.jp/llocardgame/PL%21S-sd1-014%20%E6%B8%A1%E8%BE%BA%E6%9B%9C,MEMBER,{},0,[],{},0,[],"{""red"": 1}",1,[],"<ライブ成功時>
カードを1枚引き、手札を1枚控え室に置く。",HAS_TEXT,0,"{""hearts"": {}, ""blade_mentions"": [], ""blade_icon_n"": 0, ""energy_icon_n"": 0, ""all_heart_n"": 0, ""score_delta_icon"": 0, ""unknown_tags"": [], ""tags"": []}",0,0,0,0,0,"{""draw"": 0, ""score"": 0, ""colorless"": 0}",0,0,0,,
PL!S-sd1-015,津島善子,PL!S-sd1-015 津島善子 - ラブライブ！シリーズ オフィシャルカードゲーム(ラブカ) 非公式 Wiki*,メンバー,ラブライブ！サンシャイン!!,Aqours,Guilty Kiss,2.0,1.0,<青>,<青> 1,,,"<起動>
このメンバーをステージから控え室に置く：自分の控え室からライブカードを1枚手札に加える。",https://wikiwiki.jp/llocardgame/PL%21S-sd1-015%20%E6%B4%A5%E5%B3%B6%E5%96%84%E5%AD%90,MEMBER,{},0,[],{},0,[],"{""blue"": 1}",1,[],"<起動>
このメンバーをステージから控え室に置く：自分の控え室からライブカードを1枚手札に加える。",HAS_TEXT,0,"{""hearts"": {}, ""blade_mentions"": [], ""blade_icon_n"": 0, ""energy_icon_n"": 0, ""all_heart_n"": 0, ""score_delta_icon"": 0, ""unknown_tags"": [], ""tags"": []}",0,0,0,0,0,"{""draw"": 0, ""score"": 0, ""colorless"": 0}",0,0,0,,
PL!S-sd1-016,国木田花丸,PL!S-sd1-016 国木田花丸 - ラブライブ！シリーズ オフィシャルカードゲーム(ラブカ) 非公式 Wiki*,メンバー,ラブライブ！サンシャイン!!,Aqours,AZALEA,4.0,1.0,<緑>,<緑> 2,,,(なし),https://wikiwiki.jp/llocardgame/PL%21S-sd1-016%20%E5%9B%BD%E6%9C%A8%E7%94%B0%E8%8A%B1%E4%B8%B8,MEMBER,{},0,[],{},0,[],"{""green"": 1}",1,[],(なし),NO_ABILITY,1,"{""hearts"": {}, ""blade_mentions"": [], ""blade_icon_n"": 0, ""energy_icon_n"": 0, ""all_heart_n"": 0, ""score_delta_icon"": 0, ""unknown_tags"": [], ""tags"": []}",0,0,0,0,0,"{""draw"": 0, ""score"": 0, ""colorless"": 0}",0,0,0,,
PL!S-sd1-017,小原鞠莉,PL!S-sd1-017 小原鞠莉 - ラブライブ！シリーズ オフィシャルカードゲーム(ラブカ) 非公式 Wiki*,メンバー,ラブライブ！サンシャイン!!,Aqours,Guilty Kiss,4.0,2.0,<青>,<青> 1,,,"<登場>
カードを1枚引き、手札を1枚デッキの一番下に置く。",https://wikiwiki.jp/llocardgame/PL%21S-sd1-017%20%E5%B0%8F%E5%8E%9F%E9%9E%A0%E8%8E%89,MEMBER,{},0,[],{},0,[],"{""blue"": 1}",1,[],"<登場>
カードを1枚引き、手札を1枚デッキの一番下に置く。",HAS_TEXT,0,"{""hearts"": {}, ""blade_mentions"": [], ""blade_icon_n"": 0, ""energy_icon_n"": 0, ""all_heart_n"": 0, ""score_delta_icon"": 0, ""unknown_tags"": [], ""tags"": []}",0,0,0,0,0,"{""draw"": 0, ""score"": 0, ""colorless"": 0}",0,0,0,,
PL!S-sd1-018,黒澤ルビィ,PL!S-sd1-018 黒澤ルビィ - ラブライブ！シリーズ オフィシャルカードゲーム(ラブカ) 非公式 Wiki*,メンバー,ラブライブ！サンシャイン!!,Aqours,CYaRon!,4.0,2.0,<赤>,<赤> 1,,,"<登場>
カードを1枚引き、手札を1枚デッキの一番下に置く。",https://wikiwiki.jp/llocardgame/PL%21S-sd1-018%20%E9%BB%92%E6%BE%A4%E3%83%AB%E3%83%93%E3%82%A3,MEMBER,{},0,[],{},0,[],"{""red"": 1}",1,[],"<登場>
カードを1枚引き、手札を1枚デッキの一番下に置く。",HAS_TEXT,0,"{""hearts"": {}, ""blade_mentions"": [], ""blade_icon_n"": 0, ""energy_icon_n"": 0, ""all_heart_n"": 0, ""score_delta_icon"": 0, ""unknown_tags"": [], ""tags"": []}",0,0,0,0,0,"{""draw"": 0, ""score"": 0, ""colorless"": 0}",0,0,0,,
PL!S-sd1-019,未来の僕らは知ってるよ,PL!S-sd1-019 未来の僕らは知ってるよ - ラブライブ！シリーズ オフィシャルカードゲーム(ラブカ) 非公式 Wiki*,ライブ,ラブライブ！サンシャイン!!,Aqours,,,,<スコア+1>,,<赤> 1 <緑> 1 <青> 1 (合計3),1.0,"<ライブ成功時>
エールにより公開された自分のカードの中から、『Aqours』のライブカードを1枚手札に加える。",https://wikiwiki.jp/llocardgame/PL%21S-sd1-019%20%E6%9C%AA%E6%9D%A5%E3%81%AE%E5%83%95%E3%82%89%E3%81%AF%E7%9F%A5%E3%81%A3%E3%81%A6%E3%82%8B%E3%82%88,LIVE,{},0,[],{},3,[],{},0,[],"<ライブ成功時>
エールにより公開された自分のカードの中から、『Aqours』のライブカードを1枚手札に加える。",HAS_TEXT,0,"{""hearts"": {}, ""blade_mentions"": [], ""blade_icon_n"": 0, ""energy_icon_n"": 0, ""all_heart_n"": 0, ""score_delta_icon"": 0, ""unknown_tags"": [], ""tags"": []}",0,0,0,0,0,"{""draw"": 0, ""score"": 1, ""colorless"": 0}",0,1,0,,
PL!S-sd1-020,JIMO-AI Dash!,PL!S-sd1-020 JIMO-AI Dash! - ラブライブ！シリーズ オフィシャルカードゲーム(ラブカ) 非公式 Wiki*,ライブ,ラブライブ！サンシャイン!!,Aqours,,,,<ALL>,,<赤> 1 <緑> 1 <青> 1 <任意> 3 (合計6),2.0,"<ライブ成功時>
自分のステージにいる『Aqours』のメンバー1人につき、カードを1枚引く。その後、これにより引いた枚数と同じ枚数を手札から控え室に置く能力を持つ。",https://wikiwiki.jp/llocardgame/PL%21S-sd1-020%20JIMO-AI%20Dash%21,LIVE,{},0,[],{},6,[],"{""all"": 1}",1,[],"<ライブ成功時>
自分のステージにいる『Aqours』のメンバー1人につき、カードを1枚引く。その後、これにより引いた枚数と同じ枚数を手札から控え室に置く能力を持つ。",HAS_TEXT,0,"{""hearts"": {}, ""blade_mentions"": [], ""blade_icon_n"": 0, ""energy_icon_n"": 0, ""all_heart_n"": 0, ""score_delta_icon"": 0, ""unknown_tags"": [], ""tags"": []}",0,0,0,0,0,"{""draw"": 0, ""score"": 0, ""colorless"": 0}",0,0,0,,
PL!S-sd1-021,永久hours,PL!S-sd1-021 永久hours - ラブライブ！シリーズ オフィシャルカードゲーム(ラブカ) 非公式 Wiki*,ライブ,ラブライブ！サンシャイン!!,Aqours,,,,<青> <ドロー+1>,,<赤> 2 <緑> 2 <青> 2 <任意> 4 (合計10),4.0,(なし),https://wikiwiki.jp/llocardgame/PL%21S-sd1-021%20%E6%B0%B8%E4%B9%85hours,LIVE,{},0,[],{},10,[],"{""blue"": 1}",1,[],(なし),NO_ABILITY,1,"{""hearts"": {}, ""blade_mentions"": [], ""blade_icon_n"": 0, ""energy_icon_n"": 0, ""all_heart_n"": 0, ""score_delta_icon"": 0, ""unknown_tags"": [], ""tags"": []}",0,0,0,0,0,"{""draw"": 1, ""score"": 0, ""colorless"": 0}",1,0,0,,
PL!S-sd1-022,Jump up HIGH!!,PL!S-sd1-022 Jump up HIGH!! - ラブライブ！シリーズ オフィシャルカードゲーム(ラブカ) 非公式 Wiki*,ライブ,ラブライブ！サンシャイン!!,Aqours,,,,<スコア+1>,,<赤> 2 <緑> 2 <青> 2 <任意> 9 (合計15),6.0,"<ライブ開始時>
ライブ終了時まで、自分のステージにいる『Aqours』のメンバーは
<(ブレード)>
を得る。",https://wikiwiki.jp/llocardgame/PL%21S-sd1-022%20Jump%20up%20HIGH%21%21,LIVE,{},0,[],{},15,[],{},0,[],"<ライブ開始時>
ライブ終了時まで、自分のステージにいる『Aqours』のメンバーは
<(ブレード)>
を得る。",HAS_TEXT,0,"{""hearts"": {}, ""blade_mentions"": [], ""tags"": [], ""blade_icon_n"": 1, ""energy_icon_n"": 0, ""all_heart_n"": 0, ""score_delta_icon"": 0, ""unknown_tags"": []}",1,0,0,0,0,"{""draw"": 0, ""score"": 1, ""colorless"": 0}",0,1,0,,
PL!SP-PR-003,澁谷かのん,PL!SP-PR-003 澁谷かのん - ラブライブ！シリーズ オフィシャルカードゲーム(ラブカ) 非公式 Wiki*,メンバー,ラブライブ！スーパースター!!,Liella!,CatChu!,2.0,0.0,<黄>,<黄> 1,,,"<登場>
自分のエネルギーが7枚以上ある場合、カードを1枚引く。",https://wikiwiki.jp/llocardgame/PL%21SP-PR-003%20%E6%BE%81%E8%B0%B7%E3%81%8B%E3%81%AE%E3%82%93,MEMBER,{},0,[],{},0,[],"{""yellow"": 1}",1,[],"<登場>
自分のエネルギーが7枚以上ある場合、カードを1枚引く。",HAS_TEXT,0,"{""hearts"": {}, ""blade_mentions"": [], ""blade_icon_n"": 0, ""energy_icon_n"": 0, ""all_heart_n"": 0, ""score_delta_icon"": 0, ""unknown_tags"": [], ""tags"": []}",0,0,0,0,0,"{""draw"": 0, ""score"": 0, ""colorless"": 0}",0,0,0,,
PL!SP-PR-004,唐可可,PL!SP-PR-004 唐可可 - ラブライブ！シリーズ オフィシャルカードゲーム(ラブカ) 非公式 Wiki*,メンバー,ラブライブ！スーパースター!!,Liella!,KALEIDOSCORE,4.0,0.0,なし,<紫> 1,,,"<登場>
手札を1枚控え室に置いてもよい：自分のエネルギーデッキから、エネルギーカードを1枚ウェイト状態で置く。",https://wikiwiki.jp/llocardgame/PL%21SP-PR-004%20%E5%94%90%E5%8F%AF%E5%8F%AF,MEMBER,{},0,[],{},0,[],{},0,[],"<登場>
手札を1枚控え室に置いてもよい：自分のエネルギーデッキから、エネルギーカードを1枚ウェイト状態で置く。",HAS_TEXT,0,"{""hearts"": {}, ""blade_mentions"": [], ""blade_icon_n"": 0, ""energy_icon_n"": 0, ""all_heart_n"": 0, ""score_delta_icon"": 0, ""unknown_tags"": [], ""tags"": []}",0,0,0,0,0,"{""draw"": 0, ""score"": 0, ""colorless"": 0}",0,0,0,,
PL!SP-PR-005,嵐千砂都,PL!SP-PR-005 嵐千砂都 - ラブライブ！シリーズ オフィシャルカードゲーム(ラブカ) 非公式 Wiki*,メンバー,ラブライブ！スーパースター!!,Liella!,5yncri5e!,5.0,1.0,なし,<黄> 3,,,(なし),https://wikiwiki.jp/llocardgame/PL%21SP-PR-005%20%E5%B5%90%E5%8D%83%E7%A0%82%E9%83%BD,MEMBER,{},0,[],{},0,[],{},0,[],(なし),NO_ABILITY,1,"{""hearts"": {}, ""blade_mentions"": [], ""blade_icon_n"": 0, ""energy_icon_n"": 0, ""all_heart_n"": 0, ""score_delta_icon"": 0, ""unknown_tags"": [], ""tags"": []}",0,0,0,0,0,"{""draw"": 0, ""score"": 0, ""colorless"": 0}",0,0,0,,
PL!SP-PR-006,平安名すみれ,PL!SP-PR-006 平安名すみれ - ラブライブ！シリーズ オフィシャルカードゲーム(ラブカ) 非公式 Wiki*,メンバー,ラブライブ！スーパースター!!,Liella!,CatChu!,4.0,0.0,なし,<赤>,,,"<登場>
手札を1枚控え室に置いてもよい：自分のエネルギーデッキから、エネルギーカードを1枚ウェイト状態で置く。",https://wikiwiki.jp/llocardgame/PL%21SP-PR-006%20%E5%B9%B3%E5%AE%89%E5%90%8D%E3%81%99%E3%81%BF%E3%82%8C,MEMBER,{},0,[],{},0,[],{},0,[],"<登場>
手札を1枚控え室に置いてもよい：自分のエネルギーデッキから、エネルギーカードを1枚ウェイト状態で置く。",HAS_TEXT,0,"{""hearts"": {}, ""blade_mentions"": [], ""blade_icon_n"": 0, ""energy_icon_n"": 0, ""all_heart_n"": 0, ""score_delta_icon"": 0, ""unknown_tags"": [], ""tags"": []}",0,0,0,0,0,"{""draw"": 0, ""score"": 0, ""colorless"": 0}",0,0,0,,
PL!SP-PR-007,葉月恋,PL!SP-PR-007 葉月恋 - ラブライブ！シリーズ オフィシャルカードゲーム(ラブカ) 非公式 Wiki*,メンバー,ラブライブ！スーパースター!!,Liella!,KALEIDOSCORE,2.0,0.0,<黄>,<黄> 1,,,"<登場>
自分のエネルギーが7枚以上ある場合、カードを1枚引く。",https://wikiwiki.jp/llocardgame/PL%21SP-PR-007%20%E8%91%89%E6%9C%88%E6%81%8B,MEMBER,{},0,[],{},0,[],"{""yellow"": 1}",1,[],"<登場>
自分のエネルギーが7枚以上ある場合、カードを1枚引く。",HAS_TEXT,0,"{""hearts"": {}, ""blade_mentions"": [], ""blade_icon_n"": 0, ""energy_icon_n"": 0, ""all_heart_n"": 0, ""score_delta_icon"": 0, ""unknown_tags"": [], ""tags"": []}",0,0,0,0,0,"{""draw"": 0, ""score"": 0, ""colorless"": 0}",0,0,0,,
PL!SP-PR-008,桜小路きな子,PL!SP-PR-008 桜小路きな子 - ラブライブ！シリーズ オフィシャルカードゲーム(ラブカ) 非公式 Wiki*,メンバー,ラブライブ！スーパースター!!,Liella!,5yncri5e!,5.0,1.0,なし,<黄> 3,,,(なし),https://wikiwiki.jp/llocardgame/PL%21SP-PR-008%20%E6%A1%9C%E5%B0%8F%E8%B7%AF%E3%81%8D%E3%81%AA%E5%AD%90,MEMBER,{},0,[],{},0,[],{},0,[],(なし),NO_ABILITY,1,"{""hearts"": {}, ""blade_mentions"": [], ""blade_icon_n"": 0, ""energy_icon_n"": 0, ""all_heart_n"": 0, ""score_delta_icon"": 0, ""unknown_tags"": [], ""tags"": []}",0,0,0,0,0,"{""draw"": 0, ""score"": 0, ""colorless"": 0}",0,0,0,,
PL!SP-PR-009,米女メイ,PL!SP-PR-009 米女メイ - ラブライブ！シリーズ オフィシャルカードゲーム(ラブカ) 非公式 Wiki*,メンバー,ラブライブ！スーパースター!!,Liella!,CatChu!,9.0,2.0,なし,<赤> 2 <黄> 1 <紫> 1,,,"<ライブ開始時>
手札を1枚控え室に置いてもよい：ライブ終了時まで、
<(ブレード)>
を得る。これによりライブカードを控え室に置いた場合、さらにカードを1枚引く。",https://wikiwiki.jp/llocardgame/PL%21SP-PR-009%20%E7%B1%B3%E5%A5%B3%E3%83%A1%E3%82%A4,MEMBER,{},0,[],{},0,[],{},0,[],"<ライブ開始時>
手札を1枚控え室に置いてもよい：ライブ終了時まで、
<(ブレード)>
を得る。これによりライブカードを控え室に置いた場合、さらにカードを1枚引く。",HAS_TEXT,0,"{""hearts"": {}, ""blade_mentions"": [], ""tags"": [], ""blade_icon_n"": 1, ""energy_icon_n"": 0, ""all_heart_n"": 0, ""score_delta_icon"": 0, ""unknown_tags"": []}",1,0,0,0,0,"{""draw"": 0, ""score"": 0, ""colorless"": 0}",0,0,0,,
PL!SP-PR-010,若菜四季,PL!SP-PR-010 若菜四季 - ラブライブ！シリーズ オフィシャルカードゲーム(ラブカ) 非公式 Wiki*,メンバー,ラブライブ！スーパースター!!,Liella!,5yncri5e!,2.0,0.0,<黄>,<黄> 1,,,"<登場>
自分のエネルギーが7枚以上ある場合、カードを1枚引く。",https://wikiwiki.jp/llocardgame/PL%21SP-PR-010%20%E8%8B%A5%E8%8F%9C%E5%9B%9B%E5%AD%A3,MEMBER,{},0,[],{},0,[],"{""yellow"": 1}",1,[],"<登場>
自分のエネルギーが7枚以上ある場合、カードを1枚引く。",HAS_TEXT,0,"{""hearts"": {}, ""blade_mentions"": [], ""blade_icon_n"": 0, ""energy_icon_n"": 0, ""all_heart_n"": 0, ""score_delta_icon"": 0, ""unknown_tags"": [], ""tags"": []}",0,0,0,0,0,"{""draw"": 0, ""score"": 0, ""colorless"": 0}",0,0,0,,
PL!SP-PR-011,鬼塚夏美,PL!SP-PR-011 鬼塚夏美 - ラブライブ！シリーズ オフィシャルカードゲーム(ラブカ) 非公式 Wiki*,メンバー,ラブライブ！スーパースター!!,Liella!,5yncri5e!,9.0,2.0,なし,<赤> 2 <黄> 1 <紫> 1,,,"<ライブ開始時>
手札を1枚控え室に置いてもよい：ライブ終了時まで、
<(ブレード)>
を得る。これによりライブカードを控え室に置いた場合、さらにカードを1枚引く。",https://wikiwiki.jp/llocardgame/PL%21SP-PR-011%20%E9%AC%BC%E5%A1%9A%E5%A4%8F%E7%BE%8E,MEMBER,{},0,[],{},0,[],{},0,[],"<ライブ開始時>
手札を1枚控え室に置いてもよい：ライブ終了時まで、
<(ブレード)>
を得る。これによりライブカードを控え室に置いた場合、さらにカードを1枚引く。",HAS_TEXT,0,"{""hearts"": {}, ""blade_mentions"": [], ""tags"": [], ""blade_icon_n"": 1, ""energy_icon_n"": 0, ""all_heart_n"": 0, ""score_delta_icon"": 0, ""unknown_tags"": []}",1,0,0,0,0,"{""draw"": 0, ""score"": 0, ""colorless"": 0}",0,0,0,,
PL!SP-PR-012,ウィーン・マルガレーテ,PL!SP-PR-012 ウィーン・マルガレーテ - ラブライブ！シリーズ オフィシャルカードゲーム(ラブカ) 非公式 Wiki*,メンバー,ラブライブ！スーパースター!!,Liella!,KALEIDOSCORE,9.0,2.0,なし,<赤> 2 <黄> 1 <紫> 1,,,"<ライブ開始時>
手札を1枚控え室に置いてもよい：ライブ終了時まで、
<(ブレード)>
を得る。これによりライブカードを控え室に置いた場合、さらにカードを1枚引く。",https://wikiwiki.jp/llocardgame/PL%21SP-PR-012%20%E3%82%A6%E3%82%A3%E3%83%BC%E3%83%B3%E3%83%BB%E3%83%9E%E3%83%AB%E3%82%AC%E3%83%AC%E3%83%BC%E3%83%86,MEMBER,{},0,[],{},0,[],{},0,[],"<ライブ開始時>
手札を1枚控え室に置いてもよい：ライブ終了時まで、
<(ブレード)>
を得る。これによりライブカードを控え室に置いた場合、さらにカードを1枚引く。",HAS_TEXT,0,"{""hearts"": {}, ""blade_mentions"": [], ""tags"": [], ""blade_icon_n"": 1, ""energy_icon_n"": 0, ""all_heart_n"": 0, ""score_delta_icon"": 0, ""unknown_tags"": []}",1,0,0,0,0,"{""draw"": 0, ""score"": 0, ""colorless"": 0}",0,0,0,,
PL!SP-PR-013,鬼塚冬毬,PL!SP-PR-013 鬼塚冬毬 - ラブライブ！シリーズ オフィシャルカードゲーム(ラブカ) 非公式 Wiki*,メンバー,ラブライブ！スーパースター!!,Liella!,5yncri5e!,4.0,0.0,なし,<黄> 1,,,"<登場>
手札を1枚控え室に置いてもよい：自分のエネルギーデッキから、エネルギーカードを1枚ウェイト状態で置く。",https://wikiwiki.jp/llocardgame/PL%21SP-PR-013%20%E9%AC%BC%E5%A1%9A%E5%86%AC%E6%AF%AC,MEMBER,{},0,[],{},0,[],{},0,[],"<登場>
手札を1枚控え室に置いてもよい：自分のエネルギーデッキから、エネルギーカードを1枚ウェイト状態で置く。",HAS_TEXT,0,"{""hearts"": {}, ""blade_mentions"": [], ""blade_icon_n"": 0, ""energy_icon_n"": 0, ""all_heart_n"": 0, ""score_delta_icon"": 0, ""unknown_tags"": [], ""tags"": []}",0,0,0,0,0,"{""draw"": 0, ""score"": 0, ""colorless"": 0}",0,0,0,,
PL!SP-PR-016,嵐千砂都,PL!SP-PR-016 嵐千砂都 - ラブライブ！シリーズ オフィシャルカードゲーム(ラブカ) 非公式 Wiki*,メンバー,ラブライブ！スーパースター!!,Liella!,5yncri5e!,7.0,3.0,なし,<黄> 1 <紫> 1,,,"<ライブ成功時>
手札を1枚控え室に置いてもよい：エールにより公開された自分のカードの中から、コスト2以下のメンバーカードか、スコア2以下のライブカードを1枚手札に加える。",https://wikiwiki.jp/llocardgame/PL%21SP-PR-016%20%E5%B5%90%E5%8D%83%E7%A0%82%E9%83%BD,MEMBER,{},0,[],{},0,[],{},0,[],"<ライブ成功時>
手札を1枚控え室に置いてもよい：エールにより公開された自分のカードの中から、コスト2以下のメンバーカードか、スコア2以下のライブカードを1枚手札に加える。",HAS_TEXT,0,"{""hearts"": {}, ""blade_mentions"": [], ""blade_icon_n"": 0, ""energy_icon_n"": 0, ""all_heart_n"": 0, ""score_delta_icon"": 0, ""unknown_tags"": [], ""tags"": []}",0,0,0,0,0,"{""draw"": 0, ""score"": 0, ""colorless"": 0}",0,0,0,,
PL!SP-PR-017,ウィーン・マルガレーテ,PL!SP-PR-017 ウィーン・マルガレーテ - ラブライブ！シリーズ オフィシャルカードゲーム(ラブカ) 非公式 Wiki*,メンバー,ラブライブ！スーパースター!!,Liella!,KALEIDOSCORE,4.0,2.0,<紫>,<紫> 1,,,"<起動>
<ターン1回>
このメンバーをウェイトにし、手札を1枚控え室に置く：カードを1枚引く。",https://wikiwiki.jp/llocardgame/PL%21SP-PR-017%20%E3%82%A6%E3%82%A3%E3%83%BC%E3%83%B3%E3%83%BB%E3%83%9E%E3%83%AB%E3%82%AC%E3%83%AC%E3%83%BC%E3%83%86,MEMBER,{},0,[],{},0,[],"{""purple"": 1}",1,[],"<起動>
<ターン1回>
このメンバーをウェイトにし、手札を1枚控え室に置く：カードを1枚引く。",HAS_TEXT,0,"{""hearts"": {}, ""blade_mentions"": [], ""blade_icon_n"": 0, ""energy_icon_n"": 0, ""all_heart_n"": 0, ""score_delta_icon"": 0, ""unknown_tags"": [], ""tags"": []}",0,0,0,0,0,"{""draw"": 0, ""score"": 0, ""colorless"": 0}",0,0,0,,
PL!SP-PR-018,澁谷かのん,PL!SP-PR-018 澁谷かのん - ラブライブ！シリーズ オフィシャルカードゲーム(ラブカ) 非公式 Wiki*,メンバー,ラブライブ！スーパースター!!,Liella!,CatChu!,2.0,1.0,なし,<赤> 1,,,"<ライブ成功時>
エールにより公開された自分のカードの中に『Liella!』のカードが7枚以上ある場合、自分のエネルギーデッキから、エネルギーカードを1枚ウェイト状態で置く。",https://wikiwiki.jp/llocardgame/PL%21SP-PR-018%20%E6%BE%81%E8%B0%B7%E3%81%8B%E3%81%AE%E3%82%93,MEMBER,{},0,[],{},0,[],{},0,[],"<ライブ成功時>
エールにより公開された自分のカードの中に『Liella!』のカードが7枚以上ある場合、自分のエネルギーデッキから、エネルギーカードを1枚ウェイト状態で置く。",HAS_TEXT,0,"{""hearts"": {}, ""blade_mentions"": [], ""blade_icon_n"": 0, ""energy_icon_n"": 0, ""all_heart_n"": 0, ""score_delta_icon"": 0, ""unknown_tags"": [], ""tags"": []}",0,0,0,0,0,"{""draw"": 0, ""score"": 0, ""colorless"": 0}",0,0,0,,
PL!SP-PR-020,桜小路きな子,PL!SP-PR-020 桜小路きな子 - ラブライブ！シリーズ オフィシャルカードゲーム(ラブカ) 非公式 Wiki*,メンバー,ラブライブ！スーパースター!!,Liella!,5yncri5e!,17.0,4.0,<紫>,<黄> 3 <紫> 3,,,"<登場>
このメンバーよりコストが低いメンバーからバトンタッチして登場した場合、自分の手札からコスト4以下のメンバーカードを1枚ステージに登場させてよい。",https://wikiwiki.jp/llocardgame/PL%21SP-PR-020%20%E6%A1%9C%E5%B0%8F%E8%B7%AF%E3%81%8D%E3%81%AA%E5%AD%90,MEMBER,{},0,[],{},0,[],"{""purple"": 1}",1,[],"<登場>
このメンバーよりコストが低いメンバーからバトンタッチして登場した場合、自分の手札からコスト4以下のメンバーカードを1枚ステージに登場させてよい。",HAS_TEXT,0,"{""hearts"": {}, ""blade_mentions"": [], ""blade_icon_n"": 0, ""energy_icon_n"": 0, ""all_heart_n"": 0, ""score_delta_icon"": 0, ""unknown_tags"": [], ""tags"": []}",0,0,0,0,0,"{""draw"": 0, ""score"": 0, ""colorless"": 0}",0,0,0,,
PL!SP-PR-021,澁谷かのん,PL!SP-PR-021 澁谷かのん - ラブライブ！シリーズ オフィシャルカードゲーム(ラブカ) 非公式 Wiki*,メンバー,ラブライブ！スーパースター!!,Liella!,CatChu!,5.0,1.0,なし,<赤> 1 <紫> 1,,,"<ライブ開始時>
自分のステージにいるメンバーが持つハートが合計5つ以上ある場合、相手のステージにいるコスト2以下のメンバー1人をウェイトにする。",https://wikiwiki.jp/llocardgame/PL%21SP-PR-021%20%E6%BE%81%E8%B0%B7%E3%81%8B%E3%81%AE%E3%82%93,MEMBER,{},0,[],{},0,[],{},0,[],"<ライブ開始時>
自分のステージにいるメンバーが持つハートが合計5つ以上ある場合、相手のステージにいるコスト2以下のメンバー1人をウェイトにする。",HAS_TEXT,0,"{""hearts"": {}, ""blade_mentions"": [], ""blade_icon_n"": 0, ""energy_icon_n"": 0, ""all_heart_n"": 0, ""score_delta_icon"": 0, ""unknown_tags"": [], ""tags"": []}",0,0,0,0,0,"{""draw"": 0, ""score"": 0, ""colorless"": 0}",0,0,0,,
PL!SP-PR-022,若菜四季,PL!SP-PR-022 若菜四季 - ラブライブ！シリーズ オフィシャルカードゲーム(ラブカ) 非公式 Wiki*,メンバー,ラブライブ！スーパースター!!,Liella!,5yncri5e!,4.0,2.0,<赤>,なし,,,"<常時>
自分と相手のステージにメンバーが合計6人いるかぎり、
<赤>
<黄>
を得る。",https://wikiwiki.jp/llocardgame/PL%21SP-PR-022%20%E8%8B%A5%E8%8F%9C%E5%9B%9B%E5%AD%A3,MEMBER,{},0,[],{},0,[],"{""red"": 1}",1,[],"<常時>
自分と相手のステージにメンバーが合計6人いるかぎり、
<赤>
<黄>
を得る。",HAS_TEXT,0,"{""hearts"": {}, ""blade_mentions"": [], ""blade_icon_n"": 0, ""energy_icon_n"": 0, ""all_heart_n"": 0, ""score_delta_icon"": 0, ""unknown_tags"": [], ""tags"": []}",0,0,0,0,0,"{""draw"": 0, ""score"": 0, ""colorless"": 0}",0,0,0,,
PL!SP-PR-024,平安名すみれ,PL!SP-PR-024 平安名すみれ - ラブライブ！シリーズ オフィシャルカードゲーム(ラブカ) 非公式 Wiki*,メンバー,ラブライブ！スーパースター!!,Liella!,CatChu!,4.0,3.0,なし,<赤> 1,,,"<自動>
<ターン1回>
自分がエールしたとき、エールにより公開された自分のカードの中に、
<スコア+1>
を持つ『Liella!』のライブカードが1枚以上ある場合、ライブ終了時まで、
<紫>
を得る。",https://wikiwiki.jp/llocardgame/PL%21SP-PR-024%20%E5%B9%B3%E5%AE%89%E5%90%8D%E3%81%99%E3%81%BF%E3%82%8C,MEMBER,{},0,[],{},0,[],{},0,[],"<自動>
<ターン1回>
自分がエールしたとき、エールにより公開された自分のカードの中に、
<スコア+1>
を持つ『Liella!』のライブカードが1枚以上ある場合、ライブ終了時まで、
<紫>
を得る。",HAS_TEXT,0,"{""hearts"": {}, ""blade_mentions"": [], ""blade_icon_n"": 0, ""energy_icon_n"": 0, ""all_heart_n"": 0, ""score_delta_icon"": 0, ""unknown_tags"": [], ""tags"": []}",0,0,0,0,0,"{""draw"": 0, ""score"": 0, ""colorless"": 0}",0,0,0,,
PL!SP-PR-025,唐可可,PL!SP-PR-025 唐可可 - ラブライブ！シリーズ オフィシャルカードゲーム(ラブカ) 非公式 Wiki*,メンバー,ラブライブ！スーパースター!!,Liella!,KALEIDOSCORE,7.0,3.0,なし,<桃> 1 <赤> 1,,,"<常時>
自分のエネルギーがちょうど7枚あるかぎり、
<(ブレード)>
<(ブレード)>
を得る。",https://wikiwiki.jp/llocardgame/PL%21SP-PR-025%20%E5%94%90%E5%8F%AF%E5%8F%AF,MEMBER,{},0,[],{},0,[],{},0,[],"<常時>
自分のエネルギーがちょうど7枚あるかぎり、
<(ブレード)>
<(ブレード)>
を得る。",HAS_TEXT,0,"{""hearts"": {}, ""blade_mentions"": [], ""tags"": [], ""blade_icon_n"": 2, ""energy_icon_n"": 0, ""all_heart_n"": 0, ""score_delta_icon"": 0, ""unknown_tags"": []}",2,0,0,0,0,"{""draw"": 0, ""score"": 0, ""colorless"": 0}",0,0,0,,
PL!SP-PR-026,鬼塚夏美,PL!SP-PR-026 鬼塚夏美 - ラブライブ！シリーズ オフィシャルカードゲーム(ラブカ) 非公式 Wiki*,メンバー,ラブライブ！スーパースター!!,Liella!,5yncri5e!,13.0,4.0,<紫>,<桃> 1 <赤> 1 <紫> 3,,,"<ライブ開始時>
<センター>
自分のライブカード置き場にあるライブカードのスコアの合計が8以上の場合、『
<常時>
ライブの合計スコアを+1する。』を得る。",https://wikiwiki.jp/llocardgame/PL%21SP-PR-026%20%E9%AC%BC%E5%A1%9A%E5%A4%8F%E7%BE%8E,MEMBER,{},0,[],{},0,[],"{""purple"": 1}",1,[],"<ライブ開始時>
<センター>
自分のライブカード置き場にあるライブカードのスコアの合計が8以上の場合、『
<常時>
ライブの合計スコアを+1する。』を得る。",HAS_TEXT,0,"{""hearts"": {}, ""blade_mentions"": [], ""blade_icon_n"": 0, ""energy_icon_n"": 0, ""all_heart_n"": 0, ""score_delta_icon"": 0, ""unknown_tags"": [], ""tags"": []}",0,0,0,0,0,"{""draw"": 0, ""score"": 0, ""colorless"": 0}",0,0,0,,
PL!SP-bp1-001,澁谷かのん,PL!SP-bp1-001 澁谷かのん - ラブライブ！シリーズ オフィシャルカードゲーム(ラブカ) 非公式 Wiki*,メンバー,ラブライブ！スーパースター!!,Liella!,CatChu!,9.0,3.0,なし,<nolink(赤)> 1 <nolink(黄)> 1 <紫> 3,,,"<常時>
自分のステージにほかのメンバーがいない場合、自分はライブできない。",https://wikiwiki.jp/llocardgame/PL%21SP-bp1-001%20%E6%BE%81%E8%B0%B7%E3%81%8B%E3%81%AE%E3%82%93,MEMBER,{},0,[],{},0,[],{},0,[],"<常時>
自分のステージにほかのメンバーがいない場合、自分はライブできない。",HAS_TEXT,0,"{""hearts"": {}, ""blade_mentions"": [], ""blade_icon_n"": 0, ""energy_icon_n"": 0, ""all_heart_n"": 0, ""score_delta_icon"": 0, ""unknown_tags"": [], ""tags"": []}",0,0,0,0,0,"{""draw"": 0, ""score"": 0, ""colorless"": 0}",0,0,0,,
PL!SP-bp1-002,唐可可,PL!SP-bp1-002 唐可可 - ラブライブ！シリーズ オフィシャルカードゲーム(ラブカ) 非公式 Wiki*,メンバー,ラブライブ！スーパースター!!,Liella!,KALEIDOSCORE,4.0,0.0,なし,<赤> 1 <黄> 1,,,"<登場>
<(E)>
<(E)>
支払ってもよい：ステージの左サイドエリアに登場しているなら、カードを2枚引く。",https://wikiwiki.jp/llocardgame/PL%21SP-bp1-002%20%E5%94%90%E5%8F%AF%E5%8F%AF,MEMBER,{},0,[],{},0,[],{},0,[],"<登場>
<(E)>
<(E)>
支払ってもよい：ステージの左サイドエリアに登場しているなら、カードを2枚引く。",HAS_TEXT,0,"{""hearts"": {}, ""blade_mentions"": [], ""tags"": [], ""blade_icon_n"": 0, ""energy_icon_n"": 2, ""all_heart_n"": 0, ""score_delta_icon"": 0, ""unknown_tags"": []}",0,2,0,0,0,"{""draw"": 0, ""score"": 0, ""colorless"": 0}",0,0,0,,
PL!SP-bp1-003,嵐千砂都,PL!SP-bp1-003 嵐千砂都 - ラブライブ！シリーズ オフィシャルカードゲーム(ラブカ) 非公式 Wiki*,メンバー,ラブライブ！スーパースター!!,Liella!,5yncri5e!,10.0,1.0,なし,<赤> 1 <黄> 1 <紫> 2,,,"<起動>
<ターン1回>
手札にあるメンバーカードを好きな枚数公開する：公開したカードのコストの合計が、10、20、30、40、50のいずれかの場合、ライブ終了時まで、「
<常時>
ライブの合計スコアを+1する。」を得る。",https://wikiwiki.jp/llocardgame/PL%21SP-bp1-003%20%E5%B5%90%E5%8D%83%E7%A0%82%E9%83%BD,MEMBER,{},0,[],{},0,[],{},0,[],"<起動>
<ターン1回>
手札にあるメンバーカードを好きな枚数公開する：公開したカードのコストの合計が、10、20、30、40、50のいずれかの場合、ライブ終了時まで、「
<常時>
ライブの合計スコアを+1する。」を得る。",HAS_TEXT,0,"{""hearts"": {}, ""blade_mentions"": [], ""blade_icon_n"": 0, ""energy_icon_n"": 0, ""all_heart_n"": 0, ""score_delta_icon"": 0, ""unknown_tags"": [], ""tags"": []}",0,0,0,0,0,"{""draw"": 0, ""score"": 0, ""colorless"": 0}",0,0,0,,
PL!SP-bp1-004,平安名すみれ,PL!SP-bp1-004 平安名すみれ - ラブライブ！シリーズ オフィシャルカードゲーム(ラブカ) 非公式 Wiki*,メンバー,ラブライブ！スーパースター!!,Liella!,CatChu!,15.0,2.0,<黄>,<赤> 2 <黄> 2 <紫> 2,,,"<常時>
ステージのセンターエリアにいる場合、
<(ブレード)>
<(ブレード)>
<(ブレード)>
<(ブレード)>
<(ブレード)>
を得る。",https://wikiwiki.jp/llocardgame/PL%21SP-bp1-004%20%E5%B9%B3%E5%AE%89%E5%90%8D%E3%81%99%E3%81%BF%E3%82%8C,MEMBER,{},0,[],{},0,[],"{""yellow"": 1}",1,[],"<常時>
ステージのセンターエリアにいる場合、
<(ブレード)>
<(ブレード)>
<(ブレード)>
<(ブレード)>
<(ブレード)>
を得る。",HAS_TEXT,0,"{""hearts"": {}, ""blade_mentions"": [], ""tags"": [], ""blade_icon_n"": 5, ""energy_icon_n"": 0, ""all_heart_n"": 0, ""score_delta_icon"": 0, ""unknown_tags"": []}",5,0,0,0,0,"{""draw"": 0, ""score"": 0, ""colorless"": 0}",0,0,0,,
PL!SP-bp1-005,葉月恋,PL!SP-bp1-005 葉月恋 - ラブライブ！シリーズ オフィシャルカードゲーム(ラブカ) 非公式 Wiki*,メンバー,ラブライブ！スーパースター!!,Liella!,KALEIDOSCORE,2.0,1.0,<黄>,<黄> 1,,,"<登場>
手札を1枚控え室に置いてもよい：自分のデッキの上からカードを5枚見る。その中から『Liella!』のカードを1枚まで公開して手札に加えてもよい。残りを控え室に置く。",https://wikiwiki.jp/llocardgame/PL%21SP-bp1-005%20%E8%91%89%E6%9C%88%E6%81%8B,MEMBER,{},0,[],{},0,[],"{""yellow"": 1}",1,[],"<登場>
手札を1枚控え室に置いてもよい：自分のデッキの上からカードを5枚見る。その中から『Liella!』のカードを1枚まで公開して手札に加えてもよい。残りを控え室に置く。",HAS_TEXT,0,"{""hearts"": {}, ""blade_mentions"": [], ""blade_icon_n"": 0, ""energy_icon_n"": 0, ""all_heart_n"": 0, ""score_delta_icon"": 0, ""unknown_tags"": [], ""tags"": []}",0,0,0,0,0,"{""draw"": 0, ""score"": 0, ""colorless"": 0}",0,0,0,,
PL!SP-bp1-006,桜小路きな子,PL!SP-bp1-006 桜小路きな子 - ラブライブ！シリーズ オフィシャルカードゲーム(ラブカ) 非公式 Wiki*,メンバー,ラブライブ！スーパースター!!,Liella!,5yncri5e!,9.0,2.0,なし,<赤> 1 <黄> 2 <紫> 1,,,"<ライブ開始時>
<(E)>
支払ってもよい：ライブ終了時まで、
<(ブレード)>
<(ブレード)>
を得る。",https://wikiwiki.jp/llocardgame/PL%21SP-bp1-006%20%E6%A1%9C%E5%B0%8F%E8%B7%AF%E3%81%8D%E3%81%AA%E5%AD%90,MEMBER,{},0,[],{},0,[],{},0,[],"<ライブ開始時>
<(E)>
支払ってもよい：ライブ終了時まで、
<(ブレード)>
<(ブレード)>
を得る。",HAS_TEXT,0,"{""hearts"": {}, ""blade_mentions"": [], ""tags"": [], ""blade_icon_n"": 2, ""energy_icon_n"": 1, ""all_heart_n"": 0, ""score_delta_icon"": 0, ""unknown_tags"": []}",2,1,0,0,0,"{""draw"": 0, ""score"": 0, ""colorless"": 0}",0,0,0,,
PL!SP-bp1-007,米女メイ,PL!SP-bp1-007 米女メイ - ラブライブ！シリーズ オフィシャルカードゲーム(ラブカ) 非公式 Wiki*,メンバー,ラブライブ！スーパースター!!,Liella!,CatChu!,13.0,3.0,<黄>,<赤> 2 <黄> 2 <紫> 2,,,"<登場>
自分のエネルギーが11枚以上ある場合、自分の控え室からライブカードを1枚手札に加える。",https://wikiwiki.jp/llocardgame/PL%21SP-bp1-007%20%E7%B1%B3%E5%A5%B3%E3%83%A1%E3%82%A4,MEMBER,{},0,[],{},0,[],"{""yellow"": 1}",1,[],"<登場>
自分のエネルギーが11枚以上ある場合、自分の控え室からライブカードを1枚手札に加える。",HAS_TEXT,0,"{""hearts"": {}, ""blade_mentions"": [], ""blade_icon_n"": 0, ""energy_icon_n"": 0, ""all_heart_n"": 0, ""score_delta_icon"": 0, ""unknown_tags"": [], ""tags"": []}",0,0,0,0,0,"{""draw"": 0, ""score"": 0, ""colorless"": 0}",0,0,0,,
PL!SP-bp1-008,若菜四季,PL!SP-bp1-008 若菜四季 - ラブライブ！シリーズ オフィシャルカードゲーム(ラブカ) 非公式 Wiki*,メンバー,ラブライブ！スーパースター!!,Liella!,5yncri5e!,13.0,4.0,<赤>,<赤> 2 <黄> 1 <紫> 2,,,"<登場>
カードを1枚引く。自分のステージに「米女メイ」がいる場合、さらにカードを1枚引く。",https://wikiwiki.jp/llocardgame/PL%21SP-bp1-008%20%E8%8B%A5%E8%8F%9C%E5%9B%9B%E5%AD%A3,MEMBER,{},0,[],{},0,[],"{""red"": 1}",1,[],"<登場>
カードを1枚引く。自分のステージに「米女メイ」がいる場合、さらにカードを1枚引く。",HAS_TEXT,0,"{""hearts"": {}, ""blade_mentions"": [], ""blade_icon_n"": 0, ""energy_icon_n"": 0, ""all_heart_n"": 0, ""score_delta_icon"": 0, ""unknown_tags"": [], ""tags"": []}",0,0,0,0,0,"{""draw"": 0, ""score"": 0, ""colorless"": 0}",0,0,0,,
PL!SP-bp1-009,鬼塚夏美,PL!SP-bp1-009 鬼塚夏美 - ラブライブ！シリーズ オフィシャルカードゲーム(ラブカ) 非公式 Wiki*,メンバー,ラブライブ！スーパースター!!,Liella!,5yncri5e!,9.0,3.0,なし,<赤> 1 <黄> 1 <紫> 1,,,"<起動>
<ターン1回>
<(E)>
：カードを1枚引き、手札を1枚控え室に置く。",https://wikiwiki.jp/llocardgame/PL%21SP-bp1-009%20%E9%AC%BC%E5%A1%9A%E5%A4%8F%E7%BE%8E,MEMBER,{},0,[],{},0,[],{},0,[],"<起動>
<ターン1回>
<(E)>
：カードを1枚引き、手札を1枚控え室に置く。",HAS_TEXT,0,"{""hearts"": {}, ""blade_mentions"": [], ""tags"": [], ""blade_icon_n"": 0, ""energy_icon_n"": 1, ""all_heart_n"": 0, ""score_delta_icon"": 0, ""unknown_tags"": []}",0,1,0,0,0,"{""draw"": 0, ""score"": 0, ""colorless"": 0}",0,0,0,,
PL!SP-bp1-010,ウィーン・マルガレーテ,PL!SP-bp1-010 ウィーン・マルガレーテ - ラブライブ！シリーズ オフィシャルカードゲーム(ラブカ) 非公式 Wiki*,メンバー,ラブライブ！スーパースター!!,Liella!,KALEIDOSCORE,11.0,3.0,なし,<赤> 1 <黄> 2 <紫> 2,,,"<起動>
<ターン1回>
<(E)>
<(E)>
手札を1枚控え室に置く：自分のデッキの上からカードを5枚見る。その中から『Liella!』のカードを1枚公開して手札に加えてもよい。残りを控え室に置く。",https://wikiwiki.jp/llocardgame/PL%21SP-bp1-010%20%E3%82%A6%E3%82%A3%E3%83%BC%E3%83%B3%E3%83%BB%E3%83%9E%E3%83%AB%E3%82%AC%E3%83%AC%E3%83%BC%E3%83%86,MEMBER,{},0,[],{},0,[],{},0,[],"<起動>
<ターン1回>
<(E)>
<(E)>
手札を1枚控え室に置く：自分のデッキの上からカードを5枚見る。その中から『Liella!』のカードを1枚公開して手札に加えてもよい。残りを控え室に置く。",HAS_TEXT,0,"{""hearts"": {}, ""blade_mentions"": [], ""tags"": [], ""blade_icon_n"": 0, ""energy_icon_n"": 2, ""all_heart_n"": 0, ""score_delta_icon"": 0, ""unknown_tags"": []}",0,2,0,0,0,"{""draw"": 0, ""score"": 0, ""colorless"": 0}",0,0,0,,
PL!SP-bp1-011,鬼塚冬毬,PL!SP-bp1-011 鬼塚冬毬 - ラブライブ！シリーズ オフィシャルカードゲーム(ラブカ) 非公式 Wiki*,メンバー,ラブライブ！スーパースター!!,Liella!,5yncri5e!,2.0,1.0,<黄>,<黄> 1,,,"<起動>
このメンバーをステージから控え室に置く：自分の控え室からライブカードを1枚手札に加える。",https://wikiwiki.jp/llocardgame/PL%21SP-bp1-011%20%E9%AC%BC%E5%A1%9A%E5%86%AC%E6%AF%AC,MEMBER,{},0,[],{},0,[],"{""yellow"": 1}",1,[],"<起動>
このメンバーをステージから控え室に置く：自分の控え室からライブカードを1枚手札に加える。",HAS_TEXT,0,"{""hearts"": {}, ""blade_mentions"": [], ""blade_icon_n"": 0, ""energy_icon_n"": 0, ""all_heart_n"": 0, ""score_delta_icon"": 0, ""unknown_tags"": [], ""tags"": []}",0,0,0,0,0,"{""draw"": 0, ""score"": 0, ""colorless"": 0}",0,0,0,,
PL!SP-bp1-012,澁谷かのん,PL!SP-bp1-012 澁谷かのん - ラブライブ！シリーズ オフィシャルカードゲーム(ラブカ) 非公式 Wiki*,メンバー,ラブライブ！スーパースター!!,Liella!,CatChu!,4.0,1.0,なし,<黄> 2,,,"<登場>
<(E)>
支払ってもよい：自分のデッキの上からカードを3枚見る。その中から1枚を手札に加え、残りを控え室に置く。",https://wikiwiki.jp/llocardgame/PL%21SP-bp1-012%20%E6%BE%81%E8%B0%B7%E3%81%8B%E3%81%AE%E3%82%93,MEMBER,{},0,[],{},0,[],{},0,[],"<登場>
<(E)>
支払ってもよい：自分のデッキの上からカードを3枚見る。その中から1枚を手札に加え、残りを控え室に置く。",HAS_TEXT,0,"{""hearts"": {}, ""blade_mentions"": [], ""tags"": [], ""blade_icon_n"": 0, ""energy_icon_n"": 1, ""all_heart_n"": 0, ""score_delta_icon"": 0, ""unknown_tags"": []}",0,1,0,0,0,"{""draw"": 0, ""score"": 0, ""colorless"": 0}",0,0,0,,
PL!SP-bp1-013,唐可可,PL!SP-bp1-013 唐可可 - ラブライブ！シリーズ オフィシャルカードゲーム(ラブカ) 非公式 Wiki*,メンバー,ラブライブ！スーパースター!!,Liella!,KALEIDOSCORE,9.0,3.0,なし,<赤> 1 <黄> 2 <紫> 1,,,(なし),https://wikiwiki.jp/llocardgame/PL%21SP-bp1-013%20%E5%94%90%E5%8F%AF%E5%8F%AF,MEMBER,{},0,[],{},0,[],{},0,[],(なし),NO_ABILITY,1,"{""hearts"": {}, ""blade_mentions"": [], ""blade_icon_n"": 0, ""energy_icon_n"": 0, ""all_heart_n"": 0, ""score_delta_icon"": 0, ""unknown_tags"": [], ""tags"": []}",0,0,0,0,0,"{""draw"": 0, ""score"": 0, ""colorless"": 0}",0,0,0,,
PL!SP-bp1-014,嵐千砂都,PL!SP-bp1-014 嵐千砂都 - ラブライブ！シリーズ オフィシャルカードゲーム(ラブカ) 非公式 Wiki*,メンバー,ラブライブ！スーパースター!!,Liella!,5yncri5e!,4.0,1.0,<黄>,<黄> 1 <紫> 1,,,(なし),https://wikiwiki.jp/llocardgame/PL%21SP-bp1-014%20%E5%B5%90%E5%8D%83%E7%A0%82%E9%83%BD,MEMBER,{},0,[],{},0,[],"{""yellow"": 1}",1,[],(なし),NO_ABILITY,1,"{""hearts"": {}, ""blade_mentions"": [], ""blade_icon_n"": 0, ""energy_icon_n"": 0, ""all_heart_n"": 0, ""score_delta_icon"": 0, ""unknown_tags"": [], ""tags"": []}",0,0,0,0,0,"{""draw"": 0, ""score"": 0, ""colorless"": 0}",0,0,0,,
PL!SP-bp1-015,平安名すみれ,PL!SP-bp1-015 平安名すみれ - ラブライブ！シリーズ オフィシャルカードゲーム(ラブカ) 非公式 Wiki*,メンバー,ラブライブ！スーパースター!!,Liella!,CatChu!,4.0,1.0,<紫>,<赤> 1 <紫> 1,,,(なし),https://wikiwiki.jp/llocardgame/PL%21SP-bp1-015%20%E5%B9%B3%E5%AE%89%E5%90%8D%E3%81%99%E3%81%BF%E3%82%8C,MEMBER,{},0,[],{},0,[],"{""purple"": 1}",1,[],(なし),NO_ABILITY,1,"{""hearts"": {}, ""blade_mentions"": [], ""blade_icon_n"": 0, ""energy_icon_n"": 0, ""all_heart_n"": 0, ""score_delta_icon"": 0, ""unknown_tags"": [], ""tags"": []}",0,0,0,0,0,"{""draw"": 0, ""score"": 0, ""colorless"": 0}",0,0,0,,
PL!SP-bp1-016,葉月恋,PL!SP-bp1-016 葉月恋 - ラブライブ！シリーズ オフィシャルカードゲーム(ラブカ) 非公式 Wiki*,メンバー,ラブライブ！スーパースター!!,Liella!,KALEIDOSCORE,4.0,1.0,<赤>,<赤> 1 <黄> 1,,,(なし),https://wikiwiki.jp/llocardgame/PL%21SP-bp1-016%20%E8%91%89%E6%9C%88%E6%81%8B,MEMBER,{},0,[],{},0,[],"{""red"": 1}",1,[],(なし),NO_ABILITY,1,"{""hearts"": {}, ""blade_mentions"": [], ""blade_icon_n"": 0, ""energy_icon_n"": 0, ""all_heart_n"": 0, ""score_delta_icon"": 0, ""unknown_tags"": [], ""tags"": []}",0,0,0,0,0,"{""draw"": 0, ""score"": 0, ""colorless"": 0}",0,0,0,,
PL!SP-bp1-017,桜小路きな子,PL!SP-bp1-017 桜小路きな子 - ラブライブ！シリーズ オフィシャルカードゲーム(ラブカ) 非公式 Wiki*,メンバー,ラブライブ！スーパースター!!,Liella!,5yncri5e!,11.0,3.0,<黄>,<赤> 2 <黄> 2 <紫> 1,,,(なし),https://wikiwiki.jp/llocardgame/PL%21SP-bp1-017%20%E6%A1%9C%E5%B0%8F%E8%B7%AF%E3%81%8D%E3%81%AA%E5%AD%90,MEMBER,{},0,[],{},0,[],"{""yellow"": 1}",1,[],(なし),NO_ABILITY,1,"{""hearts"": {}, ""blade_mentions"": [], ""blade_icon_n"": 0, ""energy_icon_n"": 0, ""all_heart_n"": 0, ""score_delta_icon"": 0, ""unknown_tags"": [], ""tags"": []}",0,0,0,0,0,"{""draw"": 0, ""score"": 0, ""colorless"": 0}",0,0,0,,
PL!SP-bp1-018,米女メイ,PL!SP-bp1-018 米女メイ - ラブライブ！シリーズ オフィシャルカードゲーム(ラブカ) 非公式 Wiki*,メンバー,ラブライブ！スーパースター!!,Liella!,CatChu!,9.0,3.0,なし,<黄> 2 <紫> 2,,,(なし),https://wikiwiki.jp/llocardgame/PL%21SP-bp1-018%20%E7%B1%B3%E5%A5%B3%E3%83%A1%E3%82%A4,MEMBER,{},0,[],{},0,[],{},0,[],(なし),NO_ABILITY,1,"{""hearts"": {}, ""blade_mentions"": [], ""blade_icon_n"": 0, ""energy_icon_n"": 0, ""all_heart_n"": 0, ""score_delta_icon"": 0, ""unknown_tags"": [], ""tags"": []}",0,0,0,0,0,"{""draw"": 0, ""score"": 0, ""colorless"": 0}",0,0,0,,
PL!SP-bp1-019,若菜四季,PL!SP-bp1-019 若菜四季 - ラブライブ！シリーズ オフィシャルカードゲーム(ラブカ) 非公式 Wiki*,メンバー,ラブライブ！スーパースター!!,Liella!,5yncri5e!,11.0,3.0,<赤>,<赤> 2 <黄> 1 <紫> 2,,,(なし),https://wikiwiki.jp/llocardgame/PL%21SP-bp1-019%20%E8%8B%A5%E8%8F%9C%E5%9B%9B%E5%AD%A3,MEMBER,{},0,[],{},0,[],"{""red"": 1}",1,[],(なし),NO_ABILITY,1,"{""hearts"": {}, ""blade_mentions"": [], ""blade_icon_n"": 0, ""energy_icon_n"": 0, ""all_heart_n"": 0, ""score_delta_icon"": 0, ""unknown_tags"": [], ""tags"": []}",0,0,0,0,0,"{""draw"": 0, ""score"": 0, ""colorless"": 0}",0,0,0,,
PL!SP-bp1-020,鬼塚夏美,PL!SP-bp1-020 鬼塚夏美 - ラブライブ！シリーズ オフィシャルカードゲーム(ラブカ) 非公式 Wiki*,メンバー,ラブライブ！スーパースター!!,Liella!,5yncri5e!,4.0,1.0,<黄>,<黄> 2,,,(なし),https://wikiwiki.jp/llocardgame/PL%21SP-bp1-020%20%E9%AC%BC%E5%A1%9A%E5%A4%8F%E7%BE%8E,MEMBER,{},0,[],{},0,[],"{""yellow"": 1}",1,[],(なし),NO_ABILITY,1,"{""hearts"": {}, ""blade_mentions"": [], ""blade_icon_n"": 0, ""energy_icon_n"": 0, ""all_heart_n"": 0, ""score_delta_icon"": 0, ""unknown_tags"": [], ""tags"": []}",0,0,0,0,0,"{""draw"": 0, ""score"": 0, ""colorless"": 0}",0,0,0,,
PL!SP-bp1-021,ウィーン・マルガレーテ,PL!SP-bp1-021 ウィーン・マルガレーテ - ラブライブ！シリーズ オフィシャルカードゲーム(ラブカ) 非公式 Wiki*,メンバー,ラブライブ！スーパースター!!,Liella!,KALEIDOSCORE,4.0,0.0,なし,<黄> 1,,,"<登場>
手札を1枚控え室に置いてもよい：自分のエネルギーデッキから、エネルギーカードを1枚ウェイト状態で置く。",https://wikiwiki.jp/llocardgame/PL%21SP-bp1-021%20%E3%82%A6%E3%82%A3%E3%83%BC%E3%83%B3%E3%83%BB%E3%83%9E%E3%83%AB%E3%82%AC%E3%83%AC%E3%83%BC%E3%83%86,MEMBER,{},0,[],{},0,[],{},0,[],"<登場>
手札を1枚控え室に置いてもよい：自分のエネルギーデッキから、エネルギーカードを1枚ウェイト状態で置く。",HAS_TEXT,0,"{""hearts"": {}, ""blade_mentions"": [], ""blade_icon_n"": 0, ""energy_icon_n"": 0, ""all_heart_n"": 0, ""score_delta_icon"": 0, ""unknown_tags"": [], ""tags"": []}",0,0,0,0,0,"{""draw"": 0, ""score"": 0, ""colorless"": 0}",0,0,0,,
PL!SP-bp1-022,鬼塚冬毬,PL!SP-bp1-022 鬼塚冬毬 - ラブライブ！シリーズ オフィシャルカードゲーム(ラブカ) 非公式 Wiki*,メンバー,ラブライブ！スーパースター!!,Liella!,5yncri5e!,13.0,4.0,<紫>,<赤> 2 <黄> 2 <紫> 2,,,(テキストなし),https://wikiwiki.jp/llocardgame/PL%21SP-bp1-022%20%E9%AC%BC%E5%A1%9A%E5%86%AC%E6%AF%AC,MEMBER,{},0,[],{},0,[],"{""purple"": 1}",1,[],(テキストなし),NO_ABILITY,1,"{""hearts"": {}, ""blade_mentions"": [], ""blade_icon_n"": 0, ""energy_icon_n"": 0, ""all_heart_n"": 0, ""score_delta_icon"": 0, ""unknown_tags"": [], ""tags"": []}",0,0,0,0,0,"{""draw"": 0, ""score"": 0, ""colorless"": 0}",0,0,0,,
PL!SP-bp1-023,START!! True dreams,PL!SP-bp1-023 START!! True dreams - ラブライブ！シリーズ オフィシャルカードゲーム(ラブカ) 非公式 Wiki*,ライブ,ラブライブ！スーパースター!!,Liella!,,,,<スコア+1>,,<赤> 1 <黄> 1 <紫> 1 <任意> 1 (合計4),1.0,"<ライブ成功時>
ライブの合計スコアが相手より高い場合、自分のエネルギーデッキから、エネルギーカードを1枚ウェイト状態で置く。",https://wikiwiki.jp/llocardgame/PL%21SP-bp1-023%20START%21%21%20True%20dreams,LIVE,{},0,[],{},4,[],{},0,[],"<ライブ成功時>
ライブの合計スコアが相手より高い場合、自分のエネルギーデッキから、エネルギーカードを1枚ウェイト状態で置く。",HAS_TEXT,0,"{""hearts"": {}, ""blade_mentions"": [], ""blade_icon_n"": 0, ""energy_icon_n"": 0, ""all_heart_n"": 0, ""score_delta_icon"": 0, ""unknown_tags"": [], ""tags"": []}",0,0,0,0,0,"{""draw"": 0, ""score"": 1, ""colorless"": 0}",0,1,0,,
PL!SP-bp1-024,Tiny Stars,PL!SP-bp1-024 Tiny Stars - ラブライブ！シリーズ オフィシャルカードゲーム(ラブカ) 非公式 Wiki*,ライブ,ラブライブ！スーパースター!!,Liella!,,,,<ALL>,,<桃> 1 <青> 1 <任意> 6 (合計8),2.0,"<ライブ開始時>
ライブ終了時まで、自分のステージにいる「澁谷かのん」1人は
<青>
<(ブレード)>
を、「唐 可可」1人は
<桃>
<(ブレード)>
を得る。
<ライブ成功時>
自分のステージに「澁谷かのん」と「唐 可可」がいる場合、カードを1枚引く。",https://wikiwiki.jp/llocardgame/PL%21SP-bp1-024%20Tiny%20Stars,LIVE,{},0,[],{},8,[],"{""all"": 1}",1,[],"<ライブ開始時>
ライブ終了時まで、自分のステージにいる「澁谷かのん」1人は
<青>
<(ブレード)>
を、「唐 可可」1人は
<桃>
<(ブレード)>
を得る。
<ライブ成功時>
自分のステージに「澁谷かのん」と「唐 可可」がいる場合、カードを1枚引く。",HAS_TEXT,0,"{""hearts"": {}, ""blade_mentions"": [], ""tags"": [], ""blade_icon_n"": 2, ""energy_icon_n"": 0, ""all_heart_n"": 0, ""score_delta_icon"": 0, ""unknown_tags"": []}",2,0,0,0,0,"{""draw"": 0, ""score"": 0, ""colorless"": 0}",0,0,0,,
PL!SP-bp1-025,Starlight Prologue,PL!SP-bp1-025 Starlight Prologue - ラブライブ！シリーズ オフィシャルカードゲーム(ラブカ) 非公式 Wiki*,ライブ,ラブライブ！スーパースター!!,Liella!,,,,<ALL>,,<黄> 1 <紫> 1 <任意> 3 (合計5),2.0,(なし),https://wikiwiki.jp/llocardgame/PL%21SP-bp1-025%20Starlight%20Prologue,LIVE,{},0,[],{},5,[],"{""all"": 1}",1,[],(なし),NO_ABILITY,1,"{""hearts"": {}, ""blade_mentions"": [], ""blade_icon_n"": 0, ""energy_icon_n"": 0, ""all_heart_n"": 0, ""score_delta_icon"": 0, ""unknown_tags"": [], ""tags"": []}",0,0,0,0,0,"{""draw"": 0, ""score"": 0, ""colorless"": 0}",0,0,0,,
PL!SP-bp1-026,未来予報ハレルヤ！,PL!SP-bp1-026 未来予報ハレルヤ！ - ラブライブ！シリーズ オフィシャルカードゲーム(ラブカ) 非公式 Wiki*,ライブ,ラブライブ！スーパースター!!,Liella!,,,,<ALL>,,<赤> 2 <黄> 2 <紫> 2 <任意> 2 (合計8),3.0,"<ライブ開始時>
自分の、ステージと控え室に名前の異なる『Liella!』のメンバーが5人以上いる場合、このカードを使用するためのコストは
<赤>
<赤>
<黄>
<黄>
<紫>
<紫>
になる。",https://wikiwiki.jp/llocardgame/PL%21SP-bp1-026%20%E6%9C%AA%E6%9D%A5%E4%BA%88%E5%A0%B1%E3%83%8F%E3%83%AC%E3%83%AB%E3%83%A4%EF%BC%81,LIVE,{},0,[],{},8,[],"{""all"": 1}",1,[],"<ライブ開始時>
自分の、ステージと控え室に名前の異なる『Liella!』のメンバーが5人以上いる場合、このカードを使用するためのコストは
<赤>
<赤>
<黄>
<黄>
<紫>
<紫>
になる。",HAS_TEXT,0,"{""hearts"": {}, ""blade_mentions"": [], ""blade_icon_n"": 0, ""energy_icon_n"": 0, ""all_heart_n"": 0, ""score_delta_icon"": 0, ""unknown_tags"": [], ""tags"": []}",0,0,0,0,0,"{""draw"": 0, ""score"": 0, ""colorless"": 0}",0,0,0,,
PL!SP-bp1-027,Sing！Shine！Smile！,PL!SP-bp1-027 Sing！Shine！Smile！ - ラブライブ！シリーズ オフィシャルカードゲーム(ラブカ) 非公式 Wiki*,ライブ,ラブライブ！スーパースター!!,Liella!,,,,<黄> <ドロー+1>,,<赤> 3 <黄> 3 <紫> 3 <任意> 5 (合計14),6.0,"<ライブ開始時>
自分のエネルギーが12枚以上ある場合、このカードのスコアを+1する。",https://wikiwiki.jp/llocardgame/PL%21SP-bp1-027%20Sing%EF%BC%81Shine%EF%BC%81Smile%EF%BC%81,LIVE,{},0,[],{},14,[],"{""yellow"": 1}",1,[],"<ライブ開始時>
自分のエネルギーが12枚以上ある場合、このカードのスコアを+1する。",HAS_TEXT,0,"{""hearts"": {}, ""blade_mentions"": [], ""blade_icon_n"": 0, ""energy_icon_n"": 0, ""all_heart_n"": 0, ""score_delta_icon"": 0, ""unknown_tags"": [], ""tags"": []}",0,0,0,0,0,"{""draw"": 1, ""score"": 0, ""colorless"": 0}",1,0,0,,
PL!SP-bp2-001,澁谷かのん,PL!SP-bp2-001 澁谷かのん - ラブライブ！シリーズ オフィシャルカードゲーム(ラブカ) 非公式 Wiki*,メンバー,ラブライブ！スーパースター!!,Liella!,CatChu!,13.0,3.0,<赤>,<赤> 2 <黄> 2 <紫> 2,,,"<登場>
自分のステージにいる『Liella!』メンバー1人のすべての
<ライブ開始時>
能力を、ライブ終了時まで、無効にしてもよい。これにより無効にした場合、自分の控え室から『Liella!』のカードを1枚手札に加える。",https://wikiwiki.jp/llocardgame/PL%21SP-bp2-001%20%E6%BE%81%E8%B0%B7%E3%81%8B%E3%81%AE%E3%82%93,MEMBER,{},0,[],{},0,[],"{""red"": 1}",1,[],"<登場>
自分のステージにいる『Liella!』メンバー1人のすべての
<ライブ開始時>
能力を、ライブ終了時まで、無効にしてもよい。これにより無効にした場合、自分の控え室から『Liella!』のカードを1枚手札に加える。",HAS_TEXT,0,"{""hearts"": {}, ""blade_mentions"": [], ""blade_icon_n"": 0, ""energy_icon_n"": 0, ""all_heart_n"": 0, ""score_delta_icon"": 0, ""unknown_tags"": [], ""tags"": []}",0,0,0,0,0,"{""draw"": 0, ""score"": 0, ""colorless"": 0}",0,0,0,,
PL!SP-bp2-002,唐可可,PL!SP-bp2-002 唐可可 - ラブライブ！シリーズ オフィシャルカードゲーム(ラブカ) 非公式 Wiki*,メンバー,ラブライブ！スーパースター!!,Liella!,KALEIDOSCORE,2.0,1.0,<紫>,<紫> 1,,,"<登場>
自分のデッキの上からカードを3枚見る。その中からコスト11以上のカードを1枚公開して手札に加えてもよい。残りを控え室に置く。",https://wikiwiki.jp/llocardgame/PL%21SP-bp2-002%20%E5%94%90%E5%8F%AF%E5%8F%AF,MEMBER,{},0,[],{},0,[],"{""purple"": 1}",1,[],"<登場>
自分のデッキの上からカードを3枚見る。その中からコスト11以上のカードを1枚公開して手札に加えてもよい。残りを控え室に置く。",HAS_TEXT,0,"{""hearts"": {}, ""blade_mentions"": [], ""blade_icon_n"": 0, ""energy_icon_n"": 0, ""all_heart_n"": 0, ""score_delta_icon"": 0, ""unknown_tags"": [], ""tags"": []}",0,0,0,0,0,"{""draw"": 0, ""score"": 0, ""colorless"": 0}",0,0,0,,
PL!SP-bp2-003,嵐千砂都,PL!SP-bp2-003 嵐千砂都 - ラブライブ！シリーズ オフィシャルカードゲーム(ラブカ) 非公式 Wiki*,メンバー,ラブライブ！スーパースター!!,Liella!,5yncri5e!,4.0,1.0,なし,<赤> 1 <紫> 1,,,"<自動>
<ターン1回>
このメンバーがエリアを移動したとき、自分のエネルギーデッキから、エネルギーカードを1枚ウェイト状態で置く。",https://wikiwiki.jp/llocardgame/PL%21SP-bp2-003%20%E5%B5%90%E5%8D%83%E7%A0%82%E9%83%BD,MEMBER,{},0,[],{},0,[],{},0,[],"<自動>
<ターン1回>
このメンバーがエリアを移動したとき、自分のエネルギーデッキから、エネルギーカードを1枚ウェイト状態で置く。",HAS_TEXT,0,"{""hearts"": {}, ""blade_mentions"": [], ""blade_icon_n"": 0, ""energy_icon_n"": 0, ""all_heart_n"": 0, ""score_delta_icon"": 0, ""unknown_tags"": [], ""tags"": []}",0,0,0,0,0,"{""draw"": 0, ""score"": 0, ""colorless"": 0}",0,0,0,,
PL!SP-bp2-004,平安名すみれ,PL!SP-bp2-004 平安名すみれ - ラブライブ！シリーズ オフィシャルカードゲーム(ラブカ) 非公式 Wiki*,メンバー,ラブライブ！スーパースター!!,Liella!,CatChu!,9.0,2.0,なし,<赤> 1 <黄> 2 <紫> 1,,,"<常時>
自分のステージにいるメンバーのうち、センターエリアにいるメンバーが最も大きいコストを持つ場合、
<黄>
を得る。",https://wikiwiki.jp/llocardgame/PL%21SP-bp2-004%20%E5%B9%B3%E5%AE%89%E5%90%8D%E3%81%99%E3%81%BF%E3%82%8C,MEMBER,{},0,[],{},0,[],{},0,[],"<常時>
自分のステージにいるメンバーのうち、センターエリアにいるメンバーが最も大きいコストを持つ場合、
<黄>
を得る。",HAS_TEXT,0,"{""hearts"": {}, ""blade_mentions"": [], ""blade_icon_n"": 0, ""energy_icon_n"": 0, ""all_heart_n"": 0, ""score_delta_icon"": 0, ""unknown_tags"": [], ""tags"": []}",0,0,0,0,0,"{""draw"": 0, ""score"": 0, ""colorless"": 0}",0,0,0,,
PL!SP-bp2-005,葉月恋,PL!SP-bp2-005 葉月恋 - ラブライブ！シリーズ オフィシャルカードゲーム(ラブカ) 非公式 Wiki*,メンバー,ラブライブ！スーパースター!!,Liella!,KALEIDOSCORE,4.0,2.0,<黄>,<黄> 1,,,"<登場>
<(E)>
<(E)>
支払ってもよい：自分のデッキの上からカードを7枚見る。その中から『Liella!』のカードを1枚公開して手札に加えてもよい。残りを控え室に置く。",https://wikiwiki.jp/llocardgame/PL%21SP-bp2-005%20%E8%91%89%E6%9C%88%E6%81%8B,MEMBER,{},0,[],{},0,[],"{""yellow"": 1}",1,[],"<登場>
<(E)>
<(E)>
支払ってもよい：自分のデッキの上からカードを7枚見る。その中から『Liella!』のカードを1枚公開して手札に加えてもよい。残りを控え室に置く。",HAS_TEXT,0,"{""hearts"": {}, ""blade_mentions"": [], ""tags"": [], ""blade_icon_n"": 0, ""energy_icon_n"": 2, ""all_heart_n"": 0, ""score_delta_icon"": 0, ""unknown_tags"": []}",0,2,0,0,0,"{""draw"": 0, ""score"": 0, ""colorless"": 0}",0,0,0,,
PL!SP-bp2-006,桜小路きな子,PL!SP-bp2-006 桜小路きな子 - ラブライブ！シリーズ オフィシャルカードゲーム(ラブカ) 非公式 Wiki*,メンバー,ラブライブ！スーパースター!!,Liella!,5yncri5e!,10.0,3.0,なし,<赤> 1 <黄> 2 <紫> 1,,,"<登場>
バトンタッチして登場した場合、このバトンタッチで控え室に置かれた『Liella!』のメンバーカードを1枚手札に加える。
<起動>
<ターン1回>
手札のコスト4以下の『Liella!』のメンバーカードを1枚控え室に置く：これにより控え室に置いたメンバーカードの
<登場>
能力1つを発動させる。
（
<登場>
能力がコストを持つ場合、支払って発動させる。）",https://wikiwiki.jp/llocardgame/PL%21SP-bp2-006%20%E6%A1%9C%E5%B0%8F%E8%B7%AF%E3%81%8D%E3%81%AA%E5%AD%90,MEMBER,{},0,[],{},0,[],{},0,[],"<登場>
バトンタッチして登場した場合、このバトンタッチで控え室に置かれた『Liella!』のメンバーカードを1枚手札に加える。
<起動>
<ターン1回>
手札のコスト4以下の『Liella!』のメンバーカードを1枚控え室に置く：これにより控え室に置いたメンバーカードの
<登場>
能力1つを発動させる。
（
<登場>
能力がコストを持つ場合、支払って発動させる。）",HAS_TEXT,0,"{""hearts"": {}, ""blade_mentions"": [], ""blade_icon_n"": 0, ""energy_icon_n"": 0, ""all_heart_n"": 0, ""score_delta_icon"": 0, ""unknown_tags"": [], ""tags"": []}",0,0,0,0,0,"{""draw"": 0, ""score"": 0, ""colorless"": 0}",0,0,0,,
PL!SP-bp2-007,米女メイ,PL!SP-bp2-007 米女メイ - ラブライブ！シリーズ オフィシャルカードゲーム(ラブカ) 非公式 Wiki*,メンバー,ラブライブ！スーパースター!!,Liella!,CatChu!,5.0,2.0,なし,<赤> 1 <黄> 1,,,"<登場>
手札を1枚控え室に置いてもよい：自分のデッキの上からカードを5枚見る。その中から『Liella!』のメンバーカードを1枚公開して手札に加えてもよい。残りを控え室に置く。",https://wikiwiki.jp/llocardgame/PL%21SP-bp2-007%20%E7%B1%B3%E5%A5%B3%E3%83%A1%E3%82%A4,MEMBER,{},0,[],{},0,[],{},0,[],"<登場>
手札を1枚控え室に置いてもよい：自分のデッキの上からカードを5枚見る。その中から『Liella!』のメンバーカードを1枚公開して手札に加えてもよい。残りを控え室に置く。",HAS_TEXT,0,"{""hearts"": {}, ""blade_mentions"": [], ""blade_icon_n"": 0, ""energy_icon_n"": 0, ""all_heart_n"": 0, ""score_delta_icon"": 0, ""unknown_tags"": [], ""tags"": []}",0,0,0,0,0,"{""draw"": 0, ""score"": 0, ""colorless"": 0}",0,0,0,,
PL!SP-bp2-008,若菜四季,PL!SP-bp2-008 若菜四季 - ラブライブ！シリーズ オフィシャルカードゲーム(ラブカ) 非公式 Wiki*,メンバー,ラブライブ！スーパースター!!,Liella!,5yncri5e!,9.0,2.0,なし,<赤> 1 <黄> 2 <紫> 1,,,"<起動>
<ターン1回>
<(E)>
：このメンバーがいるエリアとは別の自分のエリア1つを選ぶ。このメンバーをそのエリアに移動する。選んだエリアにメンバーがいる場合、そのメンバーは、このメンバーがいたエリアに移動させる。",https://wikiwiki.jp/llocardgame/PL%21SP-bp2-008%20%E8%8B%A5%E8%8F%9C%E5%9B%9B%E5%AD%A3,MEMBER,{},0,[],{},0,[],{},0,[],"<起動>
<ターン1回>
<(E)>
：このメンバーがいるエリアとは別の自分のエリア1つを選ぶ。このメンバーをそのエリアに移動する。選んだエリアにメンバーがいる場合、そのメンバーは、このメンバーがいたエリアに移動させる。",HAS_TEXT,0,"{""hearts"": {}, ""blade_mentions"": [], ""tags"": [], ""blade_icon_n"": 0, ""energy_icon_n"": 1, ""all_heart_n"": 0, ""score_delta_icon"": 0, ""unknown_tags"": []}",0,1,0,0,0,"{""draw"": 0, ""score"": 0, ""colorless"": 0}",0,0,0,,
PL!SP-bp2-009,鬼塚夏美,PL!SP-bp2-009 鬼塚夏美 - ラブライブ！シリーズ オフィシャルカードゲーム(ラブカ) 非公式 Wiki*,メンバー,ラブライブ！スーパースター!!,Liella!,5yncri5e!,13.0,1.0,<黄>,<赤> 1 <黄> 3 <紫> 2,,,"<ライブ開始時>
ライブ終了時まで、自分の手札2枚につき、
<(ブレード)>
を得る。
<ライブ成功時>
カードを2枚引き、手札を1枚控え室に置く。",https://wikiwiki.jp/llocardgame/PL%21SP-bp2-009%20%E9%AC%BC%E5%A1%9A%E5%A4%8F%E7%BE%8E,MEMBER,{},0,[],{},0,[],"{""yellow"": 1}",1,[],"<ライブ開始時>
ライブ終了時まで、自分の手札2枚につき、
<(ブレード)>
を得る。
<ライブ成功時>
カードを2枚引き、手札を1枚控え室に置く。",HAS_TEXT,0,"{""hearts"": {}, ""blade_mentions"": [], ""tags"": [], ""blade_icon_n"": 1, ""energy_icon_n"": 0, ""all_heart_n"": 0, ""score_delta_icon"": 0, ""unknown_tags"": []}",1,0,0,0,0,"{""draw"": 0, ""score"": 0, ""colorless"": 0}",0,0,0,,
PL!SP-bp2-010,ウィーン・マルガレーテ,PL!SP-bp2-010 ウィーン・マルガレーテ - ラブライブ！シリーズ オフィシャルカードゲーム(ラブカ) 非公式 Wiki*,メンバー,ラブライブ！スーパースター!!,Liella!,KALEIDOSCORE,15.0,6.0,なし,<赤> 3 <黄> 2 <紫> 3,,,"<常時>
相手のライブカード置き場にあるすべてのライブカードは、成功させるための必要ハートが
<任意>
多くなる。
<ライブ開始時>
自分のステージにこのメンバー以外のメンバーが1人以上いる場合、ライブ終了時まで、エールによって公開される自分のカードの枚数が8枚減る。",https://wikiwiki.jp/llocardgame/PL%21SP-bp2-010%20%E3%82%A6%E3%82%A3%E3%83%BC%E3%83%B3%E3%83%BB%E3%83%9E%E3%83%AB%E3%82%AC%E3%83%AC%E3%83%BC%E3%83%86,MEMBER,{},0,[],{},0,[],{},0,[],"<常時>
相手のライブカード置き場にあるすべてのライブカードは、成功させるための必要ハートが
<任意>
多くなる。
<ライブ開始時>
自分のステージにこのメンバー以外のメンバーが1人以上いる場合、ライブ終了時まで、エールによって公開される自分のカードの枚数が8枚減る。",HAS_TEXT,0,"{""hearts"": {}, ""blade_mentions"": [], ""blade_icon_n"": 0, ""energy_icon_n"": 0, ""all_heart_n"": 0, ""score_delta_icon"": 0, ""unknown_tags"": [], ""tags"": []}",0,0,0,0,0,"{""draw"": 0, ""score"": 0, ""colorless"": 0}",0,0,0,,
PL!SP-bp2-011,鬼塚冬毬,PL!SP-bp2-011 鬼塚冬毬 - ラブライブ！シリーズ オフィシャルカードゲーム(ラブカ) 非公式 Wiki*,メンバー,ラブライブ！スーパースター!!,Liella!,5yncri5e!,11.0,2.0,<黄>,<赤> 2 <黄> 2 <紫> 1,,,"<登場>
自分の控え室にある、カード名の異なるライブカードを2枚選ぶ。そうした場合、相手はそれらのカードのうち1枚を選ぶ。これにより相手に選ばれたカードを自分の手札に加える。",https://wikiwiki.jp/llocardgame/PL%21SP-bp2-011%20%E9%AC%BC%E5%A1%9A%E5%86%AC%E6%AF%AC,MEMBER,{},0,[],{},0,[],"{""yellow"": 1}",1,[],"<登場>
自分の控え室にある、カード名の異なるライブカードを2枚選ぶ。そうした場合、相手はそれらのカードのうち1枚を選ぶ。これにより相手に選ばれたカードを自分の手札に加える。",HAS_TEXT,0,"{""hearts"": {}, ""blade_mentions"": [], ""blade_icon_n"": 0, ""energy_icon_n"": 0, ""all_heart_n"": 0, ""score_delta_icon"": 0, ""unknown_tags"": [], ""tags"": []}",0,0,0,0,0,"{""draw"": 0, ""score"": 0, ""colorless"": 0}",0,0,0,,
PL!SP-bp2-012,澁谷かのん,PL!SP-bp2-012 澁谷かのん - ラブライブ！シリーズ オフィシャルカードゲーム(ラブカ) 非公式 Wiki*,メンバー,ラブライブ！スーパースター!!,Liella!,CatChu!,4.0,1.0,<赤>,<赤> 2,,,(なし),https://wikiwiki.jp/llocardgame/PL%21SP-bp2-012%20%E6%BE%81%E8%B0%B7%E3%81%8B%E3%81%AE%E3%82%93,MEMBER,{},0,[],{},0,[],"{""red"": 1}",1,[],(なし),NO_ABILITY,1,"{""hearts"": {}, ""blade_mentions"": [], ""blade_icon_n"": 0, ""energy_icon_n"": 0, ""all_heart_n"": 0, ""score_delta_icon"": 0, ""unknown_tags"": [], ""tags"": []}",0,0,0,0,0,"{""draw"": 0, ""score"": 0, ""colorless"": 0}",0,0,0,,
PL!SP-bp2-013,唐可可,PL!SP-bp2-013 唐可可 - ラブライブ！シリーズ オフィシャルカードゲーム(ラブカ) 非公式 Wiki*,メンバー,ラブライブ！スーパースター!!,Liella!,KALEIDOSCORE,9.0,2.0,なし,<赤> 1 <黄> 1 <紫> 2,,,"<登場>
自分の控え室からカードを1枚までデッキの一番上に置く。",https://wikiwiki.jp/llocardgame/PL%21SP-bp2-013%20%E5%94%90%E5%8F%AF%E5%8F%AF,MEMBER,{},0,[],{},0,[],{},0,[],"<登場>
自分の控え室からカードを1枚までデッキの一番上に置く。",HAS_TEXT,0,"{""hearts"": {}, ""blade_mentions"": [], ""blade_icon_n"": 0, ""energy_icon_n"": 0, ""all_heart_n"": 0, ""score_delta_icon"": 0, ""unknown_tags"": [], ""tags"": []}",0,0,0,0,0,"{""draw"": 0, ""score"": 0, ""colorless"": 0}",0,0,0,,
PL!SP-bp2-014,嵐千砂都,PL!SP-bp2-014 嵐千砂都 - ラブライブ！シリーズ オフィシャルカードゲーム(ラブカ) 非公式 Wiki*,メンバー,ラブライブ！スーパースター!!,Liella!,5yncri5e!,9.0,2.0,なし,<赤> 1 <黄> 2 <紫> 1,,,"<登場>
自分の控え室からカードを1枚までデッキの一番上に置く。",https://wikiwiki.jp/llocardgame/PL%21SP-bp2-014%20%E5%B5%90%E5%8D%83%E7%A0%82%E9%83%BD,MEMBER,{},0,[],{},0,[],{},0,[],"<登場>
自分の控え室からカードを1枚までデッキの一番上に置く。",HAS_TEXT,0,"{""hearts"": {}, ""blade_mentions"": [], ""blade_icon_n"": 0, ""energy_icon_n"": 0, ""all_heart_n"": 0, ""score_delta_icon"": 0, ""unknown_tags"": [], ""tags"": []}",0,0,0,0,0,"{""draw"": 0, ""score"": 0, ""colorless"": 0}",0,0,0,,
PL!SP-bp2-015,平安名すみれ,PL!SP-bp2-015 平安名すみれ - ラブライブ！シリーズ オフィシャルカードゲーム(ラブカ) 非公式 Wiki*,メンバー,ラブライブ！スーパースター!!,Liella!,CatChu!,4.0,1.0,なし,<赤> 1 <黄> 1,,,"<自動>
<ターン1回>
エールにより公開された自分のカードの中にブレードハートを持つカードがないとき、ライブ終了時まで、
<紫>
を得る。",https://wikiwiki.jp/llocardgame/PL%21SP-bp2-015%20%E5%B9%B3%E5%AE%89%E5%90%8D%E3%81%99%E3%81%BF%E3%82%8C,MEMBER,{},0,[],{},0,[],{},0,[],"<自動>
<ターン1回>
エールにより公開された自分のカードの中にブレードハートを持つカードがないとき、ライブ終了時まで、
<紫>
を得る。",HAS_TEXT,0,"{""hearts"": {}, ""blade_mentions"": [], ""blade_icon_n"": 0, ""energy_icon_n"": 0, ""all_heart_n"": 0, ""score_delta_icon"": 0, ""unknown_tags"": [], ""tags"": []}",0,0,0,0,0,"{""draw"": 0, ""score"": 0, ""colorless"": 0}",0,0,0,,
PL!SP-bp2-016,葉月恋,PL!SP-bp2-016 葉月恋 - ラブライブ！シリーズ オフィシャルカードゲーム(ラブカ) 非公式 Wiki*,メンバー,ラブライブ！スーパースター!!,Liella!,KALEIDOSCORE,4.0,1.0,<紫>,<紫> 2,,,(なし),https://wikiwiki.jp/llocardgame/PL%21SP-bp2-016%20%E8%91%89%E6%9C%88%E6%81%8B,MEMBER,{},0,[],{},0,[],"{""purple"": 1}",1,[],(なし),NO_ABILITY,1,"{""hearts"": {}, ""blade_mentions"": [], ""blade_icon_n"": 0, ""energy_icon_n"": 0, ""all_heart_n"": 0, ""score_delta_icon"": 0, ""unknown_tags"": [], ""tags"": []}",0,0,0,0,0,"{""draw"": 0, ""score"": 0, ""colorless"": 0}",0,0,0,,
PL!SP-bp2-017,桜小路きな子,PL!SP-bp2-017 桜小路きな子 - ラブライブ！シリーズ オフィシャルカードゲーム(ラブカ) 非公式 Wiki*,メンバー,ラブライブ！スーパースター!!,Liella!,5yncri5e!,4.0,1.0,<黄>,<黄> 2,,,(なし),https://wikiwiki.jp/llocardgame/PL%21SP-bp2-017%20%E6%A1%9C%E5%B0%8F%E8%B7%AF%E3%81%8D%E3%81%AA%E5%AD%90,MEMBER,{},0,[],{},0,[],"{""yellow"": 1}",1,[],(なし),NO_ABILITY,1,"{""hearts"": {}, ""blade_mentions"": [], ""blade_icon_n"": 0, ""energy_icon_n"": 0, ""all_heart_n"": 0, ""score_delta_icon"": 0, ""unknown_tags"": [], ""tags"": []}",0,0,0,0,0,"{""draw"": 0, ""score"": 0, ""colorless"": 0}",0,0,0,,
PL!SP-bp2-018,米女メイ,PL!SP-bp2-018 米女メイ - ラブライブ！シリーズ オフィシャルカードゲーム(ラブカ) 非公式 Wiki*,メンバー,ラブライブ！スーパースター!!,Liella!,CatChu!,9.0,2.0,なし,<赤> 2 <黄> 1 <紫> 1,,,"<登場>
自分の控え室からカードを1枚までデッキの一番上に置く。",https://wikiwiki.jp/llocardgame/PL%21SP-bp2-018%20%E7%B1%B3%E5%A5%B3%E3%83%A1%E3%82%A4,MEMBER,{},0,[],{},0,[],{},0,[],"<登場>
自分の控え室からカードを1枚までデッキの一番上に置く。",HAS_TEXT,0,"{""hearts"": {}, ""blade_mentions"": [], ""blade_icon_n"": 0, ""energy_icon_n"": 0, ""all_heart_n"": 0, ""score_delta_icon"": 0, ""unknown_tags"": [], ""tags"": []}",0,0,0,0,0,"{""draw"": 0, ""score"": 0, ""colorless"": 0}",0,0,0,,
PL!SP-bp2-019,若菜四季,PL!SP-bp2-019 若菜四季 - ラブライブ！シリーズ オフィシャルカードゲーム(ラブカ) 非公式 Wiki*,メンバー,ラブライブ！スーパースター!!,Liella!,5yncri5e!,4.0,0.0,<黄>,<黄> 1 <紫> 1,,,"<ライブ開始時>
<(E)>
支払ってもよい：ライブ終了時まで、
<(ブレード)>
<(ブレード)>
を得る。",https://wikiwiki.jp/llocardgame/PL%21SP-bp2-019%20%E8%8B%A5%E8%8F%9C%E5%9B%9B%E5%AD%A3,MEMBER,{},0,[],{},0,[],"{""yellow"": 1}",1,[],"<ライブ開始時>
<(E)>
支払ってもよい：ライブ終了時まで、
<(ブレード)>
<(ブレード)>
を得る。",HAS_TEXT,0,"{""hearts"": {}, ""blade_mentions"": [], ""tags"": [], ""blade_icon_n"": 2, ""energy_icon_n"": 1, ""all_heart_n"": 0, ""score_delta_icon"": 0, ""unknown_tags"": []}",2,1,0,0,0,"{""draw"": 0, ""score"": 0, ""colorless"": 0}",0,0,0,,
PL!SP-bp2-020,鬼塚夏美,PL!SP-bp2-020 鬼塚夏美 - ラブライブ！シリーズ オフィシャルカードゲーム(ラブカ) 非公式 Wiki*,メンバー,ラブライブ！スーパースター!!,Liella!,5yncri5e!,4.0,1.0,なし,<黄> 1 <紫> 1,,,"<自動>
<ターン1回>
エールにより公開された自分のカードの中にブレードハートを持つカードがないとき、ライブ終了時まで、
<赤>
を得る。",https://wikiwiki.jp/llocardgame/PL%21SP-bp2-020%20%E9%AC%BC%E5%A1%9A%E5%A4%8F%E7%BE%8E,MEMBER,{},0,[],{},0,[],{},0,[],"<自動>
<ターン1回>
エールにより公開された自分のカードの中にブレードハートを持つカードがないとき、ライブ終了時まで、
<赤>
を得る。",HAS_TEXT,0,"{""hearts"": {}, ""blade_mentions"": [], ""blade_icon_n"": 0, ""energy_icon_n"": 0, ""all_heart_n"": 0, ""score_delta_icon"": 0, ""unknown_tags"": [], ""tags"": []}",0,0,0,0,0,"{""draw"": 0, ""score"": 0, ""colorless"": 0}",0,0,0,,
PL!SP-bp2-021,ウィーン・マルガレーテ,PL!SP-bp2-021 ウィーン・マルガレーテ - ラブライブ！シリーズ オフィシャルカードゲーム(ラブカ) 非公式 Wiki*,メンバー,ラブライブ！スーパースター!!,Liella!,KALEIDOSCORE,4.0,1.0,なし,<赤> 1 <紫> 1,,,"<自動>
<ターン1回>
エールにより公開された自分のカードの中にブレードハートを持つカードがないとき、ライブ終了時まで、
<黄>
を得る。",https://wikiwiki.jp/llocardgame/PL%21SP-bp2-021%20%E3%82%A6%E3%82%A3%E3%83%BC%E3%83%B3%E3%83%BB%E3%83%9E%E3%83%AB%E3%82%AC%E3%83%AC%E3%83%BC%E3%83%86,MEMBER,{},0,[],{},0,[],{},0,[],"<自動>
<ターン1回>
エールにより公開された自分のカードの中にブレードハートを持つカードがないとき、ライブ終了時まで、
<黄>
を得る。",HAS_TEXT,0,"{""hearts"": {}, ""blade_mentions"": [], ""blade_icon_n"": 0, ""energy_icon_n"": 0, ""all_heart_n"": 0, ""score_delta_icon"": 0, ""unknown_tags"": [], ""tags"": []}",0,0,0,0,0,"{""draw"": 0, ""score"": 0, ""colorless"": 0}",0,0,0,,
PL!SP-bp2-022,鬼塚冬毬,PL!SP-bp2-022 鬼塚冬毬 - ラブライブ！シリーズ オフィシャルカードゲーム(ラブカ) 非公式 Wiki*,メンバー,ラブライブ！スーパースター!!,Liella!,5yncri5e!,4.0,0.0,<赤>,<赤> 1 <黄> 1,,,"<ライブ開始時>
<(E)>
支払ってもよい：ライブ終了時まで、
<(ブレード)>
<(ブレード)>
を得る。",https://wikiwiki.jp/llocardgame/PL%21SP-bp2-022%20%E9%AC%BC%E5%A1%9A%E5%86%AC%E6%AF%AC,MEMBER,{},0,[],{},0,[],"{""red"": 1}",1,[],"<ライブ開始時>
<(E)>
支払ってもよい：ライブ終了時まで、
<(ブレード)>
<(ブレード)>
を得る。",HAS_TEXT,0,"{""hearts"": {}, ""blade_mentions"": [], ""tags"": [], ""blade_icon_n"": 2, ""energy_icon_n"": 1, ""all_heart_n"": 0, ""score_delta_icon"": 0, ""unknown_tags"": []}",2,1,0,0,0,"{""draw"": 0, ""score"": 0, ""colorless"": 0}",0,0,0,,
PL!SP-bp2-023,Go!! リスタート,PL!SP-bp2-023 Go!! リスタート - ラブライブ！シリーズ オフィシャルカードゲーム(ラブカ) 非公式 Wiki*,ライブ,ラブライブ！スーパースター!!,Liella!,,,,<スコア+1>,,<赤> 1 <黄> 1 <紫> 1 <任意> 1 (合計4),1.0,"<ライブ開始時>
自分の成功ライブカード置き場のカード枚数が相手より少ない場合、このカードのスコアを+1する。",https://wikiwiki.jp/llocardgame/PL%21SP-bp2-023%20Go%21%21%20%E3%83%AA%E3%82%B9%E3%82%BF%E3%83%BC%E3%83%88,LIVE,{},0,[],{},4,[],{},0,[],"<ライブ開始時>
自分の成功ライブカード置き場のカード枚数が相手より少ない場合、このカードのスコアを+1する。",HAS_TEXT,0,"{""hearts"": {}, ""blade_mentions"": [], ""blade_icon_n"": 0, ""energy_icon_n"": 0, ""all_heart_n"": 0, ""score_delta_icon"": 0, ""unknown_tags"": [], ""tags"": []}",0,0,0,0,0,"{""draw"": 0, ""score"": 1, ""colorless"": 0}",0,1,0,,
PL!SP-bp2-024,ビタミンSUMMER！,PL!SP-bp2-024 ビタミンSUMMER！ - ラブライブ！シリーズ オフィシャルカードゲーム(ラブカ) 非公式 Wiki*,ライブ,ラブライブ！スーパースター!!,Liella!,,,,<黄> <ドロー+1>,,<赤> 1 <黄> 4 <紫> 1 <任意> 6 (合計12),5.0,"<ライブ成功時>
自分の手札の枚数が相手より多い場合、このカードのスコアを+1する。",https://wikiwiki.jp/llocardgame/PL%21SP-bp2-024%20%E3%83%93%E3%82%BF%E3%83%9F%E3%83%B3SUMMER%EF%BC%81,LIVE,{},0,[],{},12,[],"{""yellow"": 1}",1,[],"<ライブ成功時>
自分の手札の枚数が相手より多い場合、このカードのスコアを+1する。",HAS_TEXT,0,"{""hearts"": {}, ""blade_mentions"": [], ""blade_icon_n"": 0, ""energy_icon_n"": 0, ""all_heart_n"": 0, ""score_delta_icon"": 0, ""unknown_tags"": [], ""tags"": []}",0,0,0,0,0,"{""draw"": 1, ""score"": 0, ""colorless"": 0}",1,0,0,,
PL!SP-bp2-025,Bubble Rise,PL!SP-bp2-025 Bubble Rise - ラブライブ！シリーズ オフィシャルカードゲーム(ラブカ) 非公式 Wiki*,ライブ,ラブライブ！スーパースター!!,Liella!,,,,<ALL>,,<赤> 2 <黄> 2 <紫> 2 <任意> 4 (合計10),4.0,"<ライブ成功時>
自分のステージに「澁谷かのん」、「ウィーン・マルガレーテ」、「鬼塚冬毬」のうち、名前の異なるメンバーが2枚以上いる場合、エールにより公開された自分のカードの中から、カードを1枚手札に加える。",https://wikiwiki.jp/llocardgame/PL%21SP-bp2-025%20Bubble%20Rise,LIVE,{},0,[],{},10,[],"{""all"": 1}",1,[],"<ライブ成功時>
自分のステージに「澁谷かのん」、「ウィーン・マルガレーテ」、「鬼塚冬毬」のうち、名前の異なるメンバーが2枚以上いる場合、エールにより公開された自分のカードの中から、カードを1枚手札に加える。",HAS_TEXT,0,"{""hearts"": {}, ""blade_mentions"": [], ""blade_icon_n"": 0, ""energy_icon_n"": 0, ""all_heart_n"": 0, ""score_delta_icon"": 0, ""unknown_tags"": [], ""tags"": []}",0,0,0,0,0,"{""draw"": 0, ""score"": 0, ""colorless"": 0}",0,0,0,,
PL!SP-bp2-026,笑顔のPromise,PL!SP-bp2-026 笑顔のPromise - ラブライブ！シリーズ オフィシャルカードゲーム(ラブカ) 非公式 Wiki*,ライブ,ラブライブ！スーパースター!!,Liella!,,,,<ALL>,,<黄> 6 <任意> 3 (合計9),4.0,(なし),https://wikiwiki.jp/llocardgame/PL%21SP-bp2-026%20%E7%AC%91%E9%A1%94%E3%81%AEPromise,LIVE,{},0,[],{},9,[],"{""all"": 1}",1,[],(なし),NO_ABILITY,1,"{""hearts"": {}, ""blade_mentions"": [], ""blade_icon_n"": 0, ""energy_icon_n"": 0, ""all_heart_n"": 0, ""score_delta_icon"": 0, ""unknown_tags"": [], ""tags"": []}",0,0,0,0,0,"{""draw"": 0, ""score"": 0, ""colorless"": 0}",0,0,0,,
PL!SP-bp2-027,UNIVERSE!!,PL!SP-bp2-027 UNIVERSE!! - ラブライブ！シリーズ オフィシャルカードゲーム(ラブカ) 非公式 Wiki*,ライブ,ラブライブ！スーパースター!!,Liella!,,,,<赤> <ドロー+1>,,<赤> 3 <黄> 3 <紫> 3 <任意> 7 (合計16),7.0,(なし),https://wikiwiki.jp/llocardgame/PL%21SP-bp2-027%20UNIVERSE%21%21,LIVE,{},0,[],{},16,[],"{""red"": 1}",1,[],(なし),NO_ABILITY,1,"{""hearts"": {}, ""blade_mentions"": [], ""blade_icon_n"": 0, ""energy_icon_n"": 0, ""all_heart_n"": 0, ""score_delta_icon"": 0, ""unknown_tags"": [], ""tags"": []}",0,0,0,0,0,"{""draw"": 1, ""score"": 0, ""colorless"": 0}",1,0,0,,
PL!SP-bp4-001,澁谷かのん,PL!SP-bp4-001 澁谷かのん - ラブライブ！シリーズ オフィシャルカードゲーム(ラブカ) 非公式 Wiki*,メンバー,ラブライブ！スーパースター!!,Liella!,CatChu!,4.0,2.0,<黄>,<黄> 1,,,"<登場>
自分のステージいるメンバーが『Liella!』のみで、かつ自分のエネルギーが7枚以上ある場合、自分のエネルギーデッキから、エネルギーカードを1枚ウェイト状態で置く。",https://wikiwiki.jp/llocardgame/PL%21SP-bp4-001%20%E6%BE%81%E8%B0%B7%E3%81%8B%E3%81%AE%E3%82%93,MEMBER,{},0,[],{},0,[],"{""yellow"": 1}",1,[],"<登場>
自分のステージいるメンバーが『Liella!』のみで、かつ自分のエネルギーが7枚以上ある場合、自分のエネルギーデッキから、エネルギーカードを1枚ウェイト状態で置く。",HAS_TEXT,0,"{""hearts"": {}, ""blade_mentions"": [], ""blade_icon_n"": 0, ""energy_icon_n"": 0, ""all_heart_n"": 0, ""score_delta_icon"": 0, ""unknown_tags"": [], ""tags"": []}",0,0,0,0,0,"{""draw"": 0, ""score"": 0, ""colorless"": 0}",0,0,0,,
PL!SP-bp4-002,唐可可,PL!SP-bp4-002 唐可可 - ラブライブ！シリーズ オフィシャルカードゲーム(ラブカ) 非公式 Wiki*,メンバー,ラブライブ！スーパースター!!,Liella!,KALEIDOSCORE,2.0,1.0,<紫>,<紫> 1,,,"<登場>
このメンバーをウェイトにしてもよい：自分のデッキの上からカードを4枚見る。その中から必要ハートの合計が8以上の『
Liella!
』のライブカードを1枚公開して手札に加えてもよい。残りを控え室に置く。",https://wikiwiki.jp/llocardgame/PL%21SP-bp4-002%20%E5%94%90%E5%8F%AF%E5%8F%AF,MEMBER,{},0,[],{},0,[],"{""purple"": 1}",1,[],"<登場>
このメンバーをウェイトにしてもよい：自分のデッキの上からカードを4枚見る。その中から必要ハートの合計が8以上の『
Liella!
』のライブカードを1枚公開して手札に加えてもよい。残りを控え室に置く。",HAS_TEXT,0,"{""hearts"": {}, ""blade_mentions"": [], ""blade_icon_n"": 0, ""energy_icon_n"": 0, ""all_heart_n"": 0, ""score_delta_icon"": 0, ""unknown_tags"": [], ""tags"": []}",0,0,0,0,0,"{""draw"": 0, ""score"": 0, ""colorless"": 0}",0,0,0,,
PL!SP-bp4-003,嵐千砂都,PL!SP-bp4-003 嵐千砂都 - ラブライブ！シリーズ オフィシャルカードゲーム(ラブカ) 非公式 Wiki*,メンバー,ラブライブ！スーパースター!!,Liella!,5yncri5e!,7.0,0.0,なし,<赤> 1 <黄> 1 <紫> 1,,,"<登場>
<左サイド>
<右サイド>
カードを2枚引き、手札を2枚控え室に置く。
（この能力は左サイドエリアか右サイドエリアに登場した場合のみ発動する。）
<常時>
<センター>
<(ブレード)>
<(ブレード)>
を得る。",https://wikiwiki.jp/llocardgame/PL%21SP-bp4-003%20%E5%B5%90%E5%8D%83%E7%A0%82%E9%83%BD,MEMBER,{},0,[],{},0,[],{},0,[],"<登場>
<左サイド>
<右サイド>
カードを2枚引き、手札を2枚控え室に置く。
（この能力は左サイドエリアか右サイドエリアに登場した場合のみ発動する。）
<常時>
<センター>
<(ブレード)>
<(ブレード)>
を得る。",HAS_TEXT,0,"{""hearts"": {}, ""blade_mentions"": [], ""tags"": [], ""blade_icon_n"": 2, ""energy_icon_n"": 0, ""all_heart_n"": 0, ""score_delta_icon"": 0, ""unknown_tags"": []}",2,0,0,0,0,"{""draw"": 0, ""score"": 0, ""colorless"": 0}",0,0,0,,
PL!SP-bp4-004,平安名すみれ,PL!SP-bp4-004 平安名すみれ - ラブライブ！シリーズ オフィシャルカードゲーム(ラブカ) 非公式 Wiki*,メンバー,ラブライブ！スーパースター!!,Liella!,CatChu!,22.0,6.0,なし,<赤> 3 <黄> 3 <紫> 2,,,"<常時>
このカードのプレイに際し、2人のメンバーとバトンタッチしてもよい。
<登場>
<センター>
『Liella!』のメンバー2人からバトンタッチして登場している場合、カードを2枚引き、自分の控え室にあるコスト4以下の『Liella!』のメンバーカード1枚を自分のステージのメンバーのいないエリアに登場させる。",https://wikiwiki.jp/llocardgame/PL%21SP-bp4-004%20%E5%B9%B3%E5%AE%89%E5%90%8D%E3%81%99%E3%81%BF%E3%82%8C,MEMBER,{},0,[],{},0,[],{},0,[],"<常時>
このカードのプレイに際し、2人のメンバーとバトンタッチしてもよい。
<登場>
<センター>
『Liella!』のメンバー2人からバトンタッチして登場している場合、カードを2枚引き、自分の控え室にあるコスト4以下の『Liella!』のメンバーカード1枚を自分のステージのメンバーのいないエリアに登場させる。",HAS_TEXT,0,"{""hearts"": {}, ""blade_mentions"": [], ""blade_icon_n"": 0, ""energy_icon_n"": 0, ""all_heart_n"": 0, ""score_delta_icon"": 0, ""unknown_tags"": [], ""tags"": []}",0,0,0,0,0,"{""draw"": 0, ""score"": 0, ""colorless"": 0}",0,0,0,,
PL!SP-bp4-005,葉月恋,PL!SP-bp4-005 葉月恋 - ラブライブ！シリーズ オフィシャルカードゲーム(ラブカ) 非公式 Wiki*,メンバー,ラブライブ！スーパースター!!,Liella!,KALEIDOSCORE,15.0,4.0,<紫>,<赤> 1 <黄> 2 <紫> 3,,,"<登場>
『Liella!』のメンバーからバトンタッチして登場しており、かつ自分のエネルギーが7枚以上ある場合、自分のエネルギーデッキから、エネルギーカードを2枚ウェイト状態で置く。
<常時>
自分のエネルギーが10枚以上あるかぎり、
<(ブレード)>
<(ブレード)>
<(ブレード)>
を得る。",https://wikiwiki.jp/llocardgame/PL%21SP-bp4-005%20%E8%91%89%E6%9C%88%E6%81%8B,MEMBER,{},0,[],{},0,[],"{""purple"": 1}",1,[],"<登場>
『Liella!』のメンバーからバトンタッチして登場しており、かつ自分のエネルギーが7枚以上ある場合、自分のエネルギーデッキから、エネルギーカードを2枚ウェイト状態で置く。
<常時>
自分のエネルギーが10枚以上あるかぎり、
<(ブレード)>
<(ブレード)>
<(ブレード)>
を得る。",HAS_TEXT,0,"{""hearts"": {}, ""blade_mentions"": [], ""tags"": [], ""blade_icon_n"": 3, ""energy_icon_n"": 0, ""all_heart_n"": 0, ""score_delta_icon"": 0, ""unknown_tags"": []}",3,0,0,0,0,"{""draw"": 0, ""score"": 0, ""colorless"": 0}",0,0,0,,
PL!SP-bp4-006,桜小路きな子,PL!SP-bp4-006 桜小路きな子 - ラブライブ！シリーズ オフィシャルカードゲーム(ラブカ) 非公式 Wiki*,メンバー,ラブライブ！スーパースター!!,Liella!,5yncri5e!,13.0,6.0,<黄>,<赤> 1 <黄> 2 <紫> 1,,,"<ライブ成功時>
エールにより公開された自分のカードの中に、名前が異なる『Liella!』のメンバーカードが3枚以上ある場合、エールにより公開された自分のカードの中から『Liella!』のライブカードを1枚手札に加える。",https://wikiwiki.jp/llocardgame/PL%21SP-bp4-006%20%E6%A1%9C%E5%B0%8F%E8%B7%AF%E3%81%8D%E3%81%AA%E5%AD%90,MEMBER,{},0,[],{},0,[],"{""yellow"": 1}",1,[],"<ライブ成功時>
エールにより公開された自分のカードの中に、名前が異なる『Liella!』のメンバーカードが3枚以上ある場合、エールにより公開された自分のカードの中から『Liella!』のライブカードを1枚手札に加える。",HAS_TEXT,0,"{""hearts"": {}, ""blade_mentions"": [], ""blade_icon_n"": 0, ""energy_icon_n"": 0, ""all_heart_n"": 0, ""score_delta_icon"": 0, ""unknown_tags"": [], ""tags"": []}",0,0,0,0,0,"{""draw"": 0, ""score"": 0, ""colorless"": 0}",0,0,0,,
PL!SP-bp4-007,米女メイ,PL!SP-bp4-007 米女メイ - ラブライブ！シリーズ オフィシャルカードゲーム(ラブカ) 非公式 Wiki*,メンバー,ラブライブ！スーパースター!!,Liella!,CatChu!,11.0,1.0,<赤>,<赤> 3 <黄> 2 <紫> 1,,,"<自動>
<ターン1回>
このメンバーがエリアを移動したとき、自分の控え室から、スコア3以下の『Liella!』のライブカードを1枚手札に加える。",https://wikiwiki.jp/llocardgame/PL%21SP-bp4-007%20%E7%B1%B3%E5%A5%B3%E3%83%A1%E3%82%A4,MEMBER,{},0,[],{},0,[],"{""red"": 1}",1,[],"<自動>
<ターン1回>
このメンバーがエリアを移動したとき、自分の控え室から、スコア3以下の『Liella!』のライブカードを1枚手札に加える。",HAS_TEXT,0,"{""hearts"": {}, ""blade_mentions"": [], ""blade_icon_n"": 0, ""energy_icon_n"": 0, ""all_heart_n"": 0, ""score_delta_icon"": 0, ""unknown_tags"": [], ""tags"": []}",0,0,0,0,0,"{""draw"": 0, ""score"": 0, ""colorless"": 0}",0,0,0,,
PL!SP-bp4-008,若菜四季,PL!SP-bp4-008 若菜四季 - ラブライブ！シリーズ オフィシャルカードゲーム(ラブカ) 非公式 Wiki*,メンバー,ラブライブ！スーパースター!!,Liella!,5yncri5e!,13.0,0.0,<黄>,<赤> 2 <黄> 2 <紫> 2,,,"<登場>
<左サイド>
カードを2枚引き、手札を1枚控え室に置く。
<登場>
<右サイド>
エネルギーを2枚アクティブにする。
<ライブ開始時>
このメンバーをポジションチェンジしてもよい。
（このメンバーを今いるエリア以外のエリアに移動させる。そのエリアにメンバーがいる場合、そのメンバーはこのメンバーがいたエリアに移動させる。）",https://wikiwiki.jp/llocardgame/PL%21SP-bp4-008%20%E8%8B%A5%E8%8F%9C%E5%9B%9B%E5%AD%A3,MEMBER,{},0,[],{},0,[],"{""yellow"": 1}",1,[],"<登場>
<左サイド>
カードを2枚引き、手札を1枚控え室に置く。
<登場>
<右サイド>
エネルギーを2枚アクティブにする。
<ライブ開始時>
このメンバーをポジションチェンジしてもよい。
（このメンバーを今いるエリア以外のエリアに移動させる。そのエリアにメンバーがいる場合、そのメンバーはこのメンバーがいたエリアに移動させる。）",HAS_TEXT,0,"{""hearts"": {}, ""blade_mentions"": [], ""blade_icon_n"": 0, ""energy_icon_n"": 0, ""all_heart_n"": 0, ""score_delta_icon"": 0, ""unknown_tags"": [], ""tags"": []}",0,0,0,0,0,"{""draw"": 0, ""score"": 0, ""colorless"": 0}",0,0,0,,
PL!SP-bp4-009,鬼塚夏美,PL!SP-bp4-009 鬼塚夏美 - ラブライブ！シリーズ オフィシャルカードゲーム(ラブカ) 非公式 Wiki*,メンバー,ラブライブ！スーパースター!!,Liella!,5yncri5e!,9.0,3.0,なし,<赤> 1 <黄> 1 <紫> 1,,,"<常時>
自分のステージにいるメンバーのコストが相手より低いかぎり、
<(ブレード)>
<(ブレード)>
<(ブレード)>
を得る。",https://wikiwiki.jp/llocardgame/PL%21SP-bp4-009%20%E9%AC%BC%E5%A1%9A%E5%A4%8F%E7%BE%8E,MEMBER,{},0,[],{},0,[],{},0,[],"<常時>
自分のステージにいるメンバーのコストが相手より低いかぎり、
<(ブレード)>
<(ブレード)>
<(ブレード)>
を得る。",HAS_TEXT,0,"{""hearts"": {}, ""blade_mentions"": [], ""tags"": [], ""blade_icon_n"": 3, ""energy_icon_n"": 0, ""all_heart_n"": 0, ""score_delta_icon"": 0, ""unknown_tags"": []}",3,0,0,0,0,"{""draw"": 0, ""score"": 0, ""colorless"": 0}",0,0,0,,
PL!SP-bp4-010,ウィーン・マルガレーテ,PL!SP-bp4-010 ウィーン・マルガレーテ - ラブライブ！シリーズ オフィシャルカードゲーム(ラブカ) 非公式 Wiki*,メンバー,ラブライブ！スーパースター!!,Liella!,KALEIDOSCORE,9.0,3.0,なし,<黄> 2 <紫> 1,,,"<起動>
<ターン1回>
<(E)>
このメンバーをウェイトにする：自分のエネルギーデッキから、エネルギーカードを1枚ウェイト状態で置く。",https://wikiwiki.jp/llocardgame/PL%21SP-bp4-010%20%E3%82%A6%E3%82%A3%E3%83%BC%E3%83%B3%E3%83%BB%E3%83%9E%E3%83%AB%E3%82%AC%E3%83%AC%E3%83%BC%E3%83%86,MEMBER,{},0,[],{},0,[],{},0,[],"<起動>
<ターン1回>
<(E)>
このメンバーをウェイトにする：自分のエネルギーデッキから、エネルギーカードを1枚ウェイト状態で置く。",HAS_TEXT,0,"{""hearts"": {}, ""blade_mentions"": [], ""tags"": [], ""blade_icon_n"": 0, ""energy_icon_n"": 1, ""all_heart_n"": 0, ""score_delta_icon"": 0, ""unknown_tags"": []}",0,1,0,0,0,"{""draw"": 0, ""score"": 0, ""colorless"": 0}",0,0,0,,
PL!SP-bp4-011,鬼塚冬毬,PL!SP-bp4-011 鬼塚冬毬 - ラブライブ！シリーズ オフィシャルカードゲーム(ラブカ) 非公式 Wiki*,メンバー,ラブライブ！スーパースター!!,Liella!,5yncri5e!,7.0,0.0,なし,<赤> 1 <黄> 1 <紫> 1,,,"<自動>
このメンバーが登場か、エリアを移動したとき、相手のステージにいる元々持つ
<(ブレード)>
が3つ以下のメンバー1人をウェイトにする。",https://wikiwiki.jp/llocardgame/PL%21SP-bp4-011%20%E9%AC%BC%E5%A1%9A%E5%86%AC%E6%AF%AC,MEMBER,{},0,[],{},0,[],{},0,[],"<自動>
このメンバーが登場か、エリアを移動したとき、相手のステージにいる元々持つ
<(ブレード)>
が3つ以下のメンバー1人をウェイトにする。",HAS_TEXT,0,"{""hearts"": {}, ""blade_mentions"": [], ""tags"": [], ""blade_icon_n"": 1, ""energy_icon_n"": 0, ""all_heart_n"": 0, ""score_delta_icon"": 0, ""unknown_tags"": []}",1,0,0,0,0,"{""draw"": 0, ""score"": 0, ""colorless"": 0}",0,0,0,,
PL!SP-bp4-012,澁谷かのん,PL!SP-bp4-012 澁谷かのん - ラブライブ！シリーズ オフィシャルカードゲーム(ラブカ) 非公式 Wiki*,メンバー,ラブライブ！スーパースター!!,Liella!,CatChu!,4.0,0.0,<赤>,<赤> 2,,,"<ライブ開始時>
<(E)>
支払ってもよい：ライブ終了時まで、
<赤>
を得る。",https://wikiwiki.jp/llocardgame/PL%21SP-bp4-012%20%E6%BE%81%E8%B0%B7%E3%81%8B%E3%81%AE%E3%82%93,MEMBER,{},0,[],{},0,[],"{""red"": 1}",1,[],"<ライブ開始時>
<(E)>
支払ってもよい：ライブ終了時まで、
<赤>
を得る。",HAS_TEXT,0,"{""hearts"": {}, ""blade_mentions"": [], ""tags"": [], ""blade_icon_n"": 0, ""energy_icon_n"": 1, ""all_heart_n"": 0, ""score_delta_icon"": 0, ""unknown_tags"": []}",0,1,0,0,0,"{""draw"": 0, ""score"": 0, ""colorless"": 0}",0,0,0,,
PL!SP-bp4-013,唐可可,PL!SP-bp4-013 唐可可 - ラブライブ！シリーズ オフィシャルカードゲーム(ラブカ) 非公式 Wiki*,メンバー,ラブライブ！スーパースター!!,Liella!,KALEIDOSCORE,2.0,1.0,<赤>,<赤> 1,,,"<登場>
このメンバーをポジションチェンジしてもよい。
（このメンバーを今いるエリア以外のエリアに移動させる。そのエリアにメンバーがいる場合、そのメンバーはこのメンバーがいたエリアに移動させる。）",https://wikiwiki.jp/llocardgame/PL%21SP-bp4-013%20%E5%94%90%E5%8F%AF%E5%8F%AF,MEMBER,{},0,[],{},0,[],"{""red"": 1}",1,[],"<登場>
このメンバーをポジションチェンジしてもよい。
（このメンバーを今いるエリア以外のエリアに移動させる。そのエリアにメンバーがいる場合、そのメンバーはこのメンバーがいたエリアに移動させる。）",HAS_TEXT,0,"{""hearts"": {}, ""blade_mentions"": [], ""blade_icon_n"": 0, ""energy_icon_n"": 0, ""all_heart_n"": 0, ""score_delta_icon"": 0, ""unknown_tags"": [], ""tags"": []}",0,0,0,0,0,"{""draw"": 0, ""score"": 0, ""colorless"": 0}",0,0,0,,
PL!SP-bp4-014,嵐千砂都,PL!SP-bp4-014 嵐千砂都 - ラブライブ！シリーズ オフィシャルカードゲーム(ラブカ) 非公式 Wiki*,メンバー,ラブライブ！スーパースター!!,Liella!,5yncri5e!,9.0,3.0,なし,<赤> 2 <黄> 2,,,(なし),https://wikiwiki.jp/llocardgame/PL%21SP-bp4-014%20%E5%B5%90%E5%8D%83%E7%A0%82%E9%83%BD,MEMBER,{},0,[],{},0,[],{},0,[],(なし),NO_ABILITY,1,"{""hearts"": {}, ""blade_mentions"": [], ""blade_icon_n"": 0, ""energy_icon_n"": 0, ""all_heart_n"": 0, ""score_delta_icon"": 0, ""unknown_tags"": [], ""tags"": []}",0,0,0,0,0,"{""draw"": 0, ""score"": 0, ""colorless"": 0}",0,0,0,,
PL!SP-bp4-015,平安名すみれ,PL!SP-bp4-015 平安名すみれ - ラブライブ！シリーズ オフィシャルカードゲーム(ラブカ) 非公式 Wiki*,メンバー,ラブライブ！スーパースター!!,Liella!,CatChu!,2.0,1.0,<赤>,<赤> 1,,,"<起動>
このメンバーをステージから控え室に置く：自分の控え室からメンバーカードを1枚手札に加える。",https://wikiwiki.jp/llocardgame/PL%21SP-bp4-015%20%E5%B9%B3%E5%AE%89%E5%90%8D%E3%81%99%E3%81%BF%E3%82%8C,MEMBER,{},0,[],{},0,[],"{""red"": 1}",1,[],"<起動>
このメンバーをステージから控え室に置く：自分の控え室からメンバーカードを1枚手札に加える。",HAS_TEXT,0,"{""hearts"": {}, ""blade_mentions"": [], ""blade_icon_n"": 0, ""energy_icon_n"": 0, ""all_heart_n"": 0, ""score_delta_icon"": 0, ""unknown_tags"": [], ""tags"": []}",0,0,0,0,0,"{""draw"": 0, ""score"": 0, ""colorless"": 0}",0,0,0,,
PL!SP-bp4-016,葉月恋,PL!SP-bp4-016 葉月恋 - ラブライブ！シリーズ オフィシャルカードゲーム(ラブカ) 非公式 Wiki*,メンバー,ラブライブ！スーパースター!!,Liella!,KALEIDOSCORE,9.0,3.0,なし,<赤> 1 <黄> 1 <紫> 1,,,"<自動>
カードの効果で自分のエネルギー置き場にエネルギーカードが置かれるたび、ライブ終了時まで、
<紫>
を得る。
（相手のカードの効果でも発動する。）",https://wikiwiki.jp/llocardgame/PL%21SP-bp4-016%20%E8%91%89%E6%9C%88%E6%81%8B,MEMBER,{},0,[],{},0,[],{},0,[],"<自動>
カードの効果で自分のエネルギー置き場にエネルギーカードが置かれるたび、ライブ終了時まで、
<紫>
を得る。
（相手のカードの効果でも発動する。）",HAS_TEXT,0,"{""hearts"": {}, ""blade_mentions"": [], ""blade_icon_n"": 0, ""energy_icon_n"": 0, ""all_heart_n"": 0, ""score_delta_icon"": 0, ""unknown_tags"": [], ""tags"": []}",0,0,0,0,0,"{""draw"": 0, ""score"": 0, ""colorless"": 0}",0,0,0,,
PL!SP-bp4-017,桜小路きな子,PL!SP-bp4-017 桜小路きな子 - ラブライブ！シリーズ オフィシャルカードゲーム(ラブカ) 非公式 Wiki*,メンバー,ラブライブ！スーパースター!!,Liella!,5yncri5e!,4.0,3.0,なし,<黄> 1,,,"<ライブ開始時>
<左サイド>
このターン、このメンバーがエリアを移動している場合、ライブ終了時まで、
<(ブレード)>
<(ブレード)>
を得る。
（この能力は左サイドエリアにいる場合のみ発動する。）",https://wikiwiki.jp/llocardgame/PL%21SP-bp4-017%20%E6%A1%9C%E5%B0%8F%E8%B7%AF%E3%81%8D%E3%81%AA%E5%AD%90,MEMBER,{},0,[],{},0,[],{},0,[],"<ライブ開始時>
<左サイド>
このターン、このメンバーがエリアを移動している場合、ライブ終了時まで、
<(ブレード)>
<(ブレード)>
を得る。
（この能力は左サイドエリアにいる場合のみ発動する。）",HAS_TEXT,0,"{""hearts"": {}, ""blade_mentions"": [], ""tags"": [], ""blade_icon_n"": 2, ""energy_icon_n"": 0, ""all_heart_n"": 0, ""score_delta_icon"": 0, ""unknown_tags"": []}",2,0,0,0,0,"{""draw"": 0, ""score"": 0, ""colorless"": 0}",0,0,0,,
PL!SP-bp4-018,米女メイ,PL!SP-bp4-018 米女メイ - ラブライブ！シリーズ オフィシャルカードゲーム(ラブカ) 非公式 Wiki*,メンバー,ラブライブ！スーパースター!!,Liella!,CatChu!,4.0,2.0,<赤>,<赤> 1,,,"<起動>
このメンバーをステージから控え室に置く：自分の控え室から『Liella!』のカードを1枚手札に加える。",https://wikiwiki.jp/llocardgame/PL%21SP-bp4-018%20%E7%B1%B3%E5%A5%B3%E3%83%A1%E3%82%A4,MEMBER,{},0,[],{},0,[],"{""red"": 1}",1,[],"<起動>
このメンバーをステージから控え室に置く：自分の控え室から『Liella!』のカードを1枚手札に加える。",HAS_TEXT,0,"{""hearts"": {}, ""blade_mentions"": [], ""blade_icon_n"": 0, ""energy_icon_n"": 0, ""all_heart_n"": 0, ""score_delta_icon"": 0, ""unknown_tags"": [], ""tags"": []}",0,0,0,0,0,"{""draw"": 0, ""score"": 0, ""colorless"": 0}",0,0,0,,
PL!SP-bp4-019,若菜四季,PL!SP-bp4-019 若菜四季 - ラブライブ！シリーズ オフィシャルカードゲーム(ラブカ) 非公式 Wiki*,メンバー,ラブライブ！スーパースター!!,Liella!,5yncri5e!,2.0,1.0,<黄>,<黄> 1,,,"<起動>
このメンバーをステージから控え室に置く：自分の控え室からメンバーカードを1枚手札に加える。",https://wikiwiki.jp/llocardgame/PL%21SP-bp4-019%20%E8%8B%A5%E8%8F%9C%E5%9B%9B%E5%AD%A3,MEMBER,{},0,[],{},0,[],"{""yellow"": 1}",1,[],"<起動>
このメンバーをステージから控え室に置く：自分の控え室からメンバーカードを1枚手札に加える。",HAS_TEXT,0,"{""hearts"": {}, ""blade_mentions"": [], ""blade_icon_n"": 0, ""energy_icon_n"": 0, ""all_heart_n"": 0, ""score_delta_icon"": 0, ""unknown_tags"": [], ""tags"": []}",0,0,0,0,0,"{""draw"": 0, ""score"": 0, ""colorless"": 0}",0,0,0,,
PL!SP-bp4-020,鬼塚夏美,PL!SP-bp4-020 鬼塚夏美 - ラブライブ！シリーズ オフィシャルカードゲーム(ラブカ) 非公式 Wiki*,メンバー,ラブライブ！スーパースター!!,Liella!,5yncri5e!,4.0,3.0,なし,<黄> 1,,,"<ライブ開始時>
<右サイド>
このターン、このメンバーがエリアを移動していた場合、ライブ終了時まで、
<(ブレード)>
<(ブレード)>
を得る。
（この能力は右サイドエリアにいる場合のみ発動する。）",https://wikiwiki.jp/llocardgame/PL%21SP-bp4-020%20%E9%AC%BC%E5%A1%9A%E5%A4%8F%E7%BE%8E,MEMBER,{},0,[],{},0,[],{},0,[],"<ライブ開始時>
<右サイド>
このターン、このメンバーがエリアを移動していた場合、ライブ終了時まで、
<(ブレード)>
<(ブレード)>
を得る。
（この能力は右サイドエリアにいる場合のみ発動する。）",HAS_TEXT,0,"{""hearts"": {}, ""blade_mentions"": [], ""tags"": [], ""blade_icon_n"": 2, ""energy_icon_n"": 0, ""all_heart_n"": 0, ""score_delta_icon"": 0, ""unknown_tags"": []}",2,0,0,0,0,"{""draw"": 0, ""score"": 0, ""colorless"": 0}",0,0,0,,
PL!SP-bp4-021,ウィーン・マルガレーテ,PL!SP-bp4-021 ウィーン・マルガレーテ - ラブライブ！シリーズ オフィシャルカードゲーム(ラブカ) 非公式 Wiki*,メンバー,ラブライブ！スーパースター!!,Liella!,KALEIDOSCORE,11.0,4.0,<紫>,<赤> 1 <黄> 1 <紫> 2,,,"<常時>
自分のエネルギーが相手より多いかぎり、
<紫>
を得る。",https://wikiwiki.jp/llocardgame/PL%21SP-bp4-021%20%E3%82%A6%E3%82%A3%E3%83%BC%E3%83%B3%E3%83%BB%E3%83%9E%E3%83%AB%E3%82%AC%E3%83%AC%E3%83%BC%E3%83%86,MEMBER,{},0,[],{},0,[],"{""purple"": 1}",1,[],"<常時>
自分のエネルギーが相手より多いかぎり、
<紫>
を得る。",HAS_TEXT,0,"{""hearts"": {}, ""blade_mentions"": [], ""blade_icon_n"": 0, ""energy_icon_n"": 0, ""all_heart_n"": 0, ""score_delta_icon"": 0, ""unknown_tags"": [], ""tags"": []}",0,0,0,0,0,"{""draw"": 0, ""score"": 0, ""colorless"": 0}",0,0,0,,
PL!SP-bp4-022,鬼塚冬毬,PL!SP-bp4-022 鬼塚冬毬 - ラブライブ！シリーズ オフィシャルカードゲーム(ラブカ) 非公式 Wiki*,メンバー,ラブライブ！スーパースター!!,Liella!,5yncri5e!,10.0,1.0,なし,<赤> 2 <黄> 2 <紫> 1,,,"<ライブ開始時>
<(E)>
を2つまで支払ってよい：ライブ終了時まで、支払った
<(E)>
につき、
<(ブレード)>
を得る。",https://wikiwiki.jp/llocardgame/PL%21SP-bp4-022%20%E9%AC%BC%E5%A1%9A%E5%86%AC%E6%AF%AC,MEMBER,{},0,[],{},0,[],{},0,[],"<ライブ開始時>
<(E)>
を2つまで支払ってよい：ライブ終了時まで、支払った
<(E)>
につき、
<(ブレード)>
を得る。",HAS_TEXT,0,"{""hearts"": {}, ""blade_mentions"": [], ""tags"": [], ""blade_icon_n"": 1, ""energy_icon_n"": 2, ""all_heart_n"": 0, ""score_delta_icon"": 0, ""unknown_tags"": []}",1,2,0,0,0,"{""draw"": 0, ""score"": 0, ""colorless"": 0}",0,0,0,,
PL!SP-bp4-023,Dazzling Game,PL!SP-bp4-023 Dazzling Game - ラブライブ！シリーズ オフィシャルカードゲーム(ラブカ) 非公式 Wiki*,ライブ,ラブライブ！スーパースター!!,Liella!,,,,<スコア+1>,,<紫> 11 <任意> 8 (合計19),8.0,"<ライブ開始時>
ライブ終了時まで、自分のステージにいる、「澁谷かのん」「ウィーン・マルガレーテ」「鬼塚冬毬」のうちのメンバー1人と、これにより選んだメンバー以外の『Liella!』のメンバー1人は、
<(ブレード)>
を得る。
<ライブ開始時>
ライブ終了時まで、エールによって公開される自分のカードが持つ
<桃>
、
<赤>
、
<黄>
、
<緑>
、
<青>
、
<ALL>
は、すべて
<紫>
になる。",https://wikiwiki.jp/llocardgame/PL%21SP-bp4-023%20Dazzling%20Game,LIVE,{},0,[],{},19,[],{},0,[],"<ライブ開始時>
ライブ終了時まで、自分のステージにいる、「澁谷かのん」「ウィーン・マルガレーテ」「鬼塚冬毬」のうちのメンバー1人と、これにより選んだメンバー以外の『Liella!』のメンバー1人は、
<(ブレード)>
を得る。
<ライブ開始時>
ライブ終了時まで、エールによって公開される自分のカードが持つ
<桃>
、
<赤>
、
<黄>
、
<緑>
、
<青>
、
<ALL>
は、すべて
<紫>
になる。",HAS_TEXT,0,"{""hearts"": {}, ""blade_mentions"": [], ""tags"": [], ""blade_icon_n"": 1, ""energy_icon_n"": 0, ""all_heart_n"": 0, ""score_delta_icon"": 0, ""unknown_tags"": []}",1,0,0,0,0,"{""draw"": 0, ""score"": 1, ""colorless"": 0}",0,1,0,,
PL!SP-bp4-024,ノンフィクション!!,PL!SP-bp4-024 ノンフィクション!! - ラブライブ！シリーズ オフィシャルカードゲーム(ラブカ) 非公式 Wiki*,ライブ,ラブライブ！スーパースター!!,Liella!,,,,<黄> <ドロー+1>,,<赤> 3 <黄> 5 <任意> 7 (合計15),6.0,"<ライブ開始時>
自分のセンターエリアにいる『Liella!』メンバーのコストが、相手のセンターエリアにいるメンバーより高い場合、このカードのスコアを+1する。
<ライブ開始時>
自分のステージの左サイドエリアにいる『Liella!』のメンバーが
<赤>
を3つ以上持つ場合、そのメンバーは、ライブ終了時まで
<(ブレード)>
<(ブレード)>
を得る。",https://wikiwiki.jp/llocardgame/PL%21SP-bp4-024%20%E3%83%8E%E3%83%B3%E3%83%95%E3%82%A3%E3%82%AF%E3%82%B7%E3%83%A7%E3%83%B3%21%21,LIVE,{},0,[],{},15,[],"{""yellow"": 1}",1,[],"<ライブ開始時>
自分のセンターエリアにいる『Liella!』メンバーのコストが、相手のセンターエリアにいるメンバーより高い場合、このカードのスコアを+1する。
<ライブ開始時>
自分のステージの左サイドエリアにいる『Liella!』のメンバーが
<赤>
を3つ以上持つ場合、そのメンバーは、ライブ終了時まで
<(ブレード)>
<(ブレード)>
を得る。",HAS_TEXT,0,"{""hearts"": {}, ""blade_mentions"": [], ""tags"": [], ""blade_icon_n"": 2, ""energy_icon_n"": 0, ""all_heart_n"": 0, ""score_delta_icon"": 0, ""unknown_tags"": []}",2,0,0,0,0,"{""draw"": 1, ""score"": 0, ""colorless"": 0}",1,0,0,,
PL!SP-bp4-025,Special Color,PL!SP-bp4-025 Special Color - ラブライブ！シリーズ オフィシャルカードゲーム(ラブカ) 非公式 Wiki*,ライブ,ラブライブ！スーパースター!!,Liella!,,,,<ALL>,,<任意> 7 (合計7),2.0,"<ライブ開始時>
ライブ終了時まで、自分のステージのセンターエリアにいる『Liella!』のメンバーが元々持つ
<(ブレード)>
の数は3つになる。
<ライブ成功時>
自分のステージのセンターエリアにいる『Liella!』メンバーがこのターン中に移動している場合、このカードのスコアを+1する。",https://wikiwiki.jp/llocardgame/PL%21SP-bp4-025%20Special%20Color,LIVE,{},0,[],{},7,[],"{""all"": 1}",1,[],"<ライブ開始時>
ライブ終了時まで、自分のステージのセンターエリアにいる『Liella!』のメンバーが元々持つ
<(ブレード)>
の数は3つになる。
<ライブ成功時>
自分のステージのセンターエリアにいる『Liella!』メンバーがこのターン中に移動している場合、このカードのスコアを+1する。",HAS_TEXT,0,"{""hearts"": {}, ""blade_mentions"": [], ""tags"": [], ""blade_icon_n"": 1, ""energy_icon_n"": 0, ""all_heart_n"": 0, ""score_delta_icon"": 0, ""unknown_tags"": []}",1,0,0,0,0,"{""draw"": 0, ""score"": 0, ""colorless"": 0}",0,0,0,,
PL!SP-bp4-026,Wish Song,PL!SP-bp4-026 Wish Song - ラブライブ！シリーズ オフィシャルカードゲーム(ラブカ) 非公式 Wiki*,ライブ,ラブライブ！スーパースター!!,Liella!,,,,<ALL>,,<赤> 1 <黄> 1 <紫> 3 <任意> 6 (合計11),4.0,"<ライブ成功時>
エールにより公開された自分のカードの中に名前が異なる『Liella!』のメンバーカードが5枚以上ある場合、このカードのスコアを+1する。
<ライブ成功時>
自分のエネルギーが11枚以上ある場合、カードを2枚引き、手札を1枚控え室に置く。",https://wikiwiki.jp/llocardgame/PL%21SP-bp4-026%20Wish%20Song,LIVE,{},0,[],{},11,[],"{""all"": 1}",1,[],"<ライブ成功時>
エールにより公開された自分のカードの中に名前が異なる『Liella!』のメンバーカードが5枚以上ある場合、このカードのスコアを+1する。
<ライブ成功時>
自分のエネルギーが11枚以上ある場合、カードを2枚引き、手札を1枚控え室に置く。",HAS_TEXT,0,"{""hearts"": {}, ""blade_mentions"": [], ""blade_icon_n"": 0, ""energy_icon_n"": 0, ""all_heart_n"": 0, ""score_delta_icon"": 0, ""unknown_tags"": [], ""tags"": []}",0,0,0,0,0,"{""draw"": 0, ""score"": 0, ""colorless"": 0}",0,0,0,,
PL!SP-bp4-027,"Chance Day, Chance Way!","PL!SP-bp4-027 Chance Day, Chance Way! - ラブライブ！シリーズ オフィシャルカードゲーム(ラブカ) 非公式 Wiki*",ライブ,ラブライブ！スーパースター!!,Liella!,,,,<ALL>,,<赤> 1 <任意> 2 (合計3),1.0,"<ライブ成功時>
自分のステージにいるメンバーが『Liella!』のみの場合、自分のステージにいるメンバーをフォーメーションチェンジしてよい。
（メンバーをそれぞれ好きなエリアに移動させる。この効果で1つのエリアに2人以上のメンバーを移動させることはできない。）",https://wikiwiki.jp/llocardgame/PL%21SP-bp4-027%20Chance%20Day%2C%20Chance%20Way%21,LIVE,{},0,[],{},3,[],"{""all"": 1}",1,[],"<ライブ成功時>
自分のステージにいるメンバーが『Liella!』のみの場合、自分のステージにいるメンバーをフォーメーションチェンジしてよい。
（メンバーをそれぞれ好きなエリアに移動させる。この効果で1つのエリアに2人以上のメンバーを移動させることはできない。）",HAS_TEXT,0,"{""hearts"": {}, ""blade_mentions"": [], ""blade_icon_n"": 0, ""energy_icon_n"": 0, ""all_heart_n"": 0, ""score_delta_icon"": 0, ""unknown_tags"": [], ""tags"": []}",0,0,0,0,0,"{""draw"": 0, ""score"": 0, ""colorless"": 0}",0,0,0,,
PL!SP-bp4-028,DAISUKI FULL POWER,PL!SP-bp4-028 DAISUKI FULL POWER - ラブライブ！シリーズ オフィシャルカードゲーム(ラブカ) 非公式 Wiki*,ライブ,ラブライブ！スーパースター!!,Liella!,,,,<赤> <ドロー+1>,,<赤> 3 <黄> 3 <任意> 7 (合計13),5.0,"<ライブ開始時>
アクティブ状態の自分のエネルギーがある場合、このカードのスコアを+1する。",https://wikiwiki.jp/llocardgame/PL%21SP-bp4-028%20DAISUKI%20FULL%20POWER,LIVE,{},0,[],{},13,[],"{""red"": 1}",1,[],"<ライブ開始時>
アクティブ状態の自分のエネルギーがある場合、このカードのスコアを+1する。",HAS_TEXT,0,"{""hearts"": {}, ""blade_mentions"": [], ""blade_icon_n"": 0, ""energy_icon_n"": 0, ""all_heart_n"": 0, ""score_delta_icon"": 0, ""unknown_tags"": [], ""tags"": []}",0,0,0,0,0,"{""draw"": 1, ""score"": 0, ""colorless"": 0}",1,0,0,,
PL!SP-bp4-029,追いかける夢の先で,PL!SP-bp4-029 追いかける夢の先で - ラブライブ！シリーズ オフィシャルカードゲーム(ラブカ) 非公式 Wiki*,ライブ,ラブライブ！スーパースター!!,Liella!,,,,<紫> <ドロー+1>,,<黄> 3 <紫> 3 <任意> 4 (合計10),4.0,(なし),https://wikiwiki.jp/llocardgame/PL%21SP-bp4-029%20%E8%BF%BD%E3%81%84%E3%81%8B%E3%81%91%E3%82%8B%E5%A4%A2%E3%81%AE%E5%85%88%E3%81%A7,LIVE,{},0,[],{},10,[],"{""purple"": 1}",1,[],(なし),NO_ABILITY,1,"{""hearts"": {}, ""blade_mentions"": [], ""blade_icon_n"": 0, ""energy_icon_n"": 0, ""all_heart_n"": 0, ""score_delta_icon"": 0, ""unknown_tags"": [], ""tags"": []}",0,0,0,0,0,"{""draw"": 1, ""score"": 0, ""colorless"": 0}",1,0,0,,
PL!SP-bp4-030,Second Sparkle,PL!SP-bp4-030 Second Sparkle - ラブライブ！シリーズ オフィシャルカードゲーム(ラブカ) 非公式 Wiki*,ライブ,ラブライブ！スーパースター!!,Liella!,,,,<ALL>,,<黄> 2 <任意> 3 (合計5),2.0,(なし),https://wikiwiki.jp/llocardgame/PL%21SP-bp4-030%20Second%20Sparkle,LIVE,{},0,[],{},5,[],"{""all"": 1}",1,[],(なし),NO_ABILITY,1,"{""hearts"": {}, ""blade_mentions"": [], ""blade_icon_n"": 0, ""energy_icon_n"": 0, ""all_heart_n"": 0, ""score_delta_icon"": 0, ""unknown_tags"": [], ""tags"": []}",0,0,0,0,0,"{""draw"": 0, ""score"": 0, ""colorless"": 0}",0,0,0,,
PL!SP-bp5-001,澁谷かのん,PL!SP-bp5-001 澁谷かのん - ラブライブ！シリーズ オフィシャルカードゲーム(ラブカ) 非公式 Wiki*,メンバー,ラブライブ！スーパースター!!,Liella!,CatChu!,10.0,2.0,なし,<桃> 1 <赤> 2 <黄> 1 <紫> 1,,,"<登場>
/
<ライブ開始時>
<(E)>
支払ってもよい：以下から1つを選ぶ。
・相手のステージにいるコスト4以下のメンバー1人をウェイトにする。
・カードを1枚引く。
<起動>
<ターン1回>
このメンバーをウェイトにするか、手札を1枚控え室に置く：エネルギーを1枚アクティブにする。",https://wikiwiki.jp/llocardgame/PL%21SP-bp5-001%20%E6%BE%81%E8%B0%B7%E3%81%8B%E3%81%AE%E3%82%93,MEMBER,{},0,[],{},0,[],{},0,[],"<登場>
/
<ライブ開始時>
<(E)>
支払ってもよい：以下から1つを選ぶ。
・相手のステージにいるコスト4以下のメンバー1人をウェイトにする。
・カードを1枚引く。
<起動>
<ターン1回>
このメンバーをウェイトにするか、手札を1枚控え室に置く：エネルギーを1枚アクティブにする。",HAS_TEXT,0,"{""hearts"": {}, ""blade_mentions"": [], ""tags"": [], ""blade_icon_n"": 0, ""energy_icon_n"": 1, ""all_heart_n"": 0, ""score_delta_icon"": 0, ""unknown_tags"": []}",0,1,0,0,0,"{""draw"": 0, ""score"": 0, ""colorless"": 0}",0,0,0,,
PL!SP-bp5-002,唐可可,PL!SP-bp5-002 唐可可 - ラブライブ！シリーズ オフィシャルカードゲーム(ラブカ) 非公式 Wiki*,メンバー,ラブライブ！スーパースター!!,Liella!,KALEIDOSCORE,13.0,3.0,<紫>,<黄> 2 <緑> 2 <紫> 2,,,"<起動>
<左サイド>
<ターン1回>
このメンバーをウェイトにする：カードを3枚引き、手札を2枚控え室に置く。これにより控え室に置いたカードの中にブレードハートを持たないメンバーカードが1枚以上ある場合、このメンバーをアクティブにする。2枚ある場合、さらにライブ終了時まで、
<(ブレード)>
<(ブレード)>
を得る。",https://wikiwiki.jp/llocardgame/PL%21SP-bp5-002%20%E5%94%90%E5%8F%AF%E5%8F%AF,MEMBER,{},0,[],{},0,[],"{""purple"": 1}",1,[],"<起動>
<左サイド>
<ターン1回>
このメンバーをウェイトにする：カードを3枚引き、手札を2枚控え室に置く。これにより控え室に置いたカードの中にブレードハートを持たないメンバーカードが1枚以上ある場合、このメンバーをアクティブにする。2枚ある場合、さらにライブ終了時まで、
<(ブレード)>
<(ブレード)>
を得る。",HAS_TEXT,0,"{""hearts"": {}, ""blade_mentions"": [], ""tags"": [], ""blade_icon_n"": 2, ""energy_icon_n"": 0, ""all_heart_n"": 0, ""score_delta_icon"": 0, ""unknown_tags"": []}",2,0,0,0,0,"{""draw"": 0, ""score"": 0, ""colorless"": 0}",0,0,0,,
PL!SP-bp5-003,嵐千砂都,PL!SP-bp5-003 嵐千砂都 - ラブライブ！シリーズ オフィシャルカードゲーム(ラブカ) 非公式 Wiki*,メンバー,ラブライブ！スーパースター!!,Liella!,5yncri5e!,17.0,5.0,<黄>,<赤> 2 <黄> 2 <紫> 2,,,"<常時>
コスト10の『Liella!』のメンバーカードを自分の手札から登場させるためのコストは2減る。
<ライブ開始時>
<センター>
自分のステージにいるすべての『Liella!』のメンバーと、自分のすべてのエネルギーをアクティブにする。",https://wikiwiki.jp/llocardgame/PL%21SP-bp5-003%20%E5%B5%90%E5%8D%83%E7%A0%82%E9%83%BD,MEMBER,{},0,[],{},0,[],"{""yellow"": 1}",1,[],"<常時>
コスト10の『Liella!』のメンバーカードを自分の手札から登場させるためのコストは2減る。
<ライブ開始時>
<センター>
自分のステージにいるすべての『Liella!』のメンバーと、自分のすべてのエネルギーをアクティブにする。",HAS_TEXT,0,"{""hearts"": {}, ""blade_mentions"": [], ""blade_icon_n"": 0, ""energy_icon_n"": 0, ""all_heart_n"": 0, ""score_delta_icon"": 0, ""unknown_tags"": [], ""tags"": []}",0,0,0,0,0,"{""draw"": 0, ""score"": 0, ""colorless"": 0}",0,0,0,,
PL!SP-bp5-004,平安名すみれ,PL!SP-bp5-004 平安名すみれ - ラブライブ！シリーズ オフィシャルカードゲーム(ラブカ) 非公式 Wiki*,メンバー,ラブライブ！スーパースター!!,Liella!,CatChu!,2.0,2.0,なし,<赤> 1,,,"<自動>
<ターン1回>
自分のカードの効果によって、このメンバーがエリアを移動するか自分のエネルギー置き場にエネルギーが置かれたとき、カードを1枚引き、ライブ終了時まで、
<赤>
を得る。",https://wikiwiki.jp/llocardgame/PL%21SP-bp5-004%20%E5%B9%B3%E5%AE%89%E5%90%8D%E3%81%99%E3%81%BF%E3%82%8C,MEMBER,{},0,[],{},0,[],{},0,[],"<自動>
<ターン1回>
自分のカードの効果によって、このメンバーがエリアを移動するか自分のエネルギー置き場にエネルギーが置かれたとき、カードを1枚引き、ライブ終了時まで、
<赤>
を得る。",HAS_TEXT,0,"{""hearts"": {}, ""blade_mentions"": [], ""blade_icon_n"": 0, ""energy_icon_n"": 0, ""all_heart_n"": 0, ""score_delta_icon"": 0, ""unknown_tags"": [], ""tags"": []}",0,0,0,0,0,"{""draw"": 0, ""score"": 0, ""colorless"": 0}",0,0,0,,
PL!SP-bp5-005,葉月恋,PL!SP-bp5-005 葉月恋 - ラブライブ！シリーズ オフィシャルカードゲーム(ラブカ) 非公式 Wiki*,メンバー,ラブライブ！スーパースター!!,Liella!,KALEIDOSCORE,11.0,1.0,<紫>,<赤> 1 <黄> 2 <紫> 2,,,"<起動>
<ターン1回>
デッキの上からカードを3枚控え室に置く：ライブ終了時まで、これにより控え室に置いた『Liella!』のメンバーカード1枚につき、
<(ブレード)>
を得る。
<自動>
<ターン1回>
自分のメインフェイズの際、自分のカードが1枚以上いずれかの領域から控え室に置かれるたび、
<(E)>
支払ってもよい。そうした場合、それらのカードの中から1枚手札に加える。",https://wikiwiki.jp/llocardgame/PL%21SP-bp5-005%20%E8%91%89%E6%9C%88%E6%81%8B,MEMBER,{},0,[],{},0,[],"{""purple"": 1}",1,[],"<起動>
<ターン1回>
デッキの上からカードを3枚控え室に置く：ライブ終了時まで、これにより控え室に置いた『Liella!』のメンバーカード1枚につき、
<(ブレード)>
を得る。
<自動>
<ターン1回>
自分のメインフェイズの際、自分のカードが1枚以上いずれかの領域から控え室に置かれるたび、
<(E)>
支払ってもよい。そうした場合、それらのカードの中から1枚手札に加える。",HAS_TEXT,0,"{""hearts"": {}, ""blade_mentions"": [], ""tags"": [], ""blade_icon_n"": 1, ""energy_icon_n"": 1, ""all_heart_n"": 0, ""score_delta_icon"": 0, ""unknown_tags"": []}",1,1,0,0,0,"{""draw"": 0, ""score"": 0, ""colorless"": 0}",0,0,0,,
PL!SP-bp5-006,桜小路きな子,PL!SP-bp5-006 桜小路きな子 - ラブライブ！シリーズ オフィシャルカードゲーム(ラブカ) 非公式 Wiki*,メンバー,ラブライブ！スーパースター!!,Liella!,5yncri5e!,11.0,4.0,<赤>,<桃> 1 <赤> 1 <黄> 1 <紫> 1,,,"<起動>
<ターン1回>
デッキの上からカードを3枚控え室に置く：このメンバーはポジションチェンジする。
(このメンバーを今いるエリア以外のエリアに移動させる。そのエリアにメンバーがいる場合、そのメンバーはこのメンバーがいたエリアに移動させる。)",https://wikiwiki.jp/llocardgame/PL%21SP-bp5-006%20%E6%A1%9C%E5%B0%8F%E8%B7%AF%E3%81%8D%E3%81%AA%E5%AD%90,MEMBER,{},0,[],{},0,[],"{""red"": 1}",1,[],"<起動>
<ターン1回>
デッキの上からカードを3枚控え室に置く：このメンバーはポジションチェンジする。
(このメンバーを今いるエリア以外のエリアに移動させる。そのエリアにメンバーがいる場合、そのメンバーはこのメンバーがいたエリアに移動させる。)",HAS_TEXT,0,"{""hearts"": {}, ""blade_mentions"": [], ""blade_icon_n"": 0, ""energy_icon_n"": 0, ""all_heart_n"": 0, ""score_delta_icon"": 0, ""unknown_tags"": [], ""tags"": []}",0,0,0,0,0,"{""draw"": 0, ""score"": 0, ""colorless"": 0}",0,0,0,,
PL!SP-bp5-007,米女メイ,PL!SP-bp5-007 米女メイ - ラブライブ！シリーズ オフィシャルカードゲーム(ラブカ) 非公式 Wiki*,メンバー,ラブライブ！スーパースター!!,Liella!,CatChu!,15.0,5.0,<赤>,<桃> 1 <赤> 2 <黄> 2 <紫> 1,,,"<登場>
手札を1枚控え室に置いてもよい：自分のデッキの上からカードを5枚見る。その中から各グループ名につき1枚ずつ公開し、3枚まで手札に加えてもよい。残りを控え室に置く。",https://wikiwiki.jp/llocardgame/PL%21SP-bp5-007%20%E7%B1%B3%E5%A5%B3%E3%83%A1%E3%82%A4,MEMBER,{},0,[],{},0,[],"{""red"": 1}",1,[],"<登場>
手札を1枚控え室に置いてもよい：自分のデッキの上からカードを5枚見る。その中から各グループ名につき1枚ずつ公開し、3枚まで手札に加えてもよい。残りを控え室に置く。",HAS_TEXT,0,"{""hearts"": {}, ""blade_mentions"": [], ""blade_icon_n"": 0, ""energy_icon_n"": 0, ""all_heart_n"": 0, ""score_delta_icon"": 0, ""unknown_tags"": [], ""tags"": []}",0,0,0,0,0,"{""draw"": 0, ""score"": 0, ""colorless"": 0}",0,0,0,,
PL!SP-bp5-008,若菜四季,PL!SP-bp5-008 若菜四季 - ラブライブ！シリーズ オフィシャルカードゲーム(ラブカ) 非公式 Wiki*,メンバー,ラブライブ！スーパースター!!,Liella!,5yncri5e!,4.0,2.0,<赤>,<赤> 1,,,"<登場>
このメンバーをウェイトにし、手札を1枚控え室に置いてもよい：自分のデッキの上からカードを5枚見る。その中からコスト9以上の『虹ヶ咲』のメンバーカードを1枚公開して手札に加えてもよい。残りを控え室に置く。",https://wikiwiki.jp/llocardgame/PL%21SP-bp5-008%20%E8%8B%A5%E8%8F%9C%E5%9B%9B%E5%AD%A3,MEMBER,{},0,[],{},0,[],"{""red"": 1}",1,[],"<登場>
このメンバーをウェイトにし、手札を1枚控え室に置いてもよい：自分のデッキの上からカードを5枚見る。その中からコスト9以上の『虹ヶ咲』のメンバーカードを1枚公開して手札に加えてもよい。残りを控え室に置く。",HAS_TEXT,0,"{""hearts"": {}, ""blade_mentions"": [], ""blade_icon_n"": 0, ""energy_icon_n"": 0, ""all_heart_n"": 0, ""score_delta_icon"": 0, ""unknown_tags"": [], ""tags"": []}",0,0,0,0,0,"{""draw"": 0, ""score"": 0, ""colorless"": 0}",0,0,0,,
PL!SP-bp5-009,鬼塚夏美,PL!SP-bp5-009 鬼塚夏美 - ラブライブ！シリーズ オフィシャルカードゲーム(ラブカ) 非公式 Wiki*,メンバー,ラブライブ！スーパースター!!,Liella!,5yncri5e!,15.0,3.0,<黄>,<赤> 2 <黄> 3 <紫> 2,,,"<ライブ開始時>
自分のデッキの一番上のカードを控え室に置いてもよい。そうした場合、ライブ終了時まで、
<(ブレード)>
を得る。これにより控え室に置いたカードがライブカードの場合、このメンバーをウェイトにする。自分はこの手順をさらに4回まで繰り返してもよい。",https://wikiwiki.jp/llocardgame/PL%21SP-bp5-009%20%E9%AC%BC%E5%A1%9A%E5%A4%8F%E7%BE%8E,MEMBER,{},0,[],{},0,[],"{""yellow"": 1}",1,[],"<ライブ開始時>
自分のデッキの一番上のカードを控え室に置いてもよい。そうした場合、ライブ終了時まで、
<(ブレード)>
を得る。これにより控え室に置いたカードがライブカードの場合、このメンバーをウェイトにする。自分はこの手順をさらに4回まで繰り返してもよい。",HAS_TEXT,0,"{""hearts"": {}, ""blade_mentions"": [], ""tags"": [], ""blade_icon_n"": 1, ""energy_icon_n"": 0, ""all_heart_n"": 0, ""score_delta_icon"": 0, ""unknown_tags"": []}",1,0,0,0,0,"{""draw"": 0, ""score"": 0, ""colorless"": 0}",0,0,0,,
PL!SP-bp5-010,ウィーン・マルガレーテ,PL!SP-bp5-010 ウィーン・マルガレーテ - ラブライブ！シリーズ オフィシャルカードゲーム(ラブカ) 非公式 Wiki*,メンバー,ラブライブ！スーパースター!!,Liella!,KALEIDOSCORE,13.0,3.0,<紫>,<桃> 1 <赤> 2 <黄> 1 <紫> 2,,,"<登場>
自分と相手は、自身のステージのセンターにいるメンバーをポジションチェンジする。",https://wikiwiki.jp/llocardgame/PL%21SP-bp5-010%20%E3%82%A6%E3%82%A3%E3%83%BC%E3%83%B3%E3%83%BB%E3%83%9E%E3%83%AB%E3%82%AC%E3%83%AC%E3%83%BC%E3%83%86,MEMBER,{},0,[],{},0,[],"{""purple"": 1}",1,[],"<登場>
自分と相手は、自身のステージのセンターにいるメンバーをポジションチェンジする。",HAS_TEXT,0,"{""hearts"": {}, ""blade_mentions"": [], ""blade_icon_n"": 0, ""energy_icon_n"": 0, ""all_heart_n"": 0, ""score_delta_icon"": 0, ""unknown_tags"": [], ""tags"": []}",0,0,0,0,0,"{""draw"": 0, ""score"": 0, ""colorless"": 0}",0,0,0,,
PL!SP-bp5-011,鬼塚冬毬,PL!SP-bp5-011 鬼塚冬毬 - ラブライブ！シリーズ オフィシャルカードゲーム(ラブカ) 非公式 Wiki*,メンバー,ラブライブ！スーパースター!!,Liella!,5yncri5e!,9.0,4.0,なし,なし,,,"<常時>
<左サイド>
<赤>
<赤>
<赤>
を得る。
<常時>
<センター>
<黄>
<黄>
<黄>
を得る。
<常時>
<右サイド>
<青>
<青>
<青>
を得る。",https://wikiwiki.jp/llocardgame/PL%21SP-bp5-011%20%E9%AC%BC%E5%A1%9A%E5%86%AC%E6%AF%AC,MEMBER,{},0,[],{},0,[],{},0,[],"<常時>
<左サイド>
<赤>
<赤>
<赤>
を得る。
<常時>
<センター>
<黄>
<黄>
<黄>
を得る。
<常時>
<右サイド>
<青>
<青>
<青>
を得る。",HAS_TEXT,0,"{""hearts"": {}, ""blade_mentions"": [], ""blade_icon_n"": 0, ""energy_icon_n"": 0, ""all_heart_n"": 0, ""score_delta_icon"": 0, ""unknown_tags"": [], ""tags"": []}",0,0,0,0,0,"{""draw"": 0, ""score"": 0, ""colorless"": 0}",0,0,0,,
PL!SP-bp5-012,澁谷かのん,PL!SP-bp5-012 澁谷かのん - ラブライブ！シリーズ オフィシャルカードゲーム(ラブカ) 非公式 Wiki*,メンバー,ラブライブ！スーパースター!!,Liella!,CatChu!,2.0,1.0,<黄>,<黄> 1,,,"<常時>
自分のライブカード置き場に必要ハートの合計が8以上の『Liella!』のライブカードがあるかぎり、
<黄>
を得る。",https://wikiwiki.jp/llocardgame/PL%21SP-bp5-012%20%E6%BE%81%E8%B0%B7%E3%81%8B%E3%81%AE%E3%82%93,MEMBER,{},0,[],{},0,[],"{""yellow"": 1}",1,[],"<常時>
自分のライブカード置き場に必要ハートの合計が8以上の『Liella!』のライブカードがあるかぎり、
<黄>
を得る。",HAS_TEXT,0,"{""hearts"": {}, ""blade_mentions"": [], ""blade_icon_n"": 0, ""energy_icon_n"": 0, ""all_heart_n"": 0, ""score_delta_icon"": 0, ""unknown_tags"": [], ""tags"": []}",0,0,0,0,0,"{""draw"": 0, ""score"": 0, ""colorless"": 0}",0,0,0,,
PL!SP-bp5-013,唐可可,PL!SP-bp5-013 唐可可 - ラブライブ！シリーズ オフィシャルカードゲーム(ラブカ) 非公式 Wiki*,メンバー,ラブライブ！スーパースター!!,Liella!,KALEIDOSCORE,4.0,0.0,<紫>,<桃> 1 <紫> 1,,,"<登場>
手札を1枚控え室に置いてもよい：自分のデッキの上からカードを5枚見る。その中から『Sunny Passion』のメンバーカードかブレードハートを持つ『Liella!』のメンバーカードを1枚公開して手札に加えてもよい。残りを控え室に置く。",https://wikiwiki.jp/llocardgame/PL%21SP-bp5-013%20%E5%94%90%E5%8F%AF%E5%8F%AF,MEMBER,{},0,[],{},0,[],"{""purple"": 1}",1,[],"<登場>
手札を1枚控え室に置いてもよい：自分のデッキの上からカードを5枚見る。その中から『Sunny Passion』のメンバーカードかブレードハートを持つ『Liella!』のメンバーカードを1枚公開して手札に加えてもよい。残りを控え室に置く。",HAS_TEXT,0,"{""hearts"": {}, ""blade_mentions"": [], ""blade_icon_n"": 0, ""energy_icon_n"": 0, ""all_heart_n"": 0, ""score_delta_icon"": 0, ""unknown_tags"": [], ""tags"": []}",0,0,0,0,0,"{""draw"": 0, ""score"": 0, ""colorless"": 0}",0,0,0,,
PL!SP-bp5-014,嵐千砂都,PL!SP-bp5-014 嵐千砂都 - ラブライブ！シリーズ オフィシャルカードゲーム(ラブカ) 非公式 Wiki*,メンバー,ラブライブ！スーパースター!!,Liella!,5yncri5e!,2.0,1.0,<黄>,<黄> 1,,,"<登場>
このターン、自分のステージにいるほかのメンバーがエリアを移動している場合、カードを1枚引く。",https://wikiwiki.jp/llocardgame/PL%21SP-bp5-014%20%E5%B5%90%E5%8D%83%E7%A0%82%E9%83%BD,MEMBER,{},0,[],{},0,[],"{""yellow"": 1}",1,[],"<登場>
このターン、自分のステージにいるほかのメンバーがエリアを移動している場合、カードを1枚引く。",HAS_TEXT,0,"{""hearts"": {}, ""blade_mentions"": [], ""blade_icon_n"": 0, ""energy_icon_n"": 0, ""all_heart_n"": 0, ""score_delta_icon"": 0, ""unknown_tags"": [], ""tags"": []}",0,0,0,0,0,"{""draw"": 0, ""score"": 0, ""colorless"": 0}",0,0,0,,
PL!SP-bp5-015,平安名すみれ,PL!SP-bp5-015 平安名すみれ - ラブライブ！シリーズ オフィシャルカードゲーム(ラブカ) 非公式 Wiki*,メンバー,ラブライブ！スーパースター!!,Liella!,CatChu!,4.0,1.0,<赤>,<赤> 1,,,"<登場>
<センター>
ライブ終了時まで、
<(ブレード)>
<(ブレード)>
を得る。",https://wikiwiki.jp/llocardgame/PL%21SP-bp5-015%20%E5%B9%B3%E5%AE%89%E5%90%8D%E3%81%99%E3%81%BF%E3%82%8C,MEMBER,{},0,[],{},0,[],"{""red"": 1}",1,[],"<登場>
<センター>
ライブ終了時まで、
<(ブレード)>
<(ブレード)>
を得る。",HAS_TEXT,0,"{""hearts"": {}, ""blade_mentions"": [], ""tags"": [], ""blade_icon_n"": 2, ""energy_icon_n"": 0, ""all_heart_n"": 0, ""score_delta_icon"": 0, ""unknown_tags"": []}",2,0,0,0,0,"{""draw"": 0, ""score"": 0, ""colorless"": 0}",0,0,0,,
PL!SP-bp5-016,葉月恋,PL!SP-bp5-016 葉月恋 - ラブライブ！シリーズ オフィシャルカードゲーム(ラブカ) 非公式 Wiki*,メンバー,ラブライブ！スーパースター!!,Liella!,KALEIDOSCORE,9.0,4.0,なし,<赤> 1 <黄> 1 <紫> 1,,,"<常時>
自分のエネルギーが10枚以上あるかぎり、
<紫>
<紫>
を得る。",https://wikiwiki.jp/llocardgame/PL%21SP-bp5-016%20%E8%91%89%E6%9C%88%E6%81%8B,MEMBER,{},0,[],{},0,[],{},0,[],"<常時>
自分のエネルギーが10枚以上あるかぎり、
<紫>
<紫>
を得る。",HAS_TEXT,0,"{""hearts"": {}, ""blade_mentions"": [], ""blade_icon_n"": 0, ""energy_icon_n"": 0, ""all_heart_n"": 0, ""score_delta_icon"": 0, ""unknown_tags"": [], ""tags"": []}",0,0,0,0,0,"{""draw"": 0, ""score"": 0, ""colorless"": 0}",0,0,0,,
PL!SP-bp5-017,桜小路きな子,PL!SP-bp5-017 桜小路きな子 - ラブライブ！シリーズ オフィシャルカードゲーム(ラブカ) 非公式 Wiki*,メンバー,ラブライブ！スーパースター!!,Liella!,5yncri5e!,9.0,3.0,なし,<赤> 1 <黄> 1 <紫> 1,,,"<常時>
自分のステージにいる『Liella!』のメンバーがこのターンにエリアを移動しているかぎり、手札にあるこのメンバーカードのコストは2減る。",https://wikiwiki.jp/llocardgame/PL%21SP-bp5-017%20%E6%A1%9C%E5%B0%8F%E8%B7%AF%E3%81%8D%E3%81%AA%E5%AD%90,MEMBER,{},0,[],{},0,[],{},0,[],"<常時>
自分のステージにいる『Liella!』のメンバーがこのターンにエリアを移動しているかぎり、手札にあるこのメンバーカードのコストは2減る。",HAS_TEXT,0,"{""hearts"": {}, ""blade_mentions"": [], ""blade_icon_n"": 0, ""energy_icon_n"": 0, ""all_heart_n"": 0, ""score_delta_icon"": 0, ""unknown_tags"": [], ""tags"": []}",0,0,0,0,0,"{""draw"": 0, ""score"": 0, ""colorless"": 0}",0,0,0,,
PL!SP-bp5-018,米女メイ,PL!SP-bp5-018 米女メイ - ラブライブ！シリーズ オフィシャルカードゲーム(ラブカ) 非公式 Wiki*,メンバー,ラブライブ！スーパースター!!,Liella!,CatChu!,4.0,1.0,<黄>,<赤> 1 <黄> 1,,,(なし),https://wikiwiki.jp/llocardgame/PL%21SP-bp5-018%20%E7%B1%B3%E5%A5%B3%E3%83%A1%E3%82%A4,MEMBER,{},0,[],{},0,[],"{""yellow"": 1}",1,[],(なし),NO_ABILITY,1,"{""hearts"": {}, ""blade_mentions"": [], ""blade_icon_n"": 0, ""energy_icon_n"": 0, ""all_heart_n"": 0, ""score_delta_icon"": 0, ""unknown_tags"": [], ""tags"": []}",0,0,0,0,0,"{""draw"": 0, ""score"": 0, ""colorless"": 0}",0,0,0,,
PL!SP-bp5-019,若菜四季,PL!SP-bp5-019 若菜四季 - ラブライブ！シリーズ オフィシャルカードゲーム(ラブカ) 非公式 Wiki*,メンバー,ラブライブ！スーパースター!!,Liella!,5yncri5e!,2.0,3.0,なし,<桃> 1 <赤> 1 <黄> 1 <紫> 1,,,(なし),https://wikiwiki.jp/llocardgame/PL%21SP-bp5-019%20%E8%8B%A5%E8%8F%9C%E5%9B%9B%E5%AD%A3,MEMBER,{},0,[],{},0,[],{},0,[],(なし),NO_ABILITY,1,"{""hearts"": {}, ""blade_mentions"": [], ""blade_icon_n"": 0, ""energy_icon_n"": 0, ""all_heart_n"": 0, ""score_delta_icon"": 0, ""unknown_tags"": [], ""tags"": []}",0,0,0,0,0,"{""draw"": 0, ""score"": 0, ""colorless"": 0}",0,0,0,,
PL!SP-bp5-020,鬼塚夏美,PL!SP-bp5-020 鬼塚夏美 - ラブライブ！シリーズ オフィシャルカードゲーム(ラブカ) 非公式 Wiki*,メンバー,ラブライブ！スーパースター!!,Liella!,5yncri5e!,4.0,2.0,<黄>,<黄> 1,,,"<起動>
<ターン1回>
<(E)>
<(E)>
：カードを1枚引く。
<ライブ開始時>
<(E)>
支払ってもよい：カードを1枚引く。",https://wikiwiki.jp/llocardgame/PL%21SP-bp5-020%20%E9%AC%BC%E5%A1%9A%E5%A4%8F%E7%BE%8E,MEMBER,{},0,[],{},0,[],"{""yellow"": 1}",1,[],"<起動>
<ターン1回>
<(E)>
<(E)>
：カードを1枚引く。
<ライブ開始時>
<(E)>
支払ってもよい：カードを1枚引く。",HAS_TEXT,0,"{""hearts"": {}, ""blade_mentions"": [], ""tags"": [], ""blade_icon_n"": 0, ""energy_icon_n"": 3, ""all_heart_n"": 0, ""score_delta_icon"": 0, ""unknown_tags"": []}",0,3,0,0,0,"{""draw"": 0, ""score"": 0, ""colorless"": 0}",0,0,0,,
PL!SP-bp5-021,ウィーン・マルガレーテ,PL!SP-bp5-021 ウィーン・マルガレーテ - ラブライブ！シリーズ オフィシャルカードゲーム(ラブカ) 非公式 Wiki*,メンバー,ラブライブ！スーパースター!!,Liella!,KALEIDOSCORE,2.0,2.0,<紫>,<紫> 1,,,"<起動>
このメンバーをステージから控え室に置く：自分のエネルギーが6枚以上ある場合、自分のエネルギーデッキから、エネルギーカードを1枚ウェイト状態で置く。",https://wikiwiki.jp/llocardgame/PL%21SP-bp5-021%20%E3%82%A6%E3%82%A3%E3%83%BC%E3%83%B3%E3%83%BB%E3%83%9E%E3%83%AB%E3%82%AC%E3%83%AC%E3%83%BC%E3%83%86,MEMBER,{},0,[],{},0,[],"{""purple"": 1}",1,[],"<起動>
このメンバーをステージから控え室に置く：自分のエネルギーが6枚以上ある場合、自分のエネルギーデッキから、エネルギーカードを1枚ウェイト状態で置く。",HAS_TEXT,0,"{""hearts"": {}, ""blade_mentions"": [], ""blade_icon_n"": 0, ""energy_icon_n"": 0, ""all_heart_n"": 0, ""score_delta_icon"": 0, ""unknown_tags"": [], ""tags"": []}",0,0,0,0,0,"{""draw"": 0, ""score"": 0, ""colorless"": 0}",0,0,0,,
PL!SP-bp5-022,鬼塚冬毬,PL!SP-bp5-022 鬼塚冬毬 - ラブライブ！シリーズ オフィシャルカードゲーム(ラブカ) 非公式 Wiki*,メンバー,ラブライブ！スーパースター!!,Liella!,5yncri5e!,4.0,1.0,<紫>,<黄> 1 <紫> 1,,,(なし),https://wikiwiki.jp/llocardgame/PL%21SP-bp5-022%20%E9%AC%BC%E5%A1%9A%E5%86%AC%E6%AF%AC,MEMBER,{},0,[],{},0,[],"{""purple"": 1}",1,[],(なし),NO_ABILITY,1,"{""hearts"": {}, ""blade_mentions"": [], ""blade_icon_n"": 0, ""energy_icon_n"": 0, ""all_heart_n"": 0, ""score_delta_icon"": 0, ""unknown_tags"": [], ""tags"": []}",0,0,0,0,0,"{""draw"": 0, ""score"": 0, ""colorless"": 0}",0,0,0,,
PL!SP-bp5-023,Shooting Voice!!,PL!SP-bp5-023 Shooting Voice!! - ラブライブ！シリーズ オフィシャルカードゲーム(ラブカ) 非公式 Wiki*,ライブ,ラブライブ！スーパースター!!,Liella!,,,,<紫> <ドロー+1>,,<赤> 2 <黄> 2 <紫> 2 <任意> 7 (合計13),5.0,"<ライブ成功時>
自分か相手の成功ライブカード置き場にカードが2枚以上あり、かつエールによって公開された自分のカードの中に
<(スコア)+1>
を持つライブカードが1枚以上ある場合、このカードのスコアを+2する。",https://wikiwiki.jp/llocardgame/PL%21SP-bp5-023%20Shooting%20Voice%21%21,LIVE,{},0,[],{},13,[],"{""purple"": 1}",1,[],"<ライブ成功時>
自分か相手の成功ライブカード置き場にカードが2枚以上あり、かつエールによって公開された自分のカードの中に
<(スコア)+1>
を持つライブカードが1枚以上ある場合、このカードのスコアを+2する。",HAS_TEXT,0,"{""hearts"": {}, ""blade_mentions"": [], ""blade_icon_n"": 0, ""energy_icon_n"": 0, ""all_heart_n"": 0, ""score_delta_icon"": 0, ""unknown_tags"": [], ""tags"": []}",0,0,0,0,0,"{""draw"": 1, ""score"": 0, ""colorless"": 0}",1,0,0,,
PL!SP-bp5-024,MIRACLE NEW STORY,PL!SP-bp5-024 MIRACLE NEW STORY - ラブライブ！シリーズ オフィシャルカードゲーム(ラブカ) 非公式 Wiki*,ライブ,ラブライブ！スーパースター!!,Liella!,,,,<スコア+1>,,<桃> 2 <赤> 4 <紫> 4 <任意> 5 (合計13),7.0,"<ライブ開始時>
<桃>
か
<赤>
か
<紫>
のうち、1つを選ぶ。ライブ終了時まで、自分のステージにいる、このターン中にエリアを移動しているすべてのメンバーは、選んだハートを1つ得る。",https://wikiwiki.jp/llocardgame/PL%21SP-bp5-024%20MIRACLE%20NEW%20STORY,LIVE,{},0,[],{},13,[],{},0,[],"<ライブ開始時>
<桃>
か
<赤>
か
<紫>
のうち、1つを選ぶ。ライブ終了時まで、自分のステージにいる、このターン中にエリアを移動しているすべてのメンバーは、選んだハートを1つ得る。",HAS_TEXT,0,"{""hearts"": {}, ""blade_mentions"": [], ""blade_icon_n"": 0, ""energy_icon_n"": 0, ""all_heart_n"": 0, ""score_delta_icon"": 0, ""unknown_tags"": [], ""tags"": []}",0,0,0,0,0,"{""draw"": 0, ""score"": 1, ""colorless"": 0}",0,1,0,,
PL!SP-bp5-025,常夏☆サンシャイン,PL!SP-bp5-025 常夏☆サンシャイン - ラブライブ！シリーズ オフィシャルカードゲーム(ラブカ) 非公式 Wiki*,ライブ,ラブライブ！スーパースター!!,Liella!,,,,<赤> <ドロー+1>,,<赤> 2 <黄> 2 <紫> 2 <任意> 8 (合計14),6.0,"<ライブ成功時>
<(E)>
を好きな数支払ってもよい：これにより支払った
<(E)>
4つにつき、このカードのスコアを+1する。",https://wikiwiki.jp/llocardgame/PL%21SP-bp5-025%20%E5%B8%B8%E5%A4%8F%E2%98%86%E3%82%B5%E3%83%B3%E3%82%B7%E3%83%A3%E3%82%A4%E3%83%B3,LIVE,{},0,[],{},14,[],"{""red"": 1}",1,[],"<ライブ成功時>
<(E)>
を好きな数支払ってもよい：これにより支払った
<(E)>
4つにつき、このカードのスコアを+1する。",HAS_TEXT,0,"{""hearts"": {}, ""blade_mentions"": [], ""tags"": [], ""blade_icon_n"": 0, ""energy_icon_n"": 2, ""all_heart_n"": 0, ""score_delta_icon"": 0, ""unknown_tags"": []}",0,2,0,0,0,"{""draw"": 1, ""score"": 0, ""colorless"": 0}",1,0,0,,
PL!SP-bp5-026,Let's be ONE,PL!SP-bp5-026 Let's be ONE - ラブライブ！シリーズ オフィシャルカードゲーム(ラブカ) 非公式 Wiki*,ライブ,ラブライブ！スーパースター!!,Liella!,,,,<スコア+1>,,<赤> 1 <黄> 1 <紫> 1 (合計3),1.0,"<ライブ開始時>
自分のステージにいる『Liella!』のメンバーが持つハートの総数が11以上の場合、このカードのスコアを+1する。",https://wikiwiki.jp/llocardgame/PL%21SP-bp5-026%20Let%27s%20be%20ONE,LIVE,{},0,[],{},3,[],{},0,[],"<ライブ開始時>
自分のステージにいる『Liella!』のメンバーが持つハートの総数が11以上の場合、このカードのスコアを+1する。",HAS_TEXT,0,"{""hearts"": {}, ""blade_mentions"": [], ""blade_icon_n"": 0, ""energy_icon_n"": 0, ""all_heart_n"": 0, ""score_delta_icon"": 0, ""unknown_tags"": [], ""tags"": []}",0,0,0,0,0,"{""draw"": 0, ""score"": 1, ""colorless"": 0}",0,1,0,,
PL!SP-bp5-027,HOT PASSION!!,PL!SP-bp5-027 HOT PASSION!! - ラブライブ！シリーズ オフィシャルカードゲーム(ラブカ) 非公式 Wiki*,ライブ,ラブライブ！スーパースター!!,Sunny Passion,,,,<ALL>,,<桃> 2 <赤> 2 <黄> 1 <紫> 1 <任意> 2 (合計8),4.0,"<ライブ成功時>
自分のエネルギーデッキから、エネルギーカードを1枚ウェイト状態で置いてもよい。そうした場合、相手はカードを1枚引く。",https://wikiwiki.jp/llocardgame/PL%21SP-bp5-027%20HOT%20PASSION%21%21,LIVE,{},0,[],{},8,[],"{""all"": 1}",1,[],"<ライブ成功時>
自分のエネルギーデッキから、エネルギーカードを1枚ウェイト状態で置いてもよい。そうした場合、相手はカードを1枚引く。",HAS_TEXT,0,"{""hearts"": {}, ""blade_mentions"": [], ""blade_icon_n"": 0, ""energy_icon_n"": 0, ""all_heart_n"": 0, ""score_delta_icon"": 0, ""unknown_tags"": [], ""tags"": []}",0,0,0,0,0,"{""draw"": 0, ""score"": 0, ""colorless"": 0}",0,0,0,,
PL!SP-bp5-111,柊摩央,PL!SP-bp5-111 柊摩央 - ラブライブ！シリーズ オフィシャルカードゲーム(ラブカ) 非公式 Wiki*,メンバー,ラブライブ！スーパースター!!,Sunny Passion,,8.0,2.0,なし,<桃> 1 <赤> 1 <紫> 1,,,"<常時>
自分のエネルギーがちょうど8枚あるかぎり、ライブの合計スコアを+1する。
<起動>
<ターン1回>
エネルギー2枚をエネルギーデッキに置く：自分の控え室にあるライブカードを1枚手札に加える。",https://wikiwiki.jp/llocardgame/PL%21SP-bp5-111%20%E6%9F%8A%E6%91%A9%E5%A4%AE,MEMBER,{},0,[],{},0,[],{},0,[],"<常時>
自分のエネルギーがちょうど8枚あるかぎり、ライブの合計スコアを+1する。
<起動>
<ターン1回>
エネルギー2枚をエネルギーデッキに置く：自分の控え室にあるライブカードを1枚手札に加える。",HAS_TEXT,0,"{""hearts"": {}, ""blade_mentions"": [], ""blade_icon_n"": 0, ""energy_icon_n"": 0, ""all_heart_n"": 0, ""score_delta_icon"": 0, ""unknown_tags"": [], ""tags"": []}",0,0,0,0,0,"{""draw"": 0, ""score"": 0, ""colorless"": 0}",0,0,0,,
PL!SP-bp5-222,聖澤悠奈,PL!SP-bp5-222 聖澤悠奈 - ラブライブ！シリーズ オフィシャルカードゲーム(ラブカ) 非公式 Wiki*,メンバー,ラブライブ！スーパースター!!,Sunny Passion,,8.0,2.0,なし,<桃> 1 <赤> 1 <黄> 1,,,"<常時>
自分のエネルギーがちょうど8枚あるかぎり、ライブの合計スコアを+1する。
<ライブ開始時>
<(E)>
支払ってもよい：自分のエネルギーデッキから、エネルギーカードを1枚ウェイト状態で置く。",https://wikiwiki.jp/llocardgame/PL%21SP-bp5-222%20%E8%81%96%E6%BE%A4%E6%82%A0%E5%A5%88,MEMBER,{},0,[],{},0,[],{},0,[],"<常時>
自分のエネルギーがちょうど8枚あるかぎり、ライブの合計スコアを+1する。
<ライブ開始時>
<(E)>
支払ってもよい：自分のエネルギーデッキから、エネルギーカードを1枚ウェイト状態で置く。",HAS_TEXT,0,"{""hearts"": {}, ""blade_mentions"": [], ""tags"": [], ""blade_icon_n"": 0, ""energy_icon_n"": 1, ""all_heart_n"": 0, ""score_delta_icon"": 0, ""unknown_tags"": []}",0,1,0,0,0,"{""draw"": 0, ""score"": 0, ""colorless"": 0}",0,0,0,,
PL!SP-bp7-004,平安名すみれ,PL!SP-bp7-004 平安名すみれ - ラブライブ！シリーズ オフィシャルカードゲーム(ラブカ) 非公式 Wiki*,メンバー,ラブライブ！スーパースター!!,Liella!,CatChu!,13.0,2.0,<黄>,<赤> 3 <黄> 2 <紫> 2,,,"<ライブ開始時>
自分の控え室から『Liella!』のメンバーカード3枚を好きな順番でデッキの一番下に置いてもよい。これによりデッキの下に置いたカードの中にブレードハートを持たないメンバーカードが1枚以上ある場合、ライブ終了時まで、
<(ブレード)>
<(ブレード)>
を得る。",https://wikiwiki.jp/llocardgame/PL%21SP-bp7-004%20%E5%B9%B3%E5%AE%89%E5%90%8D%E3%81%99%E3%81%BF%E3%82%8C,MEMBER,"{""red"": 3, ""yellow"": 2, ""purple"": 2}",7,[],{},0,[],"{""yellow"": 1}",1,[],"<ライブ開始時>
自分の控え室から『Liella!』のメンバーカード3枚を好きな順番でデッキの一番下に置いてもよい。これによりデッキの下に置いたカードの中にブレードハートを持たないメンバーカードが1枚以上ある場合、ライブ終了時まで、
<(ブレード)>
<(ブレード)>
を得る。",HAS_TEXT,0,"{""hearts"": {}, ""blade_mentions"": [], ""tags"": [""(ライブ開始時)""], ""blade_icon_n"": 2, ""energy_icon_n"": 0, ""all_heart_n"": 0, ""score_delta_icon"": 0, ""unknown_tags"": [""(ライブ開始時)""]}",2,0,0,0,1,"{""draw"": 0, ""score"": 0, ""colorless"": 0}",0,0,0,,
PL!SP-bp7-005,葉月恋,PL!SP-bp7-005 葉月恋 - ラブライブ！シリーズ オフィシャルカードゲーム(ラブカ) 非公式 Wiki*,メンバー,ラブライブ！スーパースター!!,Liella!,KALEIDOSCORE,9.0,,なし,<赤> 1 <黄> 2 <紫> 1,,,"<自動>
<ターン1回>
このメンバーが登場するか、自分のエネルギーがエネルギー置き場からエネロキーデッキに置かれたとき、自分のエネルギーデッキから、エネルギーカードを1枚ウェイト状態で置く。そのエネルギーカードは、次のターンのアクティブフェイズにアクティブしない。
<自動>
<ターン2回>
自分のカードの効果によって、自分のエネルギー置き場にエネルギーが置かれたとき、ライブ終了時まで、
<(ブレード)>
を得る。",https://wikiwiki.jp/llocardgame/PL%21SP-bp7-005%20%E8%91%89%E6%9C%88%E6%81%8B,MEMBER,"{""red"": 1, ""yellow"": 2, ""purple"": 1}",4,[],{},0,[],{},0,[],"<自動>
<ターン1回>
このメンバーが登場するか、自分のエネルギーがエネルギー置き場からエネロキーデッキに置かれたとき、自分のエネルギーデッキから、エネルギーカードを1枚ウェイト状態で置く。そのエネルギーカードは、次のターンのアクティブフェイズにアクティブしない。
<自動>
<ターン2回>
自分のカードの効果によって、自分のエネルギー置き場にエネルギーが置かれたとき、ライブ終了時まで、
<(ブレード)>
を得る。",HAS_TEXT,0,"{""hearts"": {}, ""blade_mentions"": [], ""tags"": [""(自動)"", ""(ターン1回)"", ""(自動)"", ""(ターン2回)""], ""blade_icon_n"": 1, ""energy_icon_n"": 0, ""all_heart_n"": 0, ""score_delta_icon"": 0, ""unknown_tags"": [""(自動)"", ""(ターン1回)"", ""(自動)"", ""(ターン2回)""]}",1,0,0,0,4,"{""draw"": 0, ""score"": 0, ""colorless"": 0}",0,0,0,,
PL!SP-bp7-006,桜小路きな子,PL!SP-bp7-006 桜小路きな子 - ラブライブ！シリーズ オフィシャルカードゲーム(ラブカ) 非公式 Wiki*,メンバー,ラブライブ！スーパースター!!,Liella!,5yncri5e!,15.0,6.0,なし,<赤> 2 <黄> 3 <紫> 2,,,"<登場>
エネルギー置き場にあるエネルギー1枚をエネルギーデッキに置いてもよい：自分の控え室にある『Liella!』のメンバーカードを1枚手札に加える。
<ライブ成功時>
<センター>
このターン、自分のエネルギーがエネルギー置き場からエネルギーデッキに置かれている場合、ライブの合計スコアを+1する。",https://wikiwiki.jp/llocardgame/PL%21SP-bp7-006%20%E6%A1%9C%E5%B0%8F%E8%B7%AF%E3%81%8D%E3%81%AA%E5%AD%90,MEMBER,"{""red"": 2, ""yellow"": 3, ""purple"": 2}",7,[],{},0,[],{},0,[],"<登場>
エネルギー置き場にあるエネルギー1枚をエネルギーデッキに置いてもよい：自分の控え室にある『Liella!』のメンバーカードを1枚手札に加える。
<ライブ成功時>
<センター>
このターン、自分のエネルギーがエネルギー置き場からエネルギーデッキに置かれている場合、ライブの合計スコアを+1する。",HAS_TEXT,0,"{""hearts"": {}, ""blade_mentions"": [], ""tags"": [""(登場)"", ""(ライブ成功時)"", ""(センター)""], ""blade_icon_n"": 0, ""energy_icon_n"": 0, ""all_heart_n"": 0, ""score_delta_icon"": 0, ""unknown_tags"": [""(登場)"", ""(ライブ成功時)"", ""(センター)""]}",0,0,0,0,3,"{""draw"": 0, ""score"": 0, ""colorless"": 0}",0,0,0,,
PL!SP-bp7-007,米女メイ,PL!SP-bp7-007 米女メイ - ラブライブ！シリーズ オフィシャルカードゲーム(ラブカ) 非公式 Wiki*,メンバー,ラブライブ！スーパースター!!,Liella!,CatChu!,17.0,6.0,<赤>,<赤> 2 <黄> 2 <紫> 2,,,"<ライブ開始時>
エネルギー置き場にあるエネルギー2枚をエネルギーデッキに置いてもよい：ライブ終了時まで、
<(ブレード)>
<(ブレード)>
<(ブレード)>
を得る。
<ライブ成功時>
自分のエネルギーデッキから、エネルギーカードを2枚ウェイト状態で置く。それらのエネルギーカードは、次のターンのアクティブフェイズにアクティブしない。
<ライブ成功時>
自分のエネルギーが相手より多い場合、エネルギーを5枚アクティブにする。",https://wikiwiki.jp/llocardgame/PL%21SP-bp7-007%20%E7%B1%B3%E5%A5%B3%E3%83%A1%E3%82%A4,MEMBER,"{""red"": 2, ""yellow"": 2, ""purple"": 2}",6,[],{},0,[],"{""red"": 1}",1,[],"<ライブ開始時>
エネルギー置き場にあるエネルギー2枚をエネルギーデッキに置いてもよい：ライブ終了時まで、
<(ブレード)>
<(ブレード)>
<(ブレード)>
を得る。
<ライブ成功時>
自分のエネルギーデッキから、エネルギーカードを2枚ウェイト状態で置く。それらのエネルギーカードは、次のターンのアクティブフェイズにアクティブしない。
<ライブ成功時>
自分のエネルギーが相手より多い場合、エネルギーを5枚アクティブにする。",HAS_TEXT,0,"{""hearts"": {}, ""blade_mentions"": [], ""tags"": [""(ライブ開始時)"", ""(ライブ成功時)"", ""(ライブ成功時)""], ""blade_icon_n"": 3, ""energy_icon_n"": 0, ""all_heart_n"": 0, ""score_delta_icon"": 0, ""unknown_tags"": [""(ライブ開始時)"", ""(ライブ成功時)"", ""(ライブ成功時)""]}",3,0,0,0,3,"{""draw"": 0, ""score"": 0, ""colorless"": 0}",0,0,0,,
PL!SP-bp7-014,嵐千砂都,PL!SP-bp7-014 嵐千砂都 - ラブライブ！シリーズ オフィシャルカードゲーム(ラブカ) 非公式 Wiki*,メンバー,ラブライブ！スーパースター!!,Liella!,5yncri5e!,4.0,0.0,<紫>,<黄> 1 <紫> 1,,,"<自動>
<ターン1回>
このメンバーがエリアを移動したとき、ライブ終了時まで、
<(ブレード)>
<(ブレード)>
を得る。",https://wikiwiki.jp/llocardgame/PL%21SP-bp7-014%20%E5%B5%90%E5%8D%83%E7%A0%82%E9%83%BD,MEMBER,{},0,[],{},0,[],"{""purple"": 1}",1,[],"<自動>
<ターン1回>
このメンバーがエリアを移動したとき、ライブ終了時まで、
<(ブレード)>
<(ブレード)>
を得る。",HAS_TEXT,0,"{""hearts"": {}, ""blade_mentions"": [], ""tags"": [], ""blade_icon_n"": 2, ""energy_icon_n"": 0, ""all_heart_n"": 0, ""score_delta_icon"": 0, ""unknown_tags"": []}",2,0,0,0,0,"{""draw"": 0, ""score"": 0, ""colorless"": 0}",0,0,0,,
PL!SP-bp7-025,Memories,PL!SP-bp7-025 Memories - ラブライブ！シリーズ オフィシャルカードゲーム(ラブカ) 非公式 Wiki*,ライブ,ラブライブ！スーパースター!!,Liella!,,,,<ALL>,,<赤> 2 <黄> 1 <紫> 2 <任意> 2 (合計7),3.0,"<ライブ開始時>
ライブ終了時まで、自分のステージにいる「嵐千砂都」1人は
<(ブレード)>
を得る。",https://wikiwiki.jp/llocardgame/PL%21SP-bp7-025%20Memories,LIVE,{},0,[],"{""red"": 2, ""yellow"": 1, ""purple"": 2, ""any"": 2}",7,[],"{""all"": 1}",1,[],"<ライブ開始時>
ライブ終了時まで、自分のステージにいる「嵐千砂都」1人は
<(ブレード)>
を得る。",HAS_TEXT,0,"{""hearts"": {}, ""blade_mentions"": [], ""tags"": [""(ライブ開始時)""], ""blade_icon_n"": 1, ""energy_icon_n"": 0, ""all_heart_n"": 0, ""score_delta_icon"": 0, ""unknown_tags"": [""(ライブ開始時)""]}",1,0,0,0,1,"{""draw"": 0, ""score"": 0, ""colorless"": 0}",0,0,0,,
PL!SP-pb1-001,澁谷かのん,PL!SP-pb1-001 澁谷かのん - ラブライブ！シリーズ オフィシャルカードゲーム(ラブカ) 非公式 Wiki*,メンバー,ラブライブ！スーパースター!!,Liella!,CatChu!,11.0,4.0,<赤>,<赤> 4 <黄> 1 <紫> 1,,,"<ライブ開始時>
<(E)>
<(E)>
を支払わないかぎり、自分の手札を2枚控え室に置く。
<ライブ成功時>
<(E)>
<(E)>
<(E)>
<(E)>
<(E)>
<(E)>
支払ってもよい：ライブの合計スコアを+1する。",https://wikiwiki.jp/llocardgame/PL%21SP-pb1-001%20%E6%BE%81%E8%B0%B7%E3%81%8B%E3%81%AE%E3%82%93,MEMBER,{},0,[],{},0,[],"{""red"": 1}",1,[],"<ライブ開始時>
<(E)>
<(E)>
を支払わないかぎり、自分の手札を2枚控え室に置く。
<ライブ成功時>
<(E)>
<(E)>
<(E)>
<(E)>
<(E)>
<(E)>
支払ってもよい：ライブの合計スコアを+1する。",HAS_TEXT,0,"{""hearts"": {}, ""blade_mentions"": [], ""tags"": [], ""blade_icon_n"": 0, ""energy_icon_n"": 8, ""all_heart_n"": 0, ""score_delta_icon"": 0, ""unknown_tags"": []}",0,8,0,0,0,"{""draw"": 0, ""score"": 0, ""colorless"": 0}",0,0,0,,
PL!SP-pb1-002,唐可可,PL!SP-pb1-002 唐可可 - ラブライブ！シリーズ オフィシャルカードゲーム(ラブカ) 非公式 Wiki*,メンバー,ラブライブ！スーパースター!!,Liella!,KALEIDOSCORE,15.0,5.0,<紫>,<赤> 1 <黄> 1 <紫> 4,,,"<常時>
自分のエネルギーが12枚以上ある場合、ライブの合計スコアを+1する。",https://wikiwiki.jp/llocardgame/PL%21SP-pb1-002%20%E5%94%90%E5%8F%AF%E5%8F%AF,MEMBER,{},0,[],{},0,[],"{""purple"": 1}",1,[],"<常時>
自分のエネルギーが12枚以上ある場合、ライブの合計スコアを+1する。",HAS_TEXT,0,"{""hearts"": {}, ""blade_mentions"": [], ""blade_icon_n"": 0, ""energy_icon_n"": 0, ""all_heart_n"": 0, ""score_delta_icon"": 0, ""unknown_tags"": [], ""tags"": []}",0,0,0,0,0,"{""draw"": 0, ""score"": 0, ""colorless"": 0}",0,0,0,,
PL!SP-pb1-003,嵐千砂都,PL!SP-pb1-003 嵐千砂都 - ラブライブ！シリーズ オフィシャルカードゲーム(ラブカ) 非公式 Wiki*,メンバー,ラブライブ！スーパースター!!,Liella!,5yncri5e!,9.0,2.0,なし,<赤> 2 <紫> 2,,,"<登場>
自分のステージにいるメンバーが『5yncri5e!』のみの場合、自分と対戦相手は、センターエリアのメンバーを左サイドエリアに、左サイドエリアのメンバーを右サイドエリアに、右サイドエリアのメンバーをセンターエリアに、それぞれ移動させる。",https://wikiwiki.jp/llocardgame/PL%21SP-pb1-003%20%E5%B5%90%E5%8D%83%E7%A0%82%E9%83%BD,MEMBER,{},0,[],{},0,[],{},0,[],"<登場>
自分のステージにいるメンバーが『5yncri5e!』のみの場合、自分と対戦相手は、センターエリアのメンバーを左サイドエリアに、左サイドエリアのメンバーを右サイドエリアに、右サイドエリアのメンバーをセンターエリアに、それぞれ移動させる。",HAS_TEXT,0,"{""hearts"": {}, ""blade_mentions"": [], ""blade_icon_n"": 0, ""energy_icon_n"": 0, ""all_heart_n"": 0, ""score_delta_icon"": 0, ""unknown_tags"": [], ""tags"": []}",0,0,0,0,0,"{""draw"": 0, ""score"": 0, ""colorless"": 0}",0,0,0,,
PL!SP-pb1-004,平安名すみれ,PL!SP-pb1-004 平安名すみれ - ラブライブ！シリーズ オフィシャルカードゲーム(ラブカ) 非公式 Wiki*,メンバー,ラブライブ！スーパースター!!,Liella!,CatChu!,9.0,2.0,なし,<赤> 2 <黄> 1 <紫> 1,,,"<ライブ開始時>
<(E)>
<(E)>
支払ってもよい：自分のエネルギーデッキから、エネルギーカードを1枚ウェイト状態で置く。
<ライブ成功時>
<(E)>
<(E)>
<(E)>
支払ってもよい：カードを1枚引く。",https://wikiwiki.jp/llocardgame/PL%21SP-pb1-004%20%E5%B9%B3%E5%AE%89%E5%90%8D%E3%81%99%E3%81%BF%E3%82%8C,MEMBER,{},0,[],{},0,[],{},0,[],"<ライブ開始時>
<(E)>
<(E)>
支払ってもよい：自分のエネルギーデッキから、エネルギーカードを1枚ウェイト状態で置く。
<ライブ成功時>
<(E)>
<(E)>
<(E)>
支払ってもよい：カードを1枚引く。",HAS_TEXT,0,"{""hearts"": {}, ""blade_mentions"": [], ""tags"": [], ""blade_icon_n"": 0, ""energy_icon_n"": 5, ""all_heart_n"": 0, ""score_delta_icon"": 0, ""unknown_tags"": []}",0,5,0,0,0,"{""draw"": 0, ""score"": 0, ""colorless"": 0}",0,0,0,,
PL!SP-pb1-005,葉月恋,PL!SP-pb1-005 葉月恋 - ラブライブ！シリーズ オフィシャルカードゲーム(ラブカ) 非公式 Wiki*,メンバー,ラブライブ！スーパースター!!,Liella!,KALEIDOSCORE,13.0,3.0,<紫>,<赤> 1 <黄> 1 <紫> 3,,,"<登場>
自分のエネルギーデッキから、エネルギーカードを1枚ウェイト状態で置く。",https://wikiwiki.jp/llocardgame/PL%21SP-pb1-005%20%E8%91%89%E6%9C%88%E6%81%8B,MEMBER,{},0,[],{},0,[],"{""purple"": 1}",1,[],"<登場>
自分のエネルギーデッキから、エネルギーカードを1枚ウェイト状態で置く。",HAS_TEXT,0,"{""hearts"": {}, ""blade_mentions"": [], ""blade_icon_n"": 0, ""energy_icon_n"": 0, ""all_heart_n"": 0, ""score_delta_icon"": 0, ""unknown_tags"": [], ""tags"": []}",0,0,0,0,0,"{""draw"": 0, ""score"": 0, ""colorless"": 0}",0,0,0,,
PL!SP-pb1-006,桜小路きな子,PL!SP-pb1-006 桜小路きな子 - ラブライブ！シリーズ オフィシャルカードゲーム(ラブカ) 非公式 Wiki*,メンバー,ラブライブ！スーパースター!!,Liella!,5yncri5e!,9.0,2.0,なし,<赤> 2 <黄> 1 <紫> 1,,,"<自動>
このメンバーが登場か、エリアを移動するたび、ライブ終了時まで、
<(ブレード)>
<(ブレード)>
を得る。
(対戦相手のカードの効果でも発動する。)",https://wikiwiki.jp/llocardgame/PL%21SP-pb1-006%20%E6%A1%9C%E5%B0%8F%E8%B7%AF%E3%81%8D%E3%81%AA%E5%AD%90,MEMBER,{},0,[],{},0,[],{},0,[],"<自動>
このメンバーが登場か、エリアを移動するたび、ライブ終了時まで、
<(ブレード)>
<(ブレード)>
を得る。
(対戦相手のカードの効果でも発動する。)",HAS_TEXT,0,"{""hearts"": {}, ""blade_mentions"": [], ""tags"": [], ""blade_icon_n"": 2, ""energy_icon_n"": 0, ""all_heart_n"": 0, ""score_delta_icon"": 0, ""unknown_tags"": []}",2,0,0,0,0,"{""draw"": 0, ""score"": 0, ""colorless"": 0}",0,0,0,,
PL!SP-pb1-007,米女メイ,PL!SP-pb1-007 米女メイ - ラブライブ！シリーズ オフィシャルカードゲーム(ラブカ) 非公式 Wiki*,メンバー,ラブライブ！スーパースター!!,Liella!,CatChu!,4.0,1.0,なし,<赤> 2,,,"<ライブ開始時>
エネルギーを2枚アクティブにする。",https://wikiwiki.jp/llocardgame/PL%21SP-pb1-007%20%E7%B1%B3%E5%A5%B3%E3%83%A1%E3%82%A4,MEMBER,{},0,[],{},0,[],{},0,[],"<ライブ開始時>
エネルギーを2枚アクティブにする。",HAS_TEXT,0,"{""hearts"": {}, ""blade_mentions"": [], ""blade_icon_n"": 0, ""energy_icon_n"": 0, ""all_heart_n"": 0, ""score_delta_icon"": 0, ""unknown_tags"": [], ""tags"": []}",0,0,0,0,0,"{""draw"": 0, ""score"": 0, ""colorless"": 0}",0,0,0,,
PL!SP-pb1-008,若菜四季,PL!SP-pb1-008 若菜四季 - ラブライブ！シリーズ オフィシャルカードゲーム(ラブカ) 非公式 Wiki*,メンバー,ラブライブ！スーパースター!!,Liella!,5yncri5e!,15.0,5.0,<紫>,<赤> 3 <紫> 3,,,"<登場>
カードを1枚引く。その後、登場したエリアとは別の自分のエリア1つを選ぶ。このメンバーをそのエリアに移動する。選んだエリアにメンバーがいる場合、そのメンバーは、このメンバーがいたエリアに移動させる。",https://wikiwiki.jp/llocardgame/PL%21SP-pb1-008%20%E8%8B%A5%E8%8F%9C%E5%9B%9B%E5%AD%A3,MEMBER,{},0,[],{},0,[],"{""purple"": 1}",1,[],"<登場>
カードを1枚引く。その後、登場したエリアとは別の自分のエリア1つを選ぶ。このメンバーをそのエリアに移動する。選んだエリアにメンバーがいる場合、そのメンバーは、このメンバーがいたエリアに移動させる。",HAS_TEXT,0,"{""hearts"": {}, ""blade_mentions"": [], ""blade_icon_n"": 0, ""energy_icon_n"": 0, ""all_heart_n"": 0, ""score_delta_icon"": 0, ""unknown_tags"": [], ""tags"": []}",0,0,0,0,0,"{""draw"": 0, ""score"": 0, ""colorless"": 0}",0,0,0,,
PL!SP-pb1-009,鬼塚夏美,PL!SP-pb1-009 鬼塚夏美 - ラブライブ！シリーズ オフィシャルカードゲーム(ラブカ) 非公式 Wiki*,メンバー,ラブライブ！スーパースター!!,Liella!,5yncri5e!,2.0,1.0,なし,<紫> 1,,,"<登場>
自分のステージにほかの『5yncri5e!』のメンバーがいる場合、カードを1枚引く。",https://wikiwiki.jp/llocardgame/PL%21SP-pb1-009%20%E9%AC%BC%E5%A1%9A%E5%A4%8F%E7%BE%8E,MEMBER,{},0,[],{},0,[],{},0,[],"<登場>
自分のステージにほかの『5yncri5e!』のメンバーがいる場合、カードを1枚引く。",HAS_TEXT,0,"{""hearts"": {}, ""blade_mentions"": [], ""blade_icon_n"": 0, ""energy_icon_n"": 0, ""all_heart_n"": 0, ""score_delta_icon"": 0, ""unknown_tags"": [], ""tags"": []}",0,0,0,0,0,"{""draw"": 0, ""score"": 0, ""colorless"": 0}",0,0,0,,
PL!SP-pb1-010,ウィーン・マルガレーテ,PL!SP-pb1-010 ウィーン・マルガレーテ - ラブライブ！シリーズ オフィシャルカードゲーム(ラブカ) 非公式 Wiki*,メンバー,ラブライブ！スーパースター!!,Liella!,KALEIDOSCORE,4.0,1.0,なし,<紫> 2,,,"<常時>
自分のエネルギーが10枚以上ある場合、ステージにいるこのメンバーのコストを+4する。",https://wikiwiki.jp/llocardgame/PL%21SP-pb1-010%20%E3%82%A6%E3%82%A3%E3%83%BC%E3%83%B3%E3%83%BB%E3%83%9E%E3%83%AB%E3%82%AC%E3%83%AC%E3%83%BC%E3%83%86,MEMBER,{},0,[],{},0,[],{},0,[],"<常時>
自分のエネルギーが10枚以上ある場合、ステージにいるこのメンバーのコストを+4する。",HAS_TEXT,0,"{""hearts"": {}, ""blade_mentions"": [], ""blade_icon_n"": 0, ""energy_icon_n"": 0, ""all_heart_n"": 0, ""score_delta_icon"": 0, ""unknown_tags"": [], ""tags"": []}",0,0,0,0,0,"{""draw"": 0, ""score"": 0, ""colorless"": 0}",0,0,0,,
PL!SP-pb1-011,鬼塚冬毬,PL!SP-pb1-011 鬼塚冬毬 - ラブライブ！シリーズ オフィシャルカードゲーム(ラブカ) 非公式 Wiki*,メンバー,ラブライブ！スーパースター!!,Liella!,5yncri5e!,13.0,3.0,<黄>,<赤> 2 <黄> 2 <紫> 2,,,"<登場>
「鬼塚冬毬」以外の『Liella!』のメンバー1人をステージから控え室に置いてもよい：自分の控え室から、これにより控え室に置いたメンバーカードを1枚、そのメンバーがいたエリアに登場させる。",https://wikiwiki.jp/llocardgame/PL%21SP-pb1-011%20%E9%AC%BC%E5%A1%9A%E5%86%AC%E6%AF%AC,MEMBER,{},0,[],{},0,[],"{""yellow"": 1}",1,[],"<登場>
「鬼塚冬毬」以外の『Liella!』のメンバー1人をステージから控え室に置いてもよい：自分の控え室から、これにより控え室に置いたメンバーカードを1枚、そのメンバーがいたエリアに登場させる。",HAS_TEXT,0,"{""hearts"": {}, ""blade_mentions"": [], ""blade_icon_n"": 0, ""energy_icon_n"": 0, ""all_heart_n"": 0, ""score_delta_icon"": 0, ""unknown_tags"": [], ""tags"": []}",0,0,0,0,0,"{""draw"": 0, ""score"": 0, ""colorless"": 0}",0,0,0,,
PL!SP-pb1-012,澁谷かのん,PL!SP-pb1-012 澁谷かのん - ラブライブ！シリーズ オフィシャルカードゲーム(ラブカ) 非公式 Wiki*,メンバー,ラブライブ！スーパースター!!,Liella!,CatChu!,5.0,1.0,なし,<赤> 3,,,(なし),https://wikiwiki.jp/llocardgame/PL%21SP-pb1-012%20%E6%BE%81%E8%B0%B7%E3%81%8B%E3%81%AE%E3%82%93,MEMBER,{},0,[],{},0,[],{},0,[],(なし),NO_ABILITY,1,"{""hearts"": {}, ""blade_mentions"": [], ""blade_icon_n"": 0, ""energy_icon_n"": 0, ""all_heart_n"": 0, ""score_delta_icon"": 0, ""unknown_tags"": [], ""tags"": []}",0,0,0,0,0,"{""draw"": 0, ""score"": 0, ""colorless"": 0}",0,0,0,,
PL!SP-pb1-013,唐可可,PL!SP-pb1-013 唐可可 - ラブライブ！シリーズ オフィシャルカードゲーム(ラブカ) 非公式 Wiki*,メンバー,ラブライブ！スーパースター!!,Liella!,KALEIDOSCORE,5.0,1.0,なし,<紫> 3,,,(なし),https://wikiwiki.jp/llocardgame/PL%21SP-pb1-013%20%E5%94%90%E5%8F%AF%E5%8F%AF,MEMBER,{},0,[],{},0,[],{},0,[],(なし),NO_ABILITY,1,"{""hearts"": {}, ""blade_mentions"": [], ""blade_icon_n"": 0, ""energy_icon_n"": 0, ""all_heart_n"": 0, ""score_delta_icon"": 0, ""unknown_tags"": [], ""tags"": []}",0,0,0,0,0,"{""draw"": 0, ""score"": 0, ""colorless"": 0}",0,0,0,,
PL!SP-pb1-014,嵐千砂都,PL!SP-pb1-014 嵐千砂都 - ラブライブ！シリーズ オフィシャルカードゲーム(ラブカ) 非公式 Wiki*,メンバー,ラブライブ！スーパースター!!,Liella!,5yncri5e!,2.0,2.0,<赤>,<紫> 1,,,(なし),https://wikiwiki.jp/llocardgame/PL%21SP-pb1-014%20%E5%B5%90%E5%8D%83%E7%A0%82%E9%83%BD,MEMBER,{},0,[],{},0,[],"{""red"": 1}",1,[],(なし),NO_ABILITY,1,"{""hearts"": {}, ""blade_mentions"": [], ""blade_icon_n"": 0, ""energy_icon_n"": 0, ""all_heart_n"": 0, ""score_delta_icon"": 0, ""unknown_tags"": [], ""tags"": []}",0,0,0,0,0,"{""draw"": 0, ""score"": 0, ""colorless"": 0}",0,0,0,,
PL!SP-pb1-015,平安名すみれ,PL!SP-pb1-015 平安名すみれ - ラブライブ！シリーズ オフィシャルカードゲーム(ラブカ) 非公式 Wiki*,メンバー,ラブライブ！スーパースター!!,Liella!,CatChu!,4.0,2.0,なし,<赤> 1,,,"<登場>
手札を1枚控え室に置いてもよい：自分のデッキの上からカードを5枚見る。その中から『CatChu!』のカードを1枚公開して手札に加えてもよい。残りを控え室に置く。",https://wikiwiki.jp/llocardgame/PL%21SP-pb1-015%20%E5%B9%B3%E5%AE%89%E5%90%8D%E3%81%99%E3%81%BF%E3%82%8C,MEMBER,{},0,[],{},0,[],{},0,[],"<登場>
手札を1枚控え室に置いてもよい：自分のデッキの上からカードを5枚見る。その中から『CatChu!』のカードを1枚公開して手札に加えてもよい。残りを控え室に置く。",HAS_TEXT,0,"{""hearts"": {}, ""blade_mentions"": [], ""blade_icon_n"": 0, ""energy_icon_n"": 0, ""all_heart_n"": 0, ""score_delta_icon"": 0, ""unknown_tags"": [], ""tags"": []}",0,0,0,0,0,"{""draw"": 0, ""score"": 0, ""colorless"": 0}",0,0,0,,
PL!SP-pb1-016,葉月恋,PL!SP-pb1-016 葉月恋 - ラブライブ！シリーズ オフィシャルカードゲーム(ラブカ) 非公式 Wiki*,メンバー,ラブライブ！スーパースター!!,Liella!,KALEIDOSCORE,4.0,2.0,なし,<紫> 1,,,"<登場>
手札を1枚控え室に置いてもよい：自分のデッキの上からカードを5枚見る。その中から『KALEIDOSCORE』のカードを1枚公開して手札に加えてもよい。残りを控え室に置く。",https://wikiwiki.jp/llocardgame/PL%21SP-pb1-016%20%E8%91%89%E6%9C%88%E6%81%8B,MEMBER,{},0,[],{},0,[],{},0,[],"<登場>
手札を1枚控え室に置いてもよい：自分のデッキの上からカードを5枚見る。その中から『KALEIDOSCORE』のカードを1枚公開して手札に加えてもよい。残りを控え室に置く。",HAS_TEXT,0,"{""hearts"": {}, ""blade_mentions"": [], ""blade_icon_n"": 0, ""energy_icon_n"": 0, ""all_heart_n"": 0, ""score_delta_icon"": 0, ""unknown_tags"": [], ""tags"": []}",0,0,0,0,0,"{""draw"": 0, ""score"": 0, ""colorless"": 0}",0,0,0,,
PL!SP-pb1-017,桜小路きな子,PL!SP-pb1-017 桜小路きな子 - ラブライブ！シリーズ オフィシャルカードゲーム(ラブカ) 非公式 Wiki*,メンバー,ラブライブ！スーパースター!!,Liella!,5yncri5e!,4.0,2.0,なし,<黄> 1,,,"<登場>
手札を1枚控え室に置いてもよい：自分のデッキの上からカードを5枚見る。その中から『5yncri5e!』のカードを1枚公開して手札に加えてもよい。残りを控え室に置く。",https://wikiwiki.jp/llocardgame/PL%21SP-pb1-017%20%E6%A1%9C%E5%B0%8F%E8%B7%AF%E3%81%8D%E3%81%AA%E5%AD%90,MEMBER,{},0,[],{},0,[],{},0,[],"<登場>
手札を1枚控え室に置いてもよい：自分のデッキの上からカードを5枚見る。その中から『5yncri5e!』のカードを1枚公開して手札に加えてもよい。残りを控え室に置く。",HAS_TEXT,0,"{""hearts"": {}, ""blade_mentions"": [], ""blade_icon_n"": 0, ""energy_icon_n"": 0, ""all_heart_n"": 0, ""score_delta_icon"": 0, ""unknown_tags"": [], ""tags"": []}",0,0,0,0,0,"{""draw"": 0, ""score"": 0, ""colorless"": 0}",0,0,0,,
PL!SP-pb1-018,米女メイ,PL!SP-pb1-018 米女メイ - ラブライブ！シリーズ オフィシャルカードゲーム(ラブカ) 非公式 Wiki*,メンバー,ラブライブ！スーパースター!!,Liella!,CatChu!,2.0,1.0,<赤>,<赤> 1,,,"<起動>
このメンバーをステージから控え室に置く：自分の控え室からライブカードを1枚手札に加える。",https://wikiwiki.jp/llocardgame/PL%21SP-pb1-018%20%E7%B1%B3%E5%A5%B3%E3%83%A1%E3%82%A4,MEMBER,{},0,[],{},0,[],"{""red"": 1}",1,[],"<起動>
このメンバーをステージから控え室に置く：自分の控え室からライブカードを1枚手札に加える。",HAS_TEXT,0,"{""hearts"": {}, ""blade_mentions"": [], ""blade_icon_n"": 0, ""energy_icon_n"": 0, ""all_heart_n"": 0, ""score_delta_icon"": 0, ""unknown_tags"": [], ""tags"": []}",0,0,0,0,0,"{""draw"": 0, ""score"": 0, ""colorless"": 0}",0,0,0,,
PL!SP-pb1-019,若菜四季,PL!SP-pb1-019 若菜四季 - ラブライブ！シリーズ オフィシャルカードゲーム(ラブカ) 非公式 Wiki*,メンバー,ラブライブ！スーパースター!!,Liella!,5yncri5e!,4.0,2.0,<赤>,<赤> 1 <紫> 1,,,(なし),https://wikiwiki.jp/llocardgame/PL%21SP-pb1-019%20%E8%8B%A5%E8%8F%9C%E5%9B%9B%E5%AD%A3,MEMBER,{},0,[],{},0,[],"{""red"": 1}",1,[],(なし),NO_ABILITY,1,"{""hearts"": {}, ""blade_mentions"": [], ""blade_icon_n"": 0, ""energy_icon_n"": 0, ""all_heart_n"": 0, ""score_delta_icon"": 0, ""unknown_tags"": [], ""tags"": []}",0,0,0,0,0,"{""draw"": 0, ""score"": 0, ""colorless"": 0}",0,0,0,,
PL!SP-pb1-020,鬼塚夏美,PL!SP-pb1-020 鬼塚夏美 - ラブライブ！シリーズ オフィシャルカードゲーム(ラブカ) 非公式 Wiki*,メンバー,ラブライブ！スーパースター!!,Liella!,5yncri5e!,4.0,1.0,なし,<赤> 1 <紫> 1,,,"<自動>
このメンバーがエリアを移動するたび、カードを1枚引く。
(対戦相手のカードの効果でも発動する。)",https://wikiwiki.jp/llocardgame/PL%21SP-pb1-020%20%E9%AC%BC%E5%A1%9A%E5%A4%8F%E7%BE%8E,MEMBER,{},0,[],{},0,[],{},0,[],"<自動>
このメンバーがエリアを移動するたび、カードを1枚引く。
(対戦相手のカードの効果でも発動する。)",HAS_TEXT,0,"{""hearts"": {}, ""blade_mentions"": [], ""blade_icon_n"": 0, ""energy_icon_n"": 0, ""all_heart_n"": 0, ""score_delta_icon"": 0, ""unknown_tags"": [], ""tags"": []}",0,0,0,0,0,"{""draw"": 0, ""score"": 0, ""colorless"": 0}",0,0,0,,
PL!SP-pb1-021,ウィーン・マルガレーテ,PL!SP-pb1-021 ウィーン・マルガレーテ - ラブライブ！シリーズ オフィシャルカードゲーム(ラブカ) 非公式 Wiki*,メンバー,ラブライブ！スーパースター!!,Liella!,KALEIDOSCORE,2.0,1.0,<紫>,<紫> 1,,,"<起動>
このメンバーをステージから控え室に置く：自分の控え室からメンバーカードを1枚手札に加える。",https://wikiwiki.jp/llocardgame/PL%21SP-pb1-021%20%E3%82%A6%E3%82%A3%E3%83%BC%E3%83%B3%E3%83%BB%E3%83%9E%E3%83%AB%E3%82%AC%E3%83%AC%E3%83%BC%E3%83%86,MEMBER,{},0,[],{},0,[],"{""purple"": 1}",1,[],"<起動>
このメンバーをステージから控え室に置く：自分の控え室からメンバーカードを1枚手札に加える。",HAS_TEXT,0,"{""hearts"": {}, ""blade_mentions"": [], ""blade_icon_n"": 0, ""energy_icon_n"": 0, ""all_heart_n"": 0, ""score_delta_icon"": 0, ""unknown_tags"": [], ""tags"": []}",0,0,0,0,0,"{""draw"": 0, ""score"": 0, ""colorless"": 0}",0,0,0,,
PL!SP-pb1-022,鬼塚冬毬,PL!SP-pb1-022 鬼塚冬毬 - ラブライブ！シリーズ オフィシャルカードゲーム(ラブカ) 非公式 Wiki*,メンバー,ラブライブ！スーパースター!!,Liella!,5yncri5e!,5.0,1.0,なし,<赤> 2 <紫> 1,,,(なし),https://wikiwiki.jp/llocardgame/PL%21SP-pb1-022%20%E9%AC%BC%E5%A1%9A%E5%86%AC%E6%AF%AC,MEMBER,{},0,[],{},0,[],{},0,[],(なし),NO_ABILITY,1,"{""hearts"": {}, ""blade_mentions"": [], ""blade_icon_n"": 0, ""energy_icon_n"": 0, ""all_heart_n"": 0, ""score_delta_icon"": 0, ""unknown_tags"": [], ""tags"": []}",0,0,0,0,0,"{""draw"": 0, ""score"": 0, ""colorless"": 0}",0,0,0,,
PL!SP-pb1-023,ディストーション,PL!SP-pb1-023 ディストーション - ラブライブ！シリーズ オフィシャルカードゲーム(ラブカ) 非公式 Wiki*,ライブ,ラブライブ！スーパースター!!,Liella!,CatChu!,,,<ALL>,,<赤> 4 <任意> 4 (合計8),3.0,"<ライブ開始時>
自分のステージに名前の異なる『CatChu!』のメンバーが2人以上いる場合、エネルギーを6枚までアクティブにする。その後、自分のエネルギーがすべてアクティブ状態の場合、このカードのスコアを+1する。",https://wikiwiki.jp/llocardgame/PL%21SP-pb1-023%20%E3%83%87%E3%82%A3%E3%82%B9%E3%83%88%E3%83%BC%E3%82%B7%E3%83%A7%E3%83%B3,LIVE,{},0,[],{},8,[],"{""all"": 1}",1,[],"<ライブ開始時>
自分のステージに名前の異なる『CatChu!』のメンバーが2人以上いる場合、エネルギーを6枚までアクティブにする。その後、自分のエネルギーがすべてアクティブ状態の場合、このカードのスコアを+1する。",HAS_TEXT,0,"{""hearts"": {}, ""blade_mentions"": [], ""blade_icon_n"": 0, ""energy_icon_n"": 0, ""all_heart_n"": 0, ""score_delta_icon"": 0, ""unknown_tags"": [], ""tags"": []}",0,0,0,0,0,"{""draw"": 0, ""score"": 0, ""colorless"": 0}",0,0,0,,
PL!SP-pb1-024,ニュートラル,PL!SP-pb1-024 ニュートラル - ラブライブ！シリーズ オフィシャルカードゲーム(ラブカ) 非公式 Wiki*,ライブ,ラブライブ！スーパースター!!,Liella!,KALEIDOSCORE,,,<紫> <ドロー+1>,,<紫> 8 <任意> 7 (合計15),6.0,"<ライブ開始時>
自分のステージに名前の異なる『KALEIDOSCORE』のメンバーが2人以上いる場合、このカードのスコアを+1する。",https://wikiwiki.jp/llocardgame/PL%21SP-pb1-024%20%E3%83%8B%E3%83%A5%E3%83%BC%E3%83%88%E3%83%A9%E3%83%AB,LIVE,{},0,[],{},15,[],"{""purple"": 1}",1,[],"<ライブ開始時>
自分のステージに名前の異なる『KALEIDOSCORE』のメンバーが2人以上いる場合、このカードのスコアを+1する。",HAS_TEXT,0,"{""hearts"": {}, ""blade_mentions"": [], ""blade_icon_n"": 0, ""energy_icon_n"": 0, ""all_heart_n"": 0, ""score_delta_icon"": 0, ""unknown_tags"": [], ""tags"": []}",0,0,0,0,0,"{""draw"": 1, ""score"": 0, ""colorless"": 0}",1,0,0,,
PL!SP-pb1-025,Jellyfish,PL!SP-pb1-025 Jellyfish - ラブライブ！シリーズ オフィシャルカードゲーム(ラブカ) 非公式 Wiki*,ライブ,ラブライブ！スーパースター!!,Liella!,5yncri5e!,,,<ALL>,,<赤> 4 <紫> 4 <任意> 6 (合計14),6.0,"<ライブ開始時>
自分のステージにいる、このターン中に登場、またはエリアを移動した『5yncri5e!』のメンバー1人につき、このカードを成功させるための必要ハートを
<任意>
減らす。",https://wikiwiki.jp/llocardgame/PL%21SP-pb1-025%20Jellyfish,LIVE,{},0,[],{},14,[],"{""all"": 1}",1,[],"<ライブ開始時>
自分のステージにいる、このターン中に登場、またはエリアを移動した『5yncri5e!』のメンバー1人につき、このカードを成功させるための必要ハートを
<任意>
減らす。",HAS_TEXT,0,"{""hearts"": {}, ""blade_mentions"": [], ""blade_icon_n"": 0, ""energy_icon_n"": 0, ""all_heart_n"": 0, ""score_delta_icon"": 0, ""unknown_tags"": [], ""tags"": []}",0,0,0,0,0,"{""draw"": 0, ""score"": 0, ""colorless"": 0}",0,0,0,,
PL!SP-pb1-026,Jump Into the New World,PL!SP-pb1-026 Jump Into the New World - ラブライブ！シリーズ オフィシャルカードゲーム(ラブカ) 非公式 Wiki*,ライブ,ラブライブ！スーパースター!!,Liella!,,,,<紫> <ドロー+1>,,<赤> 3 <紫> 3 <任意> 4 (合計10),4.0,(なし),https://wikiwiki.jp/llocardgame/PL%21SP-pb1-026%20Jump%20Into%20the%20New%20World,LIVE,{},0,[],{},10,[],"{""purple"": 1}",1,[],(なし),NO_ABILITY,1,"{""hearts"": {}, ""blade_mentions"": [], ""blade_icon_n"": 0, ""energy_icon_n"": 0, ""all_heart_n"": 0, ""score_delta_icon"": 0, ""unknown_tags"": [], ""tags"": []}",0,0,0,0,0,"{""draw"": 1, ""score"": 0, ""colorless"": 0}",1,0,0,,
PL!SP-pb2-000,嵐千砂都＆鬼塚夏美,PL!SP-pb2-000 嵐千砂都＆鬼塚夏美 - ラブライブ！シリーズ オフィシャルカードゲーム(ラブカ) 非公式 Wiki*,メンバー,ラブライブ！スーパースター!!,Liella!,,15.0,6.0,<黄>,<赤> 2 <黄> 1 <紫> 2,,,"<常時>
このカードのプレイに際し、2人のメンバーとバトンタッチしてもよい。
<登場>
バトンタッチして登場した場合、このバトンタッチによって控え室に置かれた『Liella!』のメンバーカード1枚につき、カードを1枚引く。ブレードハートを持たない『Liella!』のメンバーカード1枚につき、ライブ終了時まで、
<(ブレード)>
<(ブレード)>
を得る。",https://wikiwiki.jp/llocardgame/PL%21SP-pb2-000%20%E5%B5%90%E5%8D%83%E7%A0%82%E9%83%BD%EF%BC%86%E9%AC%BC%E5%A1%9A%E5%A4%8F%E7%BE%8E,MEMBER,{},0,[],{},0,[],"{""yellow"": 1}",1,[],"<常時>
このカードのプレイに際し、2人のメンバーとバトンタッチしてもよい。
<登場>
バトンタッチして登場した場合、このバトンタッチによって控え室に置かれた『Liella!』のメンバーカード1枚につき、カードを1枚引く。ブレードハートを持たない『Liella!』のメンバーカード1枚につき、ライブ終了時まで、
<(ブレード)>
<(ブレード)>
を得る。",HAS_TEXT,0,"{""hearts"": {}, ""blade_mentions"": [], ""tags"": [], ""blade_icon_n"": 2, ""energy_icon_n"": 0, ""all_heart_n"": 0, ""score_delta_icon"": 0, ""unknown_tags"": []}",2,0,0,0,0,"{""draw"": 0, ""score"": 0, ""colorless"": 0}",0,0,0,,
PL!SP-pb2-001,澁谷かのん,PL!SP-pb2-001 澁谷かのん - ラブライブ！シリーズ オフィシャルカードゲーム(ラブカ) 非公式 Wiki*,メンバー,ラブライブ！スーパースター!!,Liella!,CatChu!,15.0,5.0,なし,<赤> 3 <黄> 2 <紫> 2,,,"<登場>
手札を1枚控え室に置いてもよい：自分のデッキの上からカードを5枚見る。その中からコスト4以下の『Liella!』のメンバーカードを1枚まで公開する。そのカードを自分のステージのメンバーのいないエリアに登場させるか、手札に加える。残りを控え室に置く。",https://wikiwiki.jp/llocardgame/PL%21SP-pb2-001%20%E6%BE%81%E8%B0%B7%E3%81%8B%E3%81%AE%E3%82%93,MEMBER,{},0,[],{},0,[],{},0,[],"<登場>
手札を1枚控え室に置いてもよい：自分のデッキの上からカードを5枚見る。その中からコスト4以下の『Liella!』のメンバーカードを1枚まで公開する。そのカードを自分のステージのメンバーのいないエリアに登場させるか、手札に加える。残りを控え室に置く。",HAS_TEXT,0,"{""hearts"": {}, ""blade_mentions"": [], ""blade_icon_n"": 0, ""energy_icon_n"": 0, ""all_heart_n"": 0, ""score_delta_icon"": 0, ""unknown_tags"": [], ""tags"": []}",0,0,0,0,0,"{""draw"": 0, ""score"": 0, ""colorless"": 0}",0,0,0,,
PL!SP-pb2-002,唐可可,PL!SP-pb2-002 唐可可 - ラブライブ！シリーズ オフィシャルカードゲーム(ラブカ) 非公式 Wiki*,メンバー,ラブライブ！スーパースター!!,Liella!,KALEIDOSCORE,11.0,1.0,<紫>,<赤> 2 <黄> 1 <紫> 2,,,"<起動>
<ターン1回>
手札の『Liella!』のカードを1枚控え室に置く：以下から1つを選ぶ。これにより控え室に置いたカードがブレードハートを持たないメンバーカードの場合、代わりに1つ以上を選ぶ。
・自分のエネルギーデッキから、エネルギーカードを1枚ウェイト状態で置く。
・ライブ終了時まで、自分のステージにいるこのメンバー以外の『Liella!』のメンバー1人は、
<紫>
<紫>
を得る。",https://wikiwiki.jp/llocardgame/PL%21SP-pb2-002%20%E5%94%90%E5%8F%AF%E5%8F%AF,MEMBER,{},0,[],{},0,[],"{""purple"": 1}",1,[],"<起動>
<ターン1回>
手札の『Liella!』のカードを1枚控え室に置く：以下から1つを選ぶ。これにより控え室に置いたカードがブレードハートを持たないメンバーカードの場合、代わりに1つ以上を選ぶ。
・自分のエネルギーデッキから、エネルギーカードを1枚ウェイト状態で置く。
・ライブ終了時まで、自分のステージにいるこのメンバー以外の『Liella!』のメンバー1人は、
<紫>
<紫>
を得る。",HAS_TEXT,0,"{""hearts"": {}, ""blade_mentions"": [], ""blade_icon_n"": 0, ""energy_icon_n"": 0, ""all_heart_n"": 0, ""score_delta_icon"": 0, ""unknown_tags"": [], ""tags"": []}",0,0,0,0,0,"{""draw"": 0, ""score"": 0, ""colorless"": 0}",0,0,0,,
PL!SP-pb2-003,嵐千砂都,PL!SP-pb2-003 嵐千砂都 - ラブライブ！シリーズ オフィシャルカードゲーム(ラブカ) 非公式 Wiki*,メンバー,ラブライブ！スーパースター!!,Liella!,5yncri5e!,13.0,3.0,<紫>,<赤> 2 <黄> 2 <紫> 2,,,"<ライブ成功時>
このターン、自分の『Liella!』のカードの効果によってこのメンバーがエリアを移動していた場合、ライブの合計スコアを+1する。",https://wikiwiki.jp/llocardgame/PL%21SP-pb2-003%20%E5%B5%90%E5%8D%83%E7%A0%82%E9%83%BD,MEMBER,{},0,[],{},0,[],"{""purple"": 1}",1,[],"<ライブ成功時>
このターン、自分の『Liella!』のカードの効果によってこのメンバーがエリアを移動していた場合、ライブの合計スコアを+1する。",HAS_TEXT,0,"{""hearts"": {}, ""blade_mentions"": [], ""blade_icon_n"": 0, ""energy_icon_n"": 0, ""all_heart_n"": 0, ""score_delta_icon"": 0, ""unknown_tags"": [], ""tags"": []}",0,0,0,0,0,"{""draw"": 0, ""score"": 0, ""colorless"": 0}",0,0,0,,
PL!SP-pb2-004,平安名すみれ,PL!SP-pb2-004 平安名すみれ - ラブライブ！シリーズ オフィシャルカードゲーム(ラブカ) 非公式 Wiki*,メンバー,ラブライブ！スーパースター!!,Liella!,CatChu!,2.0,1.0,<赤>,<赤> 1,,,"<ライブ成功時>
自分のライブカード置き場の中に元々のスコアより高いスコアのライブカードがあるか、エールにより公開された自分のカードの中に
<スコア+1>
を持つライブカードがある場合、カードを1枚引く。",https://wikiwiki.jp/llocardgame/PL%21SP-pb2-004%20%E5%B9%B3%E5%AE%89%E5%90%8D%E3%81%99%E3%81%BF%E3%82%8C,MEMBER,{},0,[],{},0,[],"{""red"": 1}",1,[],"<ライブ成功時>
自分のライブカード置き場の中に元々のスコアより高いスコアのライブカードがあるか、エールにより公開された自分のカードの中に
<スコア+1>
を持つライブカードがある場合、カードを1枚引く。",HAS_TEXT,0,"{""hearts"": {}, ""blade_mentions"": [], ""blade_icon_n"": 0, ""energy_icon_n"": 0, ""all_heart_n"": 0, ""score_delta_icon"": 0, ""unknown_tags"": [], ""tags"": []}",0,0,0,0,0,"{""draw"": 0, ""score"": 0, ""colorless"": 0}",0,0,0,,
PL!SP-pb2-005,葉月恋,PL!SP-pb2-005 葉月恋 - ラブライブ！シリーズ オフィシャルカードゲーム(ラブカ) 非公式 Wiki*,メンバー,ラブライブ！スーパースター!!,Liella!,KALEIDOSCORE,20.0,6.0,<紫>,<赤> 3 <黄> 3 <紫> 3,,,"<登場>
バトンタッチして登場した場合、このバトンタッチで控え室に置かれた『Liella!』のメンバーカードを1枚、このメンバーの下に置く。
<常時>
このメンバーは、このメンバーの下に置かれている『Liella!』のメンバーカードが持つ
<起動>
能力をすべて得る。",https://wikiwiki.jp/llocardgame/PL%21SP-pb2-005%20%E8%91%89%E6%9C%88%E6%81%8B,MEMBER,{},0,[],{},0,[],"{""purple"": 1}",1,[],"<登場>
バトンタッチして登場した場合、このバトンタッチで控え室に置かれた『Liella!』のメンバーカードを1枚、このメンバーの下に置く。
<常時>
このメンバーは、このメンバーの下に置かれている『Liella!』のメンバーカードが持つ
<起動>
能力をすべて得る。",HAS_TEXT,0,"{""hearts"": {}, ""blade_mentions"": [], ""blade_icon_n"": 0, ""energy_icon_n"": 0, ""all_heart_n"": 0, ""score_delta_icon"": 0, ""unknown_tags"": [], ""tags"": []}",0,0,0,0,0,"{""draw"": 0, ""score"": 0, ""colorless"": 0}",0,0,0,,
PL!SP-pb2-006,桜小路きな子,PL!SP-pb2-006 桜小路きな子 - ラブライブ！シリーズ オフィシャルカードゲーム(ラブカ) 非公式 Wiki*,メンバー,ラブライブ！スーパースター!!,Liella!,5yncri5e!,2.0,0.0,<黄>,<黄> 1,,,"<常時>
このメンバーの下にある『Liella!』のメンバーカード1枚につき、このメンバーのコストを+1する。
<自動>
<ターン1回>
自分のライブが成功するか、このメンバーがエリアを移動したとき、自分の控室にある『Liella!』のメンバーカードを1枚、このメンバーの下に置く。",https://wikiwiki.jp/llocardgame/PL%21SP-pb2-006%20%E6%A1%9C%E5%B0%8F%E8%B7%AF%E3%81%8D%E3%81%AA%E5%AD%90,MEMBER,{},0,[],{},0,[],"{""yellow"": 1}",1,[],"<常時>
このメンバーの下にある『Liella!』のメンバーカード1枚につき、このメンバーのコストを+1する。
<自動>
<ターン1回>
自分のライブが成功するか、このメンバーがエリアを移動したとき、自分の控室にある『Liella!』のメンバーカードを1枚、このメンバーの下に置く。",HAS_TEXT,0,"{""hearts"": {}, ""blade_mentions"": [], ""blade_icon_n"": 0, ""energy_icon_n"": 0, ""all_heart_n"": 0, ""score_delta_icon"": 0, ""unknown_tags"": [], ""tags"": []}",0,0,0,0,0,"{""draw"": 0, ""score"": 0, ""colorless"": 0}",0,0,0,,
PL!SP-pb2-007,米女メイ,PL!SP-pb2-007 米女メイ - ラブライブ！シリーズ オフィシャルカードゲーム(ラブカ) 非公式 Wiki*,メンバー,ラブライブ！スーパースター!!,Liella!,CatChu!,11.0,5.0,<赤>,<赤> 1 <黄> 1 <紫> 1,,,"<ライブ成功時>
<(E)>
<(E)>
<(E)>
支払ってもよい：自分の控え室から『Liella!』のライブカードを1枚手札に加える。",https://wikiwiki.jp/llocardgame/PL%21SP-pb2-007%20%E7%B1%B3%E5%A5%B3%E3%83%A1%E3%82%A4,MEMBER,{},0,[],{},0,[],"{""red"": 1}",1,[],"<ライブ成功時>
<(E)>
<(E)>
<(E)>
支払ってもよい：自分の控え室から『Liella!』のライブカードを1枚手札に加える。",HAS_TEXT,0,"{""hearts"": {}, ""blade_mentions"": [], ""tags"": [], ""blade_icon_n"": 0, ""energy_icon_n"": 3, ""all_heart_n"": 0, ""score_delta_icon"": 0, ""unknown_tags"": []}",0,3,0,0,0,"{""draw"": 0, ""score"": 0, ""colorless"": 0}",0,0,0,,
PL!SP-pb2-008,若菜四季,PL!SP-pb2-008 若菜四季 - ラブライブ！シリーズ オフィシャルカードゲーム(ラブカ) 非公式 Wiki*,メンバー,ラブライブ！スーパースター!!,Liella!,5yncri5e!,17.0,17.0,なし,<赤> 2 <黄> 3 <紫> 2,,,"<ライブ成功時>
エールにより公開された自分のカードの中にあるブレードハートを持たない『Liella!』のメンバーカード2枚につき、ライブの合計スコアを+1する。この能力では合計スコアは2までしか増えない。",https://wikiwiki.jp/llocardgame/PL%21SP-pb2-008%20%E8%8B%A5%E8%8F%9C%E5%9B%9B%E5%AD%A3,MEMBER,{},0,[],{},0,[],{},0,[],"<ライブ成功時>
エールにより公開された自分のカードの中にあるブレードハートを持たない『Liella!』のメンバーカード2枚につき、ライブの合計スコアを+1する。この能力では合計スコアは2までしか増えない。",HAS_TEXT,0,"{""hearts"": {}, ""blade_mentions"": [], ""tags"": [""(ライブ成功時)""], ""blade_icon_n"": 0, ""energy_icon_n"": 0, ""all_heart_n"": 0, ""score_delta_icon"": 0, ""unknown_tags"": [""(ライブ成功時)""]}",0,0,0,0,1,"{""draw"": 0, ""score"": 0, ""colorless"": 0}",0,0,0,1.0,"20260715 local manual correction: source page/card image audit indicates PL!SP-pb2-008 timing is ライブ成功時, not ライブ開始時."
PL!SP-pb2-009,鬼塚夏美,PL!SP-pb2-009 鬼塚夏美 - ラブライブ！シリーズ オフィシャルカードゲーム(ラブカ) 非公式 Wiki*,メンバー,ラブライブ！スーパースター!!,Liella!,5yncri5e!,13.0,3.0,<紫>,<赤> 2 <黄> 2 <紫> 2,,,"<登場>
/
<ライブ開始時>
『Liella!』のメンバー1人をウェイトにしてもよい：相手のステージにいる元々持つ
<(ブレード)>
の数がこれよりウェイトにしたメンバーが元々持つ
<(ブレード)>
の数より2つ以上少ないメンバー1人をウェイトにする。
（ウェイト状態のメンバーが持つ
<(ブレード)>
は、エールで公開する枚数を増やさない。）",https://wikiwiki.jp/llocardgame/PL%21SP-pb2-009%20%E9%AC%BC%E5%A1%9A%E5%A4%8F%E7%BE%8E,MEMBER,{},0,[],{},0,[],"{""purple"": 1}",1,[],"<登場>
/
<ライブ開始時>
『Liella!』のメンバー1人をウェイトにしてもよい：相手のステージにいる元々持つ
<(ブレード)>
の数がこれよりウェイトにしたメンバーが元々持つ
<(ブレード)>
の数より2つ以上少ないメンバー1人をウェイトにする。
（ウェイト状態のメンバーが持つ
<(ブレード)>
は、エールで公開する枚数を増やさない。）",HAS_TEXT,0,"{""hearts"": {}, ""blade_mentions"": [], ""tags"": [], ""blade_icon_n"": 3, ""energy_icon_n"": 0, ""all_heart_n"": 0, ""score_delta_icon"": 0, ""unknown_tags"": []}",3,0,0,0,0,"{""draw"": 0, ""score"": 0, ""colorless"": 0}",0,0,0,,
PL!SP-pb2-010,ウィーン・マルガレーテ,PL!SP-pb2-010 ウィーン・マルガレーテ - ラブライブ！シリーズ オフィシャルカードゲーム(ラブカ) 非公式 Wiki*,メンバー,ラブライブ！スーパースター!!,Liella!,KALEIDOSCORE,11.0,5.0,<紫>,<赤> 1 <黄> 1 <紫> 1,,,"<ライブ開始時>
手札を1枚控え室に置かないかぎり、自分のエネルギー1枚をエネルギーデッキに置く。
<ライブ成功時>
以下から1つ選ぶ。
・カードを2枚引く。
・自分のエネルギーデッキから、エネルギーカードを1枚ウェイト状態で置く。",https://wikiwiki.jp/llocardgame/PL%21SP-pb2-010%20%E3%82%A6%E3%82%A3%E3%83%BC%E3%83%B3%E3%83%BB%E3%83%9E%E3%83%AB%E3%82%AC%E3%83%AC%E3%83%BC%E3%83%86,MEMBER,{},0,[],{},0,[],"{""purple"": 1}",1,[],"<ライブ開始時>
手札を1枚控え室に置かないかぎり、自分のエネルギー1枚をエネルギーデッキに置く。
<ライブ成功時>
以下から1つ選ぶ。
・カードを2枚引く。
・自分のエネルギーデッキから、エネルギーカードを1枚ウェイト状態で置く。",HAS_TEXT,0,"{""hearts"": {}, ""blade_mentions"": [], ""blade_icon_n"": 0, ""energy_icon_n"": 0, ""all_heart_n"": 0, ""score_delta_icon"": 0, ""unknown_tags"": [], ""tags"": []}",0,0,0,0,0,"{""draw"": 0, ""score"": 0, ""colorless"": 0}",0,0,0,,
PL!SP-pb2-011,鬼塚冬毬,PL!SP-pb2-011 鬼塚冬毬 - ラブライブ！シリーズ オフィシャルカードゲーム(ラブカ) 非公式 Wiki*,メンバー,ラブライブ！スーパースター!!,Liella!,5yncri5e!,13.0,4.0,なし,<赤> 2 <黄> 2 <紫> 2,,,"<自動>
<ターン1回>
自分のステージのセンターエリアにいるメンバーがエリアを移動したとき、以下から1つを得る。
・ライブ終了時まで、
<(ブレード)>
<(ブレード)>
を得る。
・相手のステージにいる元々持つ
<(ブレード)>
の数が2つ以下のメンバー1人をウェイトにする。
・カードを1枚引く。
<ライブ開始時>
このメンバーをポジションチェンジしてもよい。",https://wikiwiki.jp/llocardgame/PL%21SP-pb2-011%20%E9%AC%BC%E5%A1%9A%E5%86%AC%E6%AF%AC,MEMBER,{},0,[],{},0,[],{},0,[],"<自動>
<ターン1回>
自分のステージのセンターエリアにいるメンバーがエリアを移動したとき、以下から1つを得る。
・ライブ終了時まで、
<(ブレード)>
<(ブレード)>
を得る。
・相手のステージにいる元々持つ
<(ブレード)>
の数が2つ以下のメンバー1人をウェイトにする。
・カードを1枚引く。
<ライブ開始時>
このメンバーをポジションチェンジしてもよい。",HAS_TEXT,0,"{""hearts"": {}, ""blade_mentions"": [], ""tags"": [], ""blade_icon_n"": 3, ""energy_icon_n"": 0, ""all_heart_n"": 0, ""score_delta_icon"": 0, ""unknown_tags"": []}",3,0,0,0,0,"{""draw"": 0, ""score"": 0, ""colorless"": 0}",0,0,0,,
PL!SP-pb2-012,澁谷かのん,PL!SP-pb2-012 澁谷かのん - ラブライブ！シリーズ オフィシャルカードゲーム(ラブカ) 非公式 Wiki*,メンバー,ラブライブ！スーパースター!!,Liella!,CatChu!,2.0,1.0,<赤>,<赤> 1,,,"<起動>
このメンバーをステージから控え室に置く：自分の控え室からライブカードを1枚手札に加える。",https://wikiwiki.jp/llocardgame/PL%21SP-pb2-012%20%E6%BE%81%E8%B0%B7%E3%81%8B%E3%81%AE%E3%82%93,MEMBER,{},0,[],{},0,[],"{""red"": 1}",1,[],"<起動>
このメンバーをステージから控え室に置く：自分の控え室からライブカードを1枚手札に加える。",HAS_TEXT,0,"{""hearts"": {}, ""blade_mentions"": [], ""blade_icon_n"": 0, ""energy_icon_n"": 0, ""all_heart_n"": 0, ""score_delta_icon"": 0, ""unknown_tags"": [], ""tags"": []}",0,0,0,0,0,"{""draw"": 0, ""score"": 0, ""colorless"": 0}",0,0,0,,
PL!SP-pb2-013,唐可可,PL!SP-pb2-013 唐可可 - ラブライブ！シリーズ オフィシャルカードゲーム(ラブカ) 非公式 Wiki*,メンバー,ラブライブ！スーパースター!!,Liella!,KALEIDOSCORE,10.0,2.0,なし,<赤> 1 <黄> 1 <紫> 1,,,"<登場>
手札の『KALEIDOSCORE』のカードを1枚控え室に置いてもよい：自分のエネルギーデッキから、エネルギーカードを1枚ウェイト状態で置く。これにより控え室に置いたカードがブレードハートを持たない場合、カードを1枚引く。",https://wikiwiki.jp/llocardgame/PL%21SP-pb2-013%20%E5%94%90%E5%8F%AF%E5%8F%AF,MEMBER,{},0,[],{},0,[],{},0,[],"<登場>
手札の『KALEIDOSCORE』のカードを1枚控え室に置いてもよい：自分のエネルギーデッキから、エネルギーカードを1枚ウェイト状態で置く。これにより控え室に置いたカードがブレードハートを持たない場合、カードを1枚引く。",HAS_TEXT,0,"{""hearts"": {}, ""blade_mentions"": [], ""blade_icon_n"": 0, ""energy_icon_n"": 0, ""all_heart_n"": 0, ""score_delta_icon"": 0, ""unknown_tags"": [], ""tags"": []}",0,0,0,0,0,"{""draw"": 0, ""score"": 0, ""colorless"": 0}",0,0,0,,
PL!SP-pb2-014,嵐千砂都,PL!SP-pb2-014 嵐千砂都 - ラブライブ！シリーズ オフィシャルカードゲーム(ラブカ) 非公式 Wiki*,メンバー,ラブライブ！スーパースター!!,Liella!,5yncri5e!,11.0,4.0,<赤>,<赤> 2 <黄> 1 <紫> 1,,,"<登場>
自分のステージにいるメンバーが『5yncri5e!』のみの場合、自分のステージにいるメンバーをフォーメーションチェンジしてもよい。
（メンバーをそれぞれ好きなエリアに移動させてもよい。）",https://wikiwiki.jp/llocardgame/PL%21SP-pb2-014%20%E5%B5%90%E5%8D%83%E7%A0%82%E9%83%BD,MEMBER,{},0,[],{},0,[],"{""red"": 1}",1,[],"<登場>
自分のステージにいるメンバーが『5yncri5e!』のみの場合、自分のステージにいるメンバーをフォーメーションチェンジしてもよい。
（メンバーをそれぞれ好きなエリアに移動させてもよい。）",HAS_TEXT,0,"{""hearts"": {}, ""blade_mentions"": [], ""blade_icon_n"": 0, ""energy_icon_n"": 0, ""all_heart_n"": 0, ""score_delta_icon"": 0, ""unknown_tags"": [], ""tags"": []}",0,0,0,0,0,"{""draw"": 0, ""score"": 0, ""colorless"": 0}",0,0,0,,
PL!SP-pb2-015,平安名すみれ,PL!SP-pb2-015 平安名すみれ - ラブライブ！シリーズ オフィシャルカードゲーム(ラブカ) 非公式 Wiki*,メンバー,ラブライブ！スーパースター!!,Liella!,CatChu!,13.0,4.0,<赤>,<赤> 3 <黄> 1 <紫> 1,,,"<登場>
手札を1枚控え室に置いてもよい：自分の控え室から『CatChu!』のカードを1枚手札に加える。",https://wikiwiki.jp/llocardgame/PL%21SP-pb2-015%20%E5%B9%B3%E5%AE%89%E5%90%8D%E3%81%99%E3%81%BF%E3%82%8C,MEMBER,{},0,[],{},0,[],"{""red"": 1}",1,[],"<登場>
手札を1枚控え室に置いてもよい：自分の控え室から『CatChu!』のカードを1枚手札に加える。",HAS_TEXT,0,"{""hearts"": {}, ""blade_mentions"": [], ""blade_icon_n"": 0, ""energy_icon_n"": 0, ""all_heart_n"": 0, ""score_delta_icon"": 0, ""unknown_tags"": [], ""tags"": []}",0,0,0,0,0,"{""draw"": 0, ""score"": 0, ""colorless"": 0}",0,0,0,,
PL!SP-pb2-016,葉月恋,PL!SP-pb2-016 葉月恋 - ラブライブ！シリーズ オフィシャルカードゲーム(ラブカ) 非公式 Wiki*,メンバー,ラブライブ！スーパースター!!,Liella!,KALEIDOSCORE,2.0,1.0,<紫>,<紫> 1,,,"<起動>
このメンバーをステージから控え室に置く：自分の控え室からライブカードを1枚手札に加える。",https://wikiwiki.jp/llocardgame/PL%21SP-pb2-016%20%E8%91%89%E6%9C%88%E6%81%8B,MEMBER,{},0,[],{},0,[],"{""purple"": 1}",1,[],"<起動>
このメンバーをステージから控え室に置く：自分の控え室からライブカードを1枚手札に加える。",HAS_TEXT,0,"{""hearts"": {}, ""blade_mentions"": [], ""blade_icon_n"": 0, ""energy_icon_n"": 0, ""all_heart_n"": 0, ""score_delta_icon"": 0, ""unknown_tags"": [], ""tags"": []}",0,0,0,0,0,"{""draw"": 0, ""score"": 0, ""colorless"": 0}",0,0,0,,
PL!SP-pb2-017,桜小路きな子,PL!SP-pb2-017 桜小路きな子 - ラブライブ！シリーズ オフィシャルカードゲーム(ラブカ) 非公式 Wiki*,メンバー,ラブライブ！スーパースター!!,Liella!,5yncri5e!,7.0,1.0,なし,<赤> 1 <黄> 1 <紫> 1,,,"<登場>
手札を1枚控え室に置いてもよい：自分のデッキの上からカードを5枚見る。その中から『Liella!』のメンバーカードを1枚公開して手札に加えてもよい。残りを控え室に置く。",https://wikiwiki.jp/llocardgame/PL%21SP-pb2-017%20%E6%A1%9C%E5%B0%8F%E8%B7%AF%E3%81%8D%E3%81%AA%E5%AD%90,MEMBER,{},0,[],{},0,[],{},0,[],"<登場>
手札を1枚控え室に置いてもよい：自分のデッキの上からカードを5枚見る。その中から『Liella!』のメンバーカードを1枚公開して手札に加えてもよい。残りを控え室に置く。",HAS_TEXT,0,"{""hearts"": {}, ""blade_mentions"": [], ""blade_icon_n"": 0, ""energy_icon_n"": 0, ""all_heart_n"": 0, ""score_delta_icon"": 0, ""unknown_tags"": [], ""tags"": []}",0,0,0,0,0,"{""draw"": 0, ""score"": 0, ""colorless"": 0}",0,0,0,,
PL!SP-pb2-018,米女メイ,PL!SP-pb2-018 米女メイ - ラブライブ！シリーズ オフィシャルカードゲーム(ラブカ) 非公式 Wiki*,メンバー,ラブライブ！スーパースター!!,Liella!,CatChu!,2.0,1.0,<赤>,<赤> 1,,,"<ライブ開始時>
自分のステージにいるこのメンバーと名前の異なる『CatChu!』のメンバー1人につき、エネルギーを1枚アクティブにする。",https://wikiwiki.jp/llocardgame/PL%21SP-pb2-018%20%E7%B1%B3%E5%A5%B3%E3%83%A1%E3%82%A4,MEMBER,{},0,[],{},0,[],"{""red"": 1}",1,[],"<ライブ開始時>
自分のステージにいるこのメンバーと名前の異なる『CatChu!』のメンバー1人につき、エネルギーを1枚アクティブにする。",HAS_TEXT,0,"{""hearts"": {}, ""blade_mentions"": [], ""blade_icon_n"": 0, ""energy_icon_n"": 0, ""all_heart_n"": 0, ""score_delta_icon"": 0, ""unknown_tags"": [], ""tags"": []}",0,0,0,0,0,"{""draw"": 0, ""score"": 0, ""colorless"": 0}",0,0,0,,
PL!SP-pb2-019,若菜四季,PL!SP-pb2-019 若菜四季 - ラブライブ！シリーズ オフィシャルカードゲーム(ラブカ) 非公式 Wiki*,メンバー,ラブライブ！スーパースター!!,Liella!,5yncri5e!,13.0,4.0,<赤>,<赤> 2 <黄> 1 <紫> 2,,,"<登場>
手札を1枚控え室に置いてもよい：自分の控え室から『5yncri5e!』のカードを1枚手札に加える。",https://wikiwiki.jp/llocardgame/PL%21SP-pb2-019%20%E8%8B%A5%E8%8F%9C%E5%9B%9B%E5%AD%A3,MEMBER,{},0,[],{},0,[],"{""red"": 1}",1,[],"<登場>
手札を1枚控え室に置いてもよい：自分の控え室から『5yncri5e!』のカードを1枚手札に加える。",HAS_TEXT,0,"{""hearts"": {}, ""blade_mentions"": [], ""blade_icon_n"": 0, ""energy_icon_n"": 0, ""all_heart_n"": 0, ""score_delta_icon"": 0, ""unknown_tags"": [], ""tags"": []}",0,0,0,0,0,"{""draw"": 0, ""score"": 0, ""colorless"": 0}",0,0,0,,
PL!SP-pb2-020,鬼塚夏美,PL!SP-pb2-020 鬼塚夏美 - ラブライブ！シリーズ オフィシャルカードゲーム(ラブカ) 非公式 Wiki*,メンバー,ラブライブ！スーパースター!!,Liella!,5yncri5e!,11.0,2.0,<赤>,<赤> 2 <黄> 1 <紫> 2,,,"<自動>
<ターン1回>
自分がエールしたとき、手札にある『Liella!』のライブカードを1枚控え室に置いてもよい。そうした場合、追加で2枚エールを行う。",https://wikiwiki.jp/llocardgame/PL%21SP-pb2-020%20%E9%AC%BC%E5%A1%9A%E5%A4%8F%E7%BE%8E,MEMBER,{},0,[],{},0,[],"{""red"": 1}",1,[],"<自動>
<ターン1回>
自分がエールしたとき、手札にある『Liella!』のライブカードを1枚控え室に置いてもよい。そうした場合、追加で2枚エールを行う。",HAS_TEXT,0,"{""hearts"": {}, ""blade_mentions"": [], ""blade_icon_n"": 0, ""energy_icon_n"": 0, ""all_heart_n"": 0, ""score_delta_icon"": 0, ""unknown_tags"": [], ""tags"": []}",0,0,0,0,0,"{""draw"": 0, ""score"": 0, ""colorless"": 0}",0,0,0,,
PL!SP-pb2-021,ウィーン・マルガレーテ,PL!SP-pb2-021 ウィーン・マルガレーテ - ラブライブ！シリーズ オフィシャルカードゲーム(ラブカ) 非公式 Wiki*,メンバー,ラブライブ！スーパースター!!,Liella!,KALEIDOSCORE,13.0,4.0,<紫>,<赤> 1 <黄> 1 <紫> 3,,,"<登場>
手札を1枚控え室に置いてもよい：自分の控え室から『KALEIDOSCORE』のカードを1枚手札に加える。",https://wikiwiki.jp/llocardgame/PL%21SP-pb2-021%20%E3%82%A6%E3%82%A3%E3%83%BC%E3%83%B3%E3%83%BB%E3%83%9E%E3%83%AB%E3%82%AC%E3%83%AC%E3%83%BC%E3%83%86,MEMBER,{},0,[],{},0,[],"{""purple"": 1}",1,[],"<登場>
手札を1枚控え室に置いてもよい：自分の控え室から『KALEIDOSCORE』のカードを1枚手札に加える。",HAS_TEXT,0,"{""hearts"": {}, ""blade_mentions"": [], ""blade_icon_n"": 0, ""energy_icon_n"": 0, ""all_heart_n"": 0, ""score_delta_icon"": 0, ""unknown_tags"": [], ""tags"": []}",0,0,0,0,0,"{""draw"": 0, ""score"": 0, ""colorless"": 0}",0,0,0,,
PL!SP-pb2-022,鬼塚冬毬,PL!SP-pb2-022 鬼塚冬毬 - ラブライブ！シリーズ オフィシャルカードゲーム(ラブカ) 非公式 Wiki*,メンバー,ラブライブ！スーパースター!!,Liella!,5yncri5e!,15.0,5.0,<黄>,<赤> 1 <黄> 2 <紫> 2,,,"<自動>
<ターン1回>
自分のステージにいる『5yncri5e!』のメンバーがセンターエリアに移動したとき、ライブ終了時まで、
<(ブレード)>
<(ブレード)>
<(ブレード)>
<(ブレード)>
を得る。",https://wikiwiki.jp/llocardgame/PL%21SP-pb2-022%20%E9%AC%BC%E5%A1%9A%E5%86%AC%E6%AF%AC,MEMBER,{},0,[],{},0,[],"{""yellow"": 1}",1,[],"<自動>
<ターン1回>
自分のステージにいる『5yncri5e!』のメンバーがセンターエリアに移動したとき、ライブ終了時まで、
<(ブレード)>
<(ブレード)>
<(ブレード)>
<(ブレード)>
を得る。",HAS_TEXT,0,"{""hearts"": {}, ""blade_mentions"": [], ""tags"": [], ""blade_icon_n"": 4, ""energy_icon_n"": 0, ""all_heart_n"": 0, ""score_delta_icon"": 0, ""unknown_tags"": []}",4,0,0,0,0,"{""draw"": 0, ""score"": 0, ""colorless"": 0}",0,0,0,,
PL!SP-pb2-023,澁谷かのん,PL!SP-pb2-023 澁谷かのん - ラブライブ！シリーズ オフィシャルカードゲーム(ラブカ) 非公式 Wiki*,メンバー,ラブライブ！スーパースター!!,Liella!,CatChu!,4.0,0.0,<赤>,<赤> 2,,,"<常時>
自分のエネルギーが6枚以上あるかぎり、
<赤>
を得る。8枚以上あるかぎり、さらに
<赤>
を得る。",https://wikiwiki.jp/llocardgame/PL%21SP-pb2-023%20%E6%BE%81%E8%B0%B7%E3%81%8B%E3%81%AE%E3%82%93,MEMBER,{},0,[],{},0,[],"{""red"": 1}",1,[],"<常時>
自分のエネルギーが6枚以上あるかぎり、
<赤>
を得る。8枚以上あるかぎり、さらに
<赤>
を得る。",HAS_TEXT,0,"{""hearts"": {}, ""blade_mentions"": [], ""blade_icon_n"": 0, ""energy_icon_n"": 0, ""all_heart_n"": 0, ""score_delta_icon"": 0, ""unknown_tags"": [], ""tags"": []}",0,0,0,0,0,"{""draw"": 0, ""score"": 0, ""colorless"": 0}",0,0,0,,
PL!SP-pb2-024,唐可可,PL!SP-pb2-024 唐可可 - ラブライブ！シリーズ オフィシャルカードゲーム(ラブカ) 非公式 Wiki*,メンバー,ラブライブ！スーパースター!!,Liella!,KALEIDOSCORE,4.0,0.0,<紫>,<紫> 2,,,"<登場>
相手のステージにいるコスト2以下のメンバー1人をウェイトにする。",https://wikiwiki.jp/llocardgame/PL%21SP-pb2-024%20%E5%94%90%E5%8F%AF%E5%8F%AF,MEMBER,{},0,[],{},0,[],"{""purple"": 1}",1,[],"<登場>
相手のステージにいるコスト2以下のメンバー1人をウェイトにする。",HAS_TEXT,0,"{""hearts"": {}, ""blade_mentions"": [], ""blade_icon_n"": 0, ""energy_icon_n"": 0, ""all_heart_n"": 0, ""score_delta_icon"": 0, ""unknown_tags"": [], ""tags"": []}",0,0,0,0,0,"{""draw"": 0, ""score"": 0, ""colorless"": 0}",0,0,0,,
PL!SP-pb2-025,嵐千砂都,PL!SP-pb2-025 嵐千砂都 - ラブライブ！シリーズ オフィシャルカードゲーム(ラブカ) 非公式 Wiki*,メンバー,ラブライブ！スーパースター!!,Liella!,CatChu!,4.0,0.0,<紫>,<紫> 2,,,"<登場>
このメンバーをポジションチェンジしてもよい。
（このメンバーを今いるエリア以外のエリアに移動させる。そのエリアにメンバーがいる場合、そのメンバーはこのメンバーがいたエリアに移動させる。）",https://wikiwiki.jp/llocardgame/PL%21SP-pb2-025%20%E5%B5%90%E5%8D%83%E7%A0%82%E9%83%BD,MEMBER,{},0,[],{},0,[],"{""purple"": 1}",1,[],"<登場>
このメンバーをポジションチェンジしてもよい。
（このメンバーを今いるエリア以外のエリアに移動させる。そのエリアにメンバーがいる場合、そのメンバーはこのメンバーがいたエリアに移動させる。）",HAS_TEXT,0,"{""hearts"": {}, ""blade_mentions"": [], ""blade_icon_n"": 0, ""energy_icon_n"": 0, ""all_heart_n"": 0, ""score_delta_icon"": 0, ""unknown_tags"": [], ""tags"": []}",0,0,0,0,0,"{""draw"": 0, ""score"": 0, ""colorless"": 0}",0,0,0,,
PL!SP-pb2-026,平安名すみれ,PL!SP-pb2-026 平安名すみれ - ラブライブ！シリーズ オフィシャルカードゲーム(ラブカ) 非公式 Wiki*,メンバー,ラブライブ！スーパースター!!,Liella!,CatChu!,15.0,4.0,<赤>,<赤> 3 <黄> 2 <紫> 2,,,"<常時>
自分のアクティブ状態のエネルギーがあるかぎり、
<赤>
<赤>
を得る。",https://wikiwiki.jp/llocardgame/PL%21SP-pb2-026%20%E5%B9%B3%E5%AE%89%E5%90%8D%E3%81%99%E3%81%BF%E3%82%8C,MEMBER,{},0,[],{},0,[],"{""red"": 1}",1,[],"<常時>
自分のアクティブ状態のエネルギーがあるかぎり、
<赤>
<赤>
を得る。",HAS_TEXT,0,"{""hearts"": {}, ""blade_mentions"": [], ""blade_icon_n"": 0, ""energy_icon_n"": 0, ""all_heart_n"": 0, ""score_delta_icon"": 0, ""unknown_tags"": [], ""tags"": []}",0,0,0,0,0,"{""draw"": 0, ""score"": 0, ""colorless"": 0}",0,0,0,,
PL!SP-pb2-027,葉月恋,PL!SP-pb2-027 葉月恋 - ラブライブ！シリーズ オフィシャルカードゲーム(ラブカ) 非公式 Wiki*,メンバー,ラブライブ！スーパースター!!,Liella!,KALEIDOSCORE,4.0,0.0,<黄>,<黄> 2,,,"<常時>
自分のエネルギーが6枚以上あるかぎり、
<黄>
を得る。8枚以上あるかぎり、さらに
<黄>
を得る。",https://wikiwiki.jp/llocardgame/PL%21SP-pb2-027%20%E8%91%89%E6%9C%88%E6%81%8B,MEMBER,{},0,[],{},0,[],"{""yellow"": 1}",1,[],"<常時>
自分のエネルギーが6枚以上あるかぎり、
<黄>
を得る。8枚以上あるかぎり、さらに
<黄>
を得る。",HAS_TEXT,0,"{""hearts"": {}, ""blade_mentions"": [], ""blade_icon_n"": 0, ""energy_icon_n"": 0, ""all_heart_n"": 0, ""score_delta_icon"": 0, ""unknown_tags"": [], ""tags"": []}",0,0,0,0,0,"{""draw"": 0, ""score"": 0, ""colorless"": 0}",0,0,0,,
PL!SP-pb2-028,桜小路きな子,PL!SP-pb2-028 桜小路きな子 - ラブライブ！シリーズ オフィシャルカードゲーム(ラブカ) 非公式 Wiki*,メンバー,ラブライブ！スーパースター!!,Liella!,5yncri5e!,5.0,2.0,なし,<黄> 1 <紫> 1,,,"<自動>
<ターン1回>
自分のメインフェイズの間、このメンバーがエリアを移動したとき、エネルギーを2枚アクティブにする。",https://wikiwiki.jp/llocardgame/PL%21SP-pb2-028%20%E6%A1%9C%E5%B0%8F%E8%B7%AF%E3%81%8D%E3%81%AA%E5%AD%90,MEMBER,{},0,[],{},0,[],{},0,[],"<自動>
<ターン1回>
自分のメインフェイズの間、このメンバーがエリアを移動したとき、エネルギーを2枚アクティブにする。",HAS_TEXT,0,"{""hearts"": {}, ""blade_mentions"": [], ""blade_icon_n"": 0, ""energy_icon_n"": 0, ""all_heart_n"": 0, ""score_delta_icon"": 0, ""unknown_tags"": [], ""tags"": []}",0,0,0,0,0,"{""draw"": 0, ""score"": 0, ""colorless"": 0}",0,0,0,,
PL!SP-pb2-029,米女メイ,PL!SP-pb2-029 米女メイ - ラブライブ！シリーズ オフィシャルカードゲーム(ラブカ) 非公式 Wiki*,メンバー,ラブライブ！スーパースター!!,Liella!,CatChu!,9.0,4.0,なし,<赤> 1 <黄> 1 <紫> 1,,,"<登場>
/
<ライブ開始時>
相手のステージにいるコスト2以下のメンバー1人をウェイトにする。",https://wikiwiki.jp/llocardgame/PL%21SP-pb2-029%20%E7%B1%B3%E5%A5%B3%E3%83%A1%E3%82%A4,MEMBER,{},0,[],{},0,[],{},0,[],"<登場>
/
<ライブ開始時>
相手のステージにいるコスト2以下のメンバー1人をウェイトにする。",HAS_TEXT,0,"{""hearts"": {}, ""blade_mentions"": [], ""blade_icon_n"": 0, ""energy_icon_n"": 0, ""all_heart_n"": 0, ""score_delta_icon"": 0, ""unknown_tags"": [], ""tags"": []}",0,0,0,0,0,"{""draw"": 0, ""score"": 0, ""colorless"": 0}",0,0,0,,
PL!SP-pb2-030,若菜四季,PL!SP-pb2-030 若菜四季 - ラブライブ！シリーズ オフィシャルカードゲーム(ラブカ) 非公式 Wiki*,メンバー,ラブライブ！スーパースター!!,Liella!,5yncri5e!,2.0,1.0,<紫>,<紫> 1,,,"<ライブ開始時>
<赤>
か
<黄>
か
<紫>
のうち1つを選ぶ。ライブ終了時まで、このメンバーが元々持つハートは選んだハートになる。",https://wikiwiki.jp/llocardgame/PL%21SP-pb2-030%20%E8%8B%A5%E8%8F%9C%E5%9B%9B%E5%AD%A3,MEMBER,{},0,[],{},0,[],"{""purple"": 1}",1,[],"<ライブ開始時>
<赤>
か
<黄>
か
<紫>
のうち1つを選ぶ。ライブ終了時まで、このメンバーが元々持つハートは選んだハートになる。",HAS_TEXT,0,"{""hearts"": {}, ""blade_mentions"": [], ""blade_icon_n"": 0, ""energy_icon_n"": 0, ""all_heart_n"": 0, ""score_delta_icon"": 0, ""unknown_tags"": [], ""tags"": []}",0,0,0,0,0,"{""draw"": 0, ""score"": 0, ""colorless"": 0}",0,0,0,,
PL!SP-pb2-031,鬼塚夏美,PL!SP-pb2-031 鬼塚夏美 - ラブライブ！シリーズ オフィシャルカードゲーム(ラブカ) 非公式 Wiki*,メンバー,ラブライブ！スーパースター!!,Liella!,5yncri5e!,2.0,1.0,<赤>,<赤> 1,,,"<起動>
このメンバーをステージから控え室に置く：自分の控え室からメンバーカードを1枚手札に加える。",https://wikiwiki.jp/llocardgame/PL%21SP-pb2-031%20%E9%AC%BC%E5%A1%9A%E5%A4%8F%E7%BE%8E,MEMBER,{},0,[],{},0,[],"{""red"": 1}",1,[],"<起動>
このメンバーをステージから控え室に置く：自分の控え室からメンバーカードを1枚手札に加える。",HAS_TEXT,0,"{""hearts"": {}, ""blade_mentions"": [], ""blade_icon_n"": 0, ""energy_icon_n"": 0, ""all_heart_n"": 0, ""score_delta_icon"": 0, ""unknown_tags"": [], ""tags"": []}",0,0,0,0,0,"{""draw"": 0, ""score"": 0, ""colorless"": 0}",0,0,0,,
PL!SP-pb2-032,ウィーン・マルガレーテ,PL!SP-pb2-032 ウィーン・マルガレーテ - ラブライブ！シリーズ オフィシャルカードゲーム(ラブカ) 非公式 Wiki*,メンバー,ラブライブ！スーパースター!!,Liella!,KALEIDOSCORE,4.0,0.0,<紫>,<紫> 2,,,"<常時>
自分のエネルギーが6枚以上あるかぎり、
<紫>
を得る。8枚以上あるかぎり、さらに
<紫>
を得る。",https://wikiwiki.jp/llocardgame/PL%21SP-pb2-032%20%E3%82%A6%E3%82%A3%E3%83%BC%E3%83%B3%E3%83%BB%E3%83%9E%E3%83%AB%E3%82%AC%E3%83%AC%E3%83%BC%E3%83%86,MEMBER,{},0,[],{},0,[],"{""purple"": 1}",1,[],"<常時>
自分のエネルギーが6枚以上あるかぎり、
<紫>
を得る。8枚以上あるかぎり、さらに
<紫>
を得る。",HAS_TEXT,0,"{""hearts"": {}, ""blade_mentions"": [], ""blade_icon_n"": 0, ""energy_icon_n"": 0, ""all_heart_n"": 0, ""score_delta_icon"": 0, ""unknown_tags"": [], ""tags"": []}",0,0,0,0,0,"{""draw"": 0, ""score"": 0, ""colorless"": 0}",0,0,0,,
PL!SP-pb2-033,鬼塚冬毬,PL!SP-pb2-033 鬼塚冬毬 - ラブライブ！シリーズ オフィシャルカードゲーム(ラブカ) 非公式 Wiki*,メンバー,ラブライブ！スーパースター!!,Liella!,5yncri5e!,2.0,1.0,<紫>,<紫> 1,,,"<起動>
このメンバーをステージから控え室に置く：自分の控え室からメンバーカードを1枚手札に加える。",https://wikiwiki.jp/llocardgame/PL%21SP-pb2-033%20%E9%AC%BC%E5%A1%9A%E5%86%AC%E6%AF%AC,MEMBER,{},0,[],{},0,[],"{""purple"": 1}",1,[],"<起動>
このメンバーをステージから控え室に置く：自分の控え室からメンバーカードを1枚手札に加える。",HAS_TEXT,0,"{""hearts"": {}, ""blade_mentions"": [], ""blade_icon_n"": 0, ""energy_icon_n"": 0, ""all_heart_n"": 0, ""score_delta_icon"": 0, ""unknown_tags"": [], ""tags"": []}",0,0,0,0,0,"{""draw"": 0, ""score"": 0, ""colorless"": 0}",0,0,0,,
PL!SP-pb2-034,澁谷かのん,PL!SP-pb2-034 澁谷かのん - ラブライブ！シリーズ オフィシャルカードゲーム(ラブカ) 非公式 Wiki*,メンバー,ラブライブ！スーパースター!!,Liella!,CatChu!,2.0,0.0,<赤>,<赤> 1 <黄> 1,,,(なし),https://wikiwiki.jp/llocardgame/PL%21SP-pb2-034%20%E6%BE%81%E8%B0%B7%E3%81%8B%E3%81%AE%E3%82%93,MEMBER,{},0,[],{},0,[],"{""red"": 1}",1,[],(なし),NO_ABILITY,1,"{""hearts"": {}, ""blade_mentions"": [], ""blade_icon_n"": 0, ""energy_icon_n"": 0, ""all_heart_n"": 0, ""score_delta_icon"": 0, ""unknown_tags"": [], ""tags"": []}",0,0,0,0,0,"{""draw"": 0, ""score"": 0, ""colorless"": 0}",0,0,0,,
PL!SP-pb2-035,唐可可,PL!SP-pb2-035 唐可可 - ラブライブ！シリーズ オフィシャルカードゲーム(ラブカ) 非公式 Wiki*,メンバー,ラブライブ！スーパースター!!,Liella!,5yncri5e!,9.0,2.0,なし,<赤> 1 <黄> 1 <紫> 2,,,"<常時>
<左サイド>
<(ブレード)>
<(ブレード)>
を得る。",https://wikiwiki.jp/llocardgame/PL%21SP-pb2-035%20%E5%94%90%E5%8F%AF%E5%8F%AF,MEMBER,{},0,[],{},0,[],{},0,[],"<常時>
<左サイド>
<(ブレード)>
<(ブレード)>
を得る。",HAS_TEXT,0,"{""hearts"": {}, ""blade_mentions"": [], ""tags"": [], ""blade_icon_n"": 2, ""energy_icon_n"": 0, ""all_heart_n"": 0, ""score_delta_icon"": 0, ""unknown_tags"": []}",2,0,0,0,0,"{""draw"": 0, ""score"": 0, ""colorless"": 0}",0,0,0,,
PL!SP-pb2-036,嵐千砂都,PL!SP-pb2-036 嵐千砂都 - ラブライブ！シリーズ オフィシャルカードゲーム(ラブカ) 非公式 Wiki*,メンバー,ラブライブ！スーパースター!!,Liella!,5yncri5e!,5.0,2.0,なし,<黄> 1 <紫> 1,,,"<登場>
<右サイド>
カードを2枚引き、手札を2枚控え室に置く。",https://wikiwiki.jp/llocardgame/PL%21SP-pb2-036%20%E5%B5%90%E5%8D%83%E7%A0%82%E9%83%BD,MEMBER,{},0,[],{},0,[],{},0,[],"<登場>
<右サイド>
カードを2枚引き、手札を2枚控え室に置く。",HAS_TEXT,0,"{""hearts"": {}, ""blade_mentions"": [], ""blade_icon_n"": 0, ""energy_icon_n"": 0, ""all_heart_n"": 0, ""score_delta_icon"": 0, ""unknown_tags"": [], ""tags"": []}",0,0,0,0,0,"{""draw"": 0, ""score"": 0, ""colorless"": 0}",0,0,0,,
PL!SP-pb2-037,平安名すみれ,PL!SP-pb2-037 平安名すみれ - ラブライブ！シリーズ オフィシャルカードゲーム(ラブカ) 非公式 Wiki*,メンバー,ラブライブ！スーパースター!!,Liella!,CatChu!,5.0,2.0,なし,<赤> 1 <紫> 1,,,"<登場>
<左サイド>
カードを2枚引き、手札を2枚控え室に置く。",https://wikiwiki.jp/llocardgame/PL%21SP-pb2-037%20%E5%B9%B3%E5%AE%89%E5%90%8D%E3%81%99%E3%81%BF%E3%82%8C,MEMBER,{},0,[],{},0,[],{},0,[],"<登場>
<左サイド>
カードを2枚引き、手札を2枚控え室に置く。",HAS_TEXT,0,"{""hearts"": {}, ""blade_mentions"": [], ""blade_icon_n"": 0, ""energy_icon_n"": 0, ""all_heart_n"": 0, ""score_delta_icon"": 0, ""unknown_tags"": [], ""tags"": []}",0,0,0,0,0,"{""draw"": 0, ""score"": 0, ""colorless"": 0}",0,0,0,,
PL!SP-pb2-038,葉月恋,PL!SP-pb2-038 葉月恋 - ラブライブ！シリーズ オフィシャルカードゲーム(ラブカ) 非公式 Wiki*,メンバー,ラブライブ！スーパースター!!,Liella!,KALEIDOSCORE,7.0,2.0,なし,<紫> 3,,,(なし),https://wikiwiki.jp/llocardgame/PL%21SP-pb2-038%20%E8%91%89%E6%9C%88%E6%81%8B,MEMBER,{},0,[],{},0,[],{},0,[],(なし),NO_ABILITY,1,"{""hearts"": {}, ""blade_mentions"": [], ""blade_icon_n"": 0, ""energy_icon_n"": 0, ""all_heart_n"": 0, ""score_delta_icon"": 0, ""unknown_tags"": [], ""tags"": []}",0,0,0,0,0,"{""draw"": 0, ""score"": 0, ""colorless"": 0}",0,0,0,,
PL!SP-pb2-039,桜小路きな子,PL!SP-pb2-039 桜小路きな子 - ラブライブ！シリーズ オフィシャルカードゲーム(ラブカ) 非公式 Wiki*,メンバー,ラブライブ！スーパースター!!,Liella!,5yncri5e!,4.0,1.0,<紫>,<赤> 1 <黄> 1,,,(なし),https://wikiwiki.jp/llocardgame/PL%21SP-pb2-039%20%E6%A1%9C%E5%B0%8F%E8%B7%AF%E3%81%8D%E3%81%AA%E5%AD%90,MEMBER,{},0,[],{},0,[],"{""purple"": 1}",1,[],(なし),NO_ABILITY,1,"{""hearts"": {}, ""blade_mentions"": [], ""blade_icon_n"": 0, ""energy_icon_n"": 0, ""all_heart_n"": 0, ""score_delta_icon"": 0, ""unknown_tags"": [], ""tags"": []}",0,0,0,0,0,"{""draw"": 0, ""score"": 0, ""colorless"": 0}",0,0,0,,
PL!SP-pb2-040,米女メイ,PL!SP-pb2-040 米女メイ - ラブライブ！シリーズ オフィシャルカードゲーム(ラブカ) 非公式 Wiki*,メンバー,ラブライブ！スーパースター!!,Liella!,CatChu!,4.0,0.0,<赤>,<赤> 1 <紫> 1,,,"<ライブ開始時>
<(E)>
支払ってもよい：ライブ終了時まで、
<(ブレード)>
<(ブレード)>
を得る。",https://wikiwiki.jp/llocardgame/PL%21SP-pb2-040%20%E7%B1%B3%E5%A5%B3%E3%83%A1%E3%82%A4,MEMBER,{},0,[],{},0,[],"{""red"": 1}",1,[],"<ライブ開始時>
<(E)>
支払ってもよい：ライブ終了時まで、
<(ブレード)>
<(ブレード)>
を得る。",HAS_TEXT,0,"{""hearts"": {}, ""blade_mentions"": [], ""tags"": [], ""blade_icon_n"": 2, ""energy_icon_n"": 1, ""all_heart_n"": 0, ""score_delta_icon"": 0, ""unknown_tags"": []}",2,1,0,0,0,"{""draw"": 0, ""score"": 0, ""colorless"": 0}",0,0,0,,
PL!SP-pb2-041,若菜四季,PL!SP-pb2-041 若菜四季 - ラブライブ！シリーズ オフィシャルカードゲーム(ラブカ) 非公式 Wiki*,メンバー,ラブライブ！スーパースター!!,Liella!,5yncri5e!,9.0,2.0,なし,<赤> 2 <黄> 1 <紫> 1,,,"<常時>
<右サイド>
<(ブレード)>
<(ブレード)>
を得る。",https://wikiwiki.jp/llocardgame/PL%21SP-pb2-041%20%E8%8B%A5%E8%8F%9C%E5%9B%9B%E5%AD%A3,MEMBER,{},0,[],{},0,[],{},0,[],"<常時>
<右サイド>
<(ブレード)>
<(ブレード)>
を得る。",HAS_TEXT,0,"{""hearts"": {}, ""blade_mentions"": [], ""tags"": [], ""blade_icon_n"": 2, ""energy_icon_n"": 0, ""all_heart_n"": 0, ""score_delta_icon"": 0, ""unknown_tags"": []}",2,0,0,0,0,"{""draw"": 0, ""score"": 0, ""colorless"": 0}",0,0,0,,
PL!SP-pb2-042,鬼塚夏美,PL!SP-pb2-042 鬼塚夏美 - ラブライブ！シリーズ オフィシャルカードゲーム(ラブカ) 非公式 Wiki*,メンバー,ラブライブ！スーパースター!!,Liella!,5yncri5e!,7.0,1.0,なし,<赤> 3,,,(なし),https://wikiwiki.jp/llocardgame/PL%21SP-pb2-042%20%E9%AC%BC%E5%A1%9A%E5%A4%8F%E7%BE%8E,MEMBER,{},0,[],{},0,[],{},0,[],(なし),NO_ABILITY,1,"{""hearts"": {}, ""blade_mentions"": [], ""blade_icon_n"": 0, ""energy_icon_n"": 0, ""all_heart_n"": 0, ""score_delta_icon"": 0, ""unknown_tags"": [], ""tags"": []}",0,0,0,0,0,"{""draw"": 0, ""score"": 0, ""colorless"": 0}",0,0,0,,
PL!SP-pb2-043,ウィーン・マルガレーテ,PL!SP-pb2-043 ウィーン・マルガレーテ - ラブライブ！シリーズ オフィシャルカードゲーム(ラブカ) 非公式 Wiki*,メンバー,ラブライブ！スーパースター!!,Liella!,KALEIDOSCORE,2.0,0.0,<紫>,<黄> 1 <紫> 1,,,(なし),https://wikiwiki.jp/llocardgame/PL%21SP-pb2-043%20%E3%82%A6%E3%82%A3%E3%83%BC%E3%83%B3%E3%83%BB%E3%83%9E%E3%83%AB%E3%82%AC%E3%83%AC%E3%83%BC%E3%83%86,MEMBER,{},0,[],{},0,[],"{""purple"": 1}",1,[],(なし),NO_ABILITY,1,"{""hearts"": {}, ""blade_mentions"": [], ""blade_icon_n"": 0, ""energy_icon_n"": 0, ""all_heart_n"": 0, ""score_delta_icon"": 0, ""unknown_tags"": [], ""tags"": []}",0,0,0,0,0,"{""draw"": 0, ""score"": 0, ""colorless"": 0}",0,0,0,,
PL!SP-pb2-044,鬼塚冬毬,PL!SP-pb2-044 鬼塚冬毬 - ラブライブ！シリーズ オフィシャルカードゲーム(ラブカ) 非公式 Wiki*,メンバー,ラブライブ！スーパースター!!,Liella!,5yncri5e!,4.0,1.0,<黄>,<赤> 1 <紫> 1,,,(なし),https://wikiwiki.jp/llocardgame/PL%21SP-pb2-044%20%E9%AC%BC%E5%A1%9A%E5%86%AC%E6%AF%AC,MEMBER,{},0,[],{},0,[],"{""yellow"": 1}",1,[],(なし),NO_ABILITY,1,"{""hearts"": {}, ""blade_mentions"": [], ""blade_icon_n"": 0, ""energy_icon_n"": 0, ""all_heart_n"": 0, ""score_delta_icon"": 0, ""unknown_tags"": [], ""tags"": []}",0,0,0,0,0,"{""draw"": 0, ""score"": 0, ""colorless"": 0}",0,0,0,,
PL!SP-pb2-045,絶対的LOVER,PL!SP-pb2-045 絶対的LOVER - ラブライブ！シリーズ オフィシャルカードゲーム(ラブカ) 非公式 Wiki*,ライブ,ラブライブ！スーパースター!!,Liella!,,,,<ALL>,,<赤> 3 <黄> 3 <紫> 4 <任意> 2 (合計12),4.0,"<ライブ開始時>
自分のステージにいるハートを4つ以上持つ『Liella!』のメンバー1人につき、このカードのスコアを+1する。",https://wikiwiki.jp/llocardgame/PL%21SP-pb2-045%20%E7%B5%B6%E5%AF%BE%E7%9A%84LOVER,LIVE,{},0,[],{},12,[],"{""all"": 1}",1,[],"<ライブ開始時>
自分のステージにいるハートを4つ以上持つ『Liella!』のメンバー1人につき、このカードのスコアを+1する。",HAS_TEXT,0,"{""hearts"": {}, ""blade_mentions"": [], ""blade_icon_n"": 0, ""energy_icon_n"": 0, ""all_heart_n"": 0, ""score_delta_icon"": 0, ""unknown_tags"": [], ""tags"": []}",0,0,0,0,0,"{""draw"": 0, ""score"": 0, ""colorless"": 0}",0,0,0,,
PL!SP-pb2-046,Butterfly Wing,PL!SP-pb2-046 Butterfly Wing - ラブライブ！シリーズ オフィシャルカードゲーム(ラブカ) 非公式 Wiki*,ライブ,ラブライブ！スーパースター!!,,,,,<ALL>,,<紫> 3 <任意> 3 (合計6),2.0,"<常時>
自分のステージにいるメンバーが持つ
<ライブ開始時>
能力は発動しない。
<ライブ成功時>
自分のステージに
<ライブ開始時>
を持つメンバーがいる場合、このカードのスコアを+1する。",https://wikiwiki.jp/llocardgame/PL%21SP-pb2-046%20Butterfly%20Wing,LIVE,{},0,[],{},6,[],"{""all"": 1}",1,[],"<常時>
自分のステージにいるメンバーが持つ
<ライブ開始時>
能力は発動しない。
<ライブ成功時>
自分のステージに
<ライブ開始時>
を持つメンバーがいる場合、このカードのスコアを+1する。",HAS_TEXT,0,"{""hearts"": {}, ""blade_mentions"": [], ""blade_icon_n"": 0, ""energy_icon_n"": 0, ""all_heart_n"": 0, ""score_delta_icon"": 0, ""unknown_tags"": [], ""tags"": []}",0,0,0,0,0,"{""draw"": 0, ""score"": 0, ""colorless"": 0}",0,0,0,,
PL!SP-pb2-047,Welcome to 僕らのセカイ,PL!SP-pb2-047 Welcome to 僕らのセカイ - ラブライブ！シリーズ オフィシャルカードゲーム(ラブカ) 非公式 Wiki*,ライブ,ラブライブ！スーパースター!!,Liella!,,,,<スコア+1>,,<赤> 1 <黄> 1 <紫> 1 (合計3),1.0,"<ライブ開始時>
手札を1枚控え室に置いてもよい：自分のステージにいるメンバーが『Liella!』のみの場合、相手のステージにいるコスト2以下のメンバー1人をウェイトにする。",https://wikiwiki.jp/llocardgame/PL%21SP-pb2-047%20Welcome%20to%20%E5%83%95%E3%82%89%E3%81%AE%E3%82%BB%E3%82%AB%E3%82%A4,LIVE,{},0,[],{},3,[],{},0,[],"<ライブ開始時>
手札を1枚控え室に置いてもよい：自分のステージにいるメンバーが『Liella!』のみの場合、相手のステージにいるコスト2以下のメンバー1人をウェイトにする。",HAS_TEXT,0,"{""hearts"": {}, ""blade_mentions"": [], ""blade_icon_n"": 0, ""energy_icon_n"": 0, ""all_heart_n"": 0, ""score_delta_icon"": 0, ""unknown_tags"": [], ""tags"": []}",0,0,0,0,0,"{""draw"": 0, ""score"": 1, ""colorless"": 0}",0,1,0,,
PL!SP-pb2-048,ディストーション,PL!SP-pb2-048 ディストーション - ラブライブ！シリーズ オフィシャルカードゲーム(ラブカ) 非公式 Wiki*,ライブ,ラブライブ！スーパースター!!,Liella!,CatChu!,,,<ALL>,,<赤> 6 <任意> 9 (合計15),4.0,"<ライブ開始時>
自分のステージにいる名前の異なる『CatChu!』メンバー1人につき、このカードの必要ハートを
<無色>
<無色>
減らし、
<赤>
増やす。その後、このカードの必要ハートに含まれる
<赤>
が9以上の場合、このカードのスコアを+1する。",https://wikiwiki.jp/llocardgame/PL%21SP-pb2-048%20%E3%83%87%E3%82%A3%E3%82%B9%E3%83%88%E3%83%BC%E3%82%B7%E3%83%A7%E3%83%B3,LIVE,{},0,[],{},15,[],"{""all"": 1}",1,[],"<ライブ開始時>
自分のステージにいる名前の異なる『CatChu!』メンバー1人につき、このカードの必要ハートを
<無色>
<無色>
減らし、
<赤>
増やす。その後、このカードの必要ハートに含まれる
<赤>
が9以上の場合、このカードのスコアを+1する。",HAS_TEXT,0,"{""hearts"": {}, ""blade_mentions"": [], ""blade_icon_n"": 0, ""energy_icon_n"": 0, ""all_heart_n"": 0, ""score_delta_icon"": 0, ""unknown_tags"": [], ""tags"": []}",0,0,0,0,0,"{""draw"": 0, ""score"": 0, ""colorless"": 0}",0,0,0,,
PL!SP-pb2-049,ニュートラル,PL!SP-pb2-049 ニュートラル - ラブライブ！シリーズ オフィシャルカードゲーム(ラブカ) 非公式 Wiki*,ライブ,ラブライブ！スーパースター!!,Liella!,KALEIDOSCORE,,,<紫> <ドロー+1>,,<赤> 1 <黄> 1 <紫> 6 <任意> 4 (合計12),5.0,"<ライブ成功時>
エールにより公開された自分のカードの中に『KALEIDOSCORE』のカードが5枚以上ある場合、自分のエネルギーデッキから、エネルギーカードを1枚ウェイト状態で置く。
<ライブ成功時>
自分のエネルギーが11枚以上ある場合、このカードのスコアを+1する。",https://wikiwiki.jp/llocardgame/PL%21SP-pb2-049%20%E3%83%8B%E3%83%A5%E3%83%BC%E3%83%88%E3%83%A9%E3%83%AB,LIVE,{},0,[],{},12,[],"{""purple"": 1}",1,[],"<ライブ成功時>
エールにより公開された自分のカードの中に『KALEIDOSCORE』のカードが5枚以上ある場合、自分のエネルギーデッキから、エネルギーカードを1枚ウェイト状態で置く。
<ライブ成功時>
自分のエネルギーが11枚以上ある場合、このカードのスコアを+1する。",HAS_TEXT,0,"{""hearts"": {}, ""blade_mentions"": [], ""blade_icon_n"": 0, ""energy_icon_n"": 0, ""all_heart_n"": 0, ""score_delta_icon"": 0, ""unknown_tags"": [], ""tags"": []}",0,0,0,0,0,"{""draw"": 1, ""score"": 0, ""colorless"": 0}",1,0,0,,
PL!SP-pb2-050,Jellyfish,PL!SP-pb2-050 Jellyfish - ラブライブ！シリーズ オフィシャルカードゲーム(ラブカ) 非公式 Wiki*,ライブ,ラブライブ！スーパースター!!,Liella!,5yncri5e!,,,<ALL>,,<赤> 1 <黄> 1 <紫> 1 <任意> 2 (合計5),2.0,"<ライブ開始時>
自分のステージに『5yncri5e!』のメンバーが2人以上いる場合、自分のステージにいるメンバーをフォーメーションチェンジしてもよい。
（メンバーをそれぞれ好きなエリアに移動させてもよい。）",https://wikiwiki.jp/llocardgame/PL%21SP-pb2-050%20Jellyfish,LIVE,{},0,[],{},5,[],"{""all"": 1}",1,[],"<ライブ開始時>
自分のステージに『5yncri5e!』のメンバーが2人以上いる場合、自分のステージにいるメンバーをフォーメーションチェンジしてもよい。
（メンバーをそれぞれ好きなエリアに移動させてもよい。）",HAS_TEXT,0,"{""hearts"": {}, ""blade_mentions"": [], ""blade_icon_n"": 0, ""energy_icon_n"": 0, ""all_heart_n"": 0, ""score_delta_icon"": 0, ""unknown_tags"": [], ""tags"": []}",0,0,0,0,0,"{""draw"": 0, ""score"": 0, ""colorless"": 0}",0,0,0,,
PL!SP-sd1-001,澁谷かのん,PL!SP-sd1-001 澁谷かのん - ラブライブ！シリーズ オフィシャルカードゲーム(ラブカ) 非公式 Wiki*,メンバー,ラブライブ！スーパースター!!,Liella!,CatChu!,11.0,3.0,<紫>,<赤> 2 <紫> 2,,,"<登場>
自分のエネルギー6枚につき、カードを1枚引く。",https://wikiwiki.jp/llocardgame/PL%21SP-sd1-001%20%E6%BE%81%E8%B0%B7%E3%81%8B%E3%81%AE%E3%82%93,MEMBER,{},0,[],{},0,[],"{""purple"": 1}",1,[],"<登場>
自分のエネルギー6枚につき、カードを1枚引く。",HAS_TEXT,0,"{""hearts"": {}, ""blade_mentions"": [], ""blade_icon_n"": 0, ""energy_icon_n"": 0, ""all_heart_n"": 0, ""score_delta_icon"": 0, ""unknown_tags"": [], ""tags"": []}",0,0,0,0,0,"{""draw"": 0, ""score"": 0, ""colorless"": 0}",0,0,0,,
PL!SP-sd1-002,唐可可,PL!SP-sd1-002 唐可可 - ラブライブ！シリーズ オフィシャルカードゲーム(ラブカ) 非公式 Wiki*,メンバー,ラブライブ！スーパースター!!,Liella!,KALEIDOSCORE,11.0,0.0,なし,<赤> 1 <紫> 2,,,"<登場>
手札からコスト4以下の『Liella!』のメンバーカードを1枚ステージに登場させてもよい。
（この効果で既にメンバーがいるエリアにも登場できる。ただし、このターンにステージに登場したメンバーがいるエリアには登場できない。）",https://wikiwiki.jp/llocardgame/PL%21SP-sd1-002%20%E5%94%90%E5%8F%AF%E5%8F%AF,MEMBER,{},0,[],{},0,[],{},0,[],"<登場>
手札からコスト4以下の『Liella!』のメンバーカードを1枚ステージに登場させてもよい。
（この効果で既にメンバーがいるエリアにも登場できる。ただし、このターンにステージに登場したメンバーがいるエリアには登場できない。）",HAS_TEXT,0,"{""hearts"": {}, ""blade_mentions"": [], ""blade_icon_n"": 0, ""energy_icon_n"": 0, ""all_heart_n"": 0, ""score_delta_icon"": 0, ""unknown_tags"": [], ""tags"": []}",0,0,0,0,0,"{""draw"": 0, ""score"": 0, ""colorless"": 0}",0,0,0,,
PL!SP-sd1-003,嵐千砂都,PL!SP-sd1-003 嵐千砂都 - ラブライブ！シリーズ オフィシャルカードゲーム(ラブカ) 非公式 Wiki*,メンバー,ラブライブ！スーパースター!!,Liella!,5yncri5e!,15.0,3.0,<赤>,<赤> 3 <紫> 3,,,"<ライブ開始時>
手札を2枚控え室に置いてもよい：ライブ終了時まで、
<(ブレード)>
<(ブレード)>
<(ブレード)>
<(ブレード)>
<(ブレード)>
を得る。",https://wikiwiki.jp/llocardgame/PL%21SP-sd1-003%20%E5%B5%90%E5%8D%83%E7%A0%82%E9%83%BD,MEMBER,{},0,[],{},0,[],"{""red"": 1}",1,[],"<ライブ開始時>
手札を2枚控え室に置いてもよい：ライブ終了時まで、
<(ブレード)>
<(ブレード)>
<(ブレード)>
<(ブレード)>
<(ブレード)>
を得る。",HAS_TEXT,0,"{""hearts"": {}, ""blade_mentions"": [], ""tags"": [], ""blade_icon_n"": 5, ""energy_icon_n"": 0, ""all_heart_n"": 0, ""score_delta_icon"": 0, ""unknown_tags"": []}",5,0,0,0,0,"{""draw"": 0, ""score"": 0, ""colorless"": 0}",0,0,0,,
PL!SP-sd1-004,平安名すみれ,PL!SP-sd1-004 平安名すみれ - ラブライブ！シリーズ オフィシャルカードゲーム(ラブカ) 非公式 Wiki*,メンバー,ラブライブ！スーパースター!!,Liella!,CatChu!,11.0,2.0,なし,<赤> 2 <紫> 2,,,"<登場>
ライブ終了時まで、「
<常時>
ライブの合計スコアを+1する。」を得る。",https://wikiwiki.jp/llocardgame/PL%21SP-sd1-004%20%E5%B9%B3%E5%AE%89%E5%90%8D%E3%81%99%E3%81%BF%E3%82%8C,MEMBER,{},0,[],{},0,[],{},0,[],"<登場>
ライブ終了時まで、「
<常時>
ライブの合計スコアを+1する。」を得る。",HAS_TEXT,0,"{""hearts"": {}, ""blade_mentions"": [], ""blade_icon_n"": 0, ""energy_icon_n"": 0, ""all_heart_n"": 0, ""score_delta_icon"": 0, ""unknown_tags"": [], ""tags"": []}",0,0,0,0,0,"{""draw"": 0, ""score"": 0, ""colorless"": 0}",0,0,0,,
PL!SP-sd1-005,葉月恋,PL!SP-sd1-005 葉月恋 - ラブライブ！シリーズ オフィシャルカードゲーム(ラブカ) 非公式 Wiki*,メンバー,ラブライブ！スーパースター!!,Liella!,KALEIDOSCORE,9.0,2.0,なし,<赤> 2 <紫> 2,,,"<起動>
<ターン1回>
<(E)>
<(E)>
<(E)>
：自分の控え室からライブカードを1枚手札に加える。",https://wikiwiki.jp/llocardgame/PL%21SP-sd1-005%20%E8%91%89%E6%9C%88%E6%81%8B,MEMBER,{},0,[],{},0,[],{},0,[],"<起動>
<ターン1回>
<(E)>
<(E)>
<(E)>
：自分の控え室からライブカードを1枚手札に加える。",HAS_TEXT,0,"{""hearts"": {}, ""blade_mentions"": [], ""tags"": [], ""blade_icon_n"": 0, ""energy_icon_n"": 3, ""all_heart_n"": 0, ""score_delta_icon"": 0, ""unknown_tags"": []}",0,3,0,0,0,"{""draw"": 0, ""score"": 0, ""colorless"": 0}",0,0,0,,
PL!SP-sd1-006,桜小路きな子,PL!SP-sd1-006 桜小路きな子 - ラブライブ！シリーズ オフィシャルカードゲーム(ラブカ) 非公式 Wiki*,メンバー,ラブライブ！スーパースター!!,Liella!,5yncri5e!,2.0,1.0,<紫>,<紫> 1,,,"<起動>
このメンバーをステージから控え室に置く：自分の控え室からライブカードを1枚手札に加える。",https://wikiwiki.jp/llocardgame/PL%21SP-sd1-006%20%E6%A1%9C%E5%B0%8F%E8%B7%AF%E3%81%8D%E3%81%AA%E5%AD%90,MEMBER,{},0,[],{},0,[],"{""purple"": 1}",1,[],"<起動>
このメンバーをステージから控え室に置く：自分の控え室からライブカードを1枚手札に加える。",HAS_TEXT,0,"{""hearts"": {}, ""blade_mentions"": [], ""blade_icon_n"": 0, ""energy_icon_n"": 0, ""all_heart_n"": 0, ""score_delta_icon"": 0, ""unknown_tags"": [], ""tags"": []}",0,0,0,0,0,"{""draw"": 0, ""score"": 0, ""colorless"": 0}",0,0,0,,
PL!SP-sd1-007,米女メイ,PL!SP-sd1-007 米女メイ - ラブライブ！シリーズ オフィシャルカードゲーム(ラブカ) 非公式 Wiki*,メンバー,ラブライブ！スーパースター!!,Liella!,CatChu!,7.0,1.0,なし,<赤> 1 <紫> 2,,,"<登場>
<(E)>
<(E)>
支払ってもよい：自分の控え室から『Liella!』のメンバーカードを1枚手札に加える。",https://wikiwiki.jp/llocardgame/PL%21SP-sd1-007%20%E7%B1%B3%E5%A5%B3%E3%83%A1%E3%82%A4,MEMBER,{},0,[],{},0,[],{},0,[],"<登場>
<(E)>
<(E)>
支払ってもよい：自分の控え室から『Liella!』のメンバーカードを1枚手札に加える。",HAS_TEXT,0,"{""hearts"": {}, ""blade_mentions"": [], ""tags"": [], ""blade_icon_n"": 0, ""energy_icon_n"": 2, ""all_heart_n"": 0, ""score_delta_icon"": 0, ""unknown_tags"": []}",0,2,0,0,0,"{""draw"": 0, ""score"": 0, ""colorless"": 0}",0,0,0,,
PL!SP-sd1-008,若菜四季,PL!SP-sd1-008 若菜四季 - ラブライブ！シリーズ オフィシャルカードゲーム(ラブカ) 非公式 Wiki*,メンバー,ラブライブ！スーパースター!!,Liella!,5yncri5e!,4.0,1.0,なし,<紫> 2,,,"<登場>
<(E)>
支払ってもよい：自分のデッキの上からカードを3枚見る。その中から1枚を手札に加え、残りを控え室に置く。",https://wikiwiki.jp/llocardgame/PL%21SP-sd1-008%20%E8%8B%A5%E8%8F%9C%E5%9B%9B%E5%AD%A3,MEMBER,{},0,[],{},0,[],{},0,[],"<登場>
<(E)>
支払ってもよい：自分のデッキの上からカードを3枚見る。その中から1枚を手札に加え、残りを控え室に置く。",HAS_TEXT,0,"{""hearts"": {}, ""blade_mentions"": [], ""tags"": [], ""blade_icon_n"": 0, ""energy_icon_n"": 1, ""all_heart_n"": 0, ""score_delta_icon"": 0, ""unknown_tags"": []}",0,1,0,0,0,"{""draw"": 0, ""score"": 0, ""colorless"": 0}",0,0,0,,
PL!SP-sd1-009,鬼塚夏美,PL!SP-sd1-009 鬼塚夏美 - ラブライブ！シリーズ オフィシャルカードゲーム(ラブカ) 非公式 Wiki*,メンバー,ラブライブ！スーパースター!!,Liella!,5yncri5e!,13.0,4.0,<紫>,<赤> 2 <紫> 3,,,"<登場>
<(E)>
支払ってもよい：自分のエネルギーが9枚以上ある場合、自分のデッキの上からカードを5枚見る。その中から1枚を手札に加え、残りを控え室に置く。",https://wikiwiki.jp/llocardgame/PL%21SP-sd1-009%20%E9%AC%BC%E5%A1%9A%E5%A4%8F%E7%BE%8E,MEMBER,{},0,[],{},0,[],"{""purple"": 1}",1,[],"<登場>
<(E)>
支払ってもよい：自分のエネルギーが9枚以上ある場合、自分のデッキの上からカードを5枚見る。その中から1枚を手札に加え、残りを控え室に置く。",HAS_TEXT,0,"{""hearts"": {}, ""blade_mentions"": [], ""tags"": [], ""blade_icon_n"": 0, ""energy_icon_n"": 1, ""all_heart_n"": 0, ""score_delta_icon"": 0, ""unknown_tags"": []}",0,1,0,0,0,"{""draw"": 0, ""score"": 0, ""colorless"": 0}",0,0,0,,
PL!SP-sd1-010,ウィーン・マルガレーテ,PL!SP-sd1-010 ウィーン・マルガレーテ - ラブライブ！シリーズ オフィシャルカードゲーム(ラブカ) 非公式 Wiki*,メンバー,ラブライブ！スーパースター!!,Liella!,KALEIDOSCORE,13.0,4.0,<赤>,<赤> 3 <紫> 3,,,(テキストなし),https://wikiwiki.jp/llocardgame/PL%21SP-sd1-010%20%E3%82%A6%E3%82%A3%E3%83%BC%E3%83%B3%E3%83%BB%E3%83%9E%E3%83%AB%E3%82%AC%E3%83%AC%E3%83%BC%E3%83%86,MEMBER,{},0,[],{},0,[],"{""red"": 1}",1,[],(テキストなし),NO_ABILITY,1,"{""hearts"": {}, ""blade_mentions"": [], ""blade_icon_n"": 0, ""energy_icon_n"": 0, ""all_heart_n"": 0, ""score_delta_icon"": 0, ""unknown_tags"": [], ""tags"": []}",0,0,0,0,0,"{""draw"": 0, ""score"": 0, ""colorless"": 0}",0,0,0,,
PL!SP-sd1-011,鬼塚冬毬,PL!SP-sd1-011 鬼塚冬毬 - ラブライブ！シリーズ オフィシャルカードゲーム(ラブカ) 非公式 Wiki*,メンバー,ラブライブ！スーパースター!!,Liella!,5yncri5e!,7.0,2.0,なし,<赤> 2 <紫> 1,,,"<起動>
<ターン1回>
<(E)>
<(E)>
：自分のエネルギーデッキから、エネルギーカードを1枚ウェイト状態で置く。",https://wikiwiki.jp/llocardgame/PL%21SP-sd1-011%20%E9%AC%BC%E5%A1%9A%E5%86%AC%E6%AF%AC,MEMBER,{},0,[],{},0,[],{},0,[],"<起動>
<ターン1回>
<(E)>
<(E)>
：自分のエネルギーデッキから、エネルギーカードを1枚ウェイト状態で置く。",HAS_TEXT,0,"{""hearts"": {}, ""blade_mentions"": [], ""tags"": [], ""blade_icon_n"": 0, ""energy_icon_n"": 2, ""all_heart_n"": 0, ""score_delta_icon"": 0, ""unknown_tags"": []}",0,2,0,0,0,"{""draw"": 0, ""score"": 0, ""colorless"": 0}",0,0,0,,
PL!SP-sd1-012,澁谷かのん,PL!SP-sd1-012 澁谷かのん - ラブライブ！シリーズ オフィシャルカードゲーム(ラブカ) 非公式 Wiki*,メンバー,ラブライブ！スーパースター!!,Liella!,CatChu!,9.0,3.0,なし,<赤> 2 <紫> 2,,,(なし),https://wikiwiki.jp/llocardgame/PL%21SP-sd1-012%20%E6%BE%81%E8%B0%B7%E3%81%8B%E3%81%AE%E3%82%93,MEMBER,{},0,[],{},0,[],{},0,[],(なし),NO_ABILITY,1,"{""hearts"": {}, ""blade_mentions"": [], ""blade_icon_n"": 0, ""energy_icon_n"": 0, ""all_heart_n"": 0, ""score_delta_icon"": 0, ""unknown_tags"": [], ""tags"": []}",0,0,0,0,0,"{""draw"": 0, ""score"": 0, ""colorless"": 0}",0,0,0,,
PL!SP-sd1-013,唐可可,PL!SP-sd1-013 唐可可 - ラブライブ！シリーズ オフィシャルカードゲーム(ラブカ) 非公式 Wiki*,メンバー,ラブライブ！スーパースター!!,Liella!,KALEIDOSCORE,4.0,1.0,<紫>,<紫> 2,,,(なし),https://wikiwiki.jp/llocardgame/PL%21SP-sd1-013%20%E5%94%90%E5%8F%AF%E5%8F%AF,MEMBER,{},0,[],{},0,[],"{""purple"": 1}",1,[],(なし),NO_ABILITY,1,"{""hearts"": {}, ""blade_mentions"": [], ""blade_icon_n"": 0, ""energy_icon_n"": 0, ""all_heart_n"": 0, ""score_delta_icon"": 0, ""unknown_tags"": [], ""tags"": []}",0,0,0,0,0,"{""draw"": 0, ""score"": 0, ""colorless"": 0}",0,0,0,,
PL!SP-sd1-014,嵐千砂都,PL!SP-sd1-014 嵐千砂都 - ラブライブ！シリーズ オフィシャルカードゲーム(ラブカ) 非公式 Wiki*,メンバー,ラブライブ！スーパースター!!,Liella!,5yncri5e!,4.0,0.0,なし,<紫> 1,,,"<登場>
手札を1枚控え室に置いてもよい：自分のエネルギーデッキから、エネルギーカードを1枚ウェイト状態で置く。",https://wikiwiki.jp/llocardgame/PL%21SP-sd1-014%20%E5%B5%90%E5%8D%83%E7%A0%82%E9%83%BD,MEMBER,{},0,[],{},0,[],{},0,[],"<登場>
手札を1枚控え室に置いてもよい：自分のエネルギーデッキから、エネルギーカードを1枚ウェイト状態で置く。",HAS_TEXT,0,"{""hearts"": {}, ""blade_mentions"": [], ""blade_icon_n"": 0, ""energy_icon_n"": 0, ""all_heart_n"": 0, ""score_delta_icon"": 0, ""unknown_tags"": [], ""tags"": []}",0,0,0,0,0,"{""draw"": 0, ""score"": 0, ""colorless"": 0}",0,0,0,,
PL!SP-sd1-015,平安名すみれ,PL!SP-sd1-015 平安名すみれ - ラブライブ！シリーズ オフィシャルカードゲーム(ラブカ) 非公式 Wiki*,メンバー,ラブライブ！スーパースター!!,Liella!,CatChu!,4.0,1.0,<赤>,<赤> 2,,,(テキストなし),https://wikiwiki.jp/llocardgame/PL%21SP-sd1-015%20%E5%B9%B3%E5%AE%89%E5%90%8D%E3%81%99%E3%81%BF%E3%82%8C,MEMBER,{},0,[],{},0,[],"{""red"": 1}",1,[],(テキストなし),NO_ABILITY,1,"{""hearts"": {}, ""blade_mentions"": [], ""blade_icon_n"": 0, ""energy_icon_n"": 0, ""all_heart_n"": 0, ""score_delta_icon"": 0, ""unknown_tags"": [], ""tags"": []}",0,0,0,0,0,"{""draw"": 0, ""score"": 0, ""colorless"": 0}",0,0,0,,
PL!SP-sd1-016,葉月恋,PL!SP-sd1-016 葉月恋 - ラブライブ！シリーズ オフィシャルカードゲーム(ラブカ) 非公式 Wiki*,メンバー,ラブライブ！スーパースター!!,Liella!,KALEIDOSCORE,4.0,0.0,なし,<(赤> 1,,,"<登場>
手札を1枚控え室に置いてもよい：自分のエネルギーデッキから、エネルギーカードを1枚ウェイト状態で置く。",https://wikiwiki.jp/llocardgame/PL%21SP-sd1-016%20%E8%91%89%E6%9C%88%E6%81%8B,MEMBER,{},0,[],{},0,[],{},0,[],"<登場>
手札を1枚控え室に置いてもよい：自分のエネルギーデッキから、エネルギーカードを1枚ウェイト状態で置く。",HAS_TEXT,0,"{""hearts"": {}, ""blade_mentions"": [], ""blade_icon_n"": 0, ""energy_icon_n"": 0, ""all_heart_n"": 0, ""score_delta_icon"": 0, ""unknown_tags"": [], ""tags"": []}",0,0,0,0,0,"{""draw"": 0, ""score"": 0, ""colorless"": 0}",0,0,0,,
PL!SP-sd1-017,桜小路きな子,PL!SP-sd1-017 桜小路きな子 - ラブライブ！シリーズ オフィシャルカードゲーム(ラブカ) 非公式 Wiki*,メンバー,ラブライブ！スーパースター!!,Liella!,5yncri5e!,4.0,1.0,なし,<赤> 2,,,"<登場>
<(E)>
支払ってもよい：自分のデッキの上からカードを3枚見る。その中から1枚を手札に加え、残りを控え室に置く。",https://wikiwiki.jp/llocardgame/PL%21SP-sd1-017%20%E6%A1%9C%E5%B0%8F%E8%B7%AF%E3%81%8D%E3%81%AA%E5%AD%90,MEMBER,{},0,[],{},0,[],{},0,[],"<登場>
<(E)>
支払ってもよい：自分のデッキの上からカードを3枚見る。その中から1枚を手札に加え、残りを控え室に置く。",HAS_TEXT,0,"{""hearts"": {}, ""blade_mentions"": [], ""tags"": [], ""blade_icon_n"": 0, ""energy_icon_n"": 1, ""all_heart_n"": 0, ""score_delta_icon"": 0, ""unknown_tags"": []}",0,1,0,0,0,"{""draw"": 0, ""score"": 0, ""colorless"": 0}",0,0,0,,
PL!SP-sd1-018,米女メイ,PL!SP-sd1-018 米女メイ - ラブライブ！シリーズ オフィシャルカードゲーム(ラブカ) 非公式 Wiki*,メンバー,ラブライブ！スーパースター!!,Liella!,CatChu!,4.0,1.0,<赤>,<赤> 1 <紫> 1,,,(テキストなし),https://wikiwiki.jp/llocardgame/PL%21SP-sd1-018%20%E7%B1%B3%E5%A5%B3%E3%83%A1%E3%82%A4,MEMBER,{},0,[],{},0,[],"{""red"": 1}",1,[],(テキストなし),NO_ABILITY,1,"{""hearts"": {}, ""blade_mentions"": [], ""blade_icon_n"": 0, ""energy_icon_n"": 0, ""all_heart_n"": 0, ""score_delta_icon"": 0, ""unknown_tags"": [], ""tags"": []}",0,0,0,0,0,"{""draw"": 0, ""score"": 0, ""colorless"": 0}",0,0,0,,
PL!SP-sd1-019,若菜四季,PL!SP-sd1-019 若菜四季 - ラブライブ！シリーズ オフィシャルカードゲーム(ラブカ) 非公式 Wiki*,メンバー,ラブライブ！スーパースター!!,Liella!,5yncri5e!,2.0,2.0,<紫>,<紫> 1,,,(なし),https://wikiwiki.jp/llocardgame/PL%21SP-sd1-019%20%E8%8B%A5%E8%8F%9C%E5%9B%9B%E5%AD%A3,MEMBER,{},0,[],{},0,[],"{""purple"": 1}",1,[],(なし),NO_ABILITY,1,"{""hearts"": {}, ""blade_mentions"": [], ""blade_icon_n"": 0, ""energy_icon_n"": 0, ""all_heart_n"": 0, ""score_delta_icon"": 0, ""unknown_tags"": [], ""tags"": []}",0,0,0,0,0,"{""draw"": 0, ""score"": 0, ""colorless"": 0}",0,0,0,,
PL!SP-sd1-020,鬼塚夏美,PL!SP-sd1-020 鬼塚夏美 - ラブライブ！シリーズ オフィシャルカードゲーム(ラブカ) 非公式 Wiki*,メンバー,ラブライブ！スーパースター!!,Liella!,5yncri5e!,2.0,2.0,<赤>,<赤> 1,,,(なし),https://wikiwiki.jp/llocardgame/PL%21SP-sd1-020%20%E9%AC%BC%E5%A1%9A%E5%A4%8F%E7%BE%8E,MEMBER,{},0,[],{},0,[],"{""red"": 1}",1,[],(なし),NO_ABILITY,1,"{""hearts"": {}, ""blade_mentions"": [], ""blade_icon_n"": 0, ""energy_icon_n"": 0, ""all_heart_n"": 0, ""score_delta_icon"": 0, ""unknown_tags"": [], ""tags"": []}",0,0,0,0,0,"{""draw"": 0, ""score"": 0, ""colorless"": 0}",0,0,0,,
PL!SP-sd1-021,ウィーン・マルガレーテ,PL!SP-sd1-021 ウィーン・マルガレーテ - ラブライブ！シリーズ オフィシャルカードゲーム(ラブカ) 非公式 Wiki*,メンバー,ラブライブ！スーパースター!!,Liella!,KALEIDOSCORE,9.0,3.0,なし,<赤> 2 <紫> 2,,,(テキストなし),https://wikiwiki.jp/llocardgame/PL%21SP-sd1-021%20%E3%82%A6%E3%82%A3%E3%83%BC%E3%83%B3%E3%83%BB%E3%83%9E%E3%83%AB%E3%82%AC%E3%83%AC%E3%83%BC%E3%83%86,MEMBER,{},0,[],{},0,[],{},0,[],(テキストなし),NO_ABILITY,1,"{""hearts"": {}, ""blade_mentions"": [], ""blade_icon_n"": 0, ""energy_icon_n"": 0, ""all_heart_n"": 0, ""score_delta_icon"": 0, ""unknown_tags"": [], ""tags"": []}",0,0,0,0,0,"{""draw"": 0, ""score"": 0, ""colorless"": 0}",0,0,0,,
PL!SP-sd1-022,鬼塚冬毬,PL!SP-sd1-022 鬼塚冬毬 - ラブライブ！シリーズ オフィシャルカードゲーム(ラブカ) 非公式 Wiki*,メンバー,ラブライブ！スーパースター!!,Liella!,5yncri5e!,9.0,3.0,なし,<赤> 2 <紫> 2,,,(テキストなし),https://wikiwiki.jp/llocardgame/PL%21SP-sd1-022%20%E9%AC%BC%E5%A1%9A%E5%86%AC%E6%AF%AC,MEMBER,{},0,[],{},0,[],{},0,[],(テキストなし),NO_ABILITY,1,"{""hearts"": {}, ""blade_mentions"": [], ""blade_icon_n"": 0, ""energy_icon_n"": 0, ""all_heart_n"": 0, ""score_delta_icon"": 0, ""unknown_tags"": [], ""tags"": []}",0,0,0,0,0,"{""draw"": 0, ""score"": 0, ""colorless"": 0}",0,0,0,,
PL!SP-sd1-023,WE WILL!!,PL!SP-sd1-023 WE WILL!! - ラブライブ！シリーズ オフィシャルカードゲーム(ラブカ) 非公式 Wiki*,ライブ,ラブライブ！スーパースター!!,Liella!,,,,<スコア+1>,,<赤> 1 <紫> 1 <任意> 1 (合計3),1.0,(なし),https://wikiwiki.jp/llocardgame/PL%21SP-sd1-023%20WE%20WILL%21%21,LIVE,{},0,[],{},3,[],{},0,[],(なし),NO_ABILITY,1,"{""hearts"": {}, ""blade_mentions"": [], ""blade_icon_n"": 0, ""energy_icon_n"": 0, ""all_heart_n"": 0, ""score_delta_icon"": 0, ""unknown_tags"": [], ""tags"": []}",0,0,0,0,0,"{""draw"": 0, ""score"": 1, ""colorless"": 0}",0,1,0,,
PL!SP-sd1-024,シェキラ☆☆☆,PL!SP-sd1-024 シェキラ☆☆☆ - ラブライブ！シリーズ オフィシャルカードゲーム(ラブカ) 非公式 Wiki*,ライブ,ラブライブ！スーパースター!!,Liella!,,,,<ALL>,,<赤> 1 <紫> 1 <任意> 3 (合計5),2.0,(なし),https://wikiwiki.jp/llocardgame/PL%21SP-sd1-024%20%E3%82%B7%E3%82%A7%E3%82%AD%E3%83%A9%E2%98%86%E2%98%86%E2%98%86,LIVE,{},0,[],{},5,[],"{""all"": 1}",1,[],(なし),NO_ABILITY,1,"{""hearts"": {}, ""blade_mentions"": [], ""blade_icon_n"": 0, ""energy_icon_n"": 0, ""all_heart_n"": 0, ""score_delta_icon"": 0, ""unknown_tags"": [], ""tags"": []}",0,0,0,0,0,"{""draw"": 0, ""score"": 0, ""colorless"": 0}",0,0,0,,
PL!SP-sd1-025,未来は風のように,PL!SP-sd1-025 未来は風のように - ラブライブ！シリーズ オフィシャルカードゲーム(ラブカ) 非公式 Wiki*,ライブ,ラブライブ！スーパースター!!,Liella!,,,,<ALL>,,<赤> 2 <紫> 2 <任意> 3 (合計7),3.0,(なし),https://wikiwiki.jp/llocardgame/PL%21SP-sd1-025%20%E6%9C%AA%E6%9D%A5%E3%81%AF%E9%A2%A8%E3%81%AE%E3%82%88%E3%81%86%E3%81%AB,LIVE,{},0,[],{},7,[],"{""all"": 1}",1,[],(なし),NO_ABILITY,1,"{""hearts"": {}, ""blade_mentions"": [], ""blade_icon_n"": 0, ""energy_icon_n"": 0, ""all_heart_n"": 0, ""score_delta_icon"": 0, ""unknown_tags"": [], ""tags"": []}",0,0,0,0,0,"{""draw"": 0, ""score"": 0, ""colorless"": 0}",0,0,0,,
PL!SP-sd1-026,私のSymphony ～澁谷かのんVer.～,PL!SP-sd1-026 私のSymphony ～澁谷かのんVer.～ - ラブライブ！シリーズ オフィシャルカードゲーム(ラブカ) 非公式 Wiki*,ライブ,ラブライブ！スーパースター!!,Liella!,,,,<赤> <ドロー+1>,,<赤> 4 <紫> 4 <任意> 3 (合計11),4.0,"<ライブ開始時>
自分のエネルギーが9枚以上ある場合、このカードのスコアを+1する。",https://wikiwiki.jp/llocardgame/PL%21SP-sd1-026%20%E7%A7%81%E3%81%AESymphony%20%EF%BD%9E%E6%BE%81%E8%B0%B7%E3%81%8B%E3%81%AE%E3%82%93Ver.%EF%BD%9E,LIVE,{},0,[],{},11,[],"{""red"": 1}",1,[],"<ライブ開始時>
自分のエネルギーが9枚以上ある場合、このカードのスコアを+1する。",HAS_TEXT,0,"{""hearts"": {}, ""blade_mentions"": [], ""blade_icon_n"": 0, ""energy_icon_n"": 0, ""all_heart_n"": 0, ""score_delta_icon"": 0, ""unknown_tags"": [], ""tags"": []}",0,0,0,0,0,"{""draw"": 1, ""score"": 0, ""colorless"": 0}",1,0,0,,
PL!SP-sd2-001,澁谷かのん,PL!SP-sd2-001 澁谷かのん - ラブライブ！シリーズ オフィシャルカードゲーム(ラブカ) 非公式 Wiki*,メンバー,ラブライブ！スーパースター!!,Liella!,CatChu!,17.0,7.0,なし,<赤> 3 <黄> 2 <紫> 2,,,"<ライブ開始時>
カードを1枚引く。その後、自分のステージにいるメンバーをフォーメーションチェンジしてもよい。
（メンバーをそれぞれ好きなエリアに移動させる。この効果で1つのエリアに2人以上のメンバーを移動させることはできない。）",https://wikiwiki.jp/llocardgame/PL%21SP-sd2-001%20%E6%BE%81%E8%B0%B7%E3%81%8B%E3%81%AE%E3%82%93,MEMBER,{},0,[],{},0,[],{},0,[],"<ライブ開始時>
カードを1枚引く。その後、自分のステージにいるメンバーをフォーメーションチェンジしてもよい。
（メンバーをそれぞれ好きなエリアに移動させる。この効果で1つのエリアに2人以上のメンバーを移動させることはできない。）",HAS_TEXT,0,"{""hearts"": {}, ""blade_mentions"": [], ""blade_icon_n"": 0, ""energy_icon_n"": 0, ""all_heart_n"": 0, ""score_delta_icon"": 0, ""unknown_tags"": [], ""tags"": []}",0,0,0,0,0,"{""draw"": 0, ""score"": 0, ""colorless"": 0}",0,0,0,,
PL!SP-sd2-002,唐可可,PL!SP-sd2-002 唐可可 - ラブライブ！シリーズ オフィシャルカードゲーム(ラブカ) 非公式 Wiki*,メンバー,ラブライブ！スーパースター!!,Liella!,KALEIDOSCORE,13.0,3.0,<黄>,<赤> 2 <黄> 2 <紫> 2,,,"<起動>
<ターン1回>
<(E)>
<(E)>
：このメンバーをポジションチェンジする。
<自動>
<ターン1回>
このメンバーがエリアを移動したとき、ライブ終了時まで、
<紫>
を得る。",https://wikiwiki.jp/llocardgame/PL%21SP-sd2-002%20%E5%94%90%E5%8F%AF%E5%8F%AF,MEMBER,{},0,[],{},0,[],"{""yellow"": 1}",1,[],"<起動>
<ターン1回>
<(E)>
<(E)>
：このメンバーをポジションチェンジする。
<自動>
<ターン1回>
このメンバーがエリアを移動したとき、ライブ終了時まで、
<紫>
を得る。",HAS_TEXT,0,"{""hearts"": {}, ""blade_mentions"": [], ""tags"": [], ""blade_icon_n"": 0, ""energy_icon_n"": 2, ""all_heart_n"": 0, ""score_delta_icon"": 0, ""unknown_tags"": []}",0,2,0,0,0,"{""draw"": 0, ""score"": 0, ""colorless"": 0}",0,0,0,,
PL!SP-sd2-003,嵐千砂都,PL!SP-sd2-003 嵐千砂都 - ラブライブ！シリーズ オフィシャルカードゲーム(ラブカ) 非公式 Wiki*,メンバー,ラブライブ！スーパースター!!,Liella!,5yncri5e!,11.0,2.0,<紫>,<赤> 1 <黄> 2 <紫> 2,,,"<ライブ成功時>
カードを1枚引く。このターン、このメンバーがエリアを移動している場合、さらにカードを1枚引く。",https://wikiwiki.jp/llocardgame/PL%21SP-sd2-003%20%E5%B5%90%E5%8D%83%E7%A0%82%E9%83%BD,MEMBER,{},0,[],{},0,[],"{""purple"": 1}",1,[],"<ライブ成功時>
カードを1枚引く。このターン、このメンバーがエリアを移動している場合、さらにカードを1枚引く。",HAS_TEXT,0,"{""hearts"": {}, ""blade_mentions"": [], ""blade_icon_n"": 0, ""energy_icon_n"": 0, ""all_heart_n"": 0, ""score_delta_icon"": 0, ""unknown_tags"": [], ""tags"": []}",0,0,0,0,0,"{""draw"": 0, ""score"": 0, ""colorless"": 0}",0,0,0,,
PL!SP-sd2-004,平安名すみれ,PL!SP-sd2-004 平安名すみれ - ラブライブ！シリーズ オフィシャルカードゲーム(ラブカ) 非公式 Wiki*,メンバー,ラブライブ！スーパースター!!,Liella!,CatChu!,11.0,2.0,<赤>,<赤> 1 <黄> 1 <紫> 1,,,"<常時>
<センター>
<(ブレード)>
<(ブレード)>
<(ブレード)>
<(ブレード)>
を得る。",https://wikiwiki.jp/llocardgame/PL%21SP-sd2-004%20%E5%B9%B3%E5%AE%89%E5%90%8D%E3%81%99%E3%81%BF%E3%82%8C,MEMBER,{},0,[],{},0,[],"{""red"": 1}",1,[],"<常時>
<センター>
<(ブレード)>
<(ブレード)>
<(ブレード)>
<(ブレード)>
を得る。",HAS_TEXT,0,"{""hearts"": {}, ""blade_mentions"": [], ""tags"": [], ""blade_icon_n"": 4, ""energy_icon_n"": 0, ""all_heart_n"": 0, ""score_delta_icon"": 0, ""unknown_tags"": []}",4,0,0,0,0,"{""draw"": 0, ""score"": 0, ""colorless"": 0}",0,0,0,,
PL!SP-sd2-005,葉月恋,PL!SP-sd2-005 葉月恋 - ラブライブ！シリーズ オフィシャルカードゲーム(ラブカ) 非公式 Wiki*,メンバー,ラブライブ！スーパースター!!,Liella!,KALEIDOSCORE,5.0,2.0,なし,<黄> 1 <紫> 1,,,"<登場>
このメンバーをポジションチェンジしてもよい。
（このメンバーを今いるエリア以外のエリアに移動させる。そのエリアにメンバーがいる場合、そのメンバーはこのメンバーがいたエリアに移動させる。）",https://wikiwiki.jp/llocardgame/PL%21SP-sd2-005%20%E8%91%89%E6%9C%88%E6%81%8B,MEMBER,{},0,[],{},0,[],{},0,[],"<登場>
このメンバーをポジションチェンジしてもよい。
（このメンバーを今いるエリア以外のエリアに移動させる。そのエリアにメンバーがいる場合、そのメンバーはこのメンバーがいたエリアに移動させる。）",HAS_TEXT,0,"{""hearts"": {}, ""blade_mentions"": [], ""blade_icon_n"": 0, ""energy_icon_n"": 0, ""all_heart_n"": 0, ""score_delta_icon"": 0, ""unknown_tags"": [], ""tags"": []}",0,0,0,0,0,"{""draw"": 0, ""score"": 0, ""colorless"": 0}",0,0,0,,
PL!SP-sd2-006,桜小路きな子,PL!SP-sd2-006 桜小路きな子 - ラブライブ！シリーズ オフィシャルカードゲーム(ラブカ) 非公式 Wiki*,メンバー,ラブライブ！スーパースター!!,Liella!,5yncri5e!,7.0,1.0,なし,<赤> 1 <黄> 1 <紫> 1,,,"<起動>
<ターン1回>
<(E)>
<(E)>
,手札を1枚控え室に置く：自分の控え室から『Liella!』のライブカードを1枚手札に加える。",https://wikiwiki.jp/llocardgame/PL%21SP-sd2-006%20%E6%A1%9C%E5%B0%8F%E8%B7%AF%E3%81%8D%E3%81%AA%E5%AD%90,MEMBER,{},0,[],{},0,[],{},0,[],"<起動>
<ターン1回>
<(E)>
<(E)>
,手札を1枚控え室に置く：自分の控え室から『Liella!』のライブカードを1枚手札に加える。",HAS_TEXT,0,"{""hearts"": {}, ""blade_mentions"": [], ""tags"": [], ""blade_icon_n"": 0, ""energy_icon_n"": 2, ""all_heart_n"": 0, ""score_delta_icon"": 0, ""unknown_tags"": []}",0,2,0,0,0,"{""draw"": 0, ""score"": 0, ""colorless"": 0}",0,0,0,,
PL!SP-sd2-007,米女メイ,PL!SP-sd2-007 米女メイ - ラブライブ！シリーズ オフィシャルカードゲーム(ラブカ) 非公式 Wiki*,メンバー,ラブライブ！スーパースター!!,Liella!,CatChu!,4.0,2.0,<赤>,<赤> 1,,,"<登場>
このメンバーをポジションチェンジしてもよい。
（このメンバーを今いるエリア以外のエリアに移動させる。そのエリアにメンバーがいる場合、そのメンバーはこのメンバーがいたエリアに移動させる。）",https://wikiwiki.jp/llocardgame/PL%21SP-sd2-007%20%E7%B1%B3%E5%A5%B3%E3%83%A1%E3%82%A4,MEMBER,{},0,[],{},0,[],"{""red"": 1}",1,[],"<登場>
このメンバーをポジションチェンジしてもよい。
（このメンバーを今いるエリア以外のエリアに移動させる。そのエリアにメンバーがいる場合、そのメンバーはこのメンバーがいたエリアに移動させる。）",HAS_TEXT,0,"{""hearts"": {}, ""blade_mentions"": [], ""blade_icon_n"": 0, ""energy_icon_n"": 0, ""all_heart_n"": 0, ""score_delta_icon"": 0, ""unknown_tags"": [], ""tags"": []}",0,0,0,0,0,"{""draw"": 0, ""score"": 0, ""colorless"": 0}",0,0,0,,
PL!SP-sd2-008,若菜四季,PL!SP-sd2-008 若菜四季 - ラブライブ！シリーズ オフィシャルカードゲーム(ラブカ) 非公式 Wiki*,メンバー,ラブライブ！スーパースター!!,Liella!,5yncri5e!,5.0,2.0,なし,<赤> 1 <紫> 1,,,"<常時>
自分のステージにコスト13以上のメンバーがいるかぎり、
<黄>
を得る。",https://wikiwiki.jp/llocardgame/PL%21SP-sd2-008%20%E8%8B%A5%E8%8F%9C%E5%9B%9B%E5%AD%A3,MEMBER,{},0,[],{},0,[],{},0,[],"<常時>
自分のステージにコスト13以上のメンバーがいるかぎり、
<黄>
を得る。",HAS_TEXT,0,"{""hearts"": {}, ""blade_mentions"": [], ""blade_icon_n"": 0, ""energy_icon_n"": 0, ""all_heart_n"": 0, ""score_delta_icon"": 0, ""unknown_tags"": [], ""tags"": []}",0,0,0,0,0,"{""draw"": 0, ""score"": 0, ""colorless"": 0}",0,0,0,,
PL!SP-sd2-009,鬼塚夏美,PL!SP-sd2-009 鬼塚夏美 - ラブライブ！シリーズ オフィシャルカードゲーム(ラブカ) 非公式 Wiki*,メンバー,ラブライブ！スーパースター!!,Liella!,5yncri5e!,11.0,4.0,<黄>,<黄> 2 <紫> 2,,,"<登場>
カードを1枚引く。",https://wikiwiki.jp/llocardgame/PL%21SP-sd2-009%20%E9%AC%BC%E5%A1%9A%E5%A4%8F%E7%BE%8E,MEMBER,{},0,[],{},0,[],"{""yellow"": 1}",1,[],"<登場>
カードを1枚引く。",HAS_TEXT,0,"{""hearts"": {}, ""blade_mentions"": [], ""blade_icon_n"": 0, ""energy_icon_n"": 0, ""all_heart_n"": 0, ""score_delta_icon"": 0, ""unknown_tags"": [], ""tags"": []}",0,0,0,0,0,"{""draw"": 0, ""score"": 0, ""colorless"": 0}",0,0,0,,
PL!SP-sd2-010,ウィーン・マルガレーテ,PL!SP-sd2-010 ウィーン・マルガレーテ - ラブライブ！シリーズ オフィシャルカードゲーム(ラブカ) 非公式 Wiki*,メンバー,ラブライブ！スーパースター!!,Liella!,KALEIDOSCORE,2.0,1.0,<黄>,<黄> 1,,,"<起動>
このメンバーをステージから控え室に置く：自分の控え室からライブカードを1枚手札に加える。",https://wikiwiki.jp/llocardgame/PL%21SP-sd2-010%20%E3%82%A6%E3%82%A3%E3%83%BC%E3%83%B3%E3%83%BB%E3%83%9E%E3%83%AB%E3%82%AC%E3%83%AC%E3%83%BC%E3%83%86,MEMBER,{},0,[],{},0,[],"{""yellow"": 1}",1,[],"<起動>
このメンバーをステージから控え室に置く：自分の控え室からライブカードを1枚手札に加える。",HAS_TEXT,0,"{""hearts"": {}, ""blade_mentions"": [], ""blade_icon_n"": 0, ""energy_icon_n"": 0, ""all_heart_n"": 0, ""score_delta_icon"": 0, ""unknown_tags"": [], ""tags"": []}",0,0,0,0,0,"{""draw"": 0, ""score"": 0, ""colorless"": 0}",0,0,0,,
PL!SP-sd2-011,鬼塚冬毬,PL!SP-sd2-011 鬼塚冬毬 - ラブライブ！シリーズ オフィシャルカードゲーム(ラブカ) 非公式 Wiki*,メンバー,ラブライブ！スーパースター!!,Liella!,5yncri5e!,4.0,2.0,<黄>,<黄> 1,,,"<自動>
<ターン1回>
このメンバーがエリアを移動したとき、ライブ終了時まで、
<(ブレード)>
を得る。
（対戦相手のカードの効果でも発動する。）",https://wikiwiki.jp/llocardgame/PL%21SP-sd2-011%20%E9%AC%BC%E5%A1%9A%E5%86%AC%E6%AF%AC,MEMBER,{},0,[],{},0,[],"{""yellow"": 1}",1,[],"<自動>
<ターン1回>
このメンバーがエリアを移動したとき、ライブ終了時まで、
<(ブレード)>
を得る。
（対戦相手のカードの効果でも発動する。）",HAS_TEXT,0,"{""hearts"": {}, ""blade_mentions"": [], ""tags"": [], ""blade_icon_n"": 1, ""energy_icon_n"": 0, ""all_heart_n"": 0, ""score_delta_icon"": 0, ""unknown_tags"": []}",1,0,0,0,0,"{""draw"": 0, ""score"": 0, ""colorless"": 0}",0,0,0,,
PL!SP-sd2-012,澁谷かのん,PL!SP-sd2-012 澁谷かのん - ラブライブ！シリーズ オフィシャルカードゲーム(ラブカ) 非公式 Wiki*,メンバー,ラブライブ！スーパースター!!,Liella!,CatChu!,2.0,1.0,<赤>,<赤> 1,,,"<自動>
<ターン1回>
このメンバーがエリアを移動したとき、ライブ終了時まで、
<赤>
を得る。
（対戦相手のカードの効果でも発動する。）",https://wikiwiki.jp/llocardgame/PL%21SP-sd2-012%20%E6%BE%81%E8%B0%B7%E3%81%8B%E3%81%AE%E3%82%93,MEMBER,{},0,[],{},0,[],"{""red"": 1}",1,[],"<自動>
<ターン1回>
このメンバーがエリアを移動したとき、ライブ終了時まで、
<赤>
を得る。
（対戦相手のカードの効果でも発動する。）",HAS_TEXT,0,"{""hearts"": {}, ""blade_mentions"": [], ""blade_icon_n"": 0, ""energy_icon_n"": 0, ""all_heart_n"": 0, ""score_delta_icon"": 0, ""unknown_tags"": [], ""tags"": []}",0,0,0,0,0,"{""draw"": 0, ""score"": 0, ""colorless"": 0}",0,0,0,,
PL!SP-sd2-013,唐可可,PL!SP-sd2-013 唐可可 - ラブライブ！シリーズ オフィシャルカードゲーム(ラブカ) 非公式 Wiki*,メンバー,ラブライブ！スーパースター!!,Liella!,KALEIDOSCORE,2.0,1.0,<紫>,<紫> 1,,,"<自動>
<ターン1回>
このメンバーがエリアを移動したとき、ライブ終了時まで、
<紫>
を得る。
（対戦相手のカードの効果でも発動する。）",https://wikiwiki.jp/llocardgame/PL%21SP-sd2-013%20%E5%94%90%E5%8F%AF%E5%8F%AF,MEMBER,{},0,[],{},0,[],"{""purple"": 1}",1,[],"<自動>
<ターン1回>
このメンバーがエリアを移動したとき、ライブ終了時まで、
<紫>
を得る。
（対戦相手のカードの効果でも発動する。）",HAS_TEXT,0,"{""hearts"": {}, ""blade_mentions"": [], ""blade_icon_n"": 0, ""energy_icon_n"": 0, ""all_heart_n"": 0, ""score_delta_icon"": 0, ""unknown_tags"": [], ""tags"": []}",0,0,0,0,0,"{""draw"": 0, ""score"": 0, ""colorless"": 0}",0,0,0,,
PL!SP-sd2-014,嵐千砂都,PL!SP-sd2-014 嵐千砂都 - ラブライブ！シリーズ オフィシャルカードゲーム(ラブカ) 非公式 Wiki*,メンバー,ラブライブ！スーパースター!!,Liella!,5yncri5e!,2.0,1.0,<黄>,<黄> 1,,,"<起動>
このメンバーをステージから控え室に置く：自分の控え室からメンバーカードを1枚手札に加える。",https://wikiwiki.jp/llocardgame/PL%21SP-sd2-014%20%E5%B5%90%E5%8D%83%E7%A0%82%E9%83%BD,MEMBER,{},0,[],{},0,[],"{""yellow"": 1}",1,[],"<起動>
このメンバーをステージから控え室に置く：自分の控え室からメンバーカードを1枚手札に加える。",HAS_TEXT,0,"{""hearts"": {}, ""blade_mentions"": [], ""blade_icon_n"": 0, ""energy_icon_n"": 0, ""all_heart_n"": 0, ""score_delta_icon"": 0, ""unknown_tags"": [], ""tags"": []}",0,0,0,0,0,"{""draw"": 0, ""score"": 0, ""colorless"": 0}",0,0,0,,
PL!SP-sd2-015,平安名すみれ,PL!SP-sd2-015 平安名すみれ - ラブライブ！シリーズ オフィシャルカードゲーム(ラブカ) 非公式 Wiki*,メンバー,ラブライブ！スーパースター!!,Liella!,CatChu!,5.0,1.0,なし,<赤> 1 <黄> 1 <紫> 1,,,(なし),https://wikiwiki.jp/llocardgame/PL%21SP-sd2-015%20%E5%B9%B3%E5%AE%89%E5%90%8D%E3%81%99%E3%81%BF%E3%82%8C,MEMBER,{},0,[],{},0,[],{},0,[],(なし),NO_ABILITY,1,"{""hearts"": {}, ""blade_mentions"": [], ""blade_icon_n"": 0, ""energy_icon_n"": 0, ""all_heart_n"": 0, ""score_delta_icon"": 0, ""unknown_tags"": [], ""tags"": []}",0,0,0,0,0,"{""draw"": 0, ""score"": 0, ""colorless"": 0}",0,0,0,,
PL!SP-sd2-016,葉月恋,PL!SP-sd2-016 葉月恋 - ラブライブ！シリーズ オフィシャルカードゲーム(ラブカ) 非公式 Wiki*,メンバー,ラブライブ！スーパースター!!,Liella!,KALEIDOSCORE,2.0,2.0,<黄>,<黄> 1,,,"<登場>
このメンバーをポジションチェンジしてもよい。
（このメンバーを今いるエリア以外のエリアに移動させる。そのエリアにメンバーがいる場合、そのメンバーはこのメンバーがいたエリアに移動させる。）",https://wikiwiki.jp/llocardgame/PL%21SP-sd2-016%20%E8%91%89%E6%9C%88%E6%81%8B,MEMBER,{},0,[],{},0,[],"{""yellow"": 1}",1,[],"<登場>
このメンバーをポジションチェンジしてもよい。
（このメンバーを今いるエリア以外のエリアに移動させる。そのエリアにメンバーがいる場合、そのメンバーはこのメンバーがいたエリアに移動させる。）",HAS_TEXT,0,"{""hearts"": {}, ""blade_mentions"": [], ""blade_icon_n"": 0, ""energy_icon_n"": 0, ""all_heart_n"": 0, ""score_delta_icon"": 0, ""unknown_tags"": [], ""tags"": []}",0,0,0,0,0,"{""draw"": 0, ""score"": 0, ""colorless"": 0}",0,0,0,,
PL!SP-sd2-017,桜小路きな子,PL!SP-sd2-017 桜小路きな子 - ラブライブ！シリーズ オフィシャルカードゲーム(ラブカ) 非公式 Wiki*,メンバー,ラブライブ！スーパースター!!,Liella!,5yncri5e!,2.0,1.0,<赤>,<赤> 1,,,"<ライブ成功時>
カードを1枚引き、手札を1枚控え室に置く。",https://wikiwiki.jp/llocardgame/PL%21SP-sd2-017%20%E6%A1%9C%E5%B0%8F%E8%B7%AF%E3%81%8D%E3%81%AA%E5%AD%90,MEMBER,{},0,[],{},0,[],"{""red"": 1}",1,[],"<ライブ成功時>
カードを1枚引き、手札を1枚控え室に置く。",HAS_TEXT,0,"{""hearts"": {}, ""blade_mentions"": [], ""blade_icon_n"": 0, ""energy_icon_n"": 0, ""all_heart_n"": 0, ""score_delta_icon"": 0, ""unknown_tags"": [], ""tags"": []}",0,0,0,0,0,"{""draw"": 0, ""score"": 0, ""colorless"": 0}",0,0,0,,
PL!SP-sd2-018,米女メイ,PL!SP-sd2-018 米女メイ - ラブライブ！シリーズ オフィシャルカードゲーム(ラブカ) 非公式 Wiki*,メンバー,ラブライブ！スーパースター!!,Liella!,CatChu!,13.0,4.0,<赤>,<赤> 3 <黄> 3,,,(なし),https://wikiwiki.jp/llocardgame/PL%21SP-sd2-018%20%E7%B1%B3%E5%A5%B3%E3%83%A1%E3%82%A4,MEMBER,{},0,[],{},0,[],"{""red"": 1}",1,[],(なし),NO_ABILITY,1,"{""hearts"": {}, ""blade_mentions"": [], ""blade_icon_n"": 0, ""energy_icon_n"": 0, ""all_heart_n"": 0, ""score_delta_icon"": 0, ""unknown_tags"": [], ""tags"": []}",0,0,0,0,0,"{""draw"": 0, ""score"": 0, ""colorless"": 0}",0,0,0,,
PL!SP-sd2-019,若菜四季,PL!SP-sd2-019 若菜四季 - ラブライブ！シリーズ オフィシャルカードゲーム(ラブカ) 非公式 Wiki*,メンバー,ラブライブ！スーパースター!!,Liella!,5yncri5e!,11.0,3.0,<紫>,<赤> 1 <黄> 2 <紫> 2,,,(なし),https://wikiwiki.jp/llocardgame/PL%21SP-sd2-019%20%E8%8B%A5%E8%8F%9C%E5%9B%9B%E5%AD%A3,MEMBER,{},0,[],{},0,[],"{""purple"": 1}",1,[],(なし),NO_ABILITY,1,"{""hearts"": {}, ""blade_mentions"": [], ""blade_icon_n"": 0, ""energy_icon_n"": 0, ""all_heart_n"": 0, ""score_delta_icon"": 0, ""unknown_tags"": [], ""tags"": []}",0,0,0,0,0,"{""draw"": 0, ""score"": 0, ""colorless"": 0}",0,0,0,,
PL!SP-sd2-020,鬼塚夏美,PL!SP-sd2-020 鬼塚夏美 - ラブライブ！シリーズ オフィシャルカードゲーム(ラブカ) 非公式 Wiki*,メンバー,ラブライブ！スーパースター!!,Liella!,5yncri5e!,7.0,1.0,なし,<赤> 1 <黄> 1 <紫> 1,,,"<ライブ開始時>
自分のエネルギーが7枚以上ある場合、ライブ終了時まで、このメンバーと自分のステージにいるほかの『Liella!』のメンバー1人は、
<(ブレード)>
を得る。",https://wikiwiki.jp/llocardgame/PL%21SP-sd2-020%20%E9%AC%BC%E5%A1%9A%E5%A4%8F%E7%BE%8E,MEMBER,{},0,[],{},0,[],{},0,[],"<ライブ開始時>
自分のエネルギーが7枚以上ある場合、ライブ終了時まで、このメンバーと自分のステージにいるほかの『Liella!』のメンバー1人は、
<(ブレード)>
を得る。",HAS_TEXT,0,"{""hearts"": {}, ""blade_mentions"": [], ""tags"": [], ""blade_icon_n"": 1, ""energy_icon_n"": 0, ""all_heart_n"": 0, ""score_delta_icon"": 0, ""unknown_tags"": []}",1,0,0,0,0,"{""draw"": 0, ""score"": 0, ""colorless"": 0}",0,0,0,,
PL!SP-sd2-021,ウィーン・マルガレーテ,PL!SP-sd2-021 ウィーン・マルガレーテ - ラブライブ！シリーズ オフィシャルカードゲーム(ラブカ) 非公式 Wiki*,メンバー,ラブライブ！スーパースター!!,Liella!,KALEIDOSCORE,7.0,2.0,なし,<赤> 1 <黄> 1 <紫> 1,,,(なし),https://wikiwiki.jp/llocardgame/PL%21SP-sd2-021%20%E3%82%A6%E3%82%A3%E3%83%BC%E3%83%B3%E3%83%BB%E3%83%9E%E3%83%AB%E3%82%AC%E3%83%AC%E3%83%BC%E3%83%86,MEMBER,{},0,[],{},0,[],{},0,[],(なし),NO_ABILITY,1,"{""hearts"": {}, ""blade_mentions"": [], ""blade_icon_n"": 0, ""energy_icon_n"": 0, ""all_heart_n"": 0, ""score_delta_icon"": 0, ""unknown_tags"": [], ""tags"": []}",0,0,0,0,0,"{""draw"": 0, ""score"": 0, ""colorless"": 0}",0,0,0,,
PL!SP-sd2-022,鬼塚冬毬,PL!SP-sd2-022 鬼塚冬毬 - ラブライブ！シリーズ オフィシャルカードゲーム(ラブカ) 非公式 Wiki*,メンバー,ラブライブ！スーパースター!!,Liella!,5yncri5e!,2.0,1.0,<黄>,<黄> 1,,,"<自動>
<ターン1回>
このメンバーがエリアを移動したとき、ライブ終了時まで、
<黄>
を得る。
（対戦相手のカードの効果でも発動する。）",https://wikiwiki.jp/llocardgame/PL%21SP-sd2-022%20%E9%AC%BC%E5%A1%9A%E5%86%AC%E6%AF%AC,MEMBER,{},0,[],{},0,[],"{""yellow"": 1}",1,[],"<自動>
<ターン1回>
このメンバーがエリアを移動したとき、ライブ終了時まで、
<黄>
を得る。
（対戦相手のカードの効果でも発動する。）",HAS_TEXT,0,"{""hearts"": {}, ""blade_mentions"": [], ""blade_icon_n"": 0, ""energy_icon_n"": 0, ""all_heart_n"": 0, ""score_delta_icon"": 0, ""unknown_tags"": [], ""tags"": []}",0,0,0,0,0,"{""draw"": 0, ""score"": 0, ""colorless"": 0}",0,0,0,,
PL!SP-sd2-023,始まりは君の空,PL!SP-sd2-023 始まりは君の空 - ラブライブ！シリーズ オフィシャルカードゲーム(ラブカ) 非公式 Wiki*,ライブ,ラブライブ！スーパースター!!,Liella!,,,,<スコア+1>,,<黄> 1 <任意> 2 (合計3),1.0,"<ライブ開始時>
自分の成功ライブカード置き場にカードが2枚以上ある場合、このカードのスコアを+5し、必要ハートは
<赤>
<赤>
<赤>
<黄>
<黄>
<黄>
<紫>
<紫>
<紫>
<任意>
<任意>
<任意>
になる。",https://wikiwiki.jp/llocardgame/PL%21SP-sd2-023%20%E5%A7%8B%E3%81%BE%E3%82%8A%E3%81%AF%E5%90%9B%E3%81%AE%E7%A9%BA,LIVE,{},0,[],{},3,[],{},0,[],"<ライブ開始時>
自分の成功ライブカード置き場にカードが2枚以上ある場合、このカードのスコアを+5し、必要ハートは
<赤>
<赤>
<赤>
<黄>
<黄>
<黄>
<紫>
<紫>
<紫>
<任意>
<任意>
<任意>
になる。",HAS_TEXT,0,"{""hearts"": {}, ""blade_mentions"": [], ""blade_icon_n"": 0, ""energy_icon_n"": 0, ""all_heart_n"": 0, ""score_delta_icon"": 0, ""unknown_tags"": [], ""tags"": []}",0,0,0,0,0,"{""draw"": 0, ""score"": 1, ""colorless"": 0}",0,1,0,,
PL!SP-sd2-024,アイコトバ！,PL!SP-sd2-024 アイコトバ！ - ラブライブ！シリーズ オフィシャルカードゲーム(ラブカ) 非公式 Wiki*,ライブ,ラブライブ！スーパースター!!,Liella!,,,,<ALL>,,<赤> 1 <黄> 1 <紫> 1 <任意> 4 (合計7),3.0,(なし),https://wikiwiki.jp/llocardgame/PL%21SP-sd2-024%20%E3%82%A2%E3%82%A4%E3%82%B3%E3%83%88%E3%83%90%EF%BC%81,LIVE,{},0,[],{},7,[],"{""all"": 1}",1,[],(なし),NO_ABILITY,1,"{""hearts"": {}, ""blade_mentions"": [], ""blade_icon_n"": 0, ""energy_icon_n"": 0, ""all_heart_n"": 0, ""score_delta_icon"": 0, ""unknown_tags"": [], ""tags"": []}",0,0,0,0,0,"{""draw"": 0, ""score"": 0, ""colorless"": 0}",0,0,0,,
PL!SP-sd2-025,Aspire,PL!SP-sd2-025 Aspire - ラブライブ！シリーズ オフィシャルカードゲーム(ラブカ) 非公式 Wiki*,ライブ,ラブライブ！スーパースター!!,Liella!,,,,<赤> <ドロー+1>,,<赤> 2 <黄> 1 <紫> 1 <任意> 7 (合計11),4.0,"<ライブ開始時>
ライブ終了時まで、自分のステージにいる、このターン中にエリアを移動したすべての『Liella!』メンバーは、
<(ブレード)>
を得る。",https://wikiwiki.jp/llocardgame/PL%21SP-sd2-025%20Aspire,LIVE,{},0,[],{},11,[],"{""red"": 1}",1,[],"<ライブ開始時>
ライブ終了時まで、自分のステージにいる、このターン中にエリアを移動したすべての『Liella!』メンバーは、
<(ブレード)>
を得る。",HAS_TEXT,0,"{""hearts"": {}, ""blade_mentions"": [], ""tags"": [], ""blade_icon_n"": 1, ""energy_icon_n"": 0, ""all_heart_n"": 0, ""score_delta_icon"": 0, ""unknown_tags"": []}",1,0,0,0,0,"{""draw"": 1, ""score"": 0, ""colorless"": 0}",1,0,0,,
