cardnumber	rarity_norm	rarity_display	folder	remote_filename	exact_url
LL-PR-004	PR	PR	PR	LL-PR-004-PR.png	https://llofficial-cardgame.com/wordpress/wp-content/images/cardlist/PR/LL-PR-004-PR.png
LL-bp1-001	R2	R＋	BP01	LL-bp1-001-R2.png	https://llofficial-cardgame.com/wordpress/wp-content/images/cardlist/BP01/LL-bp1-001-R2.png
LL-bp2-001	R2	R＋	BP02	LL-bp2-001-R2.png	https://llofficial-cardgame.com/wordpress/wp-content/images/cardlist/BP02/LL-bp2-001-R2.png
LL-bp3-001	R2	R＋	BP03	LL-bp3-001-R2.png	https://llofficial-cardgame.com/wordpress/wp-content/images/cardlist/BP03/LL-bp3-001-R2.png
LL-bp4-001	R2	R＋	BP04	LL-bp4-001-R2.png	https://llofficial-cardgame.com/wordpress/wp-content/images/cardlist/BP04/LL-bp4-001-R2.png
LL-bp5-001	L	L	BP05	LL-bp5-001-L.png	https://llofficial-cardgame.com/wordpress/wp-content/images/cardlist/BP05/LL-bp5-001-L.png
LL-bp5-002	L	L	BP05	LL-bp5-002-L.png	https://llofficial-cardgame.com/wordpress/wp-content/images/cardlist/BP05/LL-bp5-002-L.png
LL-bp6-001	R2	R＋	BP06	LL-bp6-001-R2.png	https://llofficial-cardgame.com/wordpress/wp-content/images/cardlist/BP06/LL-bp6-001-R2.png
PL!-PR-001	PR	PR	PR	PL!-PR-001-PR.png	https://llofficial-cardgame.com/wordpress/wp-content/images/cardlist/PR/PL!-PR-001-PR.png
PL!-PR-002	PR	PR	PR	PL!-PR-002-PR.png	https://llofficial-cardgame.com/wordpress/wp-content/images/cardlist/PR/PL!-PR-002-PR.png
PL!-PR-003	PR	PR	PR	PL!-PR-003-PR.png	https://llofficial-cardgame.com/wordpress/wp-content/images/cardlist/PR/PL!-PR-003-PR.png
PL!-PR-004	PR	PR	PR	PL!-PR-004-PR.png	https://llofficial-cardgame.com/wordpress/wp-content/images/cardlist/PR/PL!-PR-004-PR.png
PL!-PR-005	PR	PR	PR	PL!-PR-005-PR.png	https://llofficial-cardgame.com/wordpress/wp-content/images/cardlist/PR/PL!-PR-005-PR.png
PL!-PR-006	PR	PR	PR	PL!-PR-006-PR.png	https://llofficial-cardgame.com/wordpress/wp-content/images/cardlist/PR/PL!-PR-006-PR.png
PL!-PR-007	PR	PR	PR	PL!-PR-007-PR.png	https://llofficial-cardgame.com/wordpress/wp-content/images/cardlist/PR/PL!-PR-007-PR.png
PL!-PR-008	PR	PR	PR	PL!-PR-008-PR.png	https://llofficial-cardgame.com/wordpress/wp-content/images/cardlist/PR/PL!-PR-008-PR.png
PL!-PR-009	PR	PR	PR	PL!-PR-009-PR.png	https://llofficial-cardgame.com/wordpress/wp-content/images/cardlist/PR/PL!-PR-009-PR.png
PL!-PR-012	PR	PR	PR	PL!-PR-012-PR.png	https://llofficial-cardgame.com/wordpress/wp-content/images/cardlist/PR/PL!-PR-012-PR.png
PL!-PR-014	PR	PR	PR	PL!-PR-014-PR.png	https://llofficial-cardgame.com/wordpress/wp-content/images/cardlist/PR/PL!-PR-014-PR.png
PL!-PR-015	PR	PR	PR	PL!-PR-015-PR.png	https://llofficial-cardgame.com/wordpress/wp-content/images/cardlist/PR/PL!-PR-015-PR.png
PL!-PR-017	PR	PR	PR	PL!-PR-017-PR.png	https://llofficial-cardgame.com/wordpress/wp-content/images/cardlist/PR/PL!-PR-017-PR.png
PL!-PR-018	PR	PR	PR	PL!-PR-018-PR.png	https://llofficial-cardgame.com/wordpress/wp-content/images/cardlist/PR/PL!-PR-018-PR.png
PL!-PR-020	PR	PR	PR	PL!-PR-020-PR.png	https://llofficial-cardgame.com/wordpress/wp-content/images/cardlist/PR/PL!-PR-020-PR.png
PL!-PR-021	PR	PR	PR	PL!-PR-021-PR.png	https://llofficial-cardgame.com/wordpress/wp-content/images/cardlist/PR/PL!-PR-021-PR.png
PL!-bp3-001	R	R	BP03	PL!-bp3-R-001-R.png	https://llofficial-cardgame.com/wordpress/wp-content/images/cardlist/BP03/PL!-bp3-R-001-R.png
PL!-bp3-001	P	P	BP03	PL!-bp3-P-001-P.png	https://llofficial-cardgame.com/wordpress/wp-content/images/cardlist/BP03/PL!-bp3-P-001-P.png
PL!-bp3-002	R	R	BP03	PL!-bp3-R-002-R.png	https://llofficial-cardgame.com/wordpress/wp-content/images/cardlist/BP03/PL!-bp3-R-002-R.png
PL!-bp3-002	P	P	BP03	PL!-bp3-P-002-P.png	https://llofficial-cardgame.com/wordpress/wp-content/images/cardlist/BP03/PL!-bp3-P-002-P.png
PL!-bp3-003	R	R	BP03	PL!-bp3-R-003-R.png	https://llofficial-cardgame.com/wordpress/wp-content/images/cardlist/BP03/PL!-bp3-R-003-R.png
PL!-bp3-003	P	P	BP03	PL!-bp3-P-003-P.png	https://llofficial-cardgame.com/wordpress/wp-content/images/cardlist/BP03/PL!-bp3-P-003-P.png
PL!-bp3-004	R2	R＋	BP03	PL!-bp3-R2-004-R2.png	https://llofficial-cardgame.com/wordpress/wp-content/images/cardlist/BP03/PL!-bp3-R2-004-R2.png
PL!-bp3-004	P	P	BP03	PL!-bp3-P-004-P.png	https://llofficial-cardgame.com/wordpress/wp-content/images/cardlist/BP03/PL!-bp3-P-004-P.png
PL!-bp3-004	P2	P＋	BP03	PL!-bp3-P2-004-P2.png	https://llofficial-cardgame.com/wordpress/wp-content/images/cardlist/BP03/PL!-bp3-P2-004-P2.png
PL!-bp3-004	SEC	SEC	BP03	PL!-bp3-SEC-004-SEC.png	https://llofficial-cardgame.com/wordpress/wp-content/images/cardlist/BP03/PL!-bp3-SEC-004-SEC.png
PL!-bp3-005	R	R	BP03	PL!-bp3-R-005-R.png	https://llofficial-cardgame.com/wordpress/wp-content/images/cardlist/BP03/PL!-bp3-R-005-R.png
PL!-bp3-005	P	P	BP03	PL!-bp3-P-005-P.png	https://llofficial-cardgame.com/wordpress/wp-content/images/cardlist/BP03/PL!-bp3-P-005-P.png
PL!-bp3-006	R	R	BP03	PL!-bp3-R-006-R.png	https://llofficial-cardgame.com/wordpress/wp-content/images/cardlist/BP03/PL!-bp3-R-006-R.png
PL!-bp3-006	P	P	BP03	PL!-bp3-P-006-P.png	https://llofficial-cardgame.com/wordpress/wp-content/images/cardlist/BP03/PL!-bp3-P-006-P.png
PL!-bp3-007	R	R	BP03	PL!-bp3-R-007-R.png	https://llofficial-cardgame.com/wordpress/wp-content/images/cardlist/BP03/PL!-bp3-R-007-R.png
PL!-bp3-007	P	P	BP03	PL!-bp3-P-007-P.png	https://llofficial-cardgame.com/wordpress/wp-content/images/cardlist/BP03/PL!-bp3-P-007-P.png
PL!-bp3-008	R2	R＋	BP03	PL!-bp3-R2-008-R2.png	https://llofficial-cardgame.com/wordpress/wp-content/images/cardlist/BP03/PL!-bp3-R2-008-R2.png
PL!-bp3-008	P	P	BP03	PL!-bp3-P-008-P.png	https://llofficial-cardgame.com/wordpress/wp-content/images/cardlist/BP03/PL!-bp3-P-008-P.png
PL!-bp3-008	P2	P＋	BP03	PL!-bp3-P2-008-P2.png	https://llofficial-cardgame.com/wordpress/wp-content/images/cardlist/BP03/PL!-bp3-P2-008-P2.png
PL!-bp3-008	SEC	SEC	BP03	PL!-bp3-SEC-008-SEC.png	https://llofficial-cardgame.com/wordpress/wp-content/images/cardlist/BP03/PL!-bp3-SEC-008-SEC.png
PL!-bp3-009	R2	R＋	BP03	PL!-bp3-R2-009-R2.png	https://llofficial-cardgame.com/wordpress/wp-content/images/cardlist/BP03/PL!-bp3-R2-009-R2.png
PL!-bp3-009	P	P	BP03	PL!-bp3-P-009-P.png	https://llofficial-cardgame.com/wordpress/wp-content/images/cardlist/BP03/PL!-bp3-P-009-P.png
PL!-bp3-009	P2	P＋	BP03	PL!-bp3-P2-009-P2.png	https://llofficial-cardgame.com/wordpress/wp-content/images/cardlist/BP03/PL!-bp3-P2-009-P2.png
PL!-bp3-009	SEC	SEC	BP03	PL!-bp3-SEC-009-SEC.png	https://llofficial-cardgame.com/wordpress/wp-content/images/cardlist/BP03/PL!-bp3-SEC-009-SEC.png
PL!-bp3-010	N	N	BP03	PL!-bp3-N-010-N.png	https://llofficial-cardgame.com/wordpress/wp-content/images/cardlist/BP03/PL!-bp3-N-010-N.png
PL!-bp3-011	N	N	BP03	PL!-bp3-N-011-N.png	https://llofficial-cardgame.com/wordpress/wp-content/images/cardlist/BP03/PL!-bp3-N-011-N.png
PL!-bp3-012	N	N	BP03	PL!-bp3-N-012-N.png	https://llofficial-cardgame.com/wordpress/wp-content/images/cardlist/BP03/PL!-bp3-N-012-N.png
PL!-bp3-012	PR	PR	PR	PL!-bp3-012-PR.png	https://llofficial-cardgame.com/wordpress/wp-content/images/cardlist/PR/PL!-bp3-012-PR.png
PL!-bp3-012	RM	RM	BP05	PL!-bp3-012-RM.png	https://llofficial-cardgame.com/wordpress/wp-content/images/cardlist/BP05/PL!-bp3-012-RM.png
PL!-bp3-013	N	N	BP03	PL!-bp3-N-013-N.png	https://llofficial-cardgame.com/wordpress/wp-content/images/cardlist/BP03/PL!-bp3-N-013-N.png
PL!-bp3-014	N	N	BP03	PL!-bp3-N-014-N.png	https://llofficial-cardgame.com/wordpress/wp-content/images/cardlist/BP03/PL!-bp3-N-014-N.png
PL!-bp3-014	PR	PR	PR	PL!-bp3-014-PR.png	https://llofficial-cardgame.com/wordpress/wp-content/images/cardlist/PR/PL!-bp3-014-PR.png
PL!-bp3-015	N	N	BP03	PL!-bp3-N-015-N.png	https://llofficial-cardgame.com/wordpress/wp-content/images/cardlist/BP03/PL!-bp3-N-015-N.png
PL!-bp3-016	N	N	BP03	PL!-bp3-N-016-N.png	https://llofficial-cardgame.com/wordpress/wp-content/images/cardlist/BP03/PL!-bp3-N-016-N.png
PL!-bp3-017	N	N	BP03	PL!-bp3-N-017-N.png	https://llofficial-cardgame.com/wordpress/wp-content/images/cardlist/BP03/PL!-bp3-N-017-N.png
PL!-bp3-018	N	N	BP03	PL!-bp3-N-018-N.png	https://llofficial-cardgame.com/wordpress/wp-content/images/cardlist/BP03/PL!-bp3-N-018-N.png
PL!-bp3-019	L	L	BP03	PL!-bp3-L-019-L.png	https://llofficial-cardgame.com/wordpress/wp-content/images/cardlist/BP03/PL!-bp3-L-019-L.png
PL!-bp3-020	L	L	BP03	PL!-bp3-L-020-L.png	https://llofficial-cardgame.com/wordpress/wp-content/images/cardlist/BP03/PL!-bp3-L-020-L.png
PL!-bp3-020	L2	L＋	PBLL	PL!-bp3-L2.png	https://llofficial-cardgame.com/wordpress/wp-content/images/cardlist/PBLL/PL!-bp3-L2.png
PL!-bp3-020	SECL	SECL	BP05	PL!-bp3-SECL.png	https://llofficial-cardgame.com/wordpress/wp-content/images/cardlist/BP05/PL!-bp3-SECL.png
PL!-bp3-021	L	L	BP03	PL!-bp3-L-021-L.png	https://llofficial-cardgame.com/wordpress/wp-content/images/cardlist/BP03/PL!-bp3-L-021-L.png
PL!-bp3-022	L	L	BP03	PL!-bp3-L-022-L.png	https://llofficial-cardgame.com/wordpress/wp-content/images/cardlist/BP03/PL!-bp3-L-022-L.png
PL!-bp3-023	L	L	BP03	PL!-bp3-L-023-L.png	https://llofficial-cardgame.com/wordpress/wp-content/images/cardlist/BP03/PL!-bp3-L-023-L.png
PL!-bp3-024	L	L	BP03	PL!-bp3-L-024-L.png	https://llofficial-cardgame.com/wordpress/wp-content/images/cardlist/BP03/PL!-bp3-L-024-L.png
PL!-bp3-025	L	L	BP03	PL!-bp3-L-025-L.png	https://llofficial-cardgame.com/wordpress/wp-content/images/cardlist/BP03/PL!-bp3-L-025-L.png
PL!-bp3-026	L	L	BP03	PL!-bp3-L-026-L.png	https://llofficial-cardgame.com/wordpress/wp-content/images/cardlist/BP03/PL!-bp3-L-026-L.png
PL!-bp4-001	R	R	BP04	PL!-bp4-001-R.png	https://llofficial-cardgame.com/wordpress/wp-content/images/cardlist/BP04/PL!-bp4-001-R.png
PL!-bp4-001	P	P	BP04	PL!-bp4-001-P.png	https://llofficial-cardgame.com/wordpress/wp-content/images/cardlist/BP04/PL!-bp4-001-P.png
PL!-bp4-002	R2	R＋	BP04	PL!-bp4-002-R2.png	https://llofficial-cardgame.com/wordpress/wp-content/images/cardlist/BP04/PL!-bp4-002-R2.png
PL!-bp4-002	P	P	BP04	PL!-bp4-002-P.png	https://llofficial-cardgame.com/wordpress/wp-content/images/cardlist/BP04/PL!-bp4-002-P.png
PL!-bp4-002	P2	P＋	BP04	PL!-bp4-002-P2.png	https://llofficial-cardgame.com/wordpress/wp-content/images/cardlist/BP04/PL!-bp4-002-P2.png
PL!-bp4-002	SEC	SEC	BP04	PL!-bp4-002-SEC.png	https://llofficial-cardgame.com/wordpress/wp-content/images/cardlist/BP04/PL!-bp4-002-SEC.png
PL!-bp4-003	R	R	BP04	PL!-bp4-003-R.png	https://llofficial-cardgame.com/wordpress/wp-content/images/cardlist/BP04/PL!-bp4-003-R.png
PL!-bp4-003	P	P	BP04	PL!-bp4-003-P.png	https://llofficial-cardgame.com/wordpress/wp-content/images/cardlist/BP04/PL!-bp4-003-P.png
PL!-bp4-004	R	R	BP04	PL!-bp4-004-R.png	https://llofficial-cardgame.com/wordpress/wp-content/images/cardlist/BP04/PL!-bp4-004-R.png
PL!-bp4-004	P	P	BP04	PL!-bp4-004-P.png	https://llofficial-cardgame.com/wordpress/wp-content/images/cardlist/BP04/PL!-bp4-004-P.png
PL!-bp4-005	R2	R＋	BP04	PL!-bp4-005-R2.png	https://llofficial-cardgame.com/wordpress/wp-content/images/cardlist/BP04/PL!-bp4-005-R2.png
PL!-bp4-005	P	P	BP04	PL!-bp4-005-P.png	https://llofficial-cardgame.com/wordpress/wp-content/images/cardlist/BP04/PL!-bp4-005-P.png
PL!-bp4-005	P2	P＋	BP04	PL!-bp4-005-P2.png	https://llofficial-cardgame.com/wordpress/wp-content/images/cardlist/BP04/PL!-bp4-005-P2.png
PL!-bp4-005	SEC	SEC	BP04	PL!-bp4-005-SEC.png	https://llofficial-cardgame.com/wordpress/wp-content/images/cardlist/BP04/PL!-bp4-005-SEC.png
PL!-bp4-006	R	R	BP04	PL!-bp4-006-R.png	https://llofficial-cardgame.com/wordpress/wp-content/images/cardlist/BP04/PL!-bp4-006-R.png
PL!-bp4-006	P	P	BP04	PL!-bp4-006-P.png	https://llofficial-cardgame.com/wordpress/wp-content/images/cardlist/BP04/PL!-bp4-006-P.png
PL!-bp4-007	R	R	BP04	PL!-bp4-007-R.png	https://llofficial-cardgame.com/wordpress/wp-content/images/cardlist/BP04/PL!-bp4-007-R.png
PL!-bp4-007	P	P	BP04	PL!-bp4-007-P.png	https://llofficial-cardgame.com/wordpress/wp-content/images/cardlist/BP04/PL!-bp4-007-P.png
PL!-bp4-008	R	R	BP04	PL!-bp4-008-R.png	https://llofficial-cardgame.com/wordpress/wp-content/images/cardlist/BP04/PL!-bp4-008-R.png
PL!-bp4-008	P	P	BP04	PL!-bp4-008-P.png	https://llofficial-cardgame.com/wordpress/wp-content/images/cardlist/BP04/PL!-bp4-008-P.png
PL!-bp4-009	R	R	BP04	PL!-bp4-009-R.png	https://llofficial-cardgame.com/wordpress/wp-content/images/cardlist/BP04/PL!-bp4-009-R.png
PL!-bp4-009	P	P	BP04	PL!-bp4-009-P.png	https://llofficial-cardgame.com/wordpress/wp-content/images/cardlist/BP04/PL!-bp4-009-P.png
PL!-bp4-010	N	N	BP04	PL!-bp4-010-N.png	https://llofficial-cardgame.com/wordpress/wp-content/images/cardlist/BP04/PL!-bp4-010-N.png
PL!-bp4-011	N	N	BP04	PL!-bp4-011-N.png	https://llofficial-cardgame.com/wordpress/wp-content/images/cardlist/BP04/PL!-bp4-011-N.png
PL!-bp4-012	N	N	BP04	PL!-bp4-012-N.png	https://llofficial-cardgame.com/wordpress/wp-content/images/cardlist/BP04/PL!-bp4-012-N.png
PL!-bp4-013	N	N	BP04	PL!-bp4-013-N.png	https://llofficial-cardgame.com/wordpress/wp-content/images/cardlist/BP04/PL!-bp4-013-N.png
PL!-bp4-014	N	N	BP04	PL!-bp4-014-N.png	https://llofficial-cardgame.com/wordpress/wp-content/images/cardlist/BP04/PL!-bp4-014-N.png
PL!-bp4-015	N	N	BP04	PL!-bp4-015-N.png	https://llofficial-cardgame.com/wordpress/wp-content/images/cardlist/BP04/PL!-bp4-015-N.png
PL!-bp4-016	N	N	BP04	PL!-bp4-016-N.png	https://llofficial-cardgame.com/wordpress/wp-content/images/cardlist/BP04/PL!-bp4-016-N.png
PL!-bp4-017	N	N	BP04	PL!-bp4-017-N.png	https://llofficial-cardgame.com/wordpress/wp-content/images/cardlist/BP04/PL!-bp4-017-N.png
PL!-bp4-018	N	N	BP04	PL!-bp4-018-N.png	https://llofficial-cardgame.com/wordpress/wp-content/images/cardlist/BP04/PL!-bp4-018-N.png
PL!-bp4-019	L	L	BP04	PL!-bp4-019-L.png	https://llofficial-cardgame.com/wordpress/wp-content/images/cardlist/BP04/PL!-bp4-019-L.png
PL!-bp4-020	L	L	BP04	PL!-bp4-020-L.png	https://llofficial-cardgame.com/wordpress/wp-content/images/cardlist/BP04/PL!-bp4-020-L.png
PL!-bp4-021	L	L	BP04	PL!-bp4-021-L.png	https://llofficial-cardgame.com/wordpress/wp-content/images/cardlist/BP04/PL!-bp4-021-L.png
PL!-bp4-022	L	L	BP04	PL!-bp4-022-L.png	https://llofficial-cardgame.com/wordpress/wp-content/images/cardlist/BP04/PL!-bp4-022-L.png
PL!-bp4-022	SECL	SECL	BP06	PL!-bp4-022-SECL.png	https://llofficial-cardgame.com/wordpress/wp-content/images/cardlist/BP06/PL!-bp4-022-SECL.png
PL!-bp4-023	L	L	BP04	PL!-bp4-023-L.png	https://llofficial-cardgame.com/wordpress/wp-content/images/cardlist/BP04/PL!-bp4-023-L.png
PL!-bp4-024	L	L	BP04	PL!-bp4-024-L.png	https://llofficial-cardgame.com/wordpress/wp-content/images/cardlist/BP04/PL!-bp4-024-L.png
PL!-bp4-025	L	L	BP04	PL!-bp4-025-L.png	https://llofficial-cardgame.com/wordpress/wp-content/images/cardlist/BP04/PL!-bp4-025-L.png
PL!-bp4-026	L	L	BP04	PL!-bp4-026-L.png	https://llofficial-cardgame.com/wordpress/wp-content/images/cardlist/BP04/PL!-bp4-026-L.png
PL!-bp5-001	R2	R＋	BP05	PL!-bp5-001-R2.png	https://llofficial-cardgame.com/wordpress/wp-content/images/cardlist/BP05/PL!-bp5-001-R2.png
PL!-bp5-001	P	P	BP05	PL!-bp5-001-P.png	https://llofficial-cardgame.com/wordpress/wp-content/images/cardlist/BP05/PL!-bp5-001-P.png
PL!-bp5-001	AR	AR	BP05	PL!-bp5-001-AR.png	https://llofficial-cardgame.com/wordpress/wp-content/images/cardlist/BP05/PL!-bp5-001-AR.png
PL!-bp5-001	SEC	SEC	BP05	PL!-bp5-001-SEC.png	https://llofficial-cardgame.com/wordpress/wp-content/images/cardlist/BP05/PL!-bp5-001-SEC.png
PL!-bp5-002	R	R	BP05	PL!-bp5-002-R.png	https://llofficial-cardgame.com/wordpress/wp-content/images/cardlist/BP05/PL!-bp5-002-R.png
PL!-bp5-002	P	P	BP05	PL!-bp5-002-P.png	https://llofficial-cardgame.com/wordpress/wp-content/images/cardlist/BP05/PL!-bp5-002-P.png
PL!-bp5-002	AR	AR	BP05	PL!-bp5-002-AR.png	https://llofficial-cardgame.com/wordpress/wp-content/images/cardlist/BP05/PL!-bp5-002-AR.png
PL!-bp5-003	R2	R＋	BP05	PL!-bp5-003-R2.png	https://llofficial-cardgame.com/wordpress/wp-content/images/cardlist/BP05/PL!-bp5-003-R2.png
PL!-bp5-003	P	P	BP05	PL!-bp5-003-P.png	https://llofficial-cardgame.com/wordpress/wp-content/images/cardlist/BP05/PL!-bp5-003-P.png
PL!-bp5-003	AR	AR	BP05	PL!-bp5-003-AR.png	https://llofficial-cardgame.com/wordpress/wp-content/images/cardlist/BP05/PL!-bp5-003-AR.png
PL!-bp5-003	SEC	SEC	BP05	PL!-bp5-003-SEC.png	https://llofficial-cardgame.com/wordpress/wp-content/images/cardlist/BP05/PL!-bp5-003-SEC.png
PL!-bp5-004	R2	R＋	BP05	PL!-bp5-004-R2.png	https://llofficial-cardgame.com/wordpress/wp-content/images/cardlist/BP05/PL!-bp5-004-R2.png
PL!-bp5-004	P	P	BP05	PL!-bp5-004-P.png	https://llofficial-cardgame.com/wordpress/wp-content/images/cardlist/BP05/PL!-bp5-004-P.png
PL!-bp5-004	AR	AR	BP05	PL!-bp5-004-AR.png	https://llofficial-cardgame.com/wordpress/wp-content/images/cardlist/BP05/PL!-bp5-004-AR.png
PL!-bp5-004	SEC	SEC	BP05	PL!-bp5-004-SEC.png	https://llofficial-cardgame.com/wordpress/wp-content/images/cardlist/BP05/PL!-bp5-004-SEC.png
PL!-bp5-005	R	R	BP05	PL!-bp5-005-R.png	https://llofficial-cardgame.com/wordpress/wp-content/images/cardlist/BP05/PL!-bp5-005-R.png
PL!-bp5-005	P	P	BP05	PL!-bp5-005-P.png	https://llofficial-cardgame.com/wordpress/wp-content/images/cardlist/BP05/PL!-bp5-005-P.png
PL!-bp5-005	AR	AR	BP05	PL!-bp5-005-AR.png	https://llofficial-cardgame.com/wordpress/wp-content/images/cardlist/BP05/PL!-bp5-005-AR.png
PL!-bp5-006	R	R	BP05	PL!-bp5-006-R.png	https://llofficial-cardgame.com/wordpress/wp-content/images/cardlist/BP05/PL!-bp5-006-R.png
PL!-bp5-006	P	P	BP05	PL!-bp5-006-P.png	https://llofficial-cardgame.com/wordpress/wp-content/images/cardlist/BP05/PL!-bp5-006-P.png
PL!-bp5-006	AR	AR	BP05	PL!-bp5-006-AR.png	https://llofficial-cardgame.com/wordpress/wp-content/images/cardlist/BP05/PL!-bp5-006-AR.png
PL!-bp5-007	R	R	BP05	PL!-bp5-007-R.png	https://llofficial-cardgame.com/wordpress/wp-content/images/cardlist/BP05/PL!-bp5-007-R.png
PL!-bp5-007	P	P	BP05	PL!-bp5-007-P.png	https://llofficial-cardgame.com/wordpress/wp-content/images/cardlist/BP05/PL!-bp5-007-P.png
PL!-bp5-007	AR	AR	BP05	PL!-bp5-007-AR.png	https://llofficial-cardgame.com/wordpress/wp-content/images/cardlist/BP05/PL!-bp5-007-AR.png
PL!-bp5-008	R	R	BP05	PL!-bp5-008-R.png	https://llofficial-cardgame.com/wordpress/wp-content/images/cardlist/BP05/PL!-bp5-008-R.png
PL!-bp5-008	P	P	BP05	PL!-bp5-008-P.png	https://llofficial-cardgame.com/wordpress/wp-content/images/cardlist/BP05/PL!-bp5-008-P.png
PL!-bp5-008	AR	AR	BP05	PL!-bp5-008-AR.png	https://llofficial-cardgame.com/wordpress/wp-content/images/cardlist/BP05/PL!-bp5-008-AR.png
PL!-bp5-009	R	R	BP05	PL!-bp5-009-R.png	https://llofficial-cardgame.com/wordpress/wp-content/images/cardlist/BP05/PL!-bp5-009-R.png
PL!-bp5-009	P	P	BP05	PL!-bp5-009-P.png	https://llofficial-cardgame.com/wordpress/wp-content/images/cardlist/BP05/PL!-bp5-009-P.png
PL!-bp5-009	AR	AR	BP05	PL!-bp5-009-AR.png	https://llofficial-cardgame.com/wordpress/wp-content/images/cardlist/BP05/PL!-bp5-009-AR.png
PL!-bp5-010	N	N	BP05	PL!-bp5-010-N.png	https://llofficial-cardgame.com/wordpress/wp-content/images/cardlist/BP05/PL!-bp5-010-N.png
PL!-bp5-011	N	N	BP05	PL!-bp5-011-N.png	https://llofficial-cardgame.com/wordpress/wp-content/images/cardlist/BP05/PL!-bp5-011-N.png
PL!-bp5-012	N	N	BP05	PL!-bp5-012-N.png	https://llofficial-cardgame.com/wordpress/wp-content/images/cardlist/BP05/PL!-bp5-012-N.png
PL!-bp5-013	N	N	BP05	PL!-bp5-013-N.png	https://llofficial-cardgame.com/wordpress/wp-content/images/cardlist/BP05/PL!-bp5-013-N.png
PL!-bp5-014	N	N	BP05	PL!-bp5-014-N.png	https://llofficial-cardgame.com/wordpress/wp-content/images/cardlist/BP05/PL!-bp5-014-N.png
PL!-bp5-015	N	N	BP05	PL!-bp5-015-N.png	https://llofficial-cardgame.com/wordpress/wp-content/images/cardlist/BP05/PL!-bp5-015-N.png
PL!-bp5-016	N	N	BP05	PL!-bp5-016-N.png	https://llofficial-cardgame.com/wordpress/wp-content/images/cardlist/BP05/PL!-bp5-016-N.png
PL!-bp5-017	N	N	BP05	PL!-bp5-017-N.png	https://llofficial-cardgame.com/wordpress/wp-content/images/cardlist/BP05/PL!-bp5-017-N.png
PL!-bp5-018	N	N	BP05	PL!-bp5-018-N.png	https://llofficial-cardgame.com/wordpress/wp-content/images/cardlist/BP05/PL!-bp5-018-N.png
PL!-bp5-019	L	L	BP05	PL!-bp5-019-L.png	https://llofficial-cardgame.com/wordpress/wp-content/images/cardlist/BP05/PL!-bp5-019-L.png
PL!-bp5-020	L	L	BP05	PL!-bp5-020-L.png	https://llofficial-cardgame.com/wordpress/wp-content/images/cardlist/BP05/PL!-bp5-020-L.png
PL!-bp5-021	L	L	BP05	PL!-bp5-021-L.png	https://llofficial-cardgame.com/wordpress/wp-content/images/cardlist/BP05/PL!-bp5-021-L.png
PL!-bp5-022	L	L	BP05	PL!-bp5-022-L.png	https://llofficial-cardgame.com/wordpress/wp-content/images/cardlist/BP05/PL!-bp5-022-L.png
PL!-bp5-023	L	L	BP05	PL!-bp5-023-L.png	https://llofficial-cardgame.com/wordpress/wp-content/images/cardlist/BP05/PL!-bp5-023-L.png
PL!-bp5-024	L	L	BP05	PL!-bp5-024-L.png	https://llofficial-cardgame.com/wordpress/wp-content/images/cardlist/BP05/PL!-bp5-024-L.png
PL!-bp5-111	R	R	BP05	PL!-bp5-111-R.png	https://llofficial-cardgame.com/wordpress/wp-content/images/cardlist/BP05/PL!-bp5-111-R.png
PL!-bp5-111	P2	P＋	BP05	PL!-bp5-111-P2.png	https://llofficial-cardgame.com/wordpress/wp-content/images/cardlist/BP05/PL!-bp5-111-P2.png
PL!-bp5-222	R	R	BP05	PL!-bp5-222-R.png	https://llofficial-cardgame.com/wordpress/wp-content/images/cardlist/BP05/PL!-bp5-222-R.png
PL!-bp5-222	P2	P＋	BP05	PL!-bp5-222-P2.png	https://llofficial-cardgame.com/wordpress/wp-content/images/cardlist/BP05/PL!-bp5-222-P2.png
PL!-bp5-333	R	R	BP05	PL!-bp5-333-R.png	https://llofficial-cardgame.com/wordpress/wp-content/images/cardlist/BP05/PL!-bp5-333-R.png
PL!-bp5-333	P2	P＋	BP05	PL!-bp5-333-P2.png	https://llofficial-cardgame.com/wordpress/wp-content/images/cardlist/BP05/PL!-bp5-333-P2.png
PL!-bp6-001	R2	R＋	BP06	PL!-bp6-001-R2.png	https://llofficial-cardgame.com/wordpress/wp-content/images/cardlist/BP06/PL!-bp6-001-R2.png
PL!-bp6-001	P	P	BP06	PL!-bp6-001-P.png	https://llofficial-cardgame.com/wordpress/wp-content/images/cardlist/BP06/PL!-bp6-001-P.png
PL!-bp6-001	P2	P＋	BP06	PL!-bp6-001-P2.png	https://llofficial-cardgame.com/wordpress/wp-content/images/cardlist/BP06/PL!-bp6-001-P2.png
PL!-bp6-001	SEC	SEC	BP06	PL!-bp6-001-SEC.png	https://llofficial-cardgame.com/wordpress/wp-content/images/cardlist/BP06/PL!-bp6-001-SEC.png
PL!-bp6-002	R	R	BP06	PL!-bp6-002-R.png	https://llofficial-cardgame.com/wordpress/wp-content/images/cardlist/BP06/PL!-bp6-002-R.png
PL!-bp6-002	P	P	BP06	PL!-bp6-002-P.png	https://llofficial-cardgame.com/wordpress/wp-content/images/cardlist/BP06/PL!-bp6-002-P.png
PL!-bp6-003	R2	R＋	BP06	PL!-bp6-003-R2.png	https://llofficial-cardgame.com/wordpress/wp-content/images/cardlist/BP06/PL!-bp6-003-R2.png
PL!-bp6-003	P	P	BP06	PL!-bp6-003-P.png	https://llofficial-cardgame.com/wordpress/wp-content/images/cardlist/BP06/PL!-bp6-003-P.png
PL!-bp6-003	P2	P＋	BP06	PL!-bp6-003-P2.png	https://llofficial-cardgame.com/wordpress/wp-content/images/cardlist/BP06/PL!-bp6-003-P2.png
PL!-bp6-003	SEC	SEC	BP06	PL!-bp6-003-SEC.png	https://llofficial-cardgame.com/wordpress/wp-content/images/cardlist/BP06/PL!-bp6-003-SEC.png
PL!-bp6-004	R	R	BP06	PL!-bp6-004-R.png	https://llofficial-cardgame.com/wordpress/wp-content/images/cardlist/BP06/PL!-bp6-004-R.png
PL!-bp6-004	P	P	BP06	PL!-bp6-004-P.png	https://llofficial-cardgame.com/wordpress/wp-content/images/cardlist/BP06/PL!-bp6-004-P.png
PL!-bp6-005	R	R	BP06	PL!-bp6-005-R.png	https://llofficial-cardgame.com/wordpress/wp-content/images/cardlist/BP06/PL!-bp6-005-R.png
PL!-bp6-005	P	P	BP06	PL!-bp6-005-P.png	https://llofficial-cardgame.com/wordpress/wp-content/images/cardlist/BP06/PL!-bp6-005-P.png
PL!-bp6-006	R2	R＋	BP06	PL!-bp6-006-R2.png	https://llofficial-cardgame.com/wordpress/wp-content/images/cardlist/BP06/PL!-bp6-006-R2.png
PL!-bp6-006	P	P	BP06	PL!-bp6-006-P.png	https://llofficial-cardgame.com/wordpress/wp-content/images/cardlist/BP06/PL!-bp6-006-P.png
PL!-bp6-006	P2	P＋	BP06	PL!-bp6-006-P2.png	https://llofficial-cardgame.com/wordpress/wp-content/images/cardlist/BP06/PL!-bp6-006-P2.png
PL!-bp6-006	SEC	SEC	BP06	PL!-bp6-006-SEC.png	https://llofficial-cardgame.com/wordpress/wp-content/images/cardlist/BP06/PL!-bp6-006-SEC.png
PL!-bp6-007	R2	R＋	BP06	PL!-bp6-007-R2.png	https://llofficial-cardgame.com/wordpress/wp-content/images/cardlist/BP06/PL!-bp6-007-R2.png
PL!-bp6-007	P	P	BP06	PL!-bp6-007-P.png	https://llofficial-cardgame.com/wordpress/wp-content/images/cardlist/BP06/PL!-bp6-007-P.png
PL!-bp6-007	P2	P＋	BP06	PL!-bp6-007-P2.png	https://llofficial-cardgame.com/wordpress/wp-content/images/cardlist/BP06/PL!-bp6-007-P2.png
PL!-bp6-007	SEC	SEC	BP06	PL!-bp6-007-SEC.png	https://llofficial-cardgame.com/wordpress/wp-content/images/cardlist/BP06/PL!-bp6-007-SEC.png
PL!-bp6-008	R	R	BP06	PL!-bp6-008-R.png	https://llofficial-cardgame.com/wordpress/wp-content/images/cardlist/BP06/PL!-bp6-008-R.png
PL!-bp6-008	P	P	BP06	PL!-bp6-008-P.png	https://llofficial-cardgame.com/wordpress/wp-content/images/cardlist/BP06/PL!-bp6-008-P.png
PL!-bp6-009	R	R	BP06	PL!-bp6-009-R.png	https://llofficial-cardgame.com/wordpress/wp-content/images/cardlist/BP06/PL!-bp6-009-R.png
PL!-bp6-009	P	P	BP06	PL!-bp6-009-P.png	https://llofficial-cardgame.com/wordpress/wp-content/images/cardlist/BP06/PL!-bp6-009-P.png
PL!-bp6-010	N	N	BP06	PL!-bp6-010-N.png	https://llofficial-cardgame.com/wordpress/wp-content/images/cardlist/BP06/PL!-bp6-010-N.png
PL!-bp6-011	N	N	BP06	PL!-bp6-011-N.png	https://llofficial-cardgame.com/wordpress/wp-content/images/cardlist/BP06/PL!-bp6-011-N.png
PL!-bp6-012	N	N	BP06	PL!-bp6-012-N.png	https://llofficial-cardgame.com/wordpress/wp-content/images/cardlist/BP06/PL!-bp6-012-N.png
PL!-bp6-013	N	N	BP06	PL!-bp6-013-N.png	https://llofficial-cardgame.com/wordpress/wp-content/images/cardlist/BP06/PL!-bp6-013-N.png
PL!-bp6-014	N	N	BP06	PL!-bp6-014-N.png	https://llofficial-cardgame.com/wordpress/wp-content/images/cardlist/BP06/PL!-bp6-014-N.png
PL!-bp6-015	N	N	BP06	PL!-bp6-015-N.png	https://llofficial-cardgame.com/wordpress/wp-content/images/cardlist/BP06/PL!-bp6-015-N.png
PL!-bp6-016	N	N	BP06	PL!-bp6-016-N.png	https://llofficial-cardgame.com/wordpress/wp-content/images/cardlist/BP06/PL!-bp6-016-N.png
PL!-bp6-017	N	N	BP06	PL!-bp6-017-N.png	https://llofficial-cardgame.com/wordpress/wp-content/images/cardlist/BP06/PL!-bp6-017-N.png
PL!-bp6-018	N	N	BP06	PL!-bp6-018-N.png	https://llofficial-cardgame.com/wordpress/wp-content/images/cardlist/BP06/PL!-bp6-018-N.png
PL!-bp6-019	L	L	BP06	PL!-bp6-019-L.png	https://llofficial-cardgame.com/wordpress/wp-content/images/cardlist/BP06/PL!-bp6-019-L.png
PL!-bp6-020	L	L	BP06	PL!-bp6-020-L.png	https://llofficial-cardgame.com/wordpress/wp-content/images/cardlist/BP06/PL!-bp6-020-L.png
PL!-bp6-021	L	L	BP06	PL!-bp6-021-L.png	https://llofficial-cardgame.com/wordpress/wp-content/images/cardlist/BP06/PL!-bp6-021-L.png
PL!-bp6-022	L	L	BP06	PL!-bp6-022-L.png	https://llofficial-cardgame.com/wordpress/wp-content/images/cardlist/BP06/PL!-bp6-022-L.png
PL!-bp6-023	L	L	BP06	PL!-bp6-023-L.png	https://llofficial-cardgame.com/wordpress/wp-content/images/cardlist/BP06/PL!-bp6-023-L.png
PL!-bp6-024	L	L	BP06	PL!-bp6-024-L.png	https://llofficial-cardgame.com/wordpress/wp-content/images/cardlist/BP06/PL!-bp6-024-L.png
PL!-pb1-001	R	R	PBLL	PL!-pb1-001-R.png	https://llofficial-cardgame.com/wordpress/wp-content/images/cardlist/PBLL/PL!-pb1-001-R.png
PL!-pb1-001	P2	P＋	PBLL	PL!-pb1-001-P2.png	https://llofficial-cardgame.com/wordpress/wp-content/images/cardlist/PBLL/PL!-pb1-001-P2.png
PL!-pb1-002	R	R	PBLL	PL!-pb1-002-R.png	https://llofficial-cardgame.com/wordpress/wp-content/images/cardlist/PBLL/PL!-pb1-002-R.png
PL!-pb1-002	P2	P＋	PBLL	PL!-pb1-002-P2.png	https://llofficial-cardgame.com/wordpress/wp-content/images/cardlist/PBLL/PL!-pb1-002-P2.png
PL!-pb1-003	R	R	PBLL	PL!-pb1-003-R.png	https://llofficial-cardgame.com/wordpress/wp-content/images/cardlist/PBLL/PL!-pb1-003-R.png
PL!-pb1-003	P2	P＋	PBLL	PL!-pb1-003-P2.png	https://llofficial-cardgame.com/wordpress/wp-content/images/cardlist/PBLL/PL!-pb1-003-P2.png
PL!-pb1-004	R	R	PBLL	PL!-pb1-004-R.png	https://llofficial-cardgame.com/wordpress/wp-content/images/cardlist/PBLL/PL!-pb1-004-R.png
PL!-pb1-004	P2	P＋	PBLL	PL!-pb1-004-P2.png	https://llofficial-cardgame.com/wordpress/wp-content/images/cardlist/PBLL/PL!-pb1-004-P2.png
PL!-pb1-005	R	R	PBLL	PL!-pb1-005-R.png	https://llofficial-cardgame.com/wordpress/wp-content/images/cardlist/PBLL/PL!-pb1-005-R.png
PL!-pb1-005	P2	P＋	PBLL	PL!-pb1-005-P2.png	https://llofficial-cardgame.com/wordpress/wp-content/images/cardlist/PBLL/PL!-pb1-005-P2.png
PL!-pb1-006	R	R	PBLL	PL!-pb1-006-R.png	https://llofficial-cardgame.com/wordpress/wp-content/images/cardlist/PBLL/PL!-pb1-006-R.png
PL!-pb1-006	P2	P＋	PBLL	PL!-pb1-006-P2.png	https://llofficial-cardgame.com/wordpress/wp-content/images/cardlist/PBLL/PL!-pb1-006-P2.png
PL!-pb1-007	R	R	PBLL	PL!-pb1-007-R.png	https://llofficial-cardgame.com/wordpress/wp-content/images/cardlist/PBLL/PL!-pb1-007-R.png
PL!-pb1-007	P2	P＋	PBLL	PL!-pb1-007-P2.png	https://llofficial-cardgame.com/wordpress/wp-content/images/cardlist/PBLL/PL!-pb1-007-P2.png
PL!-pb1-008	R	R	PBLL	PL!-pb1-008-R.png	https://llofficial-cardgame.com/wordpress/wp-content/images/cardlist/PBLL/PL!-pb1-008-R.png
PL!-pb1-008	P2	P＋	PBLL	PL!-pb1-008-P2.png	https://llofficial-cardgame.com/wordpress/wp-content/images/cardlist/PBLL/PL!-pb1-008-P2.png
PL!-pb1-009	R	R	PBLL	PL!-pb1-009-R.png	https://llofficial-cardgame.com/wordpress/wp-content/images/cardlist/PBLL/PL!-pb1-009-R.png
PL!-pb1-009	P2	P＋	PBLL	PL!-pb1-009-P2.png	https://llofficial-cardgame.com/wordpress/wp-content/images/cardlist/PBLL/PL!-pb1-009-P2.png
PL!-pb1-010	R	R	PBLL	PL!-pb1-010-R.png	https://llofficial-cardgame.com/wordpress/wp-content/images/cardlist/PBLL/PL!-pb1-010-R.png
PL!-pb1-010	P2	P＋	PBLL	PL!-pb1-010-P2.png	https://llofficial-cardgame.com/wordpress/wp-content/images/cardlist/PBLL/PL!-pb1-010-P2.png
PL!-pb1-011	R	R	PBLL	PL!-pb1-011-R.png	https://llofficial-cardgame.com/wordpress/wp-content/images/cardlist/PBLL/PL!-pb1-011-R.png
PL!-pb1-011	P2	P＋	PBLL	PL!-pb1-011-P2.png	https://llofficial-cardgame.com/wordpress/wp-content/images/cardlist/PBLL/PL!-pb1-011-P2.png
PL!-pb1-012	R	R	PBLL	PL!-pb1-012-R.png	https://llofficial-cardgame.com/wordpress/wp-content/images/cardlist/PBLL/PL!-pb1-012-R.png
PL!-pb1-012	P2	P＋	PBLL	PL!-pb1-012-P2.png	https://llofficial-cardgame.com/wordpress/wp-content/images/cardlist/PBLL/PL!-pb1-012-P2.png
PL!-pb1-013	R	R	PBLL	PL!-pb1-013-R.png	https://llofficial-cardgame.com/wordpress/wp-content/images/cardlist/PBLL/PL!-pb1-013-R.png
PL!-pb1-013	P2	P＋	PBLL	PL!-pb1-013-P2.png	https://llofficial-cardgame.com/wordpress/wp-content/images/cardlist/PBLL/PL!-pb1-013-P2.png
PL!-pb1-014	R	R	PBLL	PL!-pb1-014-R.png	https://llofficial-cardgame.com/wordpress/wp-content/images/cardlist/PBLL/PL!-pb1-014-R.png
PL!-pb1-014	P2	P＋	PBLL	PL!-pb1-014-P2.png	https://llofficial-cardgame.com/wordpress/wp-content/images/cardlist/PBLL/PL!-pb1-014-P2.png
PL!-pb1-015	R	R	PBLL	PL!-pb1-015-R.png	https://llofficial-cardgame.com/wordpress/wp-content/images/cardlist/PBLL/PL!-pb1-015-R.png
PL!-pb1-015	P2	P＋	PBLL	PL!-pb1-015-P2.png	https://llofficial-cardgame.com/wordpress/wp-content/images/cardlist/PBLL/PL!-pb1-015-P2.png
PL!-pb1-016	R	R	PBLL	PL!-pb1-016-R.png	https://llofficial-cardgame.com/wordpress/wp-content/images/cardlist/PBLL/PL!-pb1-016-R.png
PL!-pb1-016	P2	P＋	PBLL	PL!-pb1-016-P2.png	https://llofficial-cardgame.com/wordpress/wp-content/images/cardlist/PBLL/PL!-pb1-016-P2.png
PL!-pb1-017	R	R	PBLL	PL!-pb1-017-R.png	https://llofficial-cardgame.com/wordpress/wp-content/images/cardlist/PBLL/PL!-pb1-017-R.png
PL!-pb1-017	P2	P＋	PBLL	PL!-pb1-017-P2.png	https://llofficial-cardgame.com/wordpress/wp-content/images/cardlist/PBLL/PL!-pb1-017-P2.png
PL!-pb1-018	R	R	PBLL	PL!-pb1-018-R.png	https://llofficial-cardgame.com/wordpress/wp-content/images/cardlist/PBLL/PL!-pb1-018-R.png
PL!-pb1-018	P2	P＋	PBLL	PL!-pb1-018-P2.png	https://llofficial-cardgame.com/wordpress/wp-content/images/cardlist/PBLL/PL!-pb1-018-P2.png
PL!-pb1-019	N	N	PBLL	PL!-pb1-019-N.png	https://llofficial-cardgame.com/wordpress/wp-content/images/cardlist/PBLL/PL!-pb1-019-N.png
PL!-pb1-019	PR	PR	PR	PL!-pb1-019-PR.png	https://llofficial-cardgame.com/wordpress/wp-content/images/cardlist/PR/PL!-pb1-019-PR.png
PL!-pb1-020	N	N	PBLL	PL!-pb1-020-N.png	https://llofficial-cardgame.com/wordpress/wp-content/images/cardlist/PBLL/PL!-pb1-020-N.png
PL!-pb1-021	N	N	PBLL	PL!-pb1-021-N.png	https://llofficial-cardgame.com/wordpress/wp-content/images/cardlist/PBLL/PL!-pb1-021-N.png
PL!-pb1-021	PR	PR	PR	PL!-pb1-021-PR.png	https://llofficial-cardgame.com/wordpress/wp-content/images/cardlist/PR/PL!-pb1-021-PR.png
PL!-pb1-022	N	N	PBLL	PL!-pb1-022-N.png	https://llofficial-cardgame.com/wordpress/wp-content/images/cardlist/PBLL/PL!-pb1-022-N.png
PL!-pb1-022	PR	PR	PR	PL!-pb1-022-PR.png	https://llofficial-cardgame.com/wordpress/wp-content/images/cardlist/PR/PL!-pb1-022-PR.png
PL!-pb1-023	N	N	PBLL	PL!-pb1-023-N.png	https://llofficial-cardgame.com/wordpress/wp-content/images/cardlist/PBLL/PL!-pb1-023-N.png
PL!-pb1-024	N	N	PBLL	PL!-pb1-024-N.png	https://llofficial-cardgame.com/wordpress/wp-content/images/cardlist/PBLL/PL!-pb1-024-N.png
PL!-pb1-025	N	N	PBLL	PL!-pb1-025-N.png	https://llofficial-cardgame.com/wordpress/wp-content/images/cardlist/PBLL/PL!-pb1-025-N.png
PL!-pb1-026	N	N	PBLL	PL!-pb1-026-N.png	https://llofficial-cardgame.com/wordpress/wp-content/images/cardlist/PBLL/PL!-pb1-026-N.png
PL!-pb1-027	N	N	PBLL	PL!-pb1-027-N.png	https://llofficial-cardgame.com/wordpress/wp-content/images/cardlist/PBLL/PL!-pb1-027-N.png
PL!-pb1-028	L	L	PBLL	PL!-pb1-L-028-L.png	https://llofficial-cardgame.com/wordpress/wp-content/images/cardlist/PBLL/PL!-pb1-L-028-L.png
PL!-pb1-029	L	L	PBLL	PL!-pb1-L-029-L.png	https://llofficial-cardgame.com/wordpress/wp-content/images/cardlist/PBLL/PL!-pb1-L-029-L.png
PL!-pb1-030	L	L	PBLL	PL!-pb1-L-030-L.png	https://llofficial-cardgame.com/wordpress/wp-content/images/cardlist/PBLL/PL!-pb1-L-030-L.png
PL!-pb1-031	L	L	PBLL	PL!-pb1-L-031-L.png	https://llofficial-cardgame.com/wordpress/wp-content/images/cardlist/PBLL/PL!-pb1-L-031-L.png
PL!-pb1-032	L	L	PBLL	PL!-pb1-L-032-L.png	https://llofficial-cardgame.com/wordpress/wp-content/images/cardlist/PBLL/PL!-pb1-L-032-L.png
PL!-pb1-033	L	L	PBLL	PL!-pb1-L-033-L.png	https://llofficial-cardgame.com/wordpress/wp-content/images/cardlist/PBLL/PL!-pb1-L-033-L.png
PL!-sd1-001	SD	SD	PLSD01	PL!-sd1-001-SD.png	https://llofficial-cardgame.com/wordpress/wp-content/images/cardlist/PLSD01/PL!-sd1-001-SD.png
PL!-sd1-002	SD	SD	PLSD01	PL!-sd1-002-SD.png	https://llofficial-cardgame.com/wordpress/wp-content/images/cardlist/PLSD01/PL!-sd1-002-SD.png
PL!-sd1-003	SD	SD	PLSD01	PL!-sd1-003-SD.png	https://llofficial-cardgame.com/wordpress/wp-content/images/cardlist/PLSD01/PL!-sd1-003-SD.png
PL!-sd1-004	SD	SD	PLSD01	PL!-sd1-004-SD.png	https://llofficial-cardgame.com/wordpress/wp-content/images/cardlist/PLSD01/PL!-sd1-004-SD.png
PL!-sd1-005	SD	SD	PLSD01	PL!-sd1-005-SD.png	https://llofficial-cardgame.com/wordpress/wp-content/images/cardlist/PLSD01/PL!-sd1-005-SD.png
PL!-sd1-005	RM	RM	BP05	PL!-bp3-005-RM.png	https://llofficial-cardgame.com/wordpress/wp-content/images/cardlist/BP05/PL!-bp3-005-RM.png
PL!-sd1-006	SD	SD	PLSD01	PL!-sd1-006-SD.png	https://llofficial-cardgame.com/wordpress/wp-content/images/cardlist/PLSD01/PL!-sd1-006-SD.png
PL!-sd1-007	SD	SD	PLSD01	PL!-sd1-007-SD.png	https://llofficial-cardgame.com/wordpress/wp-content/images/cardlist/PLSD01/PL!-sd1-007-SD.png
PL!-sd1-008	SD	SD	PLSD01	PL!-sd1-008-SD.png	https://llofficial-cardgame.com/wordpress/wp-content/images/cardlist/PLSD01/PL!-sd1-008-SD.png
PL!-sd1-009	SD	SD	PLSD01	PL!-sd1-009-SD.png	https://llofficial-cardgame.com/wordpress/wp-content/images/cardlist/PLSD01/PL!-sd1-009-SD.png
PL!-sd1-010	SD	SD	PLSD01	PL!-sd1-010-SD.png	https://llofficial-cardgame.com/wordpress/wp-content/images/cardlist/PLSD01/PL!-sd1-010-SD.png
PL!-sd1-011	SD	SD	PLSD01	PL!-sd1-011-SD.png	https://llofficial-cardgame.com/wordpress/wp-content/images/cardlist/PLSD01/PL!-sd1-011-SD.png
PL!-sd1-011	PR	PR	PR	PL!-sd1-011-PR.png	https://llofficial-cardgame.com/wordpress/wp-content/images/cardlist/PR/PL!-sd1-011-PR.png
PL!-sd1-012	SD	SD	PLSD01	PL!-sd1-012-SD.png	https://llofficial-cardgame.com/wordpress/wp-content/images/cardlist/PLSD01/PL!-sd1-012-SD.png
PL!-sd1-013	SD	SD	PLSD01	PL!-sd1-013-SD.png	https://llofficial-cardgame.com/wordpress/wp-content/images/cardlist/PLSD01/PL!-sd1-013-SD.png
PL!-sd1-014	SD	SD	PLSD01	PL!-sd1-014-SD.png	https://llofficial-cardgame.com/wordpress/wp-content/images/cardlist/PLSD01/PL!-sd1-014-SD.png
PL!-sd1-015	SD	SD	PLSD01	PL!-sd1-015-SD.png	https://llofficial-cardgame.com/wordpress/wp-content/images/cardlist/PLSD01/PL!-sd1-015-SD.png
PL!-sd1-016	SD	SD	PLSD01	PL!-sd1-016-SD.png	https://llofficial-cardgame.com/wordpress/wp-content/images/cardlist/PLSD01/PL!-sd1-016-SD.png
PL!-sd1-016	PR	PR	PR	PL!-sd1-016-PR.png	https://llofficial-cardgame.com/wordpress/wp-content/images/cardlist/PR/PL!-sd1-016-PR.png
PL!-sd1-017	SD	SD	PLSD01	PL!-sd1-017-SD.png	https://llofficial-cardgame.com/wordpress/wp-content/images/cardlist/PLSD01/PL!-sd1-017-SD.png
PL!-sd1-018	SD	SD	PLSD01	PL!-sd1-018-SD.png	https://llofficial-cardgame.com/wordpress/wp-content/images/cardlist/PLSD01/PL!-sd1-018-SD.png
PL!-sd1-019	SD	SD	PLSD01	PL!-pb1-019-SD.png	https://llofficial-cardgame.com/wordpress/wp-content/images/cardlist/PLSD01/PL!-pb1-019-SD.png
PL!-sd1-020	SD	SD	PLSD01	PL!-pb1-020-SD.png	https://llofficial-cardgame.com/wordpress/wp-content/images/cardlist/PLSD01/PL!-pb1-020-SD.png
PL!-sd1-021	SD	SD	PLSD01	PL!-pb1-021-SD.png	https://llofficial-cardgame.com/wordpress/wp-content/images/cardlist/PLSD01/PL!-pb1-021-SD.png
PL!-sd1-022	SD	SD	PLSD01	PL!-pb1-022-SD.png	https://llofficial-cardgame.com/wordpress/wp-content/images/cardlist/PLSD01/PL!-pb1-022-SD.png
PL!HS-PR-001	PR	PR	PR	PL!HS-PR-001-PR.png	https://llofficial-cardgame.com/wordpress/wp-content/images/cardlist/PR/PL!HS-PR-001-PR.png
PL!HS-PR-002	PR	PR	PR	PL!HS-PR-002-PR.png	https://llofficial-cardgame.com/wordpress/wp-content/images/cardlist/PR/PL!HS-PR-002-PR.png
PL!HS-PR-003	PR	PR	PR	PL!HS-PR-003-PR.png	https://llofficial-cardgame.com/wordpress/wp-content/images/cardlist/PR/PL!HS-PR-003-PR.png
PL!HS-PR-004	PR	PR	PR	PL!HS-PR-004-PR.png	https://llofficial-cardgame.com/wordpress/wp-content/images/cardlist/PR/PL!HS-PR-004-PR.png
PL!HS-PR-005	PR	PR	PR	PL!HS-PR-005-PR.png	https://llofficial-cardgame.com/wordpress/wp-content/images/cardlist/PR/PL!HS-PR-005-PR.png
PL!HS-PR-006	PR	PR	PR	PL!HS-PR-006-PR.png	https://llofficial-cardgame.com/wordpress/wp-content/images/cardlist/PR/PL!HS-PR-006-PR.png
PL!HS-PR-007	PR	PR	PR	PL!HS-PR-007-PR.png	https://llofficial-cardgame.com/wordpress/wp-content/images/cardlist/PR/PL!HS-PR-007-PR.png
PL!HS-PR-008	PR	PR	PR	PL!HS-PR-008-PR.png	https://llofficial-cardgame.com/wordpress/wp-content/images/cardlist/PR/PL!HS-PR-008-PR.png
PL!HS-PR-009	PR	PR	PR	PL!HS-PR-009-PR.png	https://llofficial-cardgame.com/wordpress/wp-content/images/cardlist/PR/PL!HS-PR-009-PR.png
PL!HS-PR-010	PR	PR	PR	PL!HS-PR-010-PR.png	https://llofficial-cardgame.com/wordpress/wp-content/images/cardlist/PR/PL!HS-PR-010-PR.png
PL!HS-PR-011	PR	PR	PR	PL!HS-PR-011-PR.png	https://llofficial-cardgame.com/wordpress/wp-content/images/cardlist/PR/PL!HS-PR-011-PR.png
PL!HS-PR-012	PR	PR	PR	PL!HS-PR-012-PR.png	https://llofficial-cardgame.com/wordpress/wp-content/images/cardlist/PR/PL!HS-PR-012-PR.png
PL!HS-PR-014	PR	PR	PR	PL!HS-PR-014-PR.png	https://llofficial-cardgame.com/wordpress/wp-content/images/cardlist/PR/PL!HS-PR-014-PR.png
PL!HS-PR-014	RM	RM	BP05	PL!HS-PR-014-RM.png	https://llofficial-cardgame.com/wordpress/wp-content/images/cardlist/BP05/PL!HS-PR-014-RM.png
PL!HS-PR-016	PR	PR	PR	PL!HS-016-PR.png	https://llofficial-cardgame.com/wordpress/wp-content/images/cardlist/PR/PL!HS-016-PR.png
PL!HS-PR-017	PR	PR	PR	PL!HS-017-PR.png	https://llofficial-cardgame.com/wordpress/wp-content/images/cardlist/PR/PL!HS-017-PR.png
PL!HS-PR-018	PR	PR	PR	PL!HS-018-PR.png	https://llofficial-cardgame.com/wordpress/wp-content/images/cardlist/PR/PL!HS-018-PR.png
PL!HS-PR-018	RM	RM	BP05	PL!HS-PR-018-RM.png	https://llofficial-cardgame.com/wordpress/wp-content/images/cardlist/BP05/PL!HS-PR-018-RM.png
PL!HS-PR-019	PR	PR	PR	PL!HS-019-PR.png	https://llofficial-cardgame.com/wordpress/wp-content/images/cardlist/PR/PL!HS-019-PR.png
PL!HS-PR-019	RM	RM	BP05	PL!HS-PR-019-RM.png	https://llofficial-cardgame.com/wordpress/wp-content/images/cardlist/BP05/PL!HS-PR-019-RM.png
PL!HS-PR-020	PR	PR	PR	PL!HS-020-PR.png	https://llofficial-cardgame.com/wordpress/wp-content/images/cardlist/PR/PL!HS-020-PR.png
PL!HS-PR-021	PR	PR	PR	PL!HS-021-PR.png	https://llofficial-cardgame.com/wordpress/wp-content/images/cardlist/PR/PL!HS-021-PR.png
PL!HS-PR-021	RM	RM	BP05	PL!HS-PR-021-RM.png	https://llofficial-cardgame.com/wordpress/wp-content/images/cardlist/BP05/PL!HS-PR-021-RM.png
PL!HS-PR-022	PR	PR	PR	PL!HS-022-PR.png	https://llofficial-cardgame.com/wordpress/wp-content/images/cardlist/PR/PL!HS-022-PR.png
PL!HS-PR-023	PR	PR	PR	PL!HS-023-PR.png	https://llofficial-cardgame.com/wordpress/wp-content/images/cardlist/PR/PL!HS-023-PR.png
PL!HS-PR-026	PR	PR	PR	PL!HS-PR-026-PR.png	https://llofficial-cardgame.com/wordpress/wp-content/images/cardlist/PR/PL!HS-PR-026-PR.png
PL!HS-PR-027	PR	PR	PR	PL!HS-PR-027-PR.png	https://llofficial-cardgame.com/wordpress/wp-content/images/cardlist/PR/PL!HS-PR-027-PR.png
PL!HS-PR-028	PR	PR	PR	PL!HS-PR-028-PR.png	https://llofficial-cardgame.com/wordpress/wp-content/images/cardlist/PR/PL!HS-PR-028-PR.png
PL!HS-PR-029	PR	PR	PR	PL!HS-PR-029-PR.png	https://llofficial-cardgame.com/wordpress/wp-content/images/cardlist/PR/PL!HS-PR-029-PR.png
PL!HS-PR-031	PR	PR	PR	PL!HS-PR-031-PR.png	https://llofficial-cardgame.com/wordpress/wp-content/images/cardlist/PR/PL!HS-PR-031-PR.png
PL!HS-PR-032	PR	PR	PR	PL!HS-PR-032-PR.png	https://llofficial-cardgame.com/wordpress/wp-content/images/cardlist/PR/PL!HS-PR-032-PR.png
PL!HS-PR-035	PR	PR	PR	PL!HS-PR-035-PR.png	https://llofficial-cardgame.com/wordpress/wp-content/images/cardlist/PR/PL!HS-PR-035-PR.png
PL!HS-PR-036	PR	PR	PR	PL!HS-PR-036-PR.png	https://llofficial-cardgame.com/wordpress/wp-content/images/cardlist/PR/PL!HS-PR-036-PR.png
PL!HS-bp1-001	R	R	BP01	PL!HS-bp1-001-R.png	https://llofficial-cardgame.com/wordpress/wp-content/images/cardlist/BP01/PL!HS-bp1-001-R.png
PL!HS-bp1-001	P	P	BP01	PL!HS-bp1-001-P.png	https://llofficial-cardgame.com/wordpress/wp-content/images/cardlist/BP01/PL!HS-bp1-001-P.png
PL!HS-bp1-002	R	R	BP01	PL!HS-bp1-002-R.png	https://llofficial-cardgame.com/wordpress/wp-content/images/cardlist/BP01/PL!HS-bp1-002-R.png
PL!HS-bp1-002	P	P	BP01	PL!HS-bp1-002-P.png	https://llofficial-cardgame.com/wordpress/wp-content/images/cardlist/BP01/PL!HS-bp1-002-P.png
PL!HS-bp1-002	RM	RM	BP05	PL!HS-bp1-002-RM.png	https://llofficial-cardgame.com/wordpress/wp-content/images/cardlist/BP05/PL!HS-bp1-002-RM.png
PL!HS-bp1-003	R2	R＋	BP01	PL!HS-bp1-003-R2.png	https://llofficial-cardgame.com/wordpress/wp-content/images/cardlist/BP01/PL!HS-bp1-003-R2.png
PL!HS-bp1-003	P	P	BP01	PL!HS-bp1-003-P.png	https://llofficial-cardgame.com/wordpress/wp-content/images/cardlist/BP01/PL!HS-bp1-003-P.png
PL!HS-bp1-003	P2	P＋	BP01	PL!HS-bp1-003-P2.png	https://llofficial-cardgame.com/wordpress/wp-content/images/cardlist/BP01/PL!HS-bp1-003-P2.png
PL!HS-bp1-003	SEC	SEC	BP01	PL!HS-bp1-003-SEC.png	https://llofficial-cardgame.com/wordpress/wp-content/images/cardlist/BP01/PL!HS-bp1-003-SEC.png
PL!HS-bp1-004	R2	R＋	BP01	PL!HS-bp1-004-R2.png	https://llofficial-cardgame.com/wordpress/wp-content/images/cardlist/BP01/PL!HS-bp1-004-R2.png
PL!HS-bp1-004	P	P	BP01	PL!HS-bp1-004-P.png	https://llofficial-cardgame.com/wordpress/wp-content/images/cardlist/BP01/PL!HS-bp1-004-P.png
PL!HS-bp1-004	P2	P＋	BP01	PL!HS-bp1-004-P2.png	https://llofficial-cardgame.com/wordpress/wp-content/images/cardlist/BP01/PL!HS-bp1-004-P2.png
PL!HS-bp1-004	SEC	SEC	BP01	PL!HS-bp1-004-SEC.png	https://llofficial-cardgame.com/wordpress/wp-content/images/cardlist/BP01/PL!HS-bp1-004-SEC.png
PL!HS-bp1-005	R	R	BP01	PL!HS-bp1-005-R.png	https://llofficial-cardgame.com/wordpress/wp-content/images/cardlist/BP01/PL!HS-bp1-005-R.png
PL!HS-bp1-005	P	P	BP01	PL!HS-bp1-005-P.png	https://llofficial-cardgame.com/wordpress/wp-content/images/cardlist/BP01/PL!HS-bp1-005-P.png
PL!HS-bp1-005	PR	PR	PR	PL!HS-bp1-005-PR.png	https://llofficial-cardgame.com/wordpress/wp-content/images/cardlist/PR/PL!HS-bp1-005-PR.png
PL!HS-bp1-006	R2	R＋	BP01	PL!HS-bp1-006-R2.png	https://llofficial-cardgame.com/wordpress/wp-content/images/cardlist/BP01/PL!HS-bp1-006-R2.png
PL!HS-bp1-006	P	P	BP01	PL!HS-bp1-006-P.png	https://llofficial-cardgame.com/wordpress/wp-content/images/cardlist/BP01/PL!HS-bp1-006-P.png
PL!HS-bp1-006	P2	P＋	BP01	PL!HS-bp1-006-P2.png	https://llofficial-cardgame.com/wordpress/wp-content/images/cardlist/BP01/PL!HS-bp1-006-P2.png
PL!HS-bp1-006	SEC	SEC	BP01	PL!HS-bp1-006-SEC.png	https://llofficial-cardgame.com/wordpress/wp-content/images/cardlist/BP01/PL!HS-bp1-006-SEC.png
PL!HS-bp1-007	R	R	BP01	PL!HS-bp1-007-R.png	https://llofficial-cardgame.com/wordpress/wp-content/images/cardlist/BP01/PL!HS-bp1-007-R.png
PL!HS-bp1-007	P	P	BP01	PL!HS-bp1-007-P.png	https://llofficial-cardgame.com/wordpress/wp-content/images/cardlist/BP01/PL!HS-bp1-007-P.png
PL!HS-bp1-008	R	R	BP01	PL!HS-bp1-008-R.png	https://llofficial-cardgame.com/wordpress/wp-content/images/cardlist/BP01/PL!HS-bp1-008-R.png
PL!HS-bp1-008	P	P	BP01	PL!HS-bp1-008-P.png	https://llofficial-cardgame.com/wordpress/wp-content/images/cardlist/BP01/PL!HS-bp1-008-P.png
PL!HS-bp1-009	R	R	BP01	PL!HS-bp1-009-R.png	https://llofficial-cardgame.com/wordpress/wp-content/images/cardlist/BP01/PL!HS-bp1-009-R.png
PL!HS-bp1-009	P	P	BP01	PL!HS-bp1-009-P.png	https://llofficial-cardgame.com/wordpress/wp-content/images/cardlist/BP01/PL!HS-bp1-009-P.png
PL!HS-bp1-010	N	N	BP01	PL!HS-bp1-010-N.png	https://llofficial-cardgame.com/wordpress/wp-content/images/cardlist/BP01/PL!HS-bp1-010-N.png
PL!HS-bp1-011	N	N	BP01	PL!HS-bp1-011-N.png	https://llofficial-cardgame.com/wordpress/wp-content/images/cardlist/BP01/PL!HS-bp1-011-N.png
PL!HS-bp1-011	PR	PR	PR	PL!HS-bp1-011-PR.png	https://llofficial-cardgame.com/wordpress/wp-content/images/cardlist/PR/PL!HS-bp1-011-PR.png
PL!HS-bp1-012	N	N	BP01	PL!HS-bp1-012-N.png	https://llofficial-cardgame.com/wordpress/wp-content/images/cardlist/BP01/PL!HS-bp1-012-N.png
PL!HS-bp1-012	PR	PR	PR	PL!HS-bp1-012-PR.png	https://llofficial-cardgame.com/wordpress/wp-content/images/cardlist/PR/PL!HS-bp1-012-PR.png
PL!HS-bp1-013	N	N	BP01	PL!HS-bp1-013-N.png	https://llofficial-cardgame.com/wordpress/wp-content/images/cardlist/BP01/PL!HS-bp1-013-N.png
PL!HS-bp1-014	N	N	BP01	PL!HS-bp1-014-N.png	https://llofficial-cardgame.com/wordpress/wp-content/images/cardlist/BP01/PL!HS-bp1-014-N.png
PL!HS-bp1-015	N	N	BP01	PL!HS-bp1-015-N.png	https://llofficial-cardgame.com/wordpress/wp-content/images/cardlist/BP01/PL!HS-bp1-015-N.png
PL!HS-bp1-016	N	N	BP01	PL!HS-bp1-016-N.png	https://llofficial-cardgame.com/wordpress/wp-content/images/cardlist/BP01/PL!HS-bp1-016-N.png
PL!HS-bp1-016	PR	PR	PR	PL!HS-bp1-016-PR.png	https://llofficial-cardgame.com/wordpress/wp-content/images/cardlist/PR/PL!HS-bp1-016-PR.png
PL!HS-bp1-017	N	N	BP01	PL!HS-bp1-017-N.png	https://llofficial-cardgame.com/wordpress/wp-content/images/cardlist/BP01/PL!HS-bp1-017-N.png
PL!HS-bp1-018	N	N	BP01	PL!HS-bp1-018-N.png	https://llofficial-cardgame.com/wordpress/wp-content/images/cardlist/BP01/PL!HS-bp1-018-N.png
PL!HS-bp1-019	L	L	BP01	PL!HS-bp1-019-L.png	https://llofficial-cardgame.com/wordpress/wp-content/images/cardlist/BP01/PL!HS-bp1-019-L.png
PL!HS-bp1-019	SECL	SECL	BP05	PL!HS-bp1-019-SECL.png	https://llofficial-cardgame.com/wordpress/wp-content/images/cardlist/BP05/PL!HS-bp1-019-SECL.png
PL!HS-bp1-020	L	L	BP01	PL!HS-bp1-020-L.png	https://llofficial-cardgame.com/wordpress/wp-content/images/cardlist/BP01/PL!HS-bp1-020-L.png
PL!HS-bp1-021	L	L	BP01	PL!HS-bp1-021-L.png	https://llofficial-cardgame.com/wordpress/wp-content/images/cardlist/BP01/PL!HS-bp1-021-L.png
PL!HS-bp1-022	L	L	BP01	PL!HS-bp1-022-L.png	https://llofficial-cardgame.com/wordpress/wp-content/images/cardlist/BP01/PL!HS-bp1-022-L.png
PL!HS-bp1-023	L	L	BP01	PL!HS-bp1-023-L.png	https://llofficial-cardgame.com/wordpress/wp-content/images/cardlist/BP01/PL!HS-bp1-023-L.png
PL!HS-bp2-001	R	R	BP02	PL!HS-bp2-001-R.png	https://llofficial-cardgame.com/wordpress/wp-content/images/cardlist/BP02/PL!HS-bp2-001-R.png
PL!HS-bp2-001	P	P	BP02	PL!HS-bp2-001-P.png	https://llofficial-cardgame.com/wordpress/wp-content/images/cardlist/BP02/PL!HS-bp2-001-P.png
PL!HS-bp2-002	R2	R＋	BP02	PL!HS-bp2-002-R2.png	https://llofficial-cardgame.com/wordpress/wp-content/images/cardlist/BP02/PL!HS-bp2-002-R2.png
PL!HS-bp2-002	P	P	BP02	PL!HS-bp2-002-P.png	https://llofficial-cardgame.com/wordpress/wp-content/images/cardlist/BP02/PL!HS-bp2-002-P.png
PL!HS-bp2-002	P2	P＋	BP02	PL!HS-bp2-002-P2.png	https://llofficial-cardgame.com/wordpress/wp-content/images/cardlist/BP02/PL!HS-bp2-002-P2.png
PL!HS-bp2-002	SEC	SEC	BP02	PL!HS-bp2-002-SEC.png	https://llofficial-cardgame.com/wordpress/wp-content/images/cardlist/BP02/PL!HS-bp2-002-SEC.png
PL!HS-bp2-003	R	R	BP02	PL!HS-bp2-003-R.png	https://llofficial-cardgame.com/wordpress/wp-content/images/cardlist/BP02/PL!HS-bp2-003-R.png
PL!HS-bp2-003	P	P	BP02	PL!HS-bp2-003-P.png	https://llofficial-cardgame.com/wordpress/wp-content/images/cardlist/BP02/PL!HS-bp2-003-P.png
PL!HS-bp2-004	R	R	BP02	PL!HS-bp2-004-R.png	https://llofficial-cardgame.com/wordpress/wp-content/images/cardlist/BP02/PL!HS-bp2-004-R.png
PL!HS-bp2-004	P	P	BP02	PL!HS-bp2-004-P.png	https://llofficial-cardgame.com/wordpress/wp-content/images/cardlist/BP02/PL!HS-bp2-004-P.png
PL!HS-bp2-005	R2	R＋	BP02	PL!HS-bp2-005-R2.png	https://llofficial-cardgame.com/wordpress/wp-content/images/cardlist/BP02/PL!HS-bp2-005-R2.png
PL!HS-bp2-005	P	P	BP02	PL!HS-bp2-005-P.png	https://llofficial-cardgame.com/wordpress/wp-content/images/cardlist/BP02/PL!HS-bp2-005-P.png
PL!HS-bp2-005	P2	P＋	BP02	PL!HS-bp2-005-P2.png	https://llofficial-cardgame.com/wordpress/wp-content/images/cardlist/BP02/PL!HS-bp2-005-P2.png
PL!HS-bp2-005	SEC	SEC	BP02	PL!HS-bp2-005-SEC.png	https://llofficial-cardgame.com/wordpress/wp-content/images/cardlist/BP02/PL!HS-bp2-005-SEC.png
PL!HS-bp2-006	R	R	BP02	PL!HS-bp2-006-R.png	https://llofficial-cardgame.com/wordpress/wp-content/images/cardlist/BP02/PL!HS-bp2-006-R.png
PL!HS-bp2-006	P	P	BP02	PL!HS-bp2-006-P.png	https://llofficial-cardgame.com/wordpress/wp-content/images/cardlist/BP02/PL!HS-bp2-006-P.png
PL!HS-bp2-007	R2	R＋	BP02	PL!HS-bp2-007-R2.png	https://llofficial-cardgame.com/wordpress/wp-content/images/cardlist/BP02/PL!HS-bp2-007-R2.png
PL!HS-bp2-007	P	P	BP02	PL!HS-bp2-007-P.png	https://llofficial-cardgame.com/wordpress/wp-content/images/cardlist/BP02/PL!HS-bp2-007-P.png
PL!HS-bp2-007	P2	P＋	BP02	PL!HS-bp2-007-P2.png	https://llofficial-cardgame.com/wordpress/wp-content/images/cardlist/BP02/PL!HS-bp2-007-P2.png
PL!HS-bp2-007	SEC	SEC	BP02	PL!HS-bp2-007-SEC.png	https://llofficial-cardgame.com/wordpress/wp-content/images/cardlist/BP02/PL!HS-bp2-007-SEC.png
PL!HS-bp2-008	R	R	BP02	PL!HS-bp2-008-R.png	https://llofficial-cardgame.com/wordpress/wp-content/images/cardlist/BP02/PL!HS-bp2-008-R.png
PL!HS-bp2-008	P	P	BP02	PL!HS-bp2-008-P.png	https://llofficial-cardgame.com/wordpress/wp-content/images/cardlist/BP02/PL!HS-bp2-008-P.png
PL!HS-bp2-009	R	R	BP02	PL!HS-bp2-009-R.png	https://llofficial-cardgame.com/wordpress/wp-content/images/cardlist/BP02/PL!HS-bp2-009-R.png
PL!HS-bp2-009	P	P	BP02	PL!HS-bp2-009-P.png	https://llofficial-cardgame.com/wordpress/wp-content/images/cardlist/BP02/PL!HS-bp2-009-P.png
PL!HS-bp2-010	N	N	BP02	PL!HS-bp2-010-N.png	https://llofficial-cardgame.com/wordpress/wp-content/images/cardlist/BP02/PL!HS-bp2-010-N.png
PL!HS-bp2-010	PR	PR	PR	PL!HS-bp2-010-PR.png	https://llofficial-cardgame.com/wordpress/wp-content/images/cardlist/PR/PL!HS-bp2-010-PR.png
PL!HS-bp2-011	N	N	BP02	PL!HS-bp2-011-N.png	https://llofficial-cardgame.com/wordpress/wp-content/images/cardlist/BP02/PL!HS-bp2-011-N.png
PL!HS-bp2-011	PR	PR	PR	PL!HS-bp2-011-PR.png	https://llofficial-cardgame.com/wordpress/wp-content/images/cardlist/PR/PL!HS-bp2-011-PR.png
PL!HS-bp2-012	N	N	BP02	PL!HS-bp2-012-N.png	https://llofficial-cardgame.com/wordpress/wp-content/images/cardlist/BP02/PL!HS-bp2-012-N.png
PL!HS-bp2-013	N	N	BP02	PL!HS-bp2-013-N.png	https://llofficial-cardgame.com/wordpress/wp-content/images/cardlist/BP02/PL!HS-bp2-013-N.png
PL!HS-bp2-014	N	N	BP02	PL!HS-bp2-014-N.png	https://llofficial-cardgame.com/wordpress/wp-content/images/cardlist/BP02/PL!HS-bp2-014-N.png
PL!HS-bp2-015	N	N	BP02	PL!HS-bp2-015-N.png	https://llofficial-cardgame.com/wordpress/wp-content/images/cardlist/BP02/PL!HS-bp2-015-N.png
PL!HS-bp2-016	N	N	BP02	PL!HS-bp2-016-N.png	https://llofficial-cardgame.com/wordpress/wp-content/images/cardlist/BP02/PL!HS-bp2-016-N.png
PL!HS-bp2-017	N	N	BP02	PL!HS-bp2-017-N.png	https://llofficial-cardgame.com/wordpress/wp-content/images/cardlist/BP02/PL!HS-bp2-017-N.png
PL!HS-bp2-018	N	N	BP02	PL!HS-bp2-018-N.png	https://llofficial-cardgame.com/wordpress/wp-content/images/cardlist/BP02/PL!HS-bp2-018-N.png
PL!HS-bp2-019	L	L	BP02	PL!HS-bp2-019-L.png	https://llofficial-cardgame.com/wordpress/wp-content/images/cardlist/BP02/PL!HS-bp2-019-L.png
PL!HS-bp2-020	L	L	BP02	PL!HS-bp2-020-L.png	https://llofficial-cardgame.com/wordpress/wp-content/images/cardlist/BP02/PL!HS-bp2-020-L.png
PL!HS-bp2-021	L	L	BP02	PL!HS-bp2-021-L.png	https://llofficial-cardgame.com/wordpress/wp-content/images/cardlist/BP02/PL!HS-bp2-021-L.png
PL!HS-bp2-022	L	L	BP02	PL!HS-bp2-022-L.png	https://llofficial-cardgame.com/wordpress/wp-content/images/cardlist/BP02/PL!HS-bp2-022-L.png
PL!HS-bp2-022	L2	L＋	PBHS	PL!HS-bp2-022-L2.png	https://llofficial-cardgame.com/wordpress/wp-content/images/cardlist/PBHS/PL!HS-bp2-022-L2.png
PL!HS-bp2-023	L	L	BP02	PL!HS-bp2-023-L.png	https://llofficial-cardgame.com/wordpress/wp-content/images/cardlist/BP02/PL!HS-bp2-023-L.png
PL!HS-bp2-024	L	L	BP02	PL!HS-bp2-024-L.png	https://llofficial-cardgame.com/wordpress/wp-content/images/cardlist/BP02/PL!HS-bp2-024-L.png
PL!HS-bp2-024	L2	L＋	PBHS	PL!HS-bp2-024-L2.png	https://llofficial-cardgame.com/wordpress/wp-content/images/cardlist/PBHS/PL!HS-bp2-024-L2.png
PL!HS-bp2-025	L	L	BP02	PL!HS-bp2-025-L.png	https://llofficial-cardgame.com/wordpress/wp-content/images/cardlist/BP02/PL!HS-bp2-025-L.png
PL!HS-bp2-026	L	L	BP02	PL!HS-bp2-026-L.png	https://llofficial-cardgame.com/wordpress/wp-content/images/cardlist/BP02/PL!HS-bp2-026-L.png
PL!HS-bp2-026	L2	L＋	PBHS	PL!HS-bp2-026-L2.png	https://llofficial-cardgame.com/wordpress/wp-content/images/cardlist/PBHS/PL!HS-bp2-026-L2.png
PL!HS-bp5-001	R2	R＋	BP05	PL!HS-bp5-001-R2.png	https://llofficial-cardgame.com/wordpress/wp-content/images/cardlist/BP05/PL!HS-bp5-001-R2.png
PL!HS-bp5-001	P	P	BP05	PL!HS-bp5-001-P.png	https://llofficial-cardgame.com/wordpress/wp-content/images/cardlist/BP05/PL!HS-bp5-001-P.png
PL!HS-bp5-001	AR	AR	BP05	PL!HS-bp5-001-AR.png	https://llofficial-cardgame.com/wordpress/wp-content/images/cardlist/BP05/PL!HS-bp5-001-AR.png
PL!HS-bp5-001	SEC	SEC	BP05	PL!HS-bp5-001-SEC.png	https://llofficial-cardgame.com/wordpress/wp-content/images/cardlist/BP05/PL!HS-bp5-001-SEC.png
PL!HS-bp5-002	R2	R＋	BP05	PL!HS-bp5-002-R2.png	https://llofficial-cardgame.com/wordpress/wp-content/images/cardlist/BP05/PL!HS-bp5-002-R2.png
PL!HS-bp5-002	P	P	BP05	PL!HS-bp5-002-P.png	https://llofficial-cardgame.com/wordpress/wp-content/images/cardlist/BP05/PL!HS-bp5-002-P.png
PL!HS-bp5-002	AR	AR	BP05	PL!HS-bp5-002-AR.png	https://llofficial-cardgame.com/wordpress/wp-content/images/cardlist/BP05/PL!HS-bp5-002-AR.png
PL!HS-bp5-002	SEC	SEC	BP05	PL!HS-bp5-002-SEC.png	https://llofficial-cardgame.com/wordpress/wp-content/images/cardlist/BP05/PL!HS-bp5-002-SEC.png
PL!HS-bp5-003	R2	R＋	BP05	PL!HS-bp5-003-R2.png	https://llofficial-cardgame.com/wordpress/wp-content/images/cardlist/BP05/PL!HS-bp5-003-R2.png
PL!HS-bp5-003	P	P	BP05	PL!HS-bp5-003-P.png	https://llofficial-cardgame.com/wordpress/wp-content/images/cardlist/BP05/PL!HS-bp5-003-P.png
PL!HS-bp5-003	AR	AR	BP05	PL!HS-bp5-003-AR.png	https://llofficial-cardgame.com/wordpress/wp-content/images/cardlist/BP05/PL!HS-bp5-003-AR.png
PL!HS-bp5-003	SEC	SEC	BP05	PL!HS-bp5-003-SEC.png	https://llofficial-cardgame.com/wordpress/wp-content/images/cardlist/BP05/PL!HS-bp5-003-SEC.png
PL!HS-bp5-004	R	R	BP05	PL!HS-bp5-004-R.png	https://llofficial-cardgame.com/wordpress/wp-content/images/cardlist/BP05/PL!HS-bp5-004-R.png
PL!HS-bp5-004	P	P	BP05	PL!HS-bp5-004-P.png	https://llofficial-cardgame.com/wordpress/wp-content/images/cardlist/BP05/PL!HS-bp5-004-P.png
PL!HS-bp5-004	AR	AR	BP05	PL!HS-bp5-004-AR.png	https://llofficial-cardgame.com/wordpress/wp-content/images/cardlist/BP05/PL!HS-bp5-004-AR.png
PL!HS-bp5-005	R	R	BP05	PL!HS-bp5-005-R.png	https://llofficial-cardgame.com/wordpress/wp-content/images/cardlist/BP05/PL!HS-bp5-005-R.png
PL!HS-bp5-005	P	P	BP05	PL!HS-bp5-005-P.png	https://llofficial-cardgame.com/wordpress/wp-content/images/cardlist/BP05/PL!HS-bp5-005-P.png
PL!HS-bp5-005	AR	AR	BP05	PL!HS-bp5-005-AR.png	https://llofficial-cardgame.com/wordpress/wp-content/images/cardlist/BP05/PL!HS-bp5-005-AR.png
PL!HS-bp5-006	R	R	BP05	PL!HS-bp5-006-R.png	https://llofficial-cardgame.com/wordpress/wp-content/images/cardlist/BP05/PL!HS-bp5-006-R.png
PL!HS-bp5-006	P	P	BP05	PL!HS-bp5-006-P.png	https://llofficial-cardgame.com/wordpress/wp-content/images/cardlist/BP05/PL!HS-bp5-006-P.png
PL!HS-bp5-006	AR	AR	BP05	PL!HS-bp5-006-AR.png	https://llofficial-cardgame.com/wordpress/wp-content/images/cardlist/BP05/PL!HS-bp5-006-AR.png
PL!HS-bp5-007	R	R	BP05	PL!HS-bp5-007-R.png	https://llofficial-cardgame.com/wordpress/wp-content/images/cardlist/BP05/PL!HS-bp5-007-R.png
PL!HS-bp5-007	P	P	BP05	PL!HS-bp5-007-P.png	https://llofficial-cardgame.com/wordpress/wp-content/images/cardlist/BP05/PL!HS-bp5-007-P.png
PL!HS-bp5-007	AR	AR	BP05	PL!HS-bp5-007-AR.png	https://llofficial-cardgame.com/wordpress/wp-content/images/cardlist/BP05/PL!HS-bp5-007-AR.png
PL!HS-bp5-008	R	R	BP05	PL!HS-bp5-008-R.png	https://llofficial-cardgame.com/wordpress/wp-content/images/cardlist/BP05/PL!HS-bp5-008-R.png
PL!HS-bp5-008	P	P	BP05	PL!HS-bp5-008-P.png	https://llofficial-cardgame.com/wordpress/wp-content/images/cardlist/BP05/PL!HS-bp5-008-P.png
PL!HS-bp5-008	AR	AR	BP05	PL!HS-bp5-008-AR.png	https://llofficial-cardgame.com/wordpress/wp-content/images/cardlist/BP05/PL!HS-bp5-008-AR.png
PL!HS-bp5-009	N	N	BP05	PL!HS-bp5-009-N.png	https://llofficial-cardgame.com/wordpress/wp-content/images/cardlist/BP05/PL!HS-bp5-009-N.png
PL!HS-bp5-010	N	N	BP05	PL!HS-bp5-010-N.png	https://llofficial-cardgame.com/wordpress/wp-content/images/cardlist/BP05/PL!HS-bp5-010-N.png
PL!HS-bp5-011	N	N	BP05	PL!HS-bp5-011-N.png	https://llofficial-cardgame.com/wordpress/wp-content/images/cardlist/BP05/PL!HS-bp5-011-N.png
PL!HS-bp5-012	N	N	BP05	PL!HS-bp5-012-N.png	https://llofficial-cardgame.com/wordpress/wp-content/images/cardlist/BP05/PL!HS-bp5-012-N.png
PL!HS-bp5-013	N	N	BP05	PL!HS-bp5-013-N.png	https://llofficial-cardgame.com/wordpress/wp-content/images/cardlist/BP05/PL!HS-bp5-013-N.png
PL!HS-bp5-014	N	N	BP05	PL!HS-bp5-014-N.png	https://llofficial-cardgame.com/wordpress/wp-content/images/cardlist/BP05/PL!HS-bp5-014-N.png
PL!HS-bp5-015	N	N	BP05	PL!HS-bp5-015-N.png	https://llofficial-cardgame.com/wordpress/wp-content/images/cardlist/BP05/PL!HS-bp5-015-N.png
PL!HS-bp5-016	N	N	BP05	PL!HS-bp5-016-N.png	https://llofficial-cardgame.com/wordpress/wp-content/images/cardlist/BP05/PL!HS-bp5-016-N.png
PL!HS-bp5-017	L	L	BP05	PL!HS-bp5-017-L.png	https://llofficial-cardgame.com/wordpress/wp-content/images/cardlist/BP05/PL!HS-bp5-017-L.png
PL!HS-bp5-018	L	L	BP05	PL!HS-bp5-018-L.png	https://llofficial-cardgame.com/wordpress/wp-content/images/cardlist/BP05/PL!HS-bp5-018-L.png
PL!HS-bp5-019	L	L	BP05	PL!HS-bp5-019-L.png	https://llofficial-cardgame.com/wordpress/wp-content/images/cardlist/BP05/PL!HS-bp5-019-L.png
PL!HS-bp5-020	L	L	BP05	PL!HS-bp5-020-L.png	https://llofficial-cardgame.com/wordpress/wp-content/images/cardlist/BP05/PL!HS-bp5-020-L.png
PL!HS-bp5-021	L	L	BP05	PL!HS-bp5-021-L.png	https://llofficial-cardgame.com/wordpress/wp-content/images/cardlist/BP05/PL!HS-bp5-021-L.png
PL!HS-bp5-022	L	L	BP05	PL!HS-bp5-022-L.png	https://llofficial-cardgame.com/wordpress/wp-content/images/cardlist/BP05/PL!HS-bp5-022-L.png
PL!HS-bp6-001	R2	R＋	BP06	PL!HS-bp6-001-R2.png	https://llofficial-cardgame.com/wordpress/wp-content/images/cardlist/BP06/PL!HS-bp6-001-R2.png
PL!HS-bp6-001	P	P	BP06	PL!HS-bp6-001-P.png	https://llofficial-cardgame.com/wordpress/wp-content/images/cardlist/BP06/PL!HS-bp6-001-P.png
PL!HS-bp6-001	P2	P＋	BP06	PL!HS-bp6-001-P2.png	https://llofficial-cardgame.com/wordpress/wp-content/images/cardlist/BP06/PL!HS-bp6-001-P2.png
PL!HS-bp6-001	SEC	SEC	BP06	PL!HS-bp6-001-SEC.png	https://llofficial-cardgame.com/wordpress/wp-content/images/cardlist/BP06/PL!HS-bp6-001-SEC.png
PL!HS-bp6-002	R	R	BP06	PL!HS-bp6-002-R.png	https://llofficial-cardgame.com/wordpress/wp-content/images/cardlist/BP06/PL!HS-bp6-002-R.png
PL!HS-bp6-002	P	P	BP06	PL!HS-bp6-002-P.png	https://llofficial-cardgame.com/wordpress/wp-content/images/cardlist/BP06/PL!HS-bp6-002-P.png
PL!HS-bp6-003	R	R	BP06	PL!HS-bp6-003-R.png	https://llofficial-cardgame.com/wordpress/wp-content/images/cardlist/BP06/PL!HS-bp6-003-R.png
PL!HS-bp6-003	P	P	BP06	PL!HS-bp6-003-P.png	https://llofficial-cardgame.com/wordpress/wp-content/images/cardlist/BP06/PL!HS-bp6-003-P.png
PL!HS-bp6-004	R	R	BP06	PL!HS-bp6-004-R.png	https://llofficial-cardgame.com/wordpress/wp-content/images/cardlist/BP06/PL!HS-bp6-004-R.png
PL!HS-bp6-004	P	P	BP06	PL!HS-bp6-004-P.png	https://llofficial-cardgame.com/wordpress/wp-content/images/cardlist/BP06/PL!HS-bp6-004-P.png
PL!HS-bp6-005	R2	R＋	BP06	PL!HS-bp6-005-R2.png	https://llofficial-cardgame.com/wordpress/wp-content/images/cardlist/BP06/PL!HS-bp6-005-R2.png
PL!HS-bp6-005	P	P	BP06	PL!HS-bp6-005-P.png	https://llofficial-cardgame.com/wordpress/wp-content/images/cardlist/BP06/PL!HS-bp6-005-P.png
PL!HS-bp6-005	P2	P＋	BP06	PL!HS-bp6-005-P2.png	https://llofficial-cardgame.com/wordpress/wp-content/images/cardlist/BP06/PL!HS-bp6-005-P2.png
PL!HS-bp6-005	SEC	SEC	BP06	PL!HS-bp6-005-SEC.png	https://llofficial-cardgame.com/wordpress/wp-content/images/cardlist/BP06/PL!HS-bp6-005-SEC.png
PL!HS-bp6-006	R2	R＋	BP06	PL!HS-bp6-006-R2.png	https://llofficial-cardgame.com/wordpress/wp-content/images/cardlist/BP06/PL!HS-bp6-006-R2.png
PL!HS-bp6-006	P	P	BP06	PL!HS-bp6-006-P.png	https://llofficial-cardgame.com/wordpress/wp-content/images/cardlist/BP06/PL!HS-bp6-006-P.png
PL!HS-bp6-006	P2	P＋	BP06	PL!HS-bp6-006-P2.png	https://llofficial-cardgame.com/wordpress/wp-content/images/cardlist/BP06/PL!HS-bp6-006-P2.png
PL!HS-bp6-006	SEC	SEC	BP06	PL!HS-bp6-006-SEC.png	https://llofficial-cardgame.com/wordpress/wp-content/images/cardlist/BP06/PL!HS-bp6-006-SEC.png
PL!HS-bp6-007	R	R	BP06	PL!HS-bp6-007-R.png	https://llofficial-cardgame.com/wordpress/wp-content/images/cardlist/BP06/PL!HS-bp6-007-R.png
PL!HS-bp6-007	P	P	BP06	PL!HS-bp6-007-P.png	https://llofficial-cardgame.com/wordpress/wp-content/images/cardlist/BP06/PL!HS-bp6-007-P.png
PL!HS-bp6-008	R	R	BP06	PL!HS-bp6-008-R.png	https://llofficial-cardgame.com/wordpress/wp-content/images/cardlist/BP06/PL!HS-bp6-008-R.png
PL!HS-bp6-008	P	P	BP06	PL!HS-bp6-008-P.png	https://llofficial-cardgame.com/wordpress/wp-content/images/cardlist/BP06/PL!HS-bp6-008-P.png
PL!HS-bp6-009	R	R	BP06	PL!HS-bp6-009-R.png	https://llofficial-cardgame.com/wordpress/wp-content/images/cardlist/BP06/PL!HS-bp6-009-R.png
PL!HS-bp6-010	R	R	BP06	PL!HS-bp6-010-R.png	https://llofficial-cardgame.com/wordpress/wp-content/images/cardlist/BP06/PL!HS-bp6-010-R.png
PL!HS-bp6-011	R	R	BP06	PL!HS-bp6-011-R.png	https://llofficial-cardgame.com/wordpress/wp-content/images/cardlist/BP06/PL!HS-bp6-011-R.png
PL!HS-bp6-012	R	R	BP06	PL!HS-bp6-012-R.png	https://llofficial-cardgame.com/wordpress/wp-content/images/cardlist/BP06/PL!HS-bp6-012-R.png
PL!HS-bp6-013	R	R	BP06	PL!HS-bp6-013-R.png	https://llofficial-cardgame.com/wordpress/wp-content/images/cardlist/BP06/PL!HS-bp6-013-R.png
PL!HS-bp6-014	R	R	BP06	PL!HS-bp6-014-R.png	https://llofficial-cardgame.com/wordpress/wp-content/images/cardlist/BP06/PL!HS-bp6-014-R.png
PL!HS-bp6-015	R	R	BP06	PL!HS-bp6-015-R.png	https://llofficial-cardgame.com/wordpress/wp-content/images/cardlist/BP06/PL!HS-bp6-015-R.png
PL!HS-bp6-016	R	R	BP06	PL!HS-bp6-016-R.png	https://llofficial-cardgame.com/wordpress/wp-content/images/cardlist/BP06/PL!HS-bp6-016-R.png
PL!HS-bp6-017	N	N	BP06	PL!HS-bp6-017-N.png	https://llofficial-cardgame.com/wordpress/wp-content/images/cardlist/BP06/PL!HS-bp6-017-N.png
PL!HS-bp6-018	N	N	BP06	PL!HS-bp6-018-N.png	https://llofficial-cardgame.com/wordpress/wp-content/images/cardlist/BP06/PL!HS-bp6-018-N.png
PL!HS-bp6-019	N	N	BP06	PL!HS-bp6-019-N.png	https://llofficial-cardgame.com/wordpress/wp-content/images/cardlist/BP06/PL!HS-bp6-019-N.png
PL!HS-bp6-020	N	N	BP06	PL!HS-bp6-020-N.png	https://llofficial-cardgame.com/wordpress/wp-content/images/cardlist/BP06/PL!HS-bp6-020-N.png
PL!HS-bp6-021	N	N	BP06	PL!HS-bp6-021-N.png	https://llofficial-cardgame.com/wordpress/wp-content/images/cardlist/BP06/PL!HS-bp6-021-N.png
PL!HS-bp6-022	N	N	BP06	PL!HS-bp6-022-N.png	https://llofficial-cardgame.com/wordpress/wp-content/images/cardlist/BP06/PL!HS-bp6-022-N.png
PL!HS-bp6-023	N	N	BP06	PL!HS-bp6-023-N.png	https://llofficial-cardgame.com/wordpress/wp-content/images/cardlist/BP06/PL!HS-bp6-023-N.png
PL!HS-bp6-024	N	N	BP06	PL!HS-bp6-024-N.png	https://llofficial-cardgame.com/wordpress/wp-content/images/cardlist/BP06/PL!HS-bp6-024-N.png
PL!HS-bp6-025	L	L	BP06	PL!HS-bp6-025-L.png	https://llofficial-cardgame.com/wordpress/wp-content/images/cardlist/BP06/PL!HS-bp6-025-L.png
PL!HS-bp6-026	L	L	BP06	PL!HS-bp6-026-L.png	https://llofficial-cardgame.com/wordpress/wp-content/images/cardlist/BP06/PL!HS-bp6-026-L.png
PL!HS-bp6-027	L	L	BP06	PL!HS-bp6-027-L.png	https://llofficial-cardgame.com/wordpress/wp-content/images/cardlist/BP06/PL!HS-bp6-027-L.png
PL!HS-bp6-028	L	L	BP06	PL!HS-bp6-028-L.png	https://llofficial-cardgame.com/wordpress/wp-content/images/cardlist/BP06/PL!HS-bp6-028-L.png
PL!HS-bp6-029	L	L	BP06	PL!HS-bp6-029-L.png	https://llofficial-cardgame.com/wordpress/wp-content/images/cardlist/BP06/PL!HS-bp6-029-L.png
PL!HS-bp6-030	L	L	BP06	PL!HS-bp6-030-L.png	https://llofficial-cardgame.com/wordpress/wp-content/images/cardlist/BP06/PL!HS-bp6-030-L.png
PL!HS-bp6-031	L	L	BP06	PL!HS-bp6-031-L.png	https://llofficial-cardgame.com/wordpress/wp-content/images/cardlist/BP06/PL!HS-bp6-031-L.png
PL!HS-bp6-032	L	L	BP06	PL!HS-bp6-032-L.png	https://llofficial-cardgame.com/wordpress/wp-content/images/cardlist/BP06/PL!HS-bp6-032-L.png
PL!HS-cl1-001	CL	CL	CLHS01	PL!HS-cl1-001-CL.png	https://llofficial-cardgame.com/wordpress/wp-content/images/cardlist/CLHS01/PL!HS-cl1-001-CL.png
PL!HS-cl1-002	CL	CL	CLHS01	PL!HS-cl1-002-CL.png	https://llofficial-cardgame.com/wordpress/wp-content/images/cardlist/CLHS01/PL!HS-cl1-002-CL.png
PL!HS-cl1-003	CL	CL	CLHS01	PL!HS-cl1-003-CL.png	https://llofficial-cardgame.com/wordpress/wp-content/images/cardlist/CLHS01/PL!HS-cl1-003-CL.png
PL!HS-cl1-004	CL	CL	CLHS01	PL!HS-cl1-004-CL.png	https://llofficial-cardgame.com/wordpress/wp-content/images/cardlist/CLHS01/PL!HS-cl1-004-CL.png
PL!HS-cl1-005	CL	CL	CLHS01	PL!HS-cl1-005-CL.png	https://llofficial-cardgame.com/wordpress/wp-content/images/cardlist/CLHS01/PL!HS-cl1-005-CL.png
PL!HS-cl1-006	CL	CL	CLHS01	PL!HS-cl1-006-CL.png	https://llofficial-cardgame.com/wordpress/wp-content/images/cardlist/CLHS01/PL!HS-cl1-006-CL.png
PL!HS-cl1-007	CL	CL	CLHS01	PL!HS-cl1-007-CL.png	https://llofficial-cardgame.com/wordpress/wp-content/images/cardlist/CLHS01/PL!HS-cl1-007-CL.png
PL!HS-cl1-008	CL	CL	CLHS01	PL!HS-cl1-008-CL.png	https://llofficial-cardgame.com/wordpress/wp-content/images/cardlist/CLHS01/PL!HS-cl1-008-CL.png
PL!HS-cl1-009	CL	CL	CLHS01	PL!HS-cl1-009-CL.png	https://llofficial-cardgame.com/wordpress/wp-content/images/cardlist/CLHS01/PL!HS-cl1-009-CL.png
PL!HS-cl1-010	CL	CL	CLHS01	PL!HS-cl1-010-CL.png	https://llofficial-cardgame.com/wordpress/wp-content/images/cardlist/CLHS01/PL!HS-cl1-010-CL.png
PL!HS-cl1-011	CL	CL	CLHS01	PL!HS-cl1-011-CL.png	https://llofficial-cardgame.com/wordpress/wp-content/images/cardlist/CLHS01/PL!HS-cl1-011-CL.png
PL!HS-cl1-012	CL	CL	CLHS01	PL!HS-cl1-012-CL.png	https://llofficial-cardgame.com/wordpress/wp-content/images/cardlist/CLHS01/PL!HS-cl1-012-CL.png
PL!HS-pb1-001	R	R	PBHS	PL!HS-pb1-001-R.png	https://llofficial-cardgame.com/wordpress/wp-content/images/cardlist/PBHS/PL!HS-pb1-001-R.png
PL!HS-pb1-001	P2	P＋	PBHS	PL!HS-pb1-001-P2.png	https://llofficial-cardgame.com/wordpress/wp-content/images/cardlist/PBHS/PL!HS-pb1-001-P2.png
PL!HS-pb1-002	R	R	PBHS	PL!HS-pb1-002-R.png	https://llofficial-cardgame.com/wordpress/wp-content/images/cardlist/PBHS/PL!HS-pb1-002-R.png
PL!HS-pb1-002	P2	P＋	PBHS	PL!HS-pb1-002-P2.png	https://llofficial-cardgame.com/wordpress/wp-content/images/cardlist/PBHS/PL!HS-pb1-002-P2.png
PL!HS-pb1-003	R	R	PBHS	PL!HS-pb1-003-R.png	https://llofficial-cardgame.com/wordpress/wp-content/images/cardlist/PBHS/PL!HS-pb1-003-R.png
PL!HS-pb1-003	P2	P＋	PBHS	PL!HS-pb1-003-P2.png	https://llofficial-cardgame.com/wordpress/wp-content/images/cardlist/PBHS/PL!HS-pb1-003-P2.png
PL!HS-pb1-004	R	R	PBHS	PL!HS-pb1-004-R.png	https://llofficial-cardgame.com/wordpress/wp-content/images/cardlist/PBHS/PL!HS-pb1-004-R.png
PL!HS-pb1-004	P2	P＋	PBHS	PL!HS-pb1-004-P2.png	https://llofficial-cardgame.com/wordpress/wp-content/images/cardlist/PBHS/PL!HS-pb1-004-P2.png
PL!HS-pb1-005	R	R	PBHS	PL!HS-pb1-005-R.png	https://llofficial-cardgame.com/wordpress/wp-content/images/cardlist/PBHS/PL!HS-pb1-005-R.png
PL!HS-pb1-005	P2	P＋	PBHS	PL!HS-pb1-005-P2.png	https://llofficial-cardgame.com/wordpress/wp-content/images/cardlist/PBHS/PL!HS-pb1-005-P2.png
PL!HS-pb1-006	R	R	PBHS	PL!HS-pb1-006-R.png	https://llofficial-cardgame.com/wordpress/wp-content/images/cardlist/PBHS/PL!HS-pb1-006-R.png
PL!HS-pb1-006	P2	P＋	PBHS	PL!HS-pb1-006-P2.png	https://llofficial-cardgame.com/wordpress/wp-content/images/cardlist/PBHS/PL!HS-pb1-006-P2.png
PL!HS-pb1-007	R	R	PBHS	PL!HS-pb1-007-R.png	https://llofficial-cardgame.com/wordpress/wp-content/images/cardlist/PBHS/PL!HS-pb1-007-R.png
PL!HS-pb1-007	P2	P＋	PBHS	PL!HS-pb1-007-P2.png	https://llofficial-cardgame.com/wordpress/wp-content/images/cardlist/PBHS/PL!HS-pb1-007-P2.png
PL!HS-pb1-008	R	R	PBHS	PL!HS-pb1-008-R.png	https://llofficial-cardgame.com/wordpress/wp-content/images/cardlist/PBHS/PL!HS-pb1-008-R.png
PL!HS-pb1-008	P2	P＋	PBHS	PL!HS-pb1-008-P2.png	https://llofficial-cardgame.com/wordpress/wp-content/images/cardlist/PBHS/PL!HS-pb1-008-P2.png
PL!HS-pb1-009	R	R	PBHS	PL!HS-pb1-009-R.png	https://llofficial-cardgame.com/wordpress/wp-content/images/cardlist/PBHS/PL!HS-pb1-009-R.png
PL!HS-pb1-009	P2	P＋	PBHS	PL!HS-pb1-009-P2.png	https://llofficial-cardgame.com/wordpress/wp-content/images/cardlist/PBHS/PL!HS-pb1-009-P2.png
PL!HS-pb1-010	R	R	PBHS	PL!HS-pb1-010-R.png	https://llofficial-cardgame.com/wordpress/wp-content/images/cardlist/PBHS/PL!HS-pb1-010-R.png
PL!HS-pb1-010	P2	P＋	PBHS	PL!HS-pb1-010-P2.png	https://llofficial-cardgame.com/wordpress/wp-content/images/cardlist/PBHS/PL!HS-pb1-010-P2.png
PL!HS-pb1-011	R	R	PBHS	PL!HS-pb1-011-R.png	https://llofficial-cardgame.com/wordpress/wp-content/images/cardlist/PBHS/PL!HS-pb1-011-R.png
PL!HS-pb1-011	P2	P＋	PBHS	PL!HS-pb1-011-P2.png	https://llofficial-cardgame.com/wordpress/wp-content/images/cardlist/PBHS/PL!HS-pb1-011-P2.png
PL!HS-pb1-012	R	R	PBHS	PL!HS-pb1-012-R.png	https://llofficial-cardgame.com/wordpress/wp-content/images/cardlist/PBHS/PL!HS-pb1-012-R.png
PL!HS-pb1-012	P2	P＋	PBHS	PL!HS-pb1-012-P2.png	https://llofficial-cardgame.com/wordpress/wp-content/images/cardlist/PBHS/PL!HS-pb1-012-P2.png
PL!HS-pb1-013	R	R	PBHS	PL!HS-pb1-013-R.png	https://llofficial-cardgame.com/wordpress/wp-content/images/cardlist/PBHS/PL!HS-pb1-013-R.png
PL!HS-pb1-013	P2	P＋	PBHS	PL!HS-pb1-013-P2.png	https://llofficial-cardgame.com/wordpress/wp-content/images/cardlist/PBHS/PL!HS-pb1-013-P2.png
PL!HS-pb1-014	R	R	PBHS	PL!HS-pb1-014-R.png	https://llofficial-cardgame.com/wordpress/wp-content/images/cardlist/PBHS/PL!HS-pb1-014-R.png
PL!HS-pb1-014	P2	P＋	PBHS	PL!HS-pb1-014-P2.png	https://llofficial-cardgame.com/wordpress/wp-content/images/cardlist/PBHS/PL!HS-pb1-014-P2.png
PL!HS-pb1-015	R	R	PBHS	PL!HS-pb1-015-R.png	https://llofficial-cardgame.com/wordpress/wp-content/images/cardlist/PBHS/PL!HS-pb1-015-R.png
PL!HS-pb1-015	P2	P＋	PBHS	PL!HS-pb1-015-P2.png	https://llofficial-cardgame.com/wordpress/wp-content/images/cardlist/PBHS/PL!HS-pb1-015-P2.png
PL!HS-pb1-016	R	R	PBHS	PL!HS-pb1-016-R.png	https://llofficial-cardgame.com/wordpress/wp-content/images/cardlist/PBHS/PL!HS-pb1-016-R.png
PL!HS-pb1-016	P2	P＋	PBHS	PL!HS-pb1-016-P2.png	https://llofficial-cardgame.com/wordpress/wp-content/images/cardlist/PBHS/PL!HS-pb1-016-P2.png
PL!HS-pb1-017	N	N	PBHS	PL!HS-pb1-017-N.png	https://llofficial-cardgame.com/wordpress/wp-content/images/cardlist/PBHS/PL!HS-pb1-017-N.png
PL!HS-pb1-018	N	N	PBHS	PL!HS-pb1-018-N.png	https://llofficial-cardgame.com/wordpress/wp-content/images/cardlist/PBHS/PL!HS-pb1-018-N.png
PL!HS-pb1-019	N	N	PBHS	PL!HS-pb1-019-N.png	https://llofficial-cardgame.com/wordpress/wp-content/images/cardlist/PBHS/PL!HS-pb1-019-N.png
PL!HS-pb1-020	N	N	PBHS	PL!HS-pb1-020-N.png	https://llofficial-cardgame.com/wordpress/wp-content/images/cardlist/PBHS/PL!HS-pb1-020-N.png
PL!HS-pb1-021	N	N	PBHS	PL!HS-pb1-021-N.png	https://llofficial-cardgame.com/wordpress/wp-content/images/cardlist/PBHS/PL!HS-pb1-021-N.png
PL!HS-pb1-022	N	N	PBHS	PL!HS-pb1-022-N.png	https://llofficial-cardgame.com/wordpress/wp-content/images/cardlist/PBHS/PL!HS-pb1-022-N.png
PL!HS-pb1-023	N	N	PBHS	PL!HS-pb1-023-N.png	https://llofficial-cardgame.com/wordpress/wp-content/images/cardlist/PBHS/PL!HS-pb1-023-N.png
PL!HS-pb1-024	N	N	PBHS	PL!HS-pb1-024-N.png	https://llofficial-cardgame.com/wordpress/wp-content/images/cardlist/PBHS/PL!HS-pb1-024-N.png
PL!HS-pb1-025	L	L	PBHS	PL!HS-pb1-025-L.png	https://llofficial-cardgame.com/wordpress/wp-content/images/cardlist/PBHS/PL!HS-pb1-025-L.png
PL!HS-pb1-026	L	L	PBHS	PL!HS-pb1-026-L.png	https://llofficial-cardgame.com/wordpress/wp-content/images/cardlist/PBHS/PL!HS-pb1-026-L.png
PL!HS-pb1-027	L	L	PBHS	PL!HS-pb1-027-L.png	https://llofficial-cardgame.com/wordpress/wp-content/images/cardlist/PBHS/PL!HS-pb1-027-L.png
PL!HS-pb1-028	L	L	PBHS	PL!HS-pb1-028-L.png	https://llofficial-cardgame.com/wordpress/wp-content/images/cardlist/PBHS/PL!HS-pb1-028-L.png
PL!HS-pb1-029	L	L	PBHS	PL!HS-pb1-029-L.png	https://llofficial-cardgame.com/wordpress/wp-content/images/cardlist/PBHS/PL!HS-pb1-029-L.png
PL!HS-pb1-030	L	L	PBHS	PL!HS-pb1-030-L.png	https://llofficial-cardgame.com/wordpress/wp-content/images/cardlist/PBHS/PL!HS-pb1-030-L.png
PL!HS-sd1-001	SD	SD	HSSD01	PL!HS-sd1-001-SD.png	https://llofficial-cardgame.com/wordpress/wp-content/images/cardlist/HSSD01/PL!HS-sd1-001-SD.png
PL!HS-sd1-002	SD	SD	HSSD01	PL!HS-sd1-002-SD.png	https://llofficial-cardgame.com/wordpress/wp-content/images/cardlist/HSSD01/PL!HS-sd1-002-SD.png
PL!HS-sd1-003	SD	SD	HSSD01	PL!HS-sd1-003-SD.png	https://llofficial-cardgame.com/wordpress/wp-content/images/cardlist/HSSD01/PL!HS-sd1-003-SD.png
PL!HS-sd1-004	SD	SD	HSSD01	PL!HS-sd1-004-SD.png	https://llofficial-cardgame.com/wordpress/wp-content/images/cardlist/HSSD01/PL!HS-sd1-004-SD.png
PL!HS-sd1-005	SD	SD	HSSD01	PL!HS-sd1-005-SD.png	https://llofficial-cardgame.com/wordpress/wp-content/images/cardlist/HSSD01/PL!HS-sd1-005-SD.png
PL!HS-sd1-006	SD	SD	HSSD01	PL!HS-sd1-006-SD.png	https://llofficial-cardgame.com/wordpress/wp-content/images/cardlist/HSSD01/PL!HS-sd1-006-SD.png
PL!HS-sd1-007	SD	SD	HSSD01	PL!HS-sd1-007-SD.png	https://llofficial-cardgame.com/wordpress/wp-content/images/cardlist/HSSD01/PL!HS-sd1-007-SD.png
PL!HS-sd1-008	SD	SD	HSSD01	PL!HS-sd1-008-SD.png	https://llofficial-cardgame.com/wordpress/wp-content/images/cardlist/HSSD01/PL!HS-sd1-008-SD.png
PL!HS-sd1-009	SD	SD	HSSD01	PL!HS-sd1-009-SD.png	https://llofficial-cardgame.com/wordpress/wp-content/images/cardlist/HSSD01/PL!HS-sd1-009-SD.png
PL!HS-sd1-010	SD	SD	HSSD01	PL!HS-sd1-010-SD.png	https://llofficial-cardgame.com/wordpress/wp-content/images/cardlist/HSSD01/PL!HS-sd1-010-SD.png
PL!HS-sd1-011	SD	SD	HSSD01	PL!HS-sd1-011-SD.png	https://llofficial-cardgame.com/wordpress/wp-content/images/cardlist/HSSD01/PL!HS-sd1-011-SD.png
PL!HS-sd1-012	SD	SD	HSSD01	PL!HS-sd1-012-SD.png	https://llofficial-cardgame.com/wordpress/wp-content/images/cardlist/HSSD01/PL!HS-sd1-012-SD.png
PL!HS-sd1-013	SD	SD	HSSD01	PL!HS-sd1-013-SD.png	https://llofficial-cardgame.com/wordpress/wp-content/images/cardlist/HSSD01/PL!HS-sd1-013-SD.png
PL!HS-sd1-014	SD	SD	HSSD01	PL!HS-sd1-014-SD.png	https://llofficial-cardgame.com/wordpress/wp-content/images/cardlist/HSSD01/PL!HS-sd1-014-SD.png
PL!HS-sd1-015	SD	SD	HSSD01	PL!HS-sd1-015-SD.png	https://llofficial-cardgame.com/wordpress/wp-content/images/cardlist/HSSD01/PL!HS-sd1-015-SD.png
PL!HS-sd1-016	SD	SD	HSSD01	PL!HS-sd1-016-SD.png	https://llofficial-cardgame.com/wordpress/wp-content/images/cardlist/HSSD01/PL!HS-sd1-016-SD.png
PL!HS-sd1-017	SD	SD	HSSD01	PL!HS-sd1-017-SD.png	https://llofficial-cardgame.com/wordpress/wp-content/images/cardlist/HSSD01/PL!HS-sd1-017-SD.png
PL!HS-sd1-018	SD	SD	HSSD01	PL!HS-sd1-018-SD.png	https://llofficial-cardgame.com/wordpress/wp-content/images/cardlist/HSSD01/PL!HS-sd1-018-SD.png
PL!HS-sd1-018	SECL	SECL	BP06	PL!HS-sd1-018-SECL.png	https://llofficial-cardgame.com/wordpress/wp-content/images/cardlist/BP06/PL!HS-sd1-018-SECL.png
PL!HS-sd1-019	SD	SD	HSSD01	PL!HS-sd1-019-SD.png	https://llofficial-cardgame.com/wordpress/wp-content/images/cardlist/HSSD01/PL!HS-sd1-019-SD.png
PL!HS-sd1-020	SD	SD	HSSD01	PL!HS-sd1-020-SD.png	https://llofficial-cardgame.com/wordpress/wp-content/images/cardlist/HSSD01/PL!HS-sd1-020-SD.png
PL!N-PR-003	PR	PR	PR	PL!N-PR-003-PR.png	https://llofficial-cardgame.com/wordpress/wp-content/images/cardlist/PR/PL!N-PR-003-PR.png
PL!N-PR-004	PR	PR	PR	PL!N-PR-004-PR.png	https://llofficial-cardgame.com/wordpress/wp-content/images/cardlist/PR/PL!N-PR-004-PR.png
PL!N-PR-005	PR	PR	PR	PL!N-PR-005-PR.png	https://llofficial-cardgame.com/wordpress/wp-content/images/cardlist/PR/PL!N-PR-005-PR.png
PL!N-PR-006	PR	PR	PR	PL!N-PR-006-PR.png	https://llofficial-cardgame.com/wordpress/wp-content/images/cardlist/PR/PL!N-PR-006-PR.png
PL!N-PR-007	PR	PR	PR	PL!N-PR-007-PR.png	https://llofficial-cardgame.com/wordpress/wp-content/images/cardlist/PR/PL!N-PR-007-PR.png
PL!N-PR-008	PR	PR	PR	PL!N-PR-008-PR.png	https://llofficial-cardgame.com/wordpress/wp-content/images/cardlist/PR/PL!N-PR-008-PR.png
PL!N-PR-009	PR	PR	PR	PL!N-PR-009-PR.png	https://llofficial-cardgame.com/wordpress/wp-content/images/cardlist/PR/PL!N-PR-009-PR.png
PL!N-PR-009	RM	RM	BP05	PL!N-PR-009-RM.png	https://llofficial-cardgame.com/wordpress/wp-content/images/cardlist/BP05/PL!N-PR-009-RM.png
PL!N-PR-010	PR	PR	PR	PL!N-PR-010-PR.png	https://llofficial-cardgame.com/wordpress/wp-content/images/cardlist/PR/PL!N-PR-010-PR.png
PL!N-PR-011	PR	PR	PR	PL!N-PR-011-PR.png	https://llofficial-cardgame.com/wordpress/wp-content/images/cardlist/PR/PL!N-PR-011-PR.png
PL!N-PR-012	PR	PR	PR	PL!N-PR-012-PR.png	https://llofficial-cardgame.com/wordpress/wp-content/images/cardlist/PR/PL!N-PR-012-PR.png
PL!N-PR-012	RM	RM	BP05	PL!N-PR-012-RM.png	https://llofficial-cardgame.com/wordpress/wp-content/images/cardlist/BP05/PL!N-PR-012-RM.png
PL!N-PR-013	PR	PR	PR	PL!N-PR-013-PR.png	https://llofficial-cardgame.com/wordpress/wp-content/images/cardlist/PR/PL!N-PR-013-PR.png
PL!N-PR-014	PR	PR	PR	PL!N-PR-014-PR.png	https://llofficial-cardgame.com/wordpress/wp-content/images/cardlist/PR/PL!N-PR-014-PR.png
PL!N-PR-014	RM	RM	BP05	PL!N-PR-014-RM.png	https://llofficial-cardgame.com/wordpress/wp-content/images/cardlist/BP05/PL!N-PR-014-RM.png
PL!N-PR-019	PR	PR	PR	PL!N-PR-019-PR.png	https://llofficial-cardgame.com/wordpress/wp-content/images/cardlist/PR/PL!N-PR-019-PR.png
PL!N-PR-020	PR	PR	PR	PL!N-PR-020-PR.png	https://llofficial-cardgame.com/wordpress/wp-content/images/cardlist/PR/PL!N-PR-020-PR.png
PL!N-PR-021	PR	PR	PR	PL!N-PR-021-PR.png	https://llofficial-cardgame.com/wordpress/wp-content/images/cardlist/PR/PL!N-PR-021-PR.png
PL!N-PR-022	PR	PR	PR	SAMPLEPL!N-PR-022-PR.png	https://llofficial-cardgame.com/wordpress/wp-content/images/cardlist/PR/SAMPLEPL!N-PR-022-PR.png
PL!N-PR-023	PR	PR	PR	PL!N-PR-023-PR.png	https://llofficial-cardgame.com/wordpress/wp-content/images/cardlist/PR/PL!N-PR-023-PR.png
PL!N-PR-024	PR	PR	PR	PL!N-PR-024-PR.png	https://llofficial-cardgame.com/wordpress/wp-content/images/cardlist/PR/PL!N-PR-024-PR.png
PL!N-PR-025	PR	PR	PR	PL!N-PR-025-PR.png	https://llofficial-cardgame.com/wordpress/wp-content/images/cardlist/PR/PL!N-PR-025-PR.png
PL!N-PR-026	PR	PR	PR	PL!N-PR-026-PR.png	https://llofficial-cardgame.com/wordpress/wp-content/images/cardlist/PR/PL!N-PR-026-PR.png
PL!N-PR-027	PR	PR	PR	PL!N-PR-027-PR.png	https://llofficial-cardgame.com/wordpress/wp-content/images/cardlist/PR/PL!N-PR-027-PR.png
PL!N-PR-028	PR	PR	PR	PL!N-PR-028-PR.png	https://llofficial-cardgame.com/wordpress/wp-content/images/cardlist/PR/PL!N-PR-028-PR.png
PL!N-PR-032	PR	PR	PR	PL!N-PR-032-PR.png	https://llofficial-cardgame.com/wordpress/wp-content/images/cardlist/PR/PL!N-PR-032-PR.png
PL!N-bp1-001	R	R	BP01	PL!N-bp1-001-R.png	https://llofficial-cardgame.com/wordpress/wp-content/images/cardlist/BP01/PL!N-bp1-001-R.png
PL!N-bp1-001	P	P	BP01	PL!N-bp1-001-P.png	https://llofficial-cardgame.com/wordpress/wp-content/images/cardlist/BP01/PL!N-bp1-001-P.png
PL!N-bp1-002	R2	R＋	BP01	PL!N-bp1-002-R2.png	https://llofficial-cardgame.com/wordpress/wp-content/images/cardlist/BP01/PL!N-bp1-002-R2.png
PL!N-bp1-002	P	P	BP01	PL!N-bp1-002-P.png	https://llofficial-cardgame.com/wordpress/wp-content/images/cardlist/BP01/PL!N-bp1-002-P.png
PL!N-bp1-002	P2	P＋	BP01	PL!N-bp1-002-P2.png	https://llofficial-cardgame.com/wordpress/wp-content/images/cardlist/BP01/PL!N-bp1-002-P2.png
PL!N-bp1-002	SEC	SEC	BP01	PL!N-bp1-002-SEC.png	https://llofficial-cardgame.com/wordpress/wp-content/images/cardlist/BP01/PL!N-bp1-002-SEC.png
PL!N-bp1-003	R2	R＋	BP01	PL!N-bp1-003-R2.png	https://llofficial-cardgame.com/wordpress/wp-content/images/cardlist/BP01/PL!N-bp1-003-R2.png
PL!N-bp1-003	P	P	BP01	PL!N-bp1-003-P.png	https://llofficial-cardgame.com/wordpress/wp-content/images/cardlist/BP01/PL!N-bp1-003-P.png
PL!N-bp1-003	P2	P＋	BP01	PL!N-bp1-003-P2.png	https://llofficial-cardgame.com/wordpress/wp-content/images/cardlist/BP01/PL!N-bp1-003-P2.png
PL!N-bp1-003	SEC	SEC	BP01	PL!N-bp1-003-SEC.png	https://llofficial-cardgame.com/wordpress/wp-content/images/cardlist/BP01/PL!N-bp1-003-SEC.png
PL!N-bp1-004	R	R	BP01	PL!N-bp1-004-R.png	https://llofficial-cardgame.com/wordpress/wp-content/images/cardlist/BP01/PL!N-bp1-004-R.png
PL!N-bp1-004	P	P	BP01	PL!N-bp1-004-P.png	https://llofficial-cardgame.com/wordpress/wp-content/images/cardlist/BP01/PL!N-bp1-004-P.png
PL!N-bp1-005	R	R	BP01	PL!N-bp1-005-R.png	https://llofficial-cardgame.com/wordpress/wp-content/images/cardlist/BP01/PL!N-bp1-005-R.png
PL!N-bp1-005	P	P	BP01	PL!N-bp1-005-P.png	https://llofficial-cardgame.com/wordpress/wp-content/images/cardlist/BP01/PL!N-bp1-005-P.png
PL!N-bp1-006	R2	R＋	BP01	PL!N-bp1-006-R2.png	https://llofficial-cardgame.com/wordpress/wp-content/images/cardlist/BP01/PL!N-bp1-006-R2.png
PL!N-bp1-006	P	P	BP01	PL!N-bp1-006-P.png	https://llofficial-cardgame.com/wordpress/wp-content/images/cardlist/BP01/PL!N-bp1-006-P.png
PL!N-bp1-006	P2	P＋	BP01	PL!N-bp1-006-P2.png	https://llofficial-cardgame.com/wordpress/wp-content/images/cardlist/BP01/PL!N-bp1-006-P2.png
PL!N-bp1-006	SEC	SEC	BP01	PL!N-bp1-006-SEC.png	https://llofficial-cardgame.com/wordpress/wp-content/images/cardlist/BP01/PL!N-bp1-006-SEC.png
PL!N-bp1-007	R	R	BP01	PL!N-bp1-007-R.png	https://llofficial-cardgame.com/wordpress/wp-content/images/cardlist/BP01/PL!N-bp1-007-R.png
PL!N-bp1-007	P	P	BP01	PL!N-bp1-007-P.png	https://llofficial-cardgame.com/wordpress/wp-content/images/cardlist/BP01/PL!N-bp1-007-P.png
PL!N-bp1-008	R	R	BP01	PL!N-bp1-008-R.png	https://llofficial-cardgame.com/wordpress/wp-content/images/cardlist/BP01/PL!N-bp1-008-R.png
PL!N-bp1-008	P	P	BP01	PL!N-bp1-008-P.png	https://llofficial-cardgame.com/wordpress/wp-content/images/cardlist/BP01/PL!N-bp1-008-P.png
PL!N-bp1-009	R	R	BP01	PL!N-bp1-009-R.png	https://llofficial-cardgame.com/wordpress/wp-content/images/cardlist/BP01/PL!N-bp1-009-R.png
PL!N-bp1-009	P	P	BP01	PL!N-bp1-009-P.png	https://llofficial-cardgame.com/wordpress/wp-content/images/cardlist/BP01/PL!N-bp1-009-P.png
PL!N-bp1-010	R	R	BP01	PL!N-bp1-010-R.png	https://llofficial-cardgame.com/wordpress/wp-content/images/cardlist/BP01/PL!N-bp1-010-R.png
PL!N-bp1-010	P	P	BP01	PL!N-bp1-010-P.png	https://llofficial-cardgame.com/wordpress/wp-content/images/cardlist/BP01/PL!N-bp1-010-P.png
PL!N-bp1-011	R	R	BP01	PL!N-bp1-011-R.png	https://llofficial-cardgame.com/wordpress/wp-content/images/cardlist/BP01/PL!N-bp1-011-R.png
PL!N-bp1-011	P	P	BP01	PL!N-bp1-011-P.png	https://llofficial-cardgame.com/wordpress/wp-content/images/cardlist/BP01/PL!N-bp1-011-P.png
PL!N-bp1-012	R2	R＋	BP01	PL!N-bp1-012-R2.png	https://llofficial-cardgame.com/wordpress/wp-content/images/cardlist/BP01/PL!N-bp1-012-R2.png
PL!N-bp1-012	P	P	BP01	PL!N-bp1-012-P.png	https://llofficial-cardgame.com/wordpress/wp-content/images/cardlist/BP01/PL!N-bp1-012-P.png
PL!N-bp1-012	P2	P＋	BP01	PL!N-bp1-012-P2.png	https://llofficial-cardgame.com/wordpress/wp-content/images/cardlist/BP01/PL!N-bp1-012-P2.png
PL!N-bp1-012	SEC	SEC	BP01	PL!N-bp1-012-SEC.png	https://llofficial-cardgame.com/wordpress/wp-content/images/cardlist/BP01/PL!N-bp1-012-SEC.png
PL!N-bp1-013	N	N	BP01	PL!N-bp1-013-N.png	https://llofficial-cardgame.com/wordpress/wp-content/images/cardlist/BP01/PL!N-bp1-013-N.png
PL!N-bp1-013	PR	PR	PR	PL!N-bp1-013-PR.png	https://llofficial-cardgame.com/wordpress/wp-content/images/cardlist/PR/PL!N-bp1-013-PR.png
PL!N-bp1-014	N	N	BP01	PL!N-bp1-014-N.png	https://llofficial-cardgame.com/wordpress/wp-content/images/cardlist/BP01/PL!N-bp1-014-N.png
PL!N-bp1-015	N	N	BP01	PL!N-bp1-015-N.png	https://llofficial-cardgame.com/wordpress/wp-content/images/cardlist/BP01/PL!N-bp1-015-N.png
PL!N-bp1-016	N	N	BP01	PL!N-bp1-016-N.png	https://llofficial-cardgame.com/wordpress/wp-content/images/cardlist/BP01/PL!N-bp1-016-N.png
PL!N-bp1-017	N	N	BP01	PL!N-bp1-017-N.png	https://llofficial-cardgame.com/wordpress/wp-content/images/cardlist/BP01/PL!N-bp1-017-N.png
PL!N-bp1-017	PR	PR	PR	PL!N-bp1-017-PR.png	https://llofficial-cardgame.com/wordpress/wp-content/images/cardlist/PR/PL!N-bp1-017-PR.png
PL!N-bp1-018	N	N	BP01	PL!N-bp1-018-N.png	https://llofficial-cardgame.com/wordpress/wp-content/images/cardlist/BP01/PL!N-bp1-018-N.png
PL!N-bp1-019	N	N	BP01	PL!N-bp1-019-N.png	https://llofficial-cardgame.com/wordpress/wp-content/images/cardlist/BP01/PL!N-bp1-019-N.png
PL!N-bp1-019	PR	PR	PR	PL!N-bp1-019-PR.png	https://llofficial-cardgame.com/wordpress/wp-content/images/cardlist/PR/PL!N-bp1-019-PR.png
PL!N-bp1-019			PR	PL!N-bp1-019-PRprotein.png	https://llofficial-cardgame.com/wordpress/wp-content/images/cardlist/PR/PL!N-bp1-019-PRprotein.png
PL!N-bp1-020	N	N	BP01	PL!N-bp1-020-N.png	https://llofficial-cardgame.com/wordpress/wp-content/images/cardlist/BP01/PL!N-bp1-020-N.png
PL!N-bp1-021	N	N	BP01	PL!N-bp1-021-N.png	https://llofficial-cardgame.com/wordpress/wp-content/images/cardlist/BP01/PL!N-bp1-021-N.png
PL!N-bp1-022	N	N	BP01	PL!N-bp1-022-N.png	https://llofficial-cardgame.com/wordpress/wp-content/images/cardlist/BP01/PL!N-bp1-022-N.png
PL!N-bp1-023	N	N	BP01	PL!N-bp1-023-N.png	https://llofficial-cardgame.com/wordpress/wp-content/images/cardlist/BP01/PL!N-bp1-023-N.png
PL!N-bp1-024	N	N	BP01	PL!N-bp1-024-N.png	https://llofficial-cardgame.com/wordpress/wp-content/images/cardlist/BP01/PL!N-bp1-024-N.png
PL!N-bp1-024	PR	PR	PR	PL!N-bp1-024-PR.png	https://llofficial-cardgame.com/wordpress/wp-content/images/cardlist/PR/PL!N-bp1-024-PR.png
PL!N-bp1-025	L	L	BP01	PL!N-bp1-025-L.png	https://llofficial-cardgame.com/wordpress/wp-content/images/cardlist/BP01/PL!N-bp1-025-L.png
PL!N-bp1-026	L	L	BP01	PL!N-bp1-026-L.png	https://llofficial-cardgame.com/wordpress/wp-content/images/cardlist/BP01/PL!N-bp1-026-L.png
PL!N-bp1-027	L	L	BP01	PL!N-bp1-027-L.png	https://llofficial-cardgame.com/wordpress/wp-content/images/cardlist/BP01/PL!N-bp1-027-L.png
PL!N-bp1-028	L	L	BP01	PL!N-bp1-028-L.png	https://llofficial-cardgame.com/wordpress/wp-content/images/cardlist/BP01/PL!N-bp1-028-L.png
PL!N-bp1-029	L	L	BP01	PL!N-bp1-029-L.png	https://llofficial-cardgame.com/wordpress/wp-content/images/cardlist/BP01/PL!N-bp1-029-L.png
PL!N-bp3-001	R2	R＋	BP03	PL!N-bp3-R2-001-R2.png	https://llofficial-cardgame.com/wordpress/wp-content/images/cardlist/BP03/PL!N-bp3-R2-001-R2.png
PL!N-bp3-001	P	P	BP03	PL!N-bp3-P-001-P.png	https://llofficial-cardgame.com/wordpress/wp-content/images/cardlist/BP03/PL!N-bp3-P-001-P.png
PL!N-bp3-001	P2	P＋	BP03	PL!N-bp3-P2-001-P2.png	https://llofficial-cardgame.com/wordpress/wp-content/images/cardlist/BP03/PL!N-bp3-P2-001-P2.png
PL!N-bp3-001	SEC	SEC	BP03	PL!N-bp3-SEC-001-SEC.png	https://llofficial-cardgame.com/wordpress/wp-content/images/cardlist/BP03/PL!N-bp3-SEC-001-SEC.png
PL!N-bp3-002	R	R	BP03	PL!N-bp3-R-002-R.png	https://llofficial-cardgame.com/wordpress/wp-content/images/cardlist/BP03/PL!N-bp3-R-002-R.png
PL!N-bp3-002	P	P	BP03	PL!N-bp3-P-002-P.png	https://llofficial-cardgame.com/wordpress/wp-content/images/cardlist/BP03/PL!N-bp3-P-002-P.png
PL!N-bp3-003	R	R	BP03	PL!N-bp3-R-003-R.png	https://llofficial-cardgame.com/wordpress/wp-content/images/cardlist/BP03/PL!N-bp3-R-003-R.png
PL!N-bp3-003	P	P	BP03	PL!N-bp3-P-003-P.png	https://llofficial-cardgame.com/wordpress/wp-content/images/cardlist/BP03/PL!N-bp3-P-003-P.png
PL!N-bp3-004	R	R	BP03	PL!N-bp3-R-004-R.png	https://llofficial-cardgame.com/wordpress/wp-content/images/cardlist/BP03/PL!N-bp3-R-004-R.png
PL!N-bp3-004	P	P	BP03	PL!N-bp3-P-004-P.png	https://llofficial-cardgame.com/wordpress/wp-content/images/cardlist/BP03/PL!N-bp3-P-004-P.png
PL!N-bp3-005	R2	R＋	BP03	PL!N-bp3-R2-005-R2.png	https://llofficial-cardgame.com/wordpress/wp-content/images/cardlist/BP03/PL!N-bp3-R2-005-R2.png
PL!N-bp3-005	P	P	BP03	PL!N-bp3-P-005-P.png	https://llofficial-cardgame.com/wordpress/wp-content/images/cardlist/BP03/PL!N-bp3-P-005-P.png
PL!N-bp3-005	P2	P＋	BP03	PL!N-bp3-P2-005-P2.png	https://llofficial-cardgame.com/wordpress/wp-content/images/cardlist/BP03/PL!N-bp3-P2-005-P2.png
PL!N-bp3-005	SEC	SEC	BP03	PL!N-bp3-SEC-005-SEC.png	https://llofficial-cardgame.com/wordpress/wp-content/images/cardlist/BP03/PL!N-bp3-SEC-005-SEC.png
PL!N-bp3-006	R	R	BP03	PL!N-bp3-R-006-R.png	https://llofficial-cardgame.com/wordpress/wp-content/images/cardlist/BP03/PL!N-bp3-R-006-R.png
PL!N-bp3-006	P	P	BP03	PL!N-bp3-P-006-P.png	https://llofficial-cardgame.com/wordpress/wp-content/images/cardlist/BP03/PL!N-bp3-P-006-P.png
PL!N-bp3-007	R	R	BP03	PL!N-bp3-R-007-R.png	https://llofficial-cardgame.com/wordpress/wp-content/images/cardlist/BP03/PL!N-bp3-R-007-R.png
PL!N-bp3-007	P	P	BP03	PL!N-bp3-P-007-P.png	https://llofficial-cardgame.com/wordpress/wp-content/images/cardlist/BP03/PL!N-bp3-P-007-P.png
PL!N-bp3-007	PR	PR	PR	PL!N-bp3-007-PR.png	https://llofficial-cardgame.com/wordpress/wp-content/images/cardlist/PR/PL!N-bp3-007-PR.png
PL!N-bp3-008	R2	R＋	BP03	PL!N-bp3-R2-008-R2.png	https://llofficial-cardgame.com/wordpress/wp-content/images/cardlist/BP03/PL!N-bp3-R2-008-R2.png
PL!N-bp3-008	P	P	BP03	PL!N-bp3-P-008-P.png	https://llofficial-cardgame.com/wordpress/wp-content/images/cardlist/BP03/PL!N-bp3-P-008-P.png
PL!N-bp3-008	P2	P＋	BP03	PL!N-bp3-P2-008-P2.png	https://llofficial-cardgame.com/wordpress/wp-content/images/cardlist/BP03/PL!N-bp3-P2-008-P2.png
PL!N-bp3-008	SEC	SEC	BP03	PL!N-bp3-SEC-008-SEC.png	https://llofficial-cardgame.com/wordpress/wp-content/images/cardlist/BP03/PL!N-bp3-SEC-008-SEC.png
PL!N-bp3-009	R2	R＋	BP03	PL!N-bp3-R2-009-R2.png	https://llofficial-cardgame.com/wordpress/wp-content/images/cardlist/BP03/PL!N-bp3-R2-009-R2.png
PL!N-bp3-009	P	P	BP03	PL!N-bp3-P-009-P.png	https://llofficial-cardgame.com/wordpress/wp-content/images/cardlist/BP03/PL!N-bp3-P-009-P.png
PL!N-bp3-009	P2	P＋	BP03	PL!N-bp3-P2-009-P2.png	https://llofficial-cardgame.com/wordpress/wp-content/images/cardlist/BP03/PL!N-bp3-P2-009-P2.png
PL!N-bp3-009	SEC	SEC	BP03	PL!N-bp3-SEC-009-SEC.png	https://llofficial-cardgame.com/wordpress/wp-content/images/cardlist/BP03/PL!N-bp3-SEC-009-SEC.png
PL!N-bp3-010	R	R	BP03	PL!N-bp3-R-010-R.png	https://llofficial-cardgame.com/wordpress/wp-content/images/cardlist/BP03/PL!N-bp3-R-010-R.png
PL!N-bp3-010	P	P	BP03	PL!N-bp3-P-010-P.png	https://llofficial-cardgame.com/wordpress/wp-content/images/cardlist/BP03/PL!N-bp3-P-010-P.png
PL!N-bp3-011	R	R	BP03	PL!N-bp3-R-011-R.png	https://llofficial-cardgame.com/wordpress/wp-content/images/cardlist/BP03/PL!N-bp3-R-011-R.png
PL!N-bp3-011	P	P	BP03	PL!N-bp3-P-011-P.png	https://llofficial-cardgame.com/wordpress/wp-content/images/cardlist/BP03/PL!N-bp3-P-011-P.png
PL!N-bp3-012	R	R	BP03	PL!N-bp3-R-012-R.png	https://llofficial-cardgame.com/wordpress/wp-content/images/cardlist/BP03/PL!N-bp3-R-012-R.png
PL!N-bp3-012	P	P	BP03	PL!N-bp3-P-012-P.png	https://llofficial-cardgame.com/wordpress/wp-content/images/cardlist/BP03/PL!N-bp3-P-012-P.png
PL!N-bp3-013	N	N	BP03	PL!N-bp3-N-013-N.png	https://llofficial-cardgame.com/wordpress/wp-content/images/cardlist/BP03/PL!N-bp3-N-013-N.png
PL!N-bp3-014	N	N	BP03	PL!N-bp3-N-014-N.png	https://llofficial-cardgame.com/wordpress/wp-content/images/cardlist/BP03/PL!N-bp3-N-014-N.png
PL!N-bp3-015	N	N	BP03	PL!N-bp3-N-015-N.png	https://llofficial-cardgame.com/wordpress/wp-content/images/cardlist/BP03/PL!N-bp3-N-015-N.png
PL!N-bp3-016	N	N	BP03	PL!N-bp3-N-016-N.png	https://llofficial-cardgame.com/wordpress/wp-content/images/cardlist/BP03/PL!N-bp3-N-016-N.png
PL!N-bp3-017	N	N	BP03	PL!N-bp3-N-017-N.png	https://llofficial-cardgame.com/wordpress/wp-content/images/cardlist/BP03/PL!N-bp3-N-017-N.png
PL!N-bp3-018	N	N	BP03	PL!N-bp3-N-018-N.png	https://llofficial-cardgame.com/wordpress/wp-content/images/cardlist/BP03/PL!N-bp3-N-018-N.png
PL!N-bp3-019	N	N	BP03	PL!N-bp3-N-019-N.png	https://llofficial-cardgame.com/wordpress/wp-content/images/cardlist/BP03/PL!N-bp3-N-019-N.png
PL!N-bp3-020	N	N	BP03	PL!N-bp3-N-020-N.png	https://llofficial-cardgame.com/wordpress/wp-content/images/cardlist/BP03/PL!N-bp3-N-020-N.png
PL!N-bp3-021	N	N	BP03	PL!N-bp3-N-021-N.png	https://llofficial-cardgame.com/wordpress/wp-content/images/cardlist/BP03/PL!N-bp3-N-021-N.png
PL!N-bp3-022	N	N	BP03	PL!N-bp3-N-022-N.png	https://llofficial-cardgame.com/wordpress/wp-content/images/cardlist/BP03/PL!N-bp3-N-022-N.png
PL!N-bp3-023	N	N	BP03	PL!N-bp3-N-023-N.png	https://llofficial-cardgame.com/wordpress/wp-content/images/cardlist/BP03/PL!N-bp3-N-023-N.png
PL!N-bp3-024	N	N	BP03	PL!N-bp3-N-024-N.png	https://llofficial-cardgame.com/wordpress/wp-content/images/cardlist/BP03/PL!N-bp3-N-024-N.png
PL!N-bp3-025	L	L	BP03	PL!N-bp3-L-025-L.png	https://llofficial-cardgame.com/wordpress/wp-content/images/cardlist/BP03/PL!N-bp3-L-025-L.png
PL!N-bp3-026	L	L	BP03	PL!N-bp3-L-026-L.png	https://llofficial-cardgame.com/wordpress/wp-content/images/cardlist/BP03/PL!N-bp3-L-026-L.png
PL!N-bp3-027	L	L	BP03	PL!N-bp3-L-027-L.png	https://llofficial-cardgame.com/wordpress/wp-content/images/cardlist/BP03/PL!N-bp3-L-027-L.png
PL!N-bp3-028	L	L	BP03	PL!N-bp3-L-028-L.png	https://llofficial-cardgame.com/wordpress/wp-content/images/cardlist/BP03/PL!N-bp3-L-028-L.png
PL!N-bp3-028	SECL	SECL	BP05	PL!N-bp3-028-SECL.png	https://llofficial-cardgame.com/wordpress/wp-content/images/cardlist/BP05/PL!N-bp3-028-SECL.png
PL!N-bp3-029	L	L	BP03	PL!N-bp3-L-029-L.png	https://llofficial-cardgame.com/wordpress/wp-content/images/cardlist/BP03/PL!N-bp3-L-029-L.png
PL!N-bp3-030	L	L	BP03	PL!N-bp3-L-030-L.png	https://llofficial-cardgame.com/wordpress/wp-content/images/cardlist/BP03/PL!N-bp3-L-030-L.png
PL!N-bp3-031	L	L	BP03	PL!N-bp3-L-031-L.png	https://llofficial-cardgame.com/wordpress/wp-content/images/cardlist/BP03/PL!N-bp3-L-031-L.png
PL!N-bp3-032	L	L	BP03	PL!N-bp3-L-032-L.png	https://llofficial-cardgame.com/wordpress/wp-content/images/cardlist/BP03/PL!N-bp3-L-032-L.png
PL!N-bp4-001	R	R	BP04	PL!N-bp4-001-R.png	https://llofficial-cardgame.com/wordpress/wp-content/images/cardlist/BP04/PL!N-bp4-001-R.png
PL!N-bp4-001	P	P	BP04	PL!N-bp4-001-P.png	https://llofficial-cardgame.com/wordpress/wp-content/images/cardlist/BP04/PL!N-bp4-001-P.png
PL!N-bp4-002	R	R	BP04	PL!N-bp4-002-R.png	https://llofficial-cardgame.com/wordpress/wp-content/images/cardlist/BP04/PL!N-bp4-002-R.png
PL!N-bp4-002	P	P	BP04	PL!N-bp4-002-P.png	https://llofficial-cardgame.com/wordpress/wp-content/images/cardlist/BP04/PL!N-bp4-002-P.png
PL!N-bp4-003	R	R	BP04	PL!N-bp4-003-R.png	https://llofficial-cardgame.com/wordpress/wp-content/images/cardlist/BP04/PL!N-bp4-003-R.png
PL!N-bp4-003	P	P	BP04	PL!N-bp4-003-P.png	https://llofficial-cardgame.com/wordpress/wp-content/images/cardlist/BP04/PL!N-bp4-003-P.png
PL!N-bp4-004	R2	R＋	BP04	PL!N-bp4-004-R2.png	https://llofficial-cardgame.com/wordpress/wp-content/images/cardlist/BP04/PL!N-bp4-004-R2.png
PL!N-bp4-004	P	P	BP04	PL!N-bp4-004-P.png	https://llofficial-cardgame.com/wordpress/wp-content/images/cardlist/BP04/PL!N-bp4-004-P.png
PL!N-bp4-004	P2	P＋	BP04	PL!N-bp4-004-P2.png	https://llofficial-cardgame.com/wordpress/wp-content/images/cardlist/BP04/PL!N-bp4-004-P2.png
PL!N-bp4-004	SEC	SEC	BP04	PL!N-bp4-004-SEC.png	https://llofficial-cardgame.com/wordpress/wp-content/images/cardlist/BP04/PL!N-bp4-004-SEC.png
PL!N-bp4-005	R	R	BP04	PL!N-bp4-005-R.png	https://llofficial-cardgame.com/wordpress/wp-content/images/cardlist/BP04/PL!N-bp4-005-R.png
PL!N-bp4-005	P	P	BP04	PL!N-bp4-005-P.png	https://llofficial-cardgame.com/wordpress/wp-content/images/cardlist/BP04/PL!N-bp4-005-P.png
PL!N-bp4-006	R	R	BP04	PL!N-bp4-006-R.png	https://llofficial-cardgame.com/wordpress/wp-content/images/cardlist/BP04/PL!N-bp4-006-R.png
PL!N-bp4-006	P	P	BP04	PL!N-bp4-006-P.png	https://llofficial-cardgame.com/wordpress/wp-content/images/cardlist/BP04/PL!N-bp4-006-P.png
PL!N-bp4-007	R2	R＋	BP04	PL!N-bp4-007-R2.png	https://llofficial-cardgame.com/wordpress/wp-content/images/cardlist/BP04/PL!N-bp4-007-R2.png
PL!N-bp4-007	P	P	BP04	PL!N-bp4-007-P.png	https://llofficial-cardgame.com/wordpress/wp-content/images/cardlist/BP04/PL!N-bp4-007-P.png
PL!N-bp4-007	P2	P＋	BP04	PL!N-bp4-007-P2.png	https://llofficial-cardgame.com/wordpress/wp-content/images/cardlist/BP04/PL!N-bp4-007-P2.png
PL!N-bp4-007	SEC	SEC	BP04	PL!N-bp4-007-SEC.png	https://llofficial-cardgame.com/wordpress/wp-content/images/cardlist/BP04/PL!N-bp4-007-SEC.png
PL!N-bp4-008	R	R	BP04	PL!N-bp4-008-R.png	https://llofficial-cardgame.com/wordpress/wp-content/images/cardlist/BP04/PL!N-bp4-008-R.png
PL!N-bp4-008	P	P	BP04	PL!N-bp4-008-P.png	https://llofficial-cardgame.com/wordpress/wp-content/images/cardlist/BP04/PL!N-bp4-008-P.png
PL!N-bp4-009	R	R	BP04	PL!N-bp4-009-R.png	https://llofficial-cardgame.com/wordpress/wp-content/images/cardlist/BP04/PL!N-bp4-009-R.png
PL!N-bp4-009	P	P	BP04	PL!N-bp4-009-P.png	https://llofficial-cardgame.com/wordpress/wp-content/images/cardlist/BP04/PL!N-bp4-009-P.png
PL!N-bp4-010	R2	R＋	BP04	PL!N-bp4-010-R2.png	https://llofficial-cardgame.com/wordpress/wp-content/images/cardlist/BP04/PL!N-bp4-010-R2.png
PL!N-bp4-010	P	P	BP04	PL!N-bp4-010-P.png	https://llofficial-cardgame.com/wordpress/wp-content/images/cardlist/BP04/PL!N-bp4-010-P.png
PL!N-bp4-010	P2	P＋	BP04	PL!N-bp4-010-P2.png	https://llofficial-cardgame.com/wordpress/wp-content/images/cardlist/BP04/PL!N-bp4-010-P2.png
PL!N-bp4-010	SEC	SEC	BP04	PL!N-bp4-010-SEC.png	https://llofficial-cardgame.com/wordpress/wp-content/images/cardlist/BP04/PL!N-bp4-010-SEC.png
PL!N-bp4-011	R2	R＋	BP04	PL!N-bp4-011-R2.png	https://llofficial-cardgame.com/wordpress/wp-content/images/cardlist/BP04/PL!N-bp4-011-R2.png
PL!N-bp4-011	P	P	BP04	PL!N-bp4-011-P.png	https://llofficial-cardgame.com/wordpress/wp-content/images/cardlist/BP04/PL!N-bp4-011-P.png
PL!N-bp4-011	P2	P＋	BP04	PL!N-bp4-011-P2.png	https://llofficial-cardgame.com/wordpress/wp-content/images/cardlist/BP04/PL!N-bp4-011-P2.png
PL!N-bp4-011	SEC	SEC	BP04	PL!N-bp4-011-SEC.png	https://llofficial-cardgame.com/wordpress/wp-content/images/cardlist/BP04/PL!N-bp4-011-SEC.png
PL!N-bp4-012	R	R	BP04	PL!N-bp4-012-R.png	https://llofficial-cardgame.com/wordpress/wp-content/images/cardlist/BP04/PL!N-bp4-012-R.png
PL!N-bp4-012	P	P	BP04	PL!N-bp4-012-P.png	https://llofficial-cardgame.com/wordpress/wp-content/images/cardlist/BP04/PL!N-bp4-012-P.png
PL!N-bp4-013	N	N	BP04	PL!N-bp4-013-N.png	https://llofficial-cardgame.com/wordpress/wp-content/images/cardlist/BP04/PL!N-bp4-013-N.png
PL!N-bp4-014	N	N	BP04	PL!N-bp4-014-N.png	https://llofficial-cardgame.com/wordpress/wp-content/images/cardlist/BP04/PL!N-bp4-014-N.png
PL!N-bp4-015	N	N	BP04	PL!N-bp4-015-N.png	https://llofficial-cardgame.com/wordpress/wp-content/images/cardlist/BP04/PL!N-bp4-015-N.png
PL!N-bp4-016	N	N	BP04	PL!N-bp4-016-N.png	https://llofficial-cardgame.com/wordpress/wp-content/images/cardlist/BP04/PL!N-bp4-016-N.png
PL!N-bp4-017	N	N	BP04	PL!N-bp4-017-N.png	https://llofficial-cardgame.com/wordpress/wp-content/images/cardlist/BP04/PL!N-bp4-017-N.png
PL!N-bp4-018	N	N	BP04	PL!N-bp4-018-N.png	https://llofficial-cardgame.com/wordpress/wp-content/images/cardlist/BP04/PL!N-bp4-018-N.png
PL!N-bp4-019	N	N	BP04	PL!N-bp4-019-N.png	https://llofficial-cardgame.com/wordpress/wp-content/images/cardlist/BP04/PL!N-bp4-019-N.png
PL!N-bp4-020	N	N	BP04	PL!N-bp4-020-N.png	https://llofficial-cardgame.com/wordpress/wp-content/images/cardlist/BP04/PL!N-bp4-020-N.png
PL!N-bp4-021	N	N	BP04	PL!N-bp4-021-N.png	https://llofficial-cardgame.com/wordpress/wp-content/images/cardlist/BP04/PL!N-bp4-021-N.png
PL!N-bp4-022	N	N	BP04	PL!N-bp4-022-N.png	https://llofficial-cardgame.com/wordpress/wp-content/images/cardlist/BP04/PL!N-bp4-022-N.png
PL!N-bp4-023	N	N	BP04	PL!N-bp4-023-N.png	https://llofficial-cardgame.com/wordpress/wp-content/images/cardlist/BP04/PL!N-bp4-023-N.png
PL!N-bp4-024	N	N	BP04	PL!N-bp4-024-N.png	https://llofficial-cardgame.com/wordpress/wp-content/images/cardlist/BP04/PL!N-bp4-024-N.png
PL!N-bp4-025	L	L	BP04	PL!N-bp4-025-L.png	https://llofficial-cardgame.com/wordpress/wp-content/images/cardlist/BP04/PL!N-bp4-025-L.png
PL!N-bp4-026	L	L	BP04	PL!N-bp4-026-L.png	https://llofficial-cardgame.com/wordpress/wp-content/images/cardlist/BP04/PL!N-bp4-026-L.png
PL!N-bp4-027	L	L	BP04	PL!N-bp4-027-L.png	https://llofficial-cardgame.com/wordpress/wp-content/images/cardlist/BP04/PL!N-bp4-027-L.png
PL!N-bp4-028	L	L	BP04	PL!N-bp4-028-L.png	https://llofficial-cardgame.com/wordpress/wp-content/images/cardlist/BP04/PL!N-bp4-028-L.png
PL!N-bp4-029	L	L	BP04	PL!N-bp4-029-L.png	https://llofficial-cardgame.com/wordpress/wp-content/images/cardlist/BP04/PL!N-bp4-029-L.png
PL!N-bp4-030	L	L	BP04	PL!N-bp4-030-L.png	https://llofficial-cardgame.com/wordpress/wp-content/images/cardlist/BP04/PL!N-bp4-030-L.png
PL!N-bp4-031	L	L	BP04	PL!N-bp4-031-L.png	https://llofficial-cardgame.com/wordpress/wp-content/images/cardlist/BP04/PL!N-bp4-031-L.png
PL!N-bp4-032	L	L	BP04	PL!N-bp4-032-L.png	https://llofficial-cardgame.com/wordpress/wp-content/images/cardlist/BP04/PL!N-bp4-032-L.png
PL!N-bp5-001	R2	R＋	BP05	PL!N-bp5-001-R2.png	https://llofficial-cardgame.com/wordpress/wp-content/images/cardlist/BP05/PL!N-bp5-001-R2.png
PL!N-bp5-001	P	P	BP05	PL!N-bp5-001-P.png	https://llofficial-cardgame.com/wordpress/wp-content/images/cardlist/BP05/PL!N-bp5-001-P.png
PL!N-bp5-001	AR	AR	BP05	PL!N-bp5-001-AR.png	https://llofficial-cardgame.com/wordpress/wp-content/images/cardlist/BP05/PL!N-bp5-001-AR.png
PL!N-bp5-001	SEC	SEC	BP05	PL!N-bp5-001-SEC.png	https://llofficial-cardgame.com/wordpress/wp-content/images/cardlist/BP05/PL!N-bp5-001-SEC.png
PL!N-bp5-002	R	R	BP05	PL!N-bp5-002-R.png	https://llofficial-cardgame.com/wordpress/wp-content/images/cardlist/BP05/PL!N-bp5-002-R.png
PL!N-bp5-002	P	P	BP05	PL!N-bp5-002-P.png	https://llofficial-cardgame.com/wordpress/wp-content/images/cardlist/BP05/PL!N-bp5-002-P.png
PL!N-bp5-002	AR	AR	BP05	PL!N-bp5-002-AR.png	https://llofficial-cardgame.com/wordpress/wp-content/images/cardlist/BP05/PL!N-bp5-002-AR.png
PL!N-bp5-003	R	R	BP05	PL!N-bp5-003-R.png	https://llofficial-cardgame.com/wordpress/wp-content/images/cardlist/BP05/PL!N-bp5-003-R.png
PL!N-bp5-003	P	P	BP05	PL!N-bp5-003-P.png	https://llofficial-cardgame.com/wordpress/wp-content/images/cardlist/BP05/PL!N-bp5-003-P.png
PL!N-bp5-003	AR	AR	BP05	PL!N-bp5-003-AR.png	https://llofficial-cardgame.com/wordpress/wp-content/images/cardlist/BP05/PL!N-bp5-003-AR.png
PL!N-bp5-004	R	R	BP05	PL!N-bp5-004-R.png	https://llofficial-cardgame.com/wordpress/wp-content/images/cardlist/BP05/PL!N-bp5-004-R.png
PL!N-bp5-004	P	P	BP05	PL!N-bp5-004-P.png	https://llofficial-cardgame.com/wordpress/wp-content/images/cardlist/BP05/PL!N-bp5-004-P.png
PL!N-bp5-004	AR	AR	BP05	PL!N-bp5-004-AR.png	https://llofficial-cardgame.com/wordpress/wp-content/images/cardlist/BP05/PL!N-bp5-004-AR.png
PL!N-bp5-005	R2	R＋	BP05	PL!N-bp5-005-R2.png	https://llofficial-cardgame.com/wordpress/wp-content/images/cardlist/BP05/PL!N-bp5-005-R2.png
PL!N-bp5-005	P	P	BP05	PL!N-bp5-005-P.png	https://llofficial-cardgame.com/wordpress/wp-content/images/cardlist/BP05/PL!N-bp5-005-P.png
PL!N-bp5-005	AR	AR	BP05	PL!N-bp5-005-AR.png	https://llofficial-cardgame.com/wordpress/wp-content/images/cardlist/BP05/PL!N-bp5-005-AR.png
PL!N-bp5-005	SEC	SEC	BP05	PL!N-bp5-005-SEC.png	https://llofficial-cardgame.com/wordpress/wp-content/images/cardlist/BP05/PL!N-bp5-005-SEC.png
PL!N-bp5-006	R	R	BP05	PL!N-bp5-006-R.png	https://llofficial-cardgame.com/wordpress/wp-content/images/cardlist/BP05/PL!N-bp5-006-R.png
PL!N-bp5-006	P	P	BP05	PL!N-bp5-006-P.png	https://llofficial-cardgame.com/wordpress/wp-content/images/cardlist/BP05/PL!N-bp5-006-P.png
PL!N-bp5-006	AR	AR	BP05	PL!N-bp5-006-AR.png	https://llofficial-cardgame.com/wordpress/wp-content/images/cardlist/BP05/PL!N-bp5-006-AR.png
PL!N-bp5-007	R2	R＋	BP05	PL!N-bp5-007-R2.png	https://llofficial-cardgame.com/wordpress/wp-content/images/cardlist/BP05/PL!N-bp5-007-R2.png
PL!N-bp5-007	P	P	BP05	PL!N-bp5-007-P.png	https://llofficial-cardgame.com/wordpress/wp-content/images/cardlist/BP05/PL!N-bp5-007-P.png
PL!N-bp5-007	AR	AR	BP05	PL!N-bp5-007-AR.png	https://llofficial-cardgame.com/wordpress/wp-content/images/cardlist/BP05/PL!N-bp5-007-AR.png
PL!N-bp5-007	SEC	SEC	BP05	PL!N-bp5-007-SEC.png	https://llofficial-cardgame.com/wordpress/wp-content/images/cardlist/BP05/PL!N-bp5-007-SEC.png
PL!N-bp5-008	R	R	BP05	PL!N-bp5-008-R.png	https://llofficial-cardgame.com/wordpress/wp-content/images/cardlist/BP05/PL!N-bp5-008-R.png
PL!N-bp5-008	P	P	BP05	PL!N-bp5-008-P.png	https://llofficial-cardgame.com/wordpress/wp-content/images/cardlist/BP05/PL!N-bp5-008-P.png
PL!N-bp5-008	AR	AR	BP05	PL!N-bp5-008-AR.png	https://llofficial-cardgame.com/wordpress/wp-content/images/cardlist/BP05/PL!N-bp5-008-AR.png
PL!N-bp5-009	R	R	BP05	PL!N-bp5-009-R.png	https://llofficial-cardgame.com/wordpress/wp-content/images/cardlist/BP05/PL!N-bp5-009-R.png
PL!N-bp5-009	P	P	BP05	PL!N-bp5-009-P.png	https://llofficial-cardgame.com/wordpress/wp-content/images/cardlist/BP05/PL!N-bp5-009-P.png
PL!N-bp5-009	AR	AR	BP05	PL!N-bp5-009-AR.png	https://llofficial-cardgame.com/wordpress/wp-content/images/cardlist/BP05/PL!N-bp5-009-AR.png
PL!N-bp5-010	R	R	BP05	PL!N-bp5-010-R.png	https://llofficial-cardgame.com/wordpress/wp-content/images/cardlist/BP05/PL!N-bp5-010-R.png
PL!N-bp5-010	P	P	BP05	PL!N-bp5-010-P.png	https://llofficial-cardgame.com/wordpress/wp-content/images/cardlist/BP05/PL!N-bp5-010-P.png
PL!N-bp5-010	AR	AR	BP05	PL!N-bp5-010-AR.png	https://llofficial-cardgame.com/wordpress/wp-content/images/cardlist/BP05/PL!N-bp5-010-AR.png
PL!N-bp5-011	R	R	BP05	PL!N-bp5-011-R.png	https://llofficial-cardgame.com/wordpress/wp-content/images/cardlist/BP05/PL!N-bp5-011-R.png
PL!N-bp5-011	P	P	BP05	PL!N-bp5-011-P.png	https://llofficial-cardgame.com/wordpress/wp-content/images/cardlist/BP05/PL!N-bp5-011-P.png
PL!N-bp5-011	AR	AR	BP05	PL!N-bp5-011-AR.png	https://llofficial-cardgame.com/wordpress/wp-content/images/cardlist/BP05/PL!N-bp5-011-AR.png
PL!N-bp5-012	R2	R＋	BP05	PL!N-bp5-012-R2.png	https://llofficial-cardgame.com/wordpress/wp-content/images/cardlist/BP05/PL!N-bp5-012-R2.png
PL!N-bp5-012	P	P	BP05	PL!N-bp5-012-P.png	https://llofficial-cardgame.com/wordpress/wp-content/images/cardlist/BP05/PL!N-bp5-012-P.png
PL!N-bp5-012	AR	AR	BP05	PL!N-bp5-012-AR.png	https://llofficial-cardgame.com/wordpress/wp-content/images/cardlist/BP05/PL!N-bp5-012-AR.png
PL!N-bp5-012	SEC	SEC	BP05	PL!N-bp5-012-SEC.png	https://llofficial-cardgame.com/wordpress/wp-content/images/cardlist/BP05/PL!N-bp5-012-SEC.png
PL!N-bp5-013	N	N	BP05	PL!N-bp5-013-N.png	https://llofficial-cardgame.com/wordpress/wp-content/images/cardlist/BP05/PL!N-bp5-013-N.png
PL!N-bp5-014	N	N	BP05	PL!N-bp5-014-N.png	https://llofficial-cardgame.com/wordpress/wp-content/images/cardlist/BP05/PL!N-bp5-014-N.png
PL!N-bp5-015	N	N	BP05	PL!N-bp5-015-N.png	https://llofficial-cardgame.com/wordpress/wp-content/images/cardlist/BP05/PL!N-bp5-015-N.png
PL!N-bp5-015	LLE	LLE	BP05	PL!N-bp5-E015-LLE.png	https://llofficial-cardgame.com/wordpress/wp-content/images/cardlist/BP05/PL!N-bp5-E015-LLE.png
PL!N-bp5-016	N	N	BP05	PL!N-bp5-016-N.png	https://llofficial-cardgame.com/wordpress/wp-content/images/cardlist/BP05/PL!N-bp5-016-N.png
PL!N-bp5-017	N	N	BP05	PL!N-bp5-017-N.png	https://llofficial-cardgame.com/wordpress/wp-content/images/cardlist/BP05/PL!N-bp5-017-N.png
PL!N-bp5-018	N	N	BP05	PL!N-bp5-018-N.png	https://llofficial-cardgame.com/wordpress/wp-content/images/cardlist/BP05/PL!N-bp5-018-N.png
PL!N-bp5-019	N	N	BP05	PL!N-bp5-019-N.png	https://llofficial-cardgame.com/wordpress/wp-content/images/cardlist/BP05/PL!N-bp5-019-N.png
PL!N-bp5-020	N	N	BP05	PL!N-bp5-020-N.png	https://llofficial-cardgame.com/wordpress/wp-content/images/cardlist/BP05/PL!N-bp5-020-N.png
PL!N-bp5-021	N	N	BP05	PL!N-bp5-021-N.png	https://llofficial-cardgame.com/wordpress/wp-content/images/cardlist/BP05/PL!N-bp5-021-N.png
PL!N-bp5-022	N	N	BP05	PL!N-bp5-022-N.png	https://llofficial-cardgame.com/wordpress/wp-content/images/cardlist/BP05/PL!N-bp5-022-N.png
PL!N-bp5-023	N	N	BP05	PL!N-bp5-023-N.png	https://llofficial-cardgame.com/wordpress/wp-content/images/cardlist/BP05/PL!N-bp5-023-N.png
PL!N-bp5-024	N	N	BP05	PL!N-bp5-024-N.png	https://llofficial-cardgame.com/wordpress/wp-content/images/cardlist/BP05/PL!N-bp5-024-N.png
PL!N-bp5-025	L	L	BP05	PL!N-bp5-025-L.png	https://llofficial-cardgame.com/wordpress/wp-content/images/cardlist/BP05/PL!N-bp5-025-L.png
PL!N-bp5-026	L	L	BP05	PL!N-bp5-026-L.png	https://llofficial-cardgame.com/wordpress/wp-content/images/cardlist/BP05/PL!N-bp5-026-L.png
PL!N-bp5-027	L	L	BP05	PL!N-bp5-027-L.png	https://llofficial-cardgame.com/wordpress/wp-content/images/cardlist/BP05/PL!N-bp5-027-L.png
PL!N-bp5-028	L	L	BP05	PL!N-bp5-028-L.png	https://llofficial-cardgame.com/wordpress/wp-content/images/cardlist/BP05/PL!N-bp5-028-L.png
PL!N-bp5-029	L	L	BP05	PL!N-bp5-029-L.png	https://llofficial-cardgame.com/wordpress/wp-content/images/cardlist/BP05/PL!N-bp5-029-L.png
PL!N-bp5-030	L	L	BP05	PL!N-bp5-030-L.png	https://llofficial-cardgame.com/wordpress/wp-content/images/cardlist/BP05/PL!N-bp5-030-L.png
PL!N-sd1-001	SD	SD	NSD01	PL!N-sd1-001-SD.png	https://llofficial-cardgame.com/wordpress/wp-content/images/cardlist/NSD01/PL!N-sd1-001-SD.png
PL!N-sd1-002	SD	SD	NSD01	PL!N-sd1-002-SD.png	https://llofficial-cardgame.com/wordpress/wp-content/images/cardlist/NSD01/PL!N-sd1-002-SD.png
PL!N-sd1-003	SD	SD	NSD01	PL!N-sd1-003-SD.png	https://llofficial-cardgame.com/wordpress/wp-content/images/cardlist/NSD01/PL!N-sd1-003-SD.png
PL!N-sd1-004	SD	SD	NSD01	PL!N-sd1-004-SD.png	https://llofficial-cardgame.com/wordpress/wp-content/images/cardlist/NSD01/PL!N-sd1-004-SD.png
PL!N-sd1-005	SD	SD	NSD01	PL!N-sd1-005-SD.png	https://llofficial-cardgame.com/wordpress/wp-content/images/cardlist/NSD01/PL!N-sd1-005-SD.png
PL!N-sd1-006	SD	SD	NSD01	PL!N-sd1-006-SD.png	https://llofficial-cardgame.com/wordpress/wp-content/images/cardlist/NSD01/PL!N-sd1-006-SD.png
PL!N-sd1-007	SD	SD	NSD01	PL!N-sd1-007-SD.png	https://llofficial-cardgame.com/wordpress/wp-content/images/cardlist/NSD01/PL!N-sd1-007-SD.png
PL!N-sd1-008	SD	SD	NSD01	PL!N-sd1-008-SD.png	https://llofficial-cardgame.com/wordpress/wp-content/images/cardlist/NSD01/PL!N-sd1-008-SD.png
PL!N-sd1-008	RM	RM	BP05	PL!N-sd1-008-RM.png	https://llofficial-cardgame.com/wordpress/wp-content/images/cardlist/BP05/PL!N-sd1-008-RM.png
PL!N-sd1-009	SD	SD	NSD01	PL!N-sd1-009-SD.png	https://llofficial-cardgame.com/wordpress/wp-content/images/cardlist/NSD01/PL!N-sd1-009-SD.png
PL!N-sd1-010	SD	SD	NSD01	PL!N-sd1-010-SD.png	https://llofficial-cardgame.com/wordpress/wp-content/images/cardlist/NSD01/PL!N-sd1-010-SD.png
PL!N-sd1-011	SD	SD	NSD01	PL!N-sd1-011-SD.png	https://llofficial-cardgame.com/wordpress/wp-content/images/cardlist/NSD01/PL!N-sd1-011-SD.png
PL!N-sd1-012	SD	SD	NSD01	PL!N-sd1-012-SD.png	https://llofficial-cardgame.com/wordpress/wp-content/images/cardlist/NSD01/PL!N-sd1-012-SD.png
PL!N-sd1-013	SD	SD	NSD01	PL!N-sd1-013-SD.png	https://llofficial-cardgame.com/wordpress/wp-content/images/cardlist/NSD01/PL!N-sd1-013-SD.png
PL!N-sd1-013	PR		PR	PL!N-sd1-013-PR.png	https://llofficial-cardgame.com/wordpress/wp-content/images/cardlist/PR/PL!N-sd1-013-PR.png
PL!N-sd1-014	SD	SD	NSD01	PL!N-sd1-014-SD.png	https://llofficial-cardgame.com/wordpress/wp-content/images/cardlist/NSD01/PL!N-sd1-014-SD.png
PL!N-sd1-014	PR		PR	PL!N-sd1-014-PR.png	https://llofficial-cardgame.com/wordpress/wp-content/images/cardlist/PR/PL!N-sd1-014-PR.png
PL!N-sd1-015	SD	SD	NSD01	PL!N-sd1-015-SD.png	https://llofficial-cardgame.com/wordpress/wp-content/images/cardlist/NSD01/PL!N-sd1-015-SD.png
PL!N-sd1-015	PR		PR	PL!N-sd1-015-PR.png	https://llofficial-cardgame.com/wordpress/wp-content/images/cardlist/PR/PL!N-sd1-015-PR.png
PL!N-sd1-016	SD	SD	NSD01	PL!N-sd1-016-SD.png	https://llofficial-cardgame.com/wordpress/wp-content/images/cardlist/NSD01/PL!N-sd1-016-SD.png
PL!N-sd1-016	PR		PR	PL!N-sd1-016-PR.png	https://llofficial-cardgame.com/wordpress/wp-content/images/cardlist/PR/PL!N-sd1-016-PR.png
PL!N-sd1-017	SD	SD	NSD01	PL!N-sd1-017-SD.png	https://llofficial-cardgame.com/wordpress/wp-content/images/cardlist/NSD01/PL!N-sd1-017-SD.png
PL!N-sd1-017	PR		PR	PL!N-sd1-017-PR.png	https://llofficial-cardgame.com/wordpress/wp-content/images/cardlist/PR/PL!N-sd1-017-PR.png
PL!N-sd1-018	SD	SD	NSD01	PL!N-sd1-018-SD.png	https://llofficial-cardgame.com/wordpress/wp-content/images/cardlist/NSD01/PL!N-sd1-018-SD.png
PL!N-sd1-018	PR		PR	PL!N-sd1-018-PR.png	https://llofficial-cardgame.com/wordpress/wp-content/images/cardlist/PR/PL!N-sd1-018-PR.png
PL!N-sd1-019	SD	SD	NSD01	PL!N-sd1-019-SD.png	https://llofficial-cardgame.com/wordpress/wp-content/images/cardlist/NSD01/PL!N-sd1-019-SD.png
PL!N-sd1-019	PR	PR	PR	PL!N-sd1-019-PR.png	https://llofficial-cardgame.com/wordpress/wp-content/images/cardlist/PR/PL!N-sd1-019-PR.png
PL!N-sd1-020	SD	SD	NSD01	PL!N-sd1-020-SD.png	https://llofficial-cardgame.com/wordpress/wp-content/images/cardlist/NSD01/PL!N-sd1-020-SD.png
PL!N-sd1-020	PR		PR	PL!N-sd1-020-PR.png	https://llofficial-cardgame.com/wordpress/wp-content/images/cardlist/PR/PL!N-sd1-020-PR.png
PL!N-sd1-021	SD	SD	NSD01	PL!N-sd1-021-SD.png	https://llofficial-cardgame.com/wordpress/wp-content/images/cardlist/NSD01/PL!N-sd1-021-SD.png
PL!N-sd1-021	PR		PR	PL!N-sd1-021-PR.png	https://llofficial-cardgame.com/wordpress/wp-content/images/cardlist/PR/PL!N-sd1-021-PR.png
PL!N-sd1-022	SD	SD	NSD01	PL!N-sd1-022-SD.png	https://llofficial-cardgame.com/wordpress/wp-content/images/cardlist/NSD01/PL!N-sd1-022-SD.png
PL!N-sd1-022	PR		PR	PL!N-sd1-022-PR.png	https://llofficial-cardgame.com/wordpress/wp-content/images/cardlist/PR/PL!N-sd1-022-PR.png
PL!N-sd1-023	SD	SD	NSD01	PL!N-sd1-023-SD.png	https://llofficial-cardgame.com/wordpress/wp-content/images/cardlist/NSD01/PL!N-sd1-023-SD.png
PL!N-sd1-023	PR		PR	PL!N-sd1-023-PR.png	https://llofficial-cardgame.com/wordpress/wp-content/images/cardlist/PR/PL!N-sd1-023-PR.png
PL!N-sd1-024	SD	SD	NSD01	PL!N-sd1-024-SD.png	https://llofficial-cardgame.com/wordpress/wp-content/images/cardlist/NSD01/PL!N-sd1-024-SD.png
PL!N-sd1-024	PR		PR	PL!N-sd1-024-PR.png	https://llofficial-cardgame.com/wordpress/wp-content/images/cardlist/PR/PL!N-sd1-024-PR.png
PL!N-sd1-025	SD	SD	NSD01	PL!N-sd1-025-SD.png	https://llofficial-cardgame.com/wordpress/wp-content/images/cardlist/NSD01/PL!N-sd1-025-SD.png
PL!N-sd1-026	SD	SD	NSD01	PL!N-sd1-026-SD.png	https://llofficial-cardgame.com/wordpress/wp-content/images/cardlist/NSD01/PL!N-sd1-026-SD.png
PL!N-sd1-027	SD	SD	NSD01	PL!N-sd1-027-SD.png	https://llofficial-cardgame.com/wordpress/wp-content/images/cardlist/NSD01/PL!N-sd1-027-SD.png
PL!N-sd1-028	SD	SD	NSD01	PL!N-sd1-028-SD.png	https://llofficial-cardgame.com/wordpress/wp-content/images/cardlist/NSD01/PL!N-sd1-028-SD.png
PL!S-PR-013	PR	PR	PR	PL!S-PR-013-PR.png	https://llofficial-cardgame.com/wordpress/wp-content/images/cardlist/PR/PL!S-PR-013-PR.png
PL!S-PR-014	PR	PR	PR	PL!S-PR-014-PR.png	https://llofficial-cardgame.com/wordpress/wp-content/images/cardlist/PR/PL!S-PR-014-PR.png
PL!S-PR-015	PR	PR	PR	PL!S-PR-015-PR.png	https://llofficial-cardgame.com/wordpress/wp-content/images/cardlist/PR/PL!S-PR-015-PR.png
PL!S-PR-016	PR	PR	PR	PL!S-PR-016-PR.png	https://llofficial-cardgame.com/wordpress/wp-content/images/cardlist/PR/PL!S-PR-016-PR.png
PL!S-PR-017	PR	PR	PR	PL!S-PR-017-PR.png	https://llofficial-cardgame.com/wordpress/wp-content/images/cardlist/PR/PL!S-PR-017-PR.png
PL!S-PR-018	PR	PR	PR	PL!S-PR-018-PR.png	https://llofficial-cardgame.com/wordpress/wp-content/images/cardlist/PR/PL!S-PR-018-PR.png
PL!S-PR-019	PR	PR	PR	PL!S-PR-019-PR.png	https://llofficial-cardgame.com/wordpress/wp-content/images/cardlist/PR/PL!S-PR-019-PR.png
PL!S-PR-020	PR	PR	PR	PL!S-PR-020-PR.png	https://llofficial-cardgame.com/wordpress/wp-content/images/cardlist/PR/PL!S-PR-020-PR.png
PL!S-PR-021	PR	PR	PR	PL!S-PR-021-PR.png	https://llofficial-cardgame.com/wordpress/wp-content/images/cardlist/PR/PL!S-PR-021-PR.png
PL!S-PR-022	PR	PR	PR	PL!S-PR-022-PR.png	https://llofficial-cardgame.com/wordpress/wp-content/images/cardlist/PR/PL!S-PR-022-PR.png
PL!S-PR-023	PR	PR	PR	PL!S-PR-023-PR.png	https://llofficial-cardgame.com/wordpress/wp-content/images/cardlist/PR/PL!S-PR-023-PR.png
PL!S-PR-024	PR	PR	PR	PL!S-PR-024-PR.png	https://llofficial-cardgame.com/wordpress/wp-content/images/cardlist/PR/PL!S-PR-024-PR.png
PL!S-PR-025	PR	PR	PR	PL!S-PR-025-PR.png	https://llofficial-cardgame.com/wordpress/wp-content/images/cardlist/PR/PL!S-PR-025-PR.png
PL!S-PR-025	RM	RM	BP05	PL!S-PR-025-RM.png	https://llofficial-cardgame.com/wordpress/wp-content/images/cardlist/BP05/PL!S-PR-025-RM.png
PL!S-PR-026	PR	PR	PR	PL!S-PR-026-PR.png	https://llofficial-cardgame.com/wordpress/wp-content/images/cardlist/PR/PL!S-PR-026-PR.png
PL!S-PR-027	PR	PR	PR	PL!S-PR-027-PR.png	https://llofficial-cardgame.com/wordpress/wp-content/images/cardlist/PR/PL!S-PR-027-PR.png
PL!S-PR-027	RM	RM	BP05	PL!S-PR-027-RM.png	https://llofficial-cardgame.com/wordpress/wp-content/images/cardlist/BP05/PL!S-PR-027-RM.png
PL!S-PR-028	PR	PR	PR	PL!S-PR-028-PR.png	https://llofficial-cardgame.com/wordpress/wp-content/images/cardlist/PR/PL!S-PR-028-PR.png
PL!S-PR-029	PR	PR	PR	PL!S-PR-029-PR.png	https://llofficial-cardgame.com/wordpress/wp-content/images/cardlist/PR/PL!S-PR-029-PR.png
PL!S-PR-030	PR	PR	PR	PL!S-PR-030-PR.png	https://llofficial-cardgame.com/wordpress/wp-content/images/cardlist/PR/PL!S-PR-030-PR.png
PL!S-PR-031	PR	PR	PR	PL!S-PR-031-PR.png	https://llofficial-cardgame.com/wordpress/wp-content/images/cardlist/PR/PL!S-PR-031-PR.png
PL!S-PR-032	PR	PR	PR	PL!S-PR-032-PR.png	https://llofficial-cardgame.com/wordpress/wp-content/images/cardlist/PR/PL!S-PR-032-PR.png
PL!S-PR-033	PR	PR	PR	PL!S-PR-033-PR.png	https://llofficial-cardgame.com/wordpress/wp-content/images/cardlist/PR/PL!S-PR-033-PR.png
PL!S-PR-037	PR	PR	PR	PL!S-PR-037-PR.png	https://llofficial-cardgame.com/wordpress/wp-content/images/cardlist/PR/PL!S-PR-037-PR.png
PL!S-PR-038	PR	PR	PR	PL!S-PR-038-PR.png	https://llofficial-cardgame.com/wordpress/wp-content/images/cardlist/PR/PL!S-PR-038-PR.png
PL!S-PR-039	PR	PR	PR	PL!S-PR-039-PR.png	https://llofficial-cardgame.com/wordpress/wp-content/images/cardlist/PR/PL!S-PR-039-PR.png
PL!S-PR-040	PR	PR	PR	PL!S-PR-040-PR.png	https://llofficial-cardgame.com/wordpress/wp-content/images/cardlist/PR/PL!S-PR-040-PR.png
PL!S-PR-041	PR	PR	PR	PL!S-PR-041-PR.png	https://llofficial-cardgame.com/wordpress/wp-content/images/cardlist/PR/PL!S-PR-041-PR.png
PL!S-PR-042	PR	PR	PR	PL!S-PR-042-PR.png	https://llofficial-cardgame.com/wordpress/wp-content/images/cardlist/PR/PL!S-PR-042-PR.png
PL!S-PR-044	PR	PR	PR	PL!S-PR-044-PR.png	https://llofficial-cardgame.com/wordpress/wp-content/images/cardlist/PR/PL!S-PR-044-PR.png
PL!S-PR-045	PR	PR	PR	PL!S-PR-045-PR.png	https://llofficial-cardgame.com/wordpress/wp-content/images/cardlist/PR/PL!S-PR-045-PR.png
PL!S-bp2-001	R	R	BP02	PL!S-bp2-001-R.png	https://llofficial-cardgame.com/wordpress/wp-content/images/cardlist/BP02/PL!S-bp2-001-R.png
PL!S-bp2-001	P	P	BP02	PL!S-bp2-001-P.png	https://llofficial-cardgame.com/wordpress/wp-content/images/cardlist/BP02/PL!S-bp2-001-P.png
PL!S-bp2-002	R	R	BP02	PL!S-bp2-002-R.png	https://llofficial-cardgame.com/wordpress/wp-content/images/cardlist/BP02/PL!S-bp2-002-R.png
PL!S-bp2-002	P	P	BP02	PL!S-bp2-002-P.png	https://llofficial-cardgame.com/wordpress/wp-content/images/cardlist/BP02/PL!S-bp2-002-P.png
PL!S-bp2-003	R	R	BP02	PL!S-bp2-003-R.png	https://llofficial-cardgame.com/wordpress/wp-content/images/cardlist/BP02/PL!S-bp2-003-R.png
PL!S-bp2-003	P	P	BP02	PL!S-bp2-003-P.png	https://llofficial-cardgame.com/wordpress/wp-content/images/cardlist/BP02/PL!S-bp2-003-P.png
PL!S-bp2-004	R	R	BP02	PL!S-bp2-004-R.png	https://llofficial-cardgame.com/wordpress/wp-content/images/cardlist/BP02/PL!S-bp2-004-R.png
PL!S-bp2-004	P	P	BP02	PL!S-bp2-004-P.png	https://llofficial-cardgame.com/wordpress/wp-content/images/cardlist/BP02/PL!S-bp2-004-P.png
PL!S-bp2-005	R2	R＋	BP02	PL!S-bp2-005-R2.png	https://llofficial-cardgame.com/wordpress/wp-content/images/cardlist/BP02/PL!S-bp2-005-R2.png
PL!S-bp2-005	P	P	BP02	PL!S-bp2-005-P.png	https://llofficial-cardgame.com/wordpress/wp-content/images/cardlist/BP02/PL!S-bp2-005-P.png
PL!S-bp2-005	P2	P＋	BP02	PL!S-bp2-005-P2.png	https://llofficial-cardgame.com/wordpress/wp-content/images/cardlist/BP02/PL!S-bp2-005-P2.png
PL!S-bp2-005	SEC	SEC	BP02	PL!S-bp2-005-SEC.png	https://llofficial-cardgame.com/wordpress/wp-content/images/cardlist/BP02/PL!S-bp2-005-SEC.png
PL!S-bp2-006	R	R	BP02	PL!S-bp2-006-R.png	https://llofficial-cardgame.com/wordpress/wp-content/images/cardlist/BP02/PL!S-bp2-006-R.png
PL!S-bp2-006	P	P	BP02	PL!S-bp2-006-P.png	https://llofficial-cardgame.com/wordpress/wp-content/images/cardlist/BP02/PL!S-bp2-006-P.png
PL!S-bp2-007	R2	R＋	BP02	PL!S-bp2-007-R2.png	https://llofficial-cardgame.com/wordpress/wp-content/images/cardlist/BP02/PL!S-bp2-007-R2.png
PL!S-bp2-007	P	P	BP02	PL!S-bp2-007-P.png	https://llofficial-cardgame.com/wordpress/wp-content/images/cardlist/BP02/PL!S-bp2-007-P.png
PL!S-bp2-007	P2	P＋	BP02	PL!S-bp2-007-P2.png	https://llofficial-cardgame.com/wordpress/wp-content/images/cardlist/BP02/PL!S-bp2-007-P2.png
PL!S-bp2-007	SEC	SEC	BP02	PL!S-bp2-007-SEC.png	https://llofficial-cardgame.com/wordpress/wp-content/images/cardlist/BP02/PL!S-bp2-007-SEC.png
PL!S-bp2-008	R2	R＋	BP02	PL!S-bp2-008-R2.png	https://llofficial-cardgame.com/wordpress/wp-content/images/cardlist/BP02/PL!S-bp2-008-R2.png
PL!S-bp2-008	P	P	BP02	PL!S-bp2-008-P.png	https://llofficial-cardgame.com/wordpress/wp-content/images/cardlist/BP02/PL!S-bp2-008-P.png
PL!S-bp2-008	P2	P＋	BP02	PL!S-bp2-008-P2.png	https://llofficial-cardgame.com/wordpress/wp-content/images/cardlist/BP02/PL!S-bp2-008-P2.png
PL!S-bp2-008	SEC	SEC	BP02	PL!S-bp2-008-SEC.png	https://llofficial-cardgame.com/wordpress/wp-content/images/cardlist/BP02/PL!S-bp2-008-SEC.png
PL!S-bp2-009	R	R	BP02	PL!S-bp2-009-R.png	https://llofficial-cardgame.com/wordpress/wp-content/images/cardlist/BP02/PL!S-bp2-009-R.png
PL!S-bp2-009	P	P	BP02	PL!S-bp2-009-P.png	https://llofficial-cardgame.com/wordpress/wp-content/images/cardlist/BP02/PL!S-bp2-009-P.png
PL!S-bp2-010	N	N	BP02	PL!S-bp2-010-N.png	https://llofficial-cardgame.com/wordpress/wp-content/images/cardlist/BP02/PL!S-bp2-010-N.png
PL!S-bp2-011	N	N	BP02	PL!S-bp2-011-N.png	https://llofficial-cardgame.com/wordpress/wp-content/images/cardlist/BP02/PL!S-bp2-011-N.png
PL!S-bp2-012	N	N	BP02	PL!S-bp2-012-N.png	https://llofficial-cardgame.com/wordpress/wp-content/images/cardlist/BP02/PL!S-bp2-012-N.png
PL!S-bp2-013	N	N	BP02	PL!S-bp2-013-N.png	https://llofficial-cardgame.com/wordpress/wp-content/images/cardlist/BP02/PL!S-bp2-013-N.png
PL!S-bp2-014	N	N	BP02	PL!S-bp2-014-N.png	https://llofficial-cardgame.com/wordpress/wp-content/images/cardlist/BP02/PL!S-bp2-014-N.png
PL!S-bp2-015	N	N	BP02	PL!S-bp2-015-N.png	https://llofficial-cardgame.com/wordpress/wp-content/images/cardlist/BP02/PL!S-bp2-015-N.png
PL!S-bp2-015	PR	PR	PR	PL!S-bp2-015-PR.png	https://llofficial-cardgame.com/wordpress/wp-content/images/cardlist/PR/PL!S-bp2-015-PR.png
PL!S-bp2-016	N	N	BP02	PL!S-bp2-016-N.png	https://llofficial-cardgame.com/wordpress/wp-content/images/cardlist/BP02/PL!S-bp2-016-N.png
PL!S-bp2-017	N	N	BP02	PL!S-bp2-017-N.png	https://llofficial-cardgame.com/wordpress/wp-content/images/cardlist/BP02/PL!S-bp2-017-N.png
PL!S-bp2-018	N	N	BP02	PL!S-bp2-018-N.png	https://llofficial-cardgame.com/wordpress/wp-content/images/cardlist/BP02/PL!S-bp2-018-N.png
PL!S-bp2-019	L	L	BP02	PL!S-bp2-019-L.png	https://llofficial-cardgame.com/wordpress/wp-content/images/cardlist/BP02/PL!S-bp2-019-L.png
PL!S-bp2-020	L	L	BP02	PL!S-bp2-020-L.png	https://llofficial-cardgame.com/wordpress/wp-content/images/cardlist/BP02/PL!S-bp2-020-L.png
PL!S-bp2-021	L	L	BP02	PL!S-bp2-021-L.png	https://llofficial-cardgame.com/wordpress/wp-content/images/cardlist/BP02/PL!S-bp2-021-L.png
PL!S-bp2-022	L	L	BP02	PL!S-bp2-022-L.png	https://llofficial-cardgame.com/wordpress/wp-content/images/cardlist/BP02/PL!S-bp2-022-L.png
PL!S-bp2-023	L	L	BP02	PL!S-bp2-023-L.png	https://llofficial-cardgame.com/wordpress/wp-content/images/cardlist/BP02/PL!S-bp2-023-L.png
PL!S-bp2-024	L	L	BP02	PL!S-bp2-024-L.png	https://llofficial-cardgame.com/wordpress/wp-content/images/cardlist/BP02/PL!S-bp2-024-L.png
PL!S-bp2-024	SECL	SECL	BP06	PL!S-bp2-024-SECL.png	https://llofficial-cardgame.com/wordpress/wp-content/images/cardlist/BP06/PL!S-bp2-024-SECL.png
PL!S-bp2-025	L	L	BP02	PL!S-bp2-025-L.png	https://llofficial-cardgame.com/wordpress/wp-content/images/cardlist/BP02/PL!S-bp2-025-L.png
PL!S-bp2-026	L	L	BP02	PL!S-bp2-026-L.png	https://llofficial-cardgame.com/wordpress/wp-content/images/cardlist/BP02/PL!S-bp2-026-L.png
PL!S-bp3-001	R2	R＋	BP03	PL!S-bp3-R2-001-R2.png	https://llofficial-cardgame.com/wordpress/wp-content/images/cardlist/BP03/PL!S-bp3-R2-001-R2.png
PL!S-bp3-001	P	P	BP03	PL!S-bp3-P-001-P.png	https://llofficial-cardgame.com/wordpress/wp-content/images/cardlist/BP03/PL!S-bp3-P-001-P.png
PL!S-bp3-001	P2	P＋	BP03	PL!S-bp3-P2-001-P2.png	https://llofficial-cardgame.com/wordpress/wp-content/images/cardlist/BP03/PL!S-bp3-P2-001-P2.png
PL!S-bp3-001	SEC	SEC	BP03	PL!S-bp3-SEC-001-SEC.png	https://llofficial-cardgame.com/wordpress/wp-content/images/cardlist/BP03/PL!S-bp3-SEC-001-SEC.png
PL!S-bp3-002	R	R	BP03	PL!S-bp3-R-002-R.png	https://llofficial-cardgame.com/wordpress/wp-content/images/cardlist/BP03/PL!S-bp3-R-002-R.png
PL!S-bp3-002	P	P	BP03	PL!S-bp3-P-002-P.png	https://llofficial-cardgame.com/wordpress/wp-content/images/cardlist/BP03/PL!S-bp3-P-002-P.png
PL!S-bp3-003	R2	R＋	BP03	PL!S-bp3-R2-003-R2.png	https://llofficial-cardgame.com/wordpress/wp-content/images/cardlist/BP03/PL!S-bp3-R2-003-R2.png
PL!S-bp3-003	P	P	BP03	PL!S-bp3-P-003-P.png	https://llofficial-cardgame.com/wordpress/wp-content/images/cardlist/BP03/PL!S-bp3-P-003-P.png
PL!S-bp3-003	P2	P＋	BP03	PL!S-bp3-P2-003-P2.png	https://llofficial-cardgame.com/wordpress/wp-content/images/cardlist/BP03/PL!S-bp3-P2-003-P2.png
PL!S-bp3-003	SEC	SEC	BP03	PL!S-bp3-SEC-003-SEC.png	https://llofficial-cardgame.com/wordpress/wp-content/images/cardlist/BP03/PL!S-bp3-SEC-003-SEC.png
PL!S-bp3-004	R	R	BP03	PL!S-bp3-R-004-R.png	https://llofficial-cardgame.com/wordpress/wp-content/images/cardlist/BP03/PL!S-bp3-R-004-R.png
PL!S-bp3-004	P	P	BP03	PL!S-bp3-P-004-P.png	https://llofficial-cardgame.com/wordpress/wp-content/images/cardlist/BP03/PL!S-bp3-P-004-P.png
PL!S-bp3-005	R	R	BP03	PL!S-bp3-R-005-R.png	https://llofficial-cardgame.com/wordpress/wp-content/images/cardlist/BP03/PL!S-bp3-R-005-R.png
PL!S-bp3-005	P	P	BP03	PL!S-bp3-P-005-P.png	https://llofficial-cardgame.com/wordpress/wp-content/images/cardlist/BP03/PL!S-bp3-P-005-P.png
PL!S-bp3-006	R2	R＋	BP03	PL!S-bp3-R2-006-R2.png	https://llofficial-cardgame.com/wordpress/wp-content/images/cardlist/BP03/PL!S-bp3-R2-006-R2.png
PL!S-bp3-006	P	P	BP03	PL!S-bp3-P-006-P.png	https://llofficial-cardgame.com/wordpress/wp-content/images/cardlist/BP03/PL!S-bp3-P-006-P.png
PL!S-bp3-006	P2	P＋	BP03	PL!S-bp3-P2-006-P2.png	https://llofficial-cardgame.com/wordpress/wp-content/images/cardlist/BP03/PL!S-bp3-P2-006-P2.png
PL!S-bp3-006	SEC	SEC	BP03	PL!S-bp3-SEC-006-SEC.png	https://llofficial-cardgame.com/wordpress/wp-content/images/cardlist/BP03/PL!S-bp3-SEC-006-SEC.png
PL!S-bp3-007	R	R	BP03	PL!S-bp3-R-007-R.png	https://llofficial-cardgame.com/wordpress/wp-content/images/cardlist/BP03/PL!S-bp3-R-007-R.png
PL!S-bp3-007	P	P	BP03	PL!S-bp3-P-007-P.png	https://llofficial-cardgame.com/wordpress/wp-content/images/cardlist/BP03/PL!S-bp3-P-007-P.png
PL!S-bp3-008	R	R	BP03	PL!S-bp3-R-008-R.png	https://llofficial-cardgame.com/wordpress/wp-content/images/cardlist/BP03/PL!S-bp3-R-008-R.png
PL!S-bp3-008	P	P	BP03	PL!S-bp3-P-008-P.png	https://llofficial-cardgame.com/wordpress/wp-content/images/cardlist/BP03/PL!S-bp3-P-008-P.png
PL!S-bp3-009	R	R	BP03	PL!S-bp3-R-009-R.png	https://llofficial-cardgame.com/wordpress/wp-content/images/cardlist/BP03/PL!S-bp3-R-009-R.png
PL!S-bp3-009	P	P	BP03	PL!S-bp3-P-009-P.png	https://llofficial-cardgame.com/wordpress/wp-content/images/cardlist/BP03/PL!S-bp3-P-009-P.png
PL!S-bp3-010	N	N	BP03	PL!S-bp3-N-010-N.png	https://llofficial-cardgame.com/wordpress/wp-content/images/cardlist/BP03/PL!S-bp3-N-010-N.png
PL!S-bp3-011	N	N	BP03	PL!S-bp3-N-011-N.png	https://llofficial-cardgame.com/wordpress/wp-content/images/cardlist/BP03/PL!S-bp3-N-011-N.png
PL!S-bp3-012	N	N	BP03	PL!S-bp3-N-012-N.png	https://llofficial-cardgame.com/wordpress/wp-content/images/cardlist/BP03/PL!S-bp3-N-012-N.png
PL!S-bp3-013	N	N	BP03	PL!S-bp3-N-013-N.png	https://llofficial-cardgame.com/wordpress/wp-content/images/cardlist/BP03/PL!S-bp3-N-013-N.png
PL!S-bp3-014	N	N	BP03	PL!S-bp3-N-014-N.png	https://llofficial-cardgame.com/wordpress/wp-content/images/cardlist/BP03/PL!S-bp3-N-014-N.png
PL!S-bp3-015	N	N	BP03	PL!S-bp3-N-015-N.png	https://llofficial-cardgame.com/wordpress/wp-content/images/cardlist/BP03/PL!S-bp3-N-015-N.png
PL!S-bp3-016	N	N	BP03	PL!S-bp3-N-016-N.png	https://llofficial-cardgame.com/wordpress/wp-content/images/cardlist/BP03/PL!S-bp3-N-016-N.png
PL!S-bp3-017	N	N	BP03	PL!S-bp3-N-017-N.png	https://llofficial-cardgame.com/wordpress/wp-content/images/cardlist/BP03/PL!S-bp3-N-017-N.png
PL!S-bp3-018	N	N	BP03	PL!S-bp3-N-018-N.png	https://llofficial-cardgame.com/wordpress/wp-content/images/cardlist/BP03/PL!S-bp3-N-018-N.png
PL!S-bp3-019	L	L	BP03	PL!S-bp3-L-019-L.png	https://llofficial-cardgame.com/wordpress/wp-content/images/cardlist/BP03/PL!S-bp3-L-019-L.png
PL!S-bp3-020	L	L	BP03	PL!S-bp3-L-020-L.png	https://llofficial-cardgame.com/wordpress/wp-content/images/cardlist/BP03/PL!S-bp3-L-020-L.png
PL!S-bp3-021	L	L	BP03	PL!S-bp3-L-021-L.png	https://llofficial-cardgame.com/wordpress/wp-content/images/cardlist/BP03/PL!S-bp3-L-021-L.png
PL!S-bp3-022	L	L	BP03	PL!S-bp3-L-022-L.png	https://llofficial-cardgame.com/wordpress/wp-content/images/cardlist/BP03/PL!S-bp3-L-022-L.png
PL!S-bp3-023	L	L	BP03	PL!S-bp3-L-023-L.png	https://llofficial-cardgame.com/wordpress/wp-content/images/cardlist/BP03/PL!S-bp3-L-023-L.png
PL!S-bp3-024	L	L	BP03	PL!S-bp3-L-024-L.png	https://llofficial-cardgame.com/wordpress/wp-content/images/cardlist/BP03/PL!S-bp3-L-024-L.png
PL!S-bp3-025	L	L	BP03	PL!S-bp3-L-025-L.png	https://llofficial-cardgame.com/wordpress/wp-content/images/cardlist/BP03/PL!S-bp3-L-025-L.png
PL!S-bp5-001	R2	R＋	BP05	PL!S-bp5-001-R2.png	https://llofficial-cardgame.com/wordpress/wp-content/images/cardlist/BP05/PL!S-bp5-001-R2.png
PL!S-bp5-001	P	P	BP05	PL!S-bp5-001-P.png	https://llofficial-cardgame.com/wordpress/wp-content/images/cardlist/BP05/PL!S-bp5-001-P.png
PL!S-bp5-001	AR	AR	BP05	PL!S-bp5-001-AR.png	https://llofficial-cardgame.com/wordpress/wp-content/images/cardlist/BP05/PL!S-bp5-001-AR.png
PL!S-bp5-001	SEC	SEC	BP05	PL!S-bp5-001-SEC.png	https://llofficial-cardgame.com/wordpress/wp-content/images/cardlist/BP05/PL!S-bp5-001-SEC.png
PL!S-bp5-002	R2	R＋	BP05	PL!S-bp5-002-R2.png	https://llofficial-cardgame.com/wordpress/wp-content/images/cardlist/BP05/PL!S-bp5-002-R2.png
PL!S-bp5-002	P	P	BP05	PL!S-bp5-002-P.png	https://llofficial-cardgame.com/wordpress/wp-content/images/cardlist/BP05/PL!S-bp5-002-P.png
PL!S-bp5-002	AR	AR	BP05	PL!S-bp5-002-AR.png	https://llofficial-cardgame.com/wordpress/wp-content/images/cardlist/BP05/PL!S-bp5-002-AR.png
PL!S-bp5-002	SEC	SEC	BP05	PL!S-bp5-002-SEC.png	https://llofficial-cardgame.com/wordpress/wp-content/images/cardlist/BP05/PL!S-bp5-002-SEC.png
PL!S-bp5-003	R	R	BP05	PL!S-bp5-003-R.png	https://llofficial-cardgame.com/wordpress/wp-content/images/cardlist/BP05/PL!S-bp5-003-R.png
PL!S-bp5-003	P	P	BP05	PL!S-bp5-003-P.png	https://llofficial-cardgame.com/wordpress/wp-content/images/cardlist/BP05/PL!S-bp5-003-P.png
PL!S-bp5-003	AR	AR	BP05	PL!S-bp5-003-AR.png	https://llofficial-cardgame.com/wordpress/wp-content/images/cardlist/BP05/PL!S-bp5-003-AR.png
PL!S-bp5-004	R	R	BP05	PL!S-bp5-004-R.png	https://llofficial-cardgame.com/wordpress/wp-content/images/cardlist/BP05/PL!S-bp5-004-R.png
PL!S-bp5-004	P	P	BP05	PL!S-bp5-004-P.png	https://llofficial-cardgame.com/wordpress/wp-content/images/cardlist/BP05/PL!S-bp5-004-P.png
PL!S-bp5-004	AR	AR	BP05	PL!S-bp5-004-AR.png	https://llofficial-cardgame.com/wordpress/wp-content/images/cardlist/BP05/PL!S-bp5-004-AR.png
PL!S-bp5-005	R2	R＋	BP05	PL!S-bp5-005-R2.png	https://llofficial-cardgame.com/wordpress/wp-content/images/cardlist/BP05/PL!S-bp5-005-R2.png
PL!S-bp5-005	P	P	BP05	PL!S-bp5-005-P.png	https://llofficial-cardgame.com/wordpress/wp-content/images/cardlist/BP05/PL!S-bp5-005-P.png
PL!S-bp5-005	AR	AR	BP05	PL!S-bp5-005-AR.png	https://llofficial-cardgame.com/wordpress/wp-content/images/cardlist/BP05/PL!S-bp5-005-AR.png
PL!S-bp5-005	SEC	SEC	BP05	PL!S-bp5-005-SEC.png	https://llofficial-cardgame.com/wordpress/wp-content/images/cardlist/BP05/PL!S-bp5-005-SEC.png
PL!S-bp5-006	R	R	BP05	PL!S-bp5-006-R.png	https://llofficial-cardgame.com/wordpress/wp-content/images/cardlist/BP05/PL!S-bp5-006-R.png
PL!S-bp5-006	P	P	BP05	PL!S-bp5-006-P.png	https://llofficial-cardgame.com/wordpress/wp-content/images/cardlist/BP05/PL!S-bp5-006-P.png
PL!S-bp5-006	AR	AR	BP05	PL!S-bp5-006-AR.png	https://llofficial-cardgame.com/wordpress/wp-content/images/cardlist/BP05/PL!S-bp5-006-AR.png
PL!S-bp5-007	R	R	BP05	PL!S-bp5-007-R.png	https://llofficial-cardgame.com/wordpress/wp-content/images/cardlist/BP05/PL!S-bp5-007-R.png
PL!S-bp5-007	P	P	BP05	PL!S-bp5-007-P.png	https://llofficial-cardgame.com/wordpress/wp-content/images/cardlist/BP05/PL!S-bp5-007-P.png
PL!S-bp5-007	AR	AR	BP05	PL!S-bp5-007-AR.png	https://llofficial-cardgame.com/wordpress/wp-content/images/cardlist/BP05/PL!S-bp5-007-AR.png
PL!S-bp5-008	R	R	BP05	PL!S-bp5-008-R.png	https://llofficial-cardgame.com/wordpress/wp-content/images/cardlist/BP05/PL!S-bp5-008-R.png
PL!S-bp5-008	P	P	BP05	PL!S-bp5-008-P.png	https://llofficial-cardgame.com/wordpress/wp-content/images/cardlist/BP05/PL!S-bp5-008-P.png
PL!S-bp5-008	AR	AR	BP05	PL!S-bp5-008-AR.png	https://llofficial-cardgame.com/wordpress/wp-content/images/cardlist/BP05/PL!S-bp5-008-AR.png
PL!S-bp5-009	R	R	BP05	PL!S-bp5-009-R.png	https://llofficial-cardgame.com/wordpress/wp-content/images/cardlist/BP05/PL!S-bp5-009-R.png
PL!S-bp5-009	P	P	BP05	PL!S-bp5-009-P.png	https://llofficial-cardgame.com/wordpress/wp-content/images/cardlist/BP05/PL!S-bp5-009-P.png
PL!S-bp5-009	AR	AR	BP05	PL!S-bp5-009-AR.png	https://llofficial-cardgame.com/wordpress/wp-content/images/cardlist/BP05/PL!S-bp5-009-AR.png
PL!S-bp5-010	N	N	BP05	PL!S-bp5-010-N.png	https://llofficial-cardgame.com/wordpress/wp-content/images/cardlist/BP05/PL!S-bp5-010-N.png
PL!S-bp5-011	N	N	BP05	PL!S-bp5-011-N.png	https://llofficial-cardgame.com/wordpress/wp-content/images/cardlist/BP05/PL!S-bp5-011-N.png
PL!S-bp5-012	N	N	BP05	PL!S-bp5-012-N.png	https://llofficial-cardgame.com/wordpress/wp-content/images/cardlist/BP05/PL!S-bp5-012-N.png
PL!S-bp5-013	N	N	BP05	PL!S-bp5-013-N.png	https://llofficial-cardgame.com/wordpress/wp-content/images/cardlist/BP05/PL!S-bp5-013-N.png
PL!S-bp5-014	N	N	BP05	PL!S-bp5-014-N.png	https://llofficial-cardgame.com/wordpress/wp-content/images/cardlist/BP05/PL!S-bp5-014-N.png
PL!S-bp5-015	N	N	BP05	PL!S-bp5-015-N.png	https://llofficial-cardgame.com/wordpress/wp-content/images/cardlist/BP05/PL!S-bp5-015-N.png
PL!S-bp5-016	N	N	BP05	PL!S-bp5-016-N.png	https://llofficial-cardgame.com/wordpress/wp-content/images/cardlist/BP05/PL!S-bp5-016-N.png
PL!S-bp5-017	N	N	BP05	PL!S-bp5-017-N.png	https://llofficial-cardgame.com/wordpress/wp-content/images/cardlist/BP05/PL!S-bp5-017-N.png
PL!S-bp5-018	N	N	BP05	PL!S-bp5-018-N.png	https://llofficial-cardgame.com/wordpress/wp-content/images/cardlist/BP05/PL!S-bp5-018-N.png
PL!S-bp5-019	L	L	BP05	PL!S-bp5-019-L.png	https://llofficial-cardgame.com/wordpress/wp-content/images/cardlist/BP05/PL!S-bp5-019-L.png
PL!S-bp5-020	L	L	BP05	PL!S-bp5-020-L.png	https://llofficial-cardgame.com/wordpress/wp-content/images/cardlist/BP05/PL!S-bp5-020-L.png
PL!S-bp5-021	L	L	BP05	PL!S-bp5-021-L.png	https://llofficial-cardgame.com/wordpress/wp-content/images/cardlist/BP05/PL!S-bp5-021-L.png
PL!S-bp5-021	SECL	SECL	BP05	PL!S-bp5-SECL.png	https://llofficial-cardgame.com/wordpress/wp-content/images/cardlist/BP05/PL!S-bp5-SECL.png
PL!S-bp5-022	L	L	BP05	PL!S-bp5-022-L.png	https://llofficial-cardgame.com/wordpress/wp-content/images/cardlist/BP05/PL!S-bp5-022-L.png
PL!S-bp5-023	L	L	BP05	PL!S-bp5-023-L.png	https://llofficial-cardgame.com/wordpress/wp-content/images/cardlist/BP05/PL!S-bp5-023-L.png
PL!S-bp5-111	R	R	BP05	PL!S-bp5-111-R.png	https://llofficial-cardgame.com/wordpress/wp-content/images/cardlist/BP05/PL!S-bp5-111-R.png
PL!S-bp5-111	P2	P＋	BP05	PL!S-bp5-111-P2.png	https://llofficial-cardgame.com/wordpress/wp-content/images/cardlist/BP05/PL!S-bp5-111-P2.png
PL!S-bp5-222	R	R	BP05	PL!S-bp5-222-R.png	https://llofficial-cardgame.com/wordpress/wp-content/images/cardlist/BP05/PL!S-bp5-222-R.png
PL!S-bp5-222	P2	P＋	BP05	PL!S-bp5-222-P2.png	https://llofficial-cardgame.com/wordpress/wp-content/images/cardlist/BP05/PL!S-bp5-222-P2.png
PL!S-bp6-001	R	R	BP06	PL!S-bp6-001-R.png	https://llofficial-cardgame.com/wordpress/wp-content/images/cardlist/BP06/PL!S-bp6-001-R.png
PL!S-bp6-001	P	P	BP06	PL!S-bp6-001-P.png	https://llofficial-cardgame.com/wordpress/wp-content/images/cardlist/BP06/PL!S-bp6-001-P.png
PL!S-bp6-002	R2	R＋	BP06	PL!S-bp6-002-R2.png	https://llofficial-cardgame.com/wordpress/wp-content/images/cardlist/BP06/PL!S-bp6-002-R2.png
PL!S-bp6-002	P	P	BP06	PL!S-bp6-002-P.png	https://llofficial-cardgame.com/wordpress/wp-content/images/cardlist/BP06/PL!S-bp6-002-P.png
PL!S-bp6-002	P2	P＋	BP06	PL!S-bp6-002-P2.png	https://llofficial-cardgame.com/wordpress/wp-content/images/cardlist/BP06/PL!S-bp6-002-P2.png
PL!S-bp6-002	SEC	SEC	BP06	PL!S-bp6-002-SEC.png	https://llofficial-cardgame.com/wordpress/wp-content/images/cardlist/BP06/PL!S-bp6-002-SEC.png
PL!S-bp6-003	R	R	BP06	PL!S-bp6-003-R.png	https://llofficial-cardgame.com/wordpress/wp-content/images/cardlist/BP06/PL!S-bp6-003-R.png
PL!S-bp6-003	P	P	BP06	PL!S-bp6-003-P.png	https://llofficial-cardgame.com/wordpress/wp-content/images/cardlist/BP06/PL!S-bp6-003-P.png
PL!S-bp6-004	R2	R＋	BP06	PL!S-bp6-004-R2.png	https://llofficial-cardgame.com/wordpress/wp-content/images/cardlist/BP06/PL!S-bp6-004-R2.png
PL!S-bp6-004	P	P	BP06	PL!S-bp6-004-P.png	https://llofficial-cardgame.com/wordpress/wp-content/images/cardlist/BP06/PL!S-bp6-004-P.png
PL!S-bp6-004	P2	P＋	BP06	PL!S-bp6-004-P2.png	https://llofficial-cardgame.com/wordpress/wp-content/images/cardlist/BP06/PL!S-bp6-004-P2.png
PL!S-bp6-004	SEC	SEC	BP06	PL!S-bp6-004-SEC.png	https://llofficial-cardgame.com/wordpress/wp-content/images/cardlist/BP06/PL!S-bp6-004-SEC.png
PL!S-bp6-005	R	R	BP06	PL!S-bp6-005-R.png	https://llofficial-cardgame.com/wordpress/wp-content/images/cardlist/BP06/PL!S-bp6-005-R.png
PL!S-bp6-005	P	P	BP06	PL!S-bp6-005-P.png	https://llofficial-cardgame.com/wordpress/wp-content/images/cardlist/BP06/PL!S-bp6-005-P.png
PL!S-bp6-006	R	R	BP06	PL!S-bp6-006-R.png	https://llofficial-cardgame.com/wordpress/wp-content/images/cardlist/BP06/PL!S-bp6-006-R.png
PL!S-bp6-006	P	P	BP06	PL!S-bp6-006-P.png	https://llofficial-cardgame.com/wordpress/wp-content/images/cardlist/BP06/PL!S-bp6-006-P.png
PL!S-bp6-007	R	R	BP06	PL!S-bp6-007-R.png	https://llofficial-cardgame.com/wordpress/wp-content/images/cardlist/BP06/PL!S-bp6-007-R.png
PL!S-bp6-007	P	P	BP06	PL!S-bp6-007-P.png	https://llofficial-cardgame.com/wordpress/wp-content/images/cardlist/BP06/PL!S-bp6-007-P.png
PL!S-bp6-008	R	R	BP06	PL!S-bp6-008-R.png	https://llofficial-cardgame.com/wordpress/wp-content/images/cardlist/BP06/PL!S-bp6-008-R.png
PL!S-bp6-008	P	P	BP06	PL!S-bp6-008-P.png	https://llofficial-cardgame.com/wordpress/wp-content/images/cardlist/BP06/PL!S-bp6-008-P.png
PL!S-bp6-009	R2	R＋	BP06	PL!S-bp6-009-R2.png	https://llofficial-cardgame.com/wordpress/wp-content/images/cardlist/BP06/PL!S-bp6-009-R2.png
PL!S-bp6-009	P	P	BP06	PL!S-bp6-009-P.png	https://llofficial-cardgame.com/wordpress/wp-content/images/cardlist/BP06/PL!S-bp6-009-P.png
PL!S-bp6-009	P2	P＋	BP06	PL!S-bp6-009-P2.png	https://llofficial-cardgame.com/wordpress/wp-content/images/cardlist/BP06/PL!S-bp6-009-P2.png
PL!S-bp6-009	SEC	SEC	BP06	PL!S-bp6-009-SEC.png	https://llofficial-cardgame.com/wordpress/wp-content/images/cardlist/BP06/PL!S-bp6-009-SEC.png
PL!S-bp6-010	N	N	BP06	PL!S-bp6-010-N.png	https://llofficial-cardgame.com/wordpress/wp-content/images/cardlist/BP06/PL!S-bp6-010-N.png
PL!S-bp6-011	N	N	BP06	PL!S-bp6-011-N.png	https://llofficial-cardgame.com/wordpress/wp-content/images/cardlist/BP06/PL!S-bp6-011-N.png
PL!S-bp6-012	N	N	BP06	PL!S-bp6-012-N.png	https://llofficial-cardgame.com/wordpress/wp-content/images/cardlist/BP06/PL!S-bp6-012-N.png
PL!S-bp6-013	N	N	BP06	PL!S-bp6-013-N.png	https://llofficial-cardgame.com/wordpress/wp-content/images/cardlist/BP06/PL!S-bp6-013-N.png
PL!S-bp6-014	N	N	BP06	PL!S-bp6-014-N.png	https://llofficial-cardgame.com/wordpress/wp-content/images/cardlist/BP06/PL!S-bp6-014-N.png
PL!S-bp6-015	N	N	BP06	PL!S-bp6-015-N.png	https://llofficial-cardgame.com/wordpress/wp-content/images/cardlist/BP06/PL!S-bp6-015-N.png
PL!S-bp6-016	N	N	BP06	PL!S-bp6-016-N.png	https://llofficial-cardgame.com/wordpress/wp-content/images/cardlist/BP06/PL!S-bp6-016-N.png
PL!S-bp6-017	N	N	BP06	PL!S-bp6-017-N.png	https://llofficial-cardgame.com/wordpress/wp-content/images/cardlist/BP06/PL!S-bp6-017-N.png
PL!S-bp6-018	N	N	BP06	PL!S-bp6-018-N.png	https://llofficial-cardgame.com/wordpress/wp-content/images/cardlist/BP06/PL!S-bp6-018-N.png
PL!S-bp6-019	L	L	BP06	PL!S-bp6-019-L.png	https://llofficial-cardgame.com/wordpress/wp-content/images/cardlist/BP06/PL!S-bp6-019-L.png
PL!S-bp6-020	L	L	BP06	PL!S-bp6-020-L.png	https://llofficial-cardgame.com/wordpress/wp-content/images/cardlist/BP06/PL!S-bp6-020-L.png
PL!S-bp6-021	L	L	BP06	PL!S-bp6-021-L.png	https://llofficial-cardgame.com/wordpress/wp-content/images/cardlist/BP06/PL!S-bp6-021-L.png
PL!S-bp6-022	L	L	BP06	PL!S-bp6-022-L.png	https://llofficial-cardgame.com/wordpress/wp-content/images/cardlist/BP06/PL!S-bp6-022-L.png
PL!S-bp6-023	L	L	BP06	PL!S-bp6-023-L.png	https://llofficial-cardgame.com/wordpress/wp-content/images/cardlist/BP06/PL!S-bp6-023-L.png
PL!S-bp6-024	L	L	BP06	PL!S-bp6-024-L.png	https://llofficial-cardgame.com/wordpress/wp-content/images/cardlist/BP06/PL!S-bp6-024-L.png
PL!S-pb1-001	R	R	PBLS	PL!S-pb1-001-R.png	https://llofficial-cardgame.com/wordpress/wp-content/images/cardlist/PBLS/PL!S-pb1-001-R.png
PL!S-pb1-001	P2	P＋	PBLS	PL!S-pb1-001-P2.png	https://llofficial-cardgame.com/wordpress/wp-content/images/cardlist/PBLS/PL!S-pb1-001-P2.png
PL!S-pb1-002	R	R	PBLS	PL!S-pb1-002-R.png	https://llofficial-cardgame.com/wordpress/wp-content/images/cardlist/PBLS/PL!S-pb1-002-R.png
PL!S-pb1-002	P2	P＋	PBLS	PL!S-pb1-002-P2.png	https://llofficial-cardgame.com/wordpress/wp-content/images/cardlist/PBLS/PL!S-pb1-002-P2.png
PL!S-pb1-003	R	R	PBLS	PL!S-pb1-003-R.png	https://llofficial-cardgame.com/wordpress/wp-content/images/cardlist/PBLS/PL!S-pb1-003-R.png
PL!S-pb1-003	P2	P＋	PBLS	PL!S-pb1-003-P2.png	https://llofficial-cardgame.com/wordpress/wp-content/images/cardlist/PBLS/PL!S-pb1-003-P2.png
PL!S-pb1-004	R	R	PBLS	PL!S-pb1-004-R.png	https://llofficial-cardgame.com/wordpress/wp-content/images/cardlist/PBLS/PL!S-pb1-004-R.png
PL!S-pb1-004	P2	P＋	PBLS	PL!S-pb1-004-P2.png	https://llofficial-cardgame.com/wordpress/wp-content/images/cardlist/PBLS/PL!S-pb1-004-P2.png
PL!S-pb1-005	R	R	PBLS	PL!S-pb1-005-R.png	https://llofficial-cardgame.com/wordpress/wp-content/images/cardlist/PBLS/PL!S-pb1-005-R.png
PL!S-pb1-005	P2	P＋	PBLS	PL!S-pb1-005-P2.png	https://llofficial-cardgame.com/wordpress/wp-content/images/cardlist/PBLS/PL!S-pb1-005-P2.png
PL!S-pb1-005	PR	PR	PR	PL!S-pb1-005-PR.png	https://llofficial-cardgame.com/wordpress/wp-content/images/cardlist/PR/PL!S-pb1-005-PR.png
PL!S-pb1-006	R	R	PBLS	PL!S-pb1-006-R.png	https://llofficial-cardgame.com/wordpress/wp-content/images/cardlist/PBLS/PL!S-pb1-006-R.png
PL!S-pb1-006	P2	P＋	PBLS	PL!S-pb1-006-P2.png	https://llofficial-cardgame.com/wordpress/wp-content/images/cardlist/PBLS/PL!S-pb1-006-P2.png
PL!S-pb1-007	R	R	PBLS	PL!S-pb1-007-R.png	https://llofficial-cardgame.com/wordpress/wp-content/images/cardlist/PBLS/PL!S-pb1-007-R.png
PL!S-pb1-007	P2	P＋	PBLS	PL!S-pb1-007-P2.png	https://llofficial-cardgame.com/wordpress/wp-content/images/cardlist/PBLS/PL!S-pb1-007-P2.png
PL!S-pb1-008	R	R	PBLS	PL!S-pb1-008-R.png	https://llofficial-cardgame.com/wordpress/wp-content/images/cardlist/PBLS/PL!S-pb1-008-R.png
PL!S-pb1-008	P2	P＋	PBLS	PL!S-pb1-008-P2.png	https://llofficial-cardgame.com/wordpress/wp-content/images/cardlist/PBLS/PL!S-pb1-008-P2.png
PL!S-pb1-009	R	R	PBLS	PL!S-pb1-009-R.png	https://llofficial-cardgame.com/wordpress/wp-content/images/cardlist/PBLS/PL!S-pb1-009-R.png
PL!S-pb1-009	P2	P＋	PBLS	PL!S-pb1-009-P2.png	https://llofficial-cardgame.com/wordpress/wp-content/images/cardlist/PBLS/PL!S-pb1-009-P2.png
PL!S-pb1-010	N	N	PBLS	PL!S-pb1-010-N.png	https://llofficial-cardgame.com/wordpress/wp-content/images/cardlist/PBLS/PL!S-pb1-010-N.png
PL!S-pb1-010	PR	PR	PR	PL!S-pb1-010-PR.png	https://llofficial-cardgame.com/wordpress/wp-content/images/cardlist/PR/PL!S-pb1-010-PR.png
PL!S-pb1-011	N	N	PBLS	PL!S-pb1-011-N.png	https://llofficial-cardgame.com/wordpress/wp-content/images/cardlist/PBLS/PL!S-pb1-011-N.png
PL!S-pb1-011	PR	PR	PR	PL!S-pb1-011-PR.png	https://llofficial-cardgame.com/wordpress/wp-content/images/cardlist/PR/PL!S-pb1-011-PR.png
PL!S-pb1-012	N	N	PBLS	PL!S-pb1-012-N.png	https://llofficial-cardgame.com/wordpress/wp-content/images/cardlist/PBLS/PL!S-pb1-012-N.png
PL!S-pb1-013	N	N	PBLS	PL!S-pb1-013-N.png	https://llofficial-cardgame.com/wordpress/wp-content/images/cardlist/PBLS/PL!S-pb1-013-N.png
PL!S-pb1-014	N	N	PBLS	PL!S-pb1-014-N.png	https://llofficial-cardgame.com/wordpress/wp-content/images/cardlist/PBLS/PL!S-pb1-014-N.png
PL!S-pb1-015	N	N	PBLS	PL!S-pb1-015-N.png	https://llofficial-cardgame.com/wordpress/wp-content/images/cardlist/PBLS/PL!S-pb1-015-N.png
PL!S-pb1-016	N	N	PBLS	PL!S-pb1-016-N.png	https://llofficial-cardgame.com/wordpress/wp-content/images/cardlist/PBLS/PL!S-pb1-016-N.png
PL!S-pb1-017	N	N	PBLS	PL!S-pb1-017-N.png	https://llofficial-cardgame.com/wordpress/wp-content/images/cardlist/PBLS/PL!S-pb1-017-N.png
PL!S-pb1-018	N	N	PBLS	PL!S-pb1-018-N.png	https://llofficial-cardgame.com/wordpress/wp-content/images/cardlist/PBLS/PL!S-pb1-018-N.png
PL!S-pb1-019	L	L	PBLS	PL!S-pb1-019-L.png	https://llofficial-cardgame.com/wordpress/wp-content/images/cardlist/PBLS/PL!S-pb1-019-L.png
PL!S-pb1-020	L	L	PBLS	PL!S-pb1-020-L.png	https://llofficial-cardgame.com/wordpress/wp-content/images/cardlist/PBLS/PL!S-pb1-020-L.png
PL!S-pb1-021	L	L	PBLS	PL!S-pb1-021-L.png	https://llofficial-cardgame.com/wordpress/wp-content/images/cardlist/PBLS/PL!S-pb1-021-L.png
PL!S-pb1-022	L	L	PBLS	PL!S-pb1-022-L.png	https://llofficial-cardgame.com/wordpress/wp-content/images/cardlist/PBLS/PL!S-pb1-022-L.png
PL!S-pb1-022	L2	L＋	PBLS	PL!S-pb1-022-L2.png	https://llofficial-cardgame.com/wordpress/wp-content/images/cardlist/PBLS/PL!S-pb1-022-L2.png
PL!S-pb1-023	L	L	PBLS	PL!S-pb1-023-L.png	https://llofficial-cardgame.com/wordpress/wp-content/images/cardlist/PBLS/PL!S-pb1-023-L.png
PL!S-pb1-023	L2	L＋	PBLS	PL!S-pb1-023-L2.png	https://llofficial-cardgame.com/wordpress/wp-content/images/cardlist/PBLS/PL!S-pb1-023-L2.png
PL!S-pb1-024	L	L	PBLS	PL!S-pb1-024-L.png	https://llofficial-cardgame.com/wordpress/wp-content/images/cardlist/PBLS/PL!S-pb1-024-L.png
PL!S-sd1-001	SD	SD	SSD01	PL!S-sd1-001-SD.png	https://llofficial-cardgame.com/wordpress/wp-content/images/cardlist/SSD01/PL!S-sd1-001-SD.png
PL!S-sd1-002	SD	SD	SSD01	PL!S-sd1-002-SD.png	https://llofficial-cardgame.com/wordpress/wp-content/images/cardlist/SSD01/PL!S-sd1-002-SD.png
PL!S-sd1-003	SD	SD	SSD01	PL!S-sd1-003-SD.png	https://llofficial-cardgame.com/wordpress/wp-content/images/cardlist/SSD01/PL!S-sd1-003-SD.png
PL!S-sd1-004	SD	SD	SSD01	PL!S-sd1-004-SD.png	https://llofficial-cardgame.com/wordpress/wp-content/images/cardlist/SSD01/PL!S-sd1-004-SD.png
PL!S-sd1-005	SD	SD	SSD01	PL!S-sd1-005-SD.png	https://llofficial-cardgame.com/wordpress/wp-content/images/cardlist/SSD01/PL!S-sd1-005-SD.png
PL!S-sd1-006	SD	SD	SSD01	PL!S-sd1-006-SD.png	https://llofficial-cardgame.com/wordpress/wp-content/images/cardlist/SSD01/PL!S-sd1-006-SD.png
PL!S-sd1-007	SD	SD	SSD01	PL!S-sd1-007-SD.png	https://llofficial-cardgame.com/wordpress/wp-content/images/cardlist/SSD01/PL!S-sd1-007-SD.png
PL!S-sd1-008	SD	SD	SSD01	PL!S-sd1-008-SD.png	https://llofficial-cardgame.com/wordpress/wp-content/images/cardlist/SSD01/PL!S-sd1-008-SD.png
PL!S-sd1-009	SD	SD	SSD01	PL!S-sd1-009-SD.png	https://llofficial-cardgame.com/wordpress/wp-content/images/cardlist/SSD01/PL!S-sd1-009-SD.png
PL!S-sd1-010	SD	SD	SSD01	PL!S-sd1-010-SD.png	https://llofficial-cardgame.com/wordpress/wp-content/images/cardlist/SSD01/PL!S-sd1-010-SD.png
PL!S-sd1-011	SD	SD	SSD01	PL!S-sd1-011-SD.png	https://llofficial-cardgame.com/wordpress/wp-content/images/cardlist/SSD01/PL!S-sd1-011-SD.png
PL!S-sd1-012	SD	SD	SSD01	PL!S-sd1-012-SD.png	https://llofficial-cardgame.com/wordpress/wp-content/images/cardlist/SSD01/PL!S-sd1-012-SD.png
PL!S-sd1-013	SD	SD	SSD01	PL!S-sd1-013-SD.png	https://llofficial-cardgame.com/wordpress/wp-content/images/cardlist/SSD01/PL!S-sd1-013-SD.png
PL!S-sd1-014	SD	SD	SSD01	PL!S-sd1-014-SD.png	https://llofficial-cardgame.com/wordpress/wp-content/images/cardlist/SSD01/PL!S-sd1-014-SD.png
PL!S-sd1-015	SD	SD	SSD01	PL!S-sd1-015-SD.png	https://llofficial-cardgame.com/wordpress/wp-content/images/cardlist/SSD01/PL!S-sd1-015-SD.png
PL!S-sd1-016	SD	SD	SSD01	PL!S-sd1-016-SD.png	https://llofficial-cardgame.com/wordpress/wp-content/images/cardlist/SSD01/PL!S-sd1-016-SD.png
PL!S-sd1-017	SD	SD	SSD01	PL!S-sd1-017-SD.png	https://llofficial-cardgame.com/wordpress/wp-content/images/cardlist/SSD01/PL!S-sd1-017-SD.png
PL!S-sd1-018	SD	SD	SSD01	PL!S-sd1-018-SD.png	https://llofficial-cardgame.com/wordpress/wp-content/images/cardlist/SSD01/PL!S-sd1-018-SD.png
PL!S-sd1-019	SD	SD	SSD01	PL!S-sd1-019-SD.png	https://llofficial-cardgame.com/wordpress/wp-content/images/cardlist/SSD01/PL!S-sd1-019-SD.png
PL!S-sd1-020	SD	SD	SSD01	PL!S-sd1-020-SD.png	https://llofficial-cardgame.com/wordpress/wp-content/images/cardlist/SSD01/PL!S-sd1-020-SD.png
PL!S-sd1-021	SD	SD	SSD01	PL!S-sd1-021-SD.png	https://llofficial-cardgame.com/wordpress/wp-content/images/cardlist/SSD01/PL!S-sd1-021-SD.png
PL!S-sd1-022	SD	SD	SSD01	PL!S-sd1-022-SD.png	https://llofficial-cardgame.com/wordpress/wp-content/images/cardlist/SSD01/PL!S-sd1-022-SD.png
PL!SP-PR-003	PR	PR	PR	PL!SP-003-PR.png	https://llofficial-cardgame.com/wordpress/wp-content/images/cardlist/PR/PL!SP-003-PR.png
PL!SP-PR-004	PR	PR	PR	PL!SP-004-PR.png	https://llofficial-cardgame.com/wordpress/wp-content/images/cardlist/PR/PL!SP-004-PR.png
PL!SP-PR-005	PR	PR	PR	PL!SP-005-PR.png	https://llofficial-cardgame.com/wordpress/wp-content/images/cardlist/PR/PL!SP-005-PR.png
PL!SP-PR-006	PR	PR	PR	PL!SP-006-PR.png	https://llofficial-cardgame.com/wordpress/wp-content/images/cardlist/PR/PL!SP-006-PR.png
PL!SP-PR-007	PR	PR	PR	PL!SP-007-PR.png	https://llofficial-cardgame.com/wordpress/wp-content/images/cardlist/PR/PL!SP-007-PR.png
PL!SP-PR-008	PR	PR	PR	PL!SP-008-PR.png	https://llofficial-cardgame.com/wordpress/wp-content/images/cardlist/PR/PL!SP-008-PR.png
PL!SP-PR-009	PR	PR	PR	PL!SP-009-PR.png	https://llofficial-cardgame.com/wordpress/wp-content/images/cardlist/PR/PL!SP-009-PR.png
PL!SP-PR-010	PR	PR	PR	PL!SP-010-PR.png	https://llofficial-cardgame.com/wordpress/wp-content/images/cardlist/PR/PL!SP-010-PR.png
PL!SP-PR-011	PR	PR	PR	PL!SP-011-PR.png	https://llofficial-cardgame.com/wordpress/wp-content/images/cardlist/PR/PL!SP-011-PR.png
PL!SP-PR-012	PR	PR	PR	PL!SP-012-PR.png	https://llofficial-cardgame.com/wordpress/wp-content/images/cardlist/PR/PL!SP-012-PR.png
PL!SP-PR-013	PR	PR	PR	PL!SP-013-PR.png	https://llofficial-cardgame.com/wordpress/wp-content/images/cardlist/PR/PL!SP-013-PR.png
PL!SP-PR-016	PR	PR	PR	PL!SP-PR-016-PR.png	https://llofficial-cardgame.com/wordpress/wp-content/images/cardlist/PR/PL!SP-PR-016-PR.png
PL!SP-PR-017	PR	PR	PR	PL!SP-PR-017-PR.png	https://llofficial-cardgame.com/wordpress/wp-content/images/cardlist/PR/PL!SP-PR-017-PR.png
PL!SP-PR-018	PR	PR	PR	PL!SP-PR-018-PR.png	https://llofficial-cardgame.com/wordpress/wp-content/images/cardlist/PR/PL!SP-PR-018-PR.png
PL!SP-PR-020	PR	PR	PR	PL!SP-PR-020-PR.png	https://llofficial-cardgame.com/wordpress/wp-content/images/cardlist/PR/PL!SP-PR-020-PR.png
PL!SP-PR-021	PR	PR	PR	PL!SP-PR-021-PR.png	https://llofficial-cardgame.com/wordpress/wp-content/images/cardlist/PR/PL!SP-PR-021-PR.png
PL!SP-PR-022	PR	PR	PR	PL!SP-PR-022-PR.png	https://llofficial-cardgame.com/wordpress/wp-content/images/cardlist/PR/PL!SP-PR-022-PR.png
PL!SP-PR-024	PR	PR	PR	PL!SP-PR-024-PR.png	https://llofficial-cardgame.com/wordpress/wp-content/images/cardlist/PR/PL!SP-PR-024-PR.png
PL!SP-PR-025	PR	PR	PR	PL!SP-PR-025-PR.png	https://llofficial-cardgame.com/wordpress/wp-content/images/cardlist/PR/PL!SP-PR-025-PR.png
PL!SP-PR-026	PR	PR	PR	PL!SP-PR-026-PR.png	https://llofficial-cardgame.com/wordpress/wp-content/images/cardlist/PR/PL!SP-PR-026-PR.png
PL!SP-bp1-001	R	R	BP01	PL!SP-bp1-001-R.png	https://llofficial-cardgame.com/wordpress/wp-content/images/cardlist/BP01/PL!SP-bp1-001-R.png
PL!SP-bp1-001	P	P	BP01	PL!SP-bp1-001-P.png	https://llofficial-cardgame.com/wordpress/wp-content/images/cardlist/BP01/PL!SP-bp1-001-P.png
PL!SP-bp1-002	R2	R＋	BP01	PL!SP-bp1-002-R2.png	https://llofficial-cardgame.com/wordpress/wp-content/images/cardlist/BP01/PL!SP-bp1-002-R2.png
PL!SP-bp1-002	P	P	BP01	PL!SP-bp1-002-P.png	https://llofficial-cardgame.com/wordpress/wp-content/images/cardlist/BP01/PL!SP-bp1-002-P.png
PL!SP-bp1-002	P2	P＋	BP01	PL!SP-bp1-002-P2.png	https://llofficial-cardgame.com/wordpress/wp-content/images/cardlist/BP01/PL!SP-bp1-002-P2.png
PL!SP-bp1-002	SEC	SEC	BP01	PL!SP-bp1-002-SEC.png	https://llofficial-cardgame.com/wordpress/wp-content/images/cardlist/BP01/PL!SP-bp1-002-SEC.png
PL!SP-bp1-003	R2	R＋	BP01	PL!SP-bp1-003-R2.png	https://llofficial-cardgame.com/wordpress/wp-content/images/cardlist/BP01/PL!SP-bp1-003-R2.png
PL!SP-bp1-003	P	P	BP01	PL!SP-bp1-003-P.png	https://llofficial-cardgame.com/wordpress/wp-content/images/cardlist/BP01/PL!SP-bp1-003-P.png
PL!SP-bp1-003	P2	P＋	BP01	PL!SP-bp1-003-P2.png	https://llofficial-cardgame.com/wordpress/wp-content/images/cardlist/BP01/PL!SP-bp1-003-P2.png
PL!SP-bp1-003	SEC	SEC	BP01	PL!SP-bp1-003-SEC.png	https://llofficial-cardgame.com/wordpress/wp-content/images/cardlist/BP01/PL!SP-bp1-003-SEC.png
PL!SP-bp1-004	R	R	BP01	PL!SP-bp1-004-R.png	https://llofficial-cardgame.com/wordpress/wp-content/images/cardlist/BP01/PL!SP-bp1-004-R.png
PL!SP-bp1-004	P	P	BP01	PL!SP-bp1-004-P.png	https://llofficial-cardgame.com/wordpress/wp-content/images/cardlist/BP01/PL!SP-bp1-004-P.png
PL!SP-bp1-004	PR	PR	PR	PL!SP-bp1-004-PR.png	https://llofficial-cardgame.com/wordpress/wp-content/images/cardlist/PR/PL!SP-bp1-004-PR.png
PL!SP-bp1-005	R	R	BP01	PL!SP-bp1-005-R.png	https://llofficial-cardgame.com/wordpress/wp-content/images/cardlist/BP01/PL!SP-bp1-005-R.png
PL!SP-bp1-005	P	P	BP01	PL!SP-bp1-005-P.png	https://llofficial-cardgame.com/wordpress/wp-content/images/cardlist/BP01/PL!SP-bp1-005-P.png
PL!SP-bp1-006	R	R	BP01	PL!SP-bp1-006-R.png	https://llofficial-cardgame.com/wordpress/wp-content/images/cardlist/BP01/PL!SP-bp1-006-R.png
PL!SP-bp1-006	P	P	BP01	PL!SP-bp1-006-P.png	https://llofficial-cardgame.com/wordpress/wp-content/images/cardlist/BP01/PL!SP-bp1-006-P.png
PL!SP-bp1-007	R2	R＋	BP01	PL!SP-bp1-007-R2.png	https://llofficial-cardgame.com/wordpress/wp-content/images/cardlist/BP01/PL!SP-bp1-007-R2.png
PL!SP-bp1-007	P	P	BP01	PL!SP-bp1-007-P.png	https://llofficial-cardgame.com/wordpress/wp-content/images/cardlist/BP01/PL!SP-bp1-007-P.png
PL!SP-bp1-007	P2	P＋	BP01	PL!SP-bp1-007-P2.png	https://llofficial-cardgame.com/wordpress/wp-content/images/cardlist/BP01/PL!SP-bp1-007-P2.png
PL!SP-bp1-007	SEC	SEC	BP01	PL!SP-bp1-007-SEC.png	https://llofficial-cardgame.com/wordpress/wp-content/images/cardlist/BP01/PL!SP-bp1-007-SEC.png
PL!SP-bp1-008	R	R	BP01	PL!SP-bp1-008-R.png	https://llofficial-cardgame.com/wordpress/wp-content/images/cardlist/BP01/PL!SP-bp1-008-R.png
PL!SP-bp1-008	P	P	BP01	PL!SP-bp1-008-P.png	https://llofficial-cardgame.com/wordpress/wp-content/images/cardlist/BP01/PL!SP-bp1-008-P.png
PL!SP-bp1-009	R	R	BP01	PL!SP-bp1-009-R.png	https://llofficial-cardgame.com/wordpress/wp-content/images/cardlist/BP01/PL!SP-bp1-009-R.png
PL!SP-bp1-009	P	P	BP01	PL!SP-bp1-009-P.png	https://llofficial-cardgame.com/wordpress/wp-content/images/cardlist/BP01/PL!SP-bp1-009-P.png
PL!SP-bp1-010	R	R	BP01	PL!SP-bp1-010-R.png	https://llofficial-cardgame.com/wordpress/wp-content/images/cardlist/BP01/PL!SP-bp1-010-R.png
PL!SP-bp1-010	P	P	BP01	PL!SP-bp1-010-P.png	https://llofficial-cardgame.com/wordpress/wp-content/images/cardlist/BP01/PL!SP-bp1-010-P.png
PL!SP-bp1-011	R	R	BP01	PL!SP-bp1-011-R.png	https://llofficial-cardgame.com/wordpress/wp-content/images/cardlist/BP01/PL!SP-bp1-011-R.png
PL!SP-bp1-011	P	P	BP01	PL!SP-bp1-011-P.png	https://llofficial-cardgame.com/wordpress/wp-content/images/cardlist/BP01/PL!SP-bp1-011-P.png
PL!SP-bp1-012	N	N	BP01	PL!SP-bp1-012-N.png	https://llofficial-cardgame.com/wordpress/wp-content/images/cardlist/BP01/PL!SP-bp1-012-N.png
PL!SP-bp1-013	N	N	BP01	PL!SP-bp1-013-N.png	https://llofficial-cardgame.com/wordpress/wp-content/images/cardlist/BP01/PL!SP-bp1-013-N.png
PL!SP-bp1-013	PR	PR	PR	PL!SP-bp1-013-PR.png	https://llofficial-cardgame.com/wordpress/wp-content/images/cardlist/PR/PL!SP-bp1-013-PR.png
PL!SP-bp1-014	N	N	BP01	PL!SP-bp1-014-N.png	https://llofficial-cardgame.com/wordpress/wp-content/images/cardlist/BP01/PL!SP-bp1-014-N.png
PL!SP-bp1-015	N	N	BP01	PL!SP-bp1-015-N.png	https://llofficial-cardgame.com/wordpress/wp-content/images/cardlist/BP01/PL!SP-bp1-015-N.png
PL!SP-bp1-016	N	N	BP01	PL!SP-bp1-016-N.png	https://llofficial-cardgame.com/wordpress/wp-content/images/cardlist/BP01/PL!SP-bp1-016-N.png
PL!SP-bp1-016	PR	PR	PR	PL!SP-bp1-016-PR.png	https://llofficial-cardgame.com/wordpress/wp-content/images/cardlist/PR/PL!SP-bp1-016-PR.png
PL!SP-bp1-017	N	N	BP01	PL!SP-bp1-017-N.png	https://llofficial-cardgame.com/wordpress/wp-content/images/cardlist/BP01/PL!SP-bp1-017-N.png
PL!SP-bp1-018	N	N	BP01	PL!SP-bp1-018-N.png	https://llofficial-cardgame.com/wordpress/wp-content/images/cardlist/BP01/PL!SP-bp1-018-N.png
PL!SP-bp1-018	PR	PR	PR	PL!SP-bp1-018-PR.png	https://llofficial-cardgame.com/wordpress/wp-content/images/cardlist/PR/PL!SP-bp1-018-PR.png
PL!SP-bp1-019	N	N	BP01	PL!SP-bp1-019-N.png	https://llofficial-cardgame.com/wordpress/wp-content/images/cardlist/BP01/PL!SP-bp1-019-N.png
PL!SP-bp1-020	N	N	BP01	PL!SP-bp1-020-N.png	https://llofficial-cardgame.com/wordpress/wp-content/images/cardlist/BP01/PL!SP-bp1-020-N.png
PL!SP-bp1-021	N	N	BP01	PL!SP-bp1-021-N.png	https://llofficial-cardgame.com/wordpress/wp-content/images/cardlist/BP01/PL!SP-bp1-021-N.png
PL!SP-bp1-022	N	N	BP01	PL!SP-bp1-022-N.png	https://llofficial-cardgame.com/wordpress/wp-content/images/cardlist/BP01/PL!SP-bp1-022-N.png
PL!SP-bp1-023	L	L	BP01	PL!SP-bp1-023-L.png	https://llofficial-cardgame.com/wordpress/wp-content/images/cardlist/BP01/PL!SP-bp1-023-L.png
PL!SP-bp1-023	SRL	SRL	PBSP02	PL!SP-bp1-023-SRL.png	https://llofficial-cardgame.com/wordpress/wp-content/images/cardlist/PBSP02/PL!SP-bp1-023-SRL.png
PL!SP-bp1-024	L	L	BP01	PL!SP-bp1-024-L.png	https://llofficial-cardgame.com/wordpress/wp-content/images/cardlist/BP01/PL!SP-bp1-024-L.png
PL!SP-bp1-024	SRL	SRL	PBSP02	PL!SP-bp1-024-SRL.png	https://llofficial-cardgame.com/wordpress/wp-content/images/cardlist/PBSP02/PL!SP-bp1-024-SRL.png
PL!SP-bp1-025	L	L	BP01	PL!SP-bp1-025-L.png	https://llofficial-cardgame.com/wordpress/wp-content/images/cardlist/BP01/PL!SP-bp1-025-L.png
PL!SP-bp1-025	L2	L＋	PBSP	PL!SP-bp1-025-L2.png	https://llofficial-cardgame.com/wordpress/wp-content/images/cardlist/PBSP/PL!SP-bp1-025-L2.png
PL!SP-bp1-025	SECL	SECL	PBSP02	PL!SP-bp1-025-SECL.png	https://llofficial-cardgame.com/wordpress/wp-content/images/cardlist/PBSP02/PL!SP-bp1-025-SECL.png
PL!SP-bp1-025	SRL	SRL	PBSP02	PL!SP-bp1-025-SRL.png	https://llofficial-cardgame.com/wordpress/wp-content/images/cardlist/PBSP02/PL!SP-bp1-025-SRL.png
PL!SP-bp1-026	L	L	BP01	PL!SP-bp1-026-L.png	https://llofficial-cardgame.com/wordpress/wp-content/images/cardlist/BP01/PL!SP-bp1-026-L.png
PL!SP-bp1-026	SECL	SECL	PBSP02	PL!SP-bp1-026-SECL.png	https://llofficial-cardgame.com/wordpress/wp-content/images/cardlist/PBSP02/PL!SP-bp1-026-SECL.png
PL!SP-bp1-026	SRL	SRL	PBSP02	PL!SP-bp1-026-SRL.png	https://llofficial-cardgame.com/wordpress/wp-content/images/cardlist/PBSP02/PL!SP-bp1-026-SRL.png
PL!SP-bp1-027	L	L	BP01	PL!SP-bp1-027-L.png	https://llofficial-cardgame.com/wordpress/wp-content/images/cardlist/BP01/PL!SP-bp1-027-L.png
PL!SP-bp1-027	SRL	SRL	PBSP02	PL!SP-bp1-027-SRL.png	https://llofficial-cardgame.com/wordpress/wp-content/images/cardlist/PBSP02/PL!SP-bp1-027-SRL.png
PL!SP-bp2-001	R2	R＋	BP02	PL!SP-bp2-001-R2.png	https://llofficial-cardgame.com/wordpress/wp-content/images/cardlist/BP02/PL!SP-bp2-001-R2.png
PL!SP-bp2-001	P	P	BP02	PL!SP-bp2-001-P.png	https://llofficial-cardgame.com/wordpress/wp-content/images/cardlist/BP02/PL!SP-bp2-001-P.png
PL!SP-bp2-001	P2	P＋	BP02	PL!SP-bp2-001-P2.png	https://llofficial-cardgame.com/wordpress/wp-content/images/cardlist/BP02/PL!SP-bp2-001-P2.png
PL!SP-bp2-001	SEC	SEC	BP02	PL!SP-bp2-001-SEC.png	https://llofficial-cardgame.com/wordpress/wp-content/images/cardlist/BP02/PL!SP-bp2-001-SEC.png
PL!SP-bp2-002	R	R	BP02	PL!SP-bp2-002-R.png	https://llofficial-cardgame.com/wordpress/wp-content/images/cardlist/BP02/PL!SP-bp2-002-R.png
PL!SP-bp2-002	P	P	BP02	PL!SP-bp2-002-P.png	https://llofficial-cardgame.com/wordpress/wp-content/images/cardlist/BP02/PL!SP-bp2-002-P.png
PL!SP-bp2-003	R	R	BP02	PL!SP-bp2-003-R.png	https://llofficial-cardgame.com/wordpress/wp-content/images/cardlist/BP02/PL!SP-bp2-003-R.png
PL!SP-bp2-003	P	P	BP02	PL!SP-bp2-003-P.png	https://llofficial-cardgame.com/wordpress/wp-content/images/cardlist/BP02/PL!SP-bp2-003-P.png
PL!SP-bp2-004	R	R	BP02	PL!SP-bp2-004-R.png	https://llofficial-cardgame.com/wordpress/wp-content/images/cardlist/BP02/PL!SP-bp2-004-R.png
PL!SP-bp2-004	P	P	BP02	PL!SP-bp2-004-P.png	https://llofficial-cardgame.com/wordpress/wp-content/images/cardlist/BP02/PL!SP-bp2-004-P.png
PL!SP-bp2-005	R	R	BP02	PL!SP-bp2-005-R.png	https://llofficial-cardgame.com/wordpress/wp-content/images/cardlist/BP02/PL!SP-bp2-005-R.png
PL!SP-bp2-005	P	P	BP02	PL!SP-bp2-005-P.png	https://llofficial-cardgame.com/wordpress/wp-content/images/cardlist/BP02/PL!SP-bp2-005-P.png
PL!SP-bp2-006	R2	R＋	BP02	PL!SP-bp2-006-R2.png	https://llofficial-cardgame.com/wordpress/wp-content/images/cardlist/BP02/PL!SP-bp2-006-R2.png
PL!SP-bp2-006	P	P	BP02	PL!SP-bp2-006-P.png	https://llofficial-cardgame.com/wordpress/wp-content/images/cardlist/BP02/PL!SP-bp2-006-P.png
PL!SP-bp2-006	P2	P＋	BP02	PL!SP-bp2-006-P2.png	https://llofficial-cardgame.com/wordpress/wp-content/images/cardlist/BP02/PL!SP-bp2-006-P2.png
PL!SP-bp2-006	SEC	SEC	BP02	PL!SP-bp2-006-SEC.png	https://llofficial-cardgame.com/wordpress/wp-content/images/cardlist/BP02/PL!SP-bp2-006-SEC.png
PL!SP-bp2-007	R	R	BP02	PL!SP-bp2-007-R.png	https://llofficial-cardgame.com/wordpress/wp-content/images/cardlist/BP02/PL!SP-bp2-007-R.png
PL!SP-bp2-007	P	P	BP02	PL!SP-bp2-007-P.png	https://llofficial-cardgame.com/wordpress/wp-content/images/cardlist/BP02/PL!SP-bp2-007-P.png
PL!SP-bp2-008	R	R	BP02	PL!SP-bp2-008-R.png	https://llofficial-cardgame.com/wordpress/wp-content/images/cardlist/BP02/PL!SP-bp2-008-R.png
PL!SP-bp2-008	P	P	BP02	PL!SP-bp2-008-P.png	https://llofficial-cardgame.com/wordpress/wp-content/images/cardlist/BP02/PL!SP-bp2-008-P.png
PL!SP-bp2-009	R2	R＋	BP02	PL!SP-bp2-009-R2.png	https://llofficial-cardgame.com/wordpress/wp-content/images/cardlist/BP02/PL!SP-bp2-009-R2.png
PL!SP-bp2-009	P	P	BP02	PL!SP-bp2-009-P.png	https://llofficial-cardgame.com/wordpress/wp-content/images/cardlist/BP02/PL!SP-bp2-009-P.png
PL!SP-bp2-009	P2	P＋	BP02	PL!SP-bp2-009-P2.png	https://llofficial-cardgame.com/wordpress/wp-content/images/cardlist/BP02/PL!SP-bp2-009-P2.png
PL!SP-bp2-009	SEC	SEC	BP02	PL!SP-bp2-009-SEC.png	https://llofficial-cardgame.com/wordpress/wp-content/images/cardlist/BP02/PL!SP-bp2-009-SEC.png
PL!SP-bp2-010	R2	R＋	BP02	PL!SP-bp2-010-R2.png	https://llofficial-cardgame.com/wordpress/wp-content/images/cardlist/BP02/PL!SP-bp2-010-R2.png
PL!SP-bp2-010	P	P	BP02	PL!SP-bp2-010-P.png	https://llofficial-cardgame.com/wordpress/wp-content/images/cardlist/BP02/PL!SP-bp2-010-P.png
PL!SP-bp2-010	P2	P＋	BP02	PL!SP-bp2-010-P2.png	https://llofficial-cardgame.com/wordpress/wp-content/images/cardlist/BP02/PL!SP-bp2-010-P2.png
PL!SP-bp2-010	SEC	SEC	BP02	PL!SP-bp2-010-SEC.png	https://llofficial-cardgame.com/wordpress/wp-content/images/cardlist/BP02/PL!SP-bp2-010-SEC.png
PL!SP-bp2-011	R	R	BP02	PL!SP-bp2-011-R.png	https://llofficial-cardgame.com/wordpress/wp-content/images/cardlist/BP02/PL!SP-bp2-011-R.png
PL!SP-bp2-011	P	P	BP02	PL!SP-bp2-011-P.png	https://llofficial-cardgame.com/wordpress/wp-content/images/cardlist/BP02/PL!SP-bp2-011-P.png
PL!SP-bp2-012	N	N	BP02	PL!SP-bp2-012-N.png	https://llofficial-cardgame.com/wordpress/wp-content/images/cardlist/BP02/PL!SP-bp2-012-N.png
PL!SP-bp2-013	N	N	BP02	PL!SP-bp2-013-N.png	https://llofficial-cardgame.com/wordpress/wp-content/images/cardlist/BP02/PL!SP-bp2-013-N.png
PL!SP-bp2-014	N	N	BP02	PL!SP-bp2-014-N.png	https://llofficial-cardgame.com/wordpress/wp-content/images/cardlist/BP02/PL!SP-bp2-014-N.png
PL!SP-bp2-015	N	N	BP02	PL!SP-bp2-015-N.png	https://llofficial-cardgame.com/wordpress/wp-content/images/cardlist/BP02/PL!SP-bp2-015-N.png
PL!SP-bp2-016	N	N	BP02	PL!SP-bp2-016-N.png	https://llofficial-cardgame.com/wordpress/wp-content/images/cardlist/BP02/PL!SP-bp2-016-N.png
PL!SP-bp2-017	N	N	BP02	PL!SP-bp2-017-N.png	https://llofficial-cardgame.com/wordpress/wp-content/images/cardlist/BP02/PL!SP-bp2-017-N.png
PL!SP-bp2-018	N	N	BP02	PL!SP-bp2-018-N.png	https://llofficial-cardgame.com/wordpress/wp-content/images/cardlist/BP02/PL!SP-bp2-018-N.png
PL!SP-bp2-019	N	N	BP02	PL!SP-bp2-019-N.png	https://llofficial-cardgame.com/wordpress/wp-content/images/cardlist/BP02/PL!SP-bp2-019-N.png
PL!SP-bp2-020	N	N	BP02	PL!SP-bp2-020-N.png	https://llofficial-cardgame.com/wordpress/wp-content/images/cardlist/BP02/PL!SP-bp2-020-N.png
PL!SP-bp2-021	N	N	BP02	PL!SP-bp2-021-N.png	https://llofficial-cardgame.com/wordpress/wp-content/images/cardlist/BP02/PL!SP-bp2-021-N.png
PL!SP-bp2-022	N	N	BP02	PL!SP-bp2-022-N.png	https://llofficial-cardgame.com/wordpress/wp-content/images/cardlist/BP02/PL!SP-bp2-022-N.png
PL!SP-bp2-023	L	L	BP02	PL!SP-bp2-023-L.png	https://llofficial-cardgame.com/wordpress/wp-content/images/cardlist/BP02/PL!SP-bp2-023-L.png
PL!SP-bp2-023	SRL	SRL	PBSP02	PL!SP-bp2-023-SRL.png	https://llofficial-cardgame.com/wordpress/wp-content/images/cardlist/PBSP02/PL!SP-bp2-023-SRL.png
PL!SP-bp2-024	L	L	BP02	PL!SP-bp2-024-L.png	https://llofficial-cardgame.com/wordpress/wp-content/images/cardlist/BP02/PL!SP-bp2-024-L.png
PL!SP-bp2-024	SECL	SECL	BP05	PL!SP-bp2-SECL.png	https://llofficial-cardgame.com/wordpress/wp-content/images/cardlist/BP05/PL!SP-bp2-SECL.png
PL!SP-bp2-024	SRL	SRL	PBSP02	PL!SP-bp2-024-SRL.png	https://llofficial-cardgame.com/wordpress/wp-content/images/cardlist/PBSP02/PL!SP-bp2-024-SRL.png
PL!SP-bp2-025	L	L	BP02	PL!SP-bp2-025-L.png	https://llofficial-cardgame.com/wordpress/wp-content/images/cardlist/BP02/PL!SP-bp2-025-L.png
PL!SP-bp2-025	SRL	SRL	PBSP02	PL!SP-bp2-025-SRL.png	https://llofficial-cardgame.com/wordpress/wp-content/images/cardlist/PBSP02/PL!SP-bp2-025-SRL.png
PL!SP-bp2-026	L	L	BP02	PL!SP-bp2-026-L.png	https://llofficial-cardgame.com/wordpress/wp-content/images/cardlist/BP02/PL!SP-bp2-026-L.png
PL!SP-bp2-026	SRL	SRL	PBSP02	PL!SP-bp2-026-SRL.png	https://llofficial-cardgame.com/wordpress/wp-content/images/cardlist/PBSP02/PL!SP-bp2-026-SRL.png
PL!SP-bp2-027	L	L	BP02	PL!SP-bp2-027-L.png	https://llofficial-cardgame.com/wordpress/wp-content/images/cardlist/BP02/PL!SP-bp2-027-L.png
PL!SP-bp2-027	SRL	SRL	PBSP02	PL!SP-bp2-027-SRL.png	https://llofficial-cardgame.com/wordpress/wp-content/images/cardlist/PBSP02/PL!SP-bp2-027-SRL.png
PL!SP-bp4-001	R	R	BP04	PL!SP-bp4-001-R.png	https://llofficial-cardgame.com/wordpress/wp-content/images/cardlist/BP04/PL!SP-bp4-001-R.png
PL!SP-bp4-001	P	P	BP04	PL!SP-bp4-001-P.png	https://llofficial-cardgame.com/wordpress/wp-content/images/cardlist/BP04/PL!SP-bp4-001-P.png
PL!SP-bp4-002	R	R	BP04	PL!SP-bp4-002-R.png	https://llofficial-cardgame.com/wordpress/wp-content/images/cardlist/BP04/PL!SP-bp4-002-R.png
PL!SP-bp4-002	P	P	BP04	PL!SP-bp4-002-P.png	https://llofficial-cardgame.com/wordpress/wp-content/images/cardlist/BP04/PL!SP-bp4-002-P.png
PL!SP-bp4-003	R	R	BP04	PL!SP-bp4-003-R.png	https://llofficial-cardgame.com/wordpress/wp-content/images/cardlist/BP04/PL!SP-bp4-003-R.png
PL!SP-bp4-003	P	P	BP04	PL!SP-bp4-003-P.png	https://llofficial-cardgame.com/wordpress/wp-content/images/cardlist/BP04/PL!SP-bp4-003-P.png
PL!SP-bp4-004	R2	R＋	BP04	PL!SP-bp4-004-R2.png	https://llofficial-cardgame.com/wordpress/wp-content/images/cardlist/BP04/PL!SP-bp4-004-R2.png
PL!SP-bp4-004	P	P	BP04	PL!SP-bp4-004-P.png	https://llofficial-cardgame.com/wordpress/wp-content/images/cardlist/BP04/PL!SP-bp4-004-P.png
PL!SP-bp4-004	P2	P＋	BP04	PL!SP-bp4-004-P2.png	https://llofficial-cardgame.com/wordpress/wp-content/images/cardlist/BP04/PL!SP-bp4-004-P2.png
PL!SP-bp4-004	SEC	SEC	BP04	PL!SP-bp4-004-SEC.png	https://llofficial-cardgame.com/wordpress/wp-content/images/cardlist/BP04/PL!SP-bp4-004-SEC.png
PL!SP-bp4-005	R2	R＋	BP04	PL!SP-bp4-005-R2.png	https://llofficial-cardgame.com/wordpress/wp-content/images/cardlist/BP04/PL!SP-bp4-005-R2.png
PL!SP-bp4-005	P	P	BP04	PL!SP-bp4-005-P.png	https://llofficial-cardgame.com/wordpress/wp-content/images/cardlist/BP04/PL!SP-bp4-005-P.png
PL!SP-bp4-005	P2	P＋	BP04	PL!SP-bp4-005-P2.png	https://llofficial-cardgame.com/wordpress/wp-content/images/cardlist/BP04/PL!SP-bp4-005-P2.png
PL!SP-bp4-005	SEC	SEC	BP04	PL!SP-bp4-005-SEC.png	https://llofficial-cardgame.com/wordpress/wp-content/images/cardlist/BP04/PL!SP-bp4-005-SEC.png
PL!SP-bp4-006	R	R	BP04	PL!SP-bp4-006-R.png	https://llofficial-cardgame.com/wordpress/wp-content/images/cardlist/BP04/PL!SP-bp4-006-R.png
PL!SP-bp4-006	P	P	BP04	PL!SP-bp4-006-P.png	https://llofficial-cardgame.com/wordpress/wp-content/images/cardlist/BP04/PL!SP-bp4-006-P.png
PL!SP-bp4-007	R	R	BP04	PL!SP-bp4-007-R.png	https://llofficial-cardgame.com/wordpress/wp-content/images/cardlist/BP04/PL!SP-bp4-007-R.png
PL!SP-bp4-007	P	P	BP04	PL!SP-bp4-007-P.png	https://llofficial-cardgame.com/wordpress/wp-content/images/cardlist/BP04/PL!SP-bp4-007-P.png
PL!SP-bp4-008	R2	R＋	BP04	PL!SP-bp4-008-R2.png	https://llofficial-cardgame.com/wordpress/wp-content/images/cardlist/BP04/PL!SP-bp4-008-R2.png
PL!SP-bp4-008	P	P	BP04	PL!SP-bp4-008-P.png	https://llofficial-cardgame.com/wordpress/wp-content/images/cardlist/BP04/PL!SP-bp4-008-P.png
PL!SP-bp4-008	P2	P＋	BP04	PL!SP-bp4-008-P2.png	https://llofficial-cardgame.com/wordpress/wp-content/images/cardlist/BP04/PL!SP-bp4-008-P2.png
PL!SP-bp4-008	SEC	SEC	BP04	PL!SP-bp4-008-SEC.png	https://llofficial-cardgame.com/wordpress/wp-content/images/cardlist/BP04/PL!SP-bp4-008-SEC.png
PL!SP-bp4-009	R	R	BP04	PL!SP-bp4-009-R.png	https://llofficial-cardgame.com/wordpress/wp-content/images/cardlist/BP04/PL!SP-bp4-009-R.png
PL!SP-bp4-009	P	P	BP04	PL!SP-bp4-009-P.png	https://llofficial-cardgame.com/wordpress/wp-content/images/cardlist/BP04/PL!SP-bp4-009-P.png
PL!SP-bp4-010	R	R	BP04	PL!SP-bp4-010-R.png	https://llofficial-cardgame.com/wordpress/wp-content/images/cardlist/BP04/PL!SP-bp4-010-R.png
PL!SP-bp4-010	P	P	BP04	PL!SP-bp4-010-P.png	https://llofficial-cardgame.com/wordpress/wp-content/images/cardlist/BP04/PL!SP-bp4-010-P.png
PL!SP-bp4-011	R2	R＋	BP04	PL!SP-bp4-011-R2.png	https://llofficial-cardgame.com/wordpress/wp-content/images/cardlist/BP04/PL!SP-bp4-011-R2.png
PL!SP-bp4-011	P	P	BP04	PL!SP-bp4-011-P.png	https://llofficial-cardgame.com/wordpress/wp-content/images/cardlist/BP04/PL!SP-bp4-011-P.png
PL!SP-bp4-011	P2	P＋	BP04	PL!SP-bp4-011-P2.png	https://llofficial-cardgame.com/wordpress/wp-content/images/cardlist/BP04/PL!SP-bp4-011-P2.png
PL!SP-bp4-011	SEC	SEC	BP04	PL!SP-bp4-011-SEC.png	https://llofficial-cardgame.com/wordpress/wp-content/images/cardlist/BP04/PL!SP-bp4-011-SEC.png
PL!SP-bp4-012	N	N	BP04	PL!SP-bp4-012-N.png	https://llofficial-cardgame.com/wordpress/wp-content/images/cardlist/BP04/PL!SP-bp4-012-N.png
PL!SP-bp4-013	N	N	BP04	PL!SP-bp4-013-N.png	https://llofficial-cardgame.com/wordpress/wp-content/images/cardlist/BP04/PL!SP-bp4-013-N.png
PL!SP-bp4-014	N	N	BP04	PL!SP-bp4-014-N.png	https://llofficial-cardgame.com/wordpress/wp-content/images/cardlist/BP04/PL!SP-bp4-014-N.png
PL!SP-bp4-015	N	N	BP04	PL!SP-bp4-015-N.png	https://llofficial-cardgame.com/wordpress/wp-content/images/cardlist/BP04/PL!SP-bp4-015-N.png
PL!SP-bp4-016	N	N	BP04	PL!SP-bp4-016-N.png	https://llofficial-cardgame.com/wordpress/wp-content/images/cardlist/BP04/PL!SP-bp4-016-N.png
PL!SP-bp4-017	N	N	BP04	PL!SP-bp4-017-N.png	https://llofficial-cardgame.com/wordpress/wp-content/images/cardlist/BP04/PL!SP-bp4-017-N.png
PL!SP-bp4-018	N	N	BP04	PL!SP-bp4-018-N.png	https://llofficial-cardgame.com/wordpress/wp-content/images/cardlist/BP04/PL!SP-bp4-018-N.png
PL!SP-bp4-019	N	N	BP04	PL!SP-bp4-019-N.png	https://llofficial-cardgame.com/wordpress/wp-content/images/cardlist/BP04/PL!SP-bp4-019-N.png
PL!SP-bp4-020	N	N	BP04	PL!SP-bp4-020-N.png	https://llofficial-cardgame.com/wordpress/wp-content/images/cardlist/BP04/PL!SP-bp4-020-N.png
PL!SP-bp4-021	N	N	BP04	PL!SP-bp4-021-N.png	https://llofficial-cardgame.com/wordpress/wp-content/images/cardlist/BP04/PL!SP-bp4-021-N.png
PL!SP-bp4-022	N	N	BP04	PL!SP-bp4-022-N.png	https://llofficial-cardgame.com/wordpress/wp-content/images/cardlist/BP04/PL!SP-bp4-022-N.png
PL!SP-bp4-023	L	L	BP04	PL!SP-bp4-023-L.png	https://llofficial-cardgame.com/wordpress/wp-content/images/cardlist/BP04/PL!SP-bp4-023-L.png
PL!SP-bp4-023	SRL	SRL	PBSP02	PL!SP-bp4-023-SRL.png	https://llofficial-cardgame.com/wordpress/wp-content/images/cardlist/PBSP02/PL!SP-bp4-023-SRL.png
PL!SP-bp4-024	L	L	BP04	PL!SP-bp4-024-L.png	https://llofficial-cardgame.com/wordpress/wp-content/images/cardlist/BP04/PL!SP-bp4-024-L.png
PL!SP-bp4-024	SECL	SECL	PBSP02	PL!SP-bp4-024-SECL.png	https://llofficial-cardgame.com/wordpress/wp-content/images/cardlist/PBSP02/PL!SP-bp4-024-SECL.png
PL!SP-bp4-024	SRL	SRL	PBSP02	PL!SP-bp4-024-SRL.png	https://llofficial-cardgame.com/wordpress/wp-content/images/cardlist/PBSP02/PL!SP-bp4-024-SRL.png
PL!SP-bp4-025	L	L	BP04	PL!SP-bp4-025-L.png	https://llofficial-cardgame.com/wordpress/wp-content/images/cardlist/BP04/PL!SP-bp4-025-L.png
PL!SP-bp4-025	SRL	SRL	PBSP02	PL!SP-bp4-025-SRL.png	https://llofficial-cardgame.com/wordpress/wp-content/images/cardlist/PBSP02/PL!SP-bp4-025-SRL.png
PL!SP-bp4-026	L	L	BP04	PL!SP-bp4-026-L.png	https://llofficial-cardgame.com/wordpress/wp-content/images/cardlist/BP04/PL!SP-bp4-026-L.png
PL!SP-bp4-026	SRL	SRL	PBSP02	PL!SP-bp4-026-SRL.png	https://llofficial-cardgame.com/wordpress/wp-content/images/cardlist/PBSP02/PL!SP-bp4-026-SRL.png
PL!SP-bp4-027	L	L	BP04	PL!SP-bp4-027-L.png	https://llofficial-cardgame.com/wordpress/wp-content/images/cardlist/BP04/PL!SP-bp4-027-L.png
PL!SP-bp4-027	SRL	SRL	PBSP02	PL!SP-bp4-027-SRL.png	https://llofficial-cardgame.com/wordpress/wp-content/images/cardlist/PBSP02/PL!SP-bp4-027-SRL.png
PL!SP-bp4-028	L	L	BP04	PL!SP-bp4-028-L.png	https://llofficial-cardgame.com/wordpress/wp-content/images/cardlist/BP04/PL!SP-bp4-028-L.png
PL!SP-bp4-028	SRL	SRL	PBSP02	PL!SP-bp4-028-SRL.png	https://llofficial-cardgame.com/wordpress/wp-content/images/cardlist/PBSP02/PL!SP-bp4-028-SRL.png
PL!SP-bp4-029	L	L	BP04	PL!SP-bp4-029-L.png	https://llofficial-cardgame.com/wordpress/wp-content/images/cardlist/BP04/PL!SP-bp4-029-L.png
PL!SP-bp4-029	SRL	SRL	PBSP02	PL!SP-bp4-029-SRL.png	https://llofficial-cardgame.com/wordpress/wp-content/images/cardlist/PBSP02/PL!SP-bp4-029-SRL.png
PL!SP-bp4-030	L	L	BP04	PL!SP-bp4-030-L.png	https://llofficial-cardgame.com/wordpress/wp-content/images/cardlist/BP04/PL!SP-bp4-030-L.png
PL!SP-bp4-030	SRL	SRL	PBSP02	PL!SP-bp4-030-SRL.png	https://llofficial-cardgame.com/wordpress/wp-content/images/cardlist/PBSP02/PL!SP-bp4-030-SRL.png
PL!SP-bp5-001	R2	R＋	BP05	PL!SP-bp5-001-R2.png	https://llofficial-cardgame.com/wordpress/wp-content/images/cardlist/BP05/PL!SP-bp5-001-R2.png
PL!SP-bp5-001	P	P	BP05	PL!SP-bp5-001-P.png	https://llofficial-cardgame.com/wordpress/wp-content/images/cardlist/BP05/PL!SP-bp5-001-P.png
PL!SP-bp5-001	AR	AR	BP05	PL!SP-bp5-001-AR.png	https://llofficial-cardgame.com/wordpress/wp-content/images/cardlist/BP05/PL!SP-bp5-001-AR.png
PL!SP-bp5-001	SEC	SEC	BP05	PL!SP-bp5-001-SEC.png	https://llofficial-cardgame.com/wordpress/wp-content/images/cardlist/BP05/PL!SP-bp5-001-SEC.png
PL!SP-bp5-002	R2	R＋	BP05	PL!SP-bp5-002-R2.png	https://llofficial-cardgame.com/wordpress/wp-content/images/cardlist/BP05/PL!SP-bp5-002-R2.png
PL!SP-bp5-002	P	P	BP05	PL!SP-bp5-002-P.png	https://llofficial-cardgame.com/wordpress/wp-content/images/cardlist/BP05/PL!SP-bp5-002-P.png
PL!SP-bp5-002	AR	AR	BP05	PL!SP-bp5-002-AR.png	https://llofficial-cardgame.com/wordpress/wp-content/images/cardlist/BP05/PL!SP-bp5-002-AR.png
PL!SP-bp5-002	SEC	SEC	BP05	PL!SP-bp5-002-SEC.png	https://llofficial-cardgame.com/wordpress/wp-content/images/cardlist/BP05/PL!SP-bp5-002-SEC.png
PL!SP-bp5-003	R2	R＋	BP05	PL!SP-bp5-003-R2.png	https://llofficial-cardgame.com/wordpress/wp-content/images/cardlist/BP05/PL!SP-bp5-003-R2.png
PL!SP-bp5-003	P	P	BP05	PL!SP-bp5-003-P.png	https://llofficial-cardgame.com/wordpress/wp-content/images/cardlist/BP05/PL!SP-bp5-003-P.png
PL!SP-bp5-003	AR	AR	BP05	PL!SP-bp5-003-AR.png	https://llofficial-cardgame.com/wordpress/wp-content/images/cardlist/BP05/PL!SP-bp5-003-AR.png
PL!SP-bp5-003	SEC	SEC	BP05	PL!SP-bp5-003-SEC.png	https://llofficial-cardgame.com/wordpress/wp-content/images/cardlist/BP05/PL!SP-bp5-003-SEC.png
PL!SP-bp5-004	R2	R＋	BP05	PL!SP-bp5-004-R2.png	https://llofficial-cardgame.com/wordpress/wp-content/images/cardlist/BP05/PL!SP-bp5-004-R2.png
PL!SP-bp5-004	P	P	BP05	PL!SP-bp5-004-P.png	https://llofficial-cardgame.com/wordpress/wp-content/images/cardlist/BP05/PL!SP-bp5-004-P.png
PL!SP-bp5-004	AR	AR	BP05	PL!SP-bp5-004-AR.png	https://llofficial-cardgame.com/wordpress/wp-content/images/cardlist/BP05/PL!SP-bp5-004-AR.png
PL!SP-bp5-004	SEC	SEC	BP05	PL!SP-bp5-004-SEC.png	https://llofficial-cardgame.com/wordpress/wp-content/images/cardlist/BP05/PL!SP-bp5-004-SEC.png
PL!SP-bp5-005	R2	R＋	BP05	PL!SP-bp5-005-R2.png	https://llofficial-cardgame.com/wordpress/wp-content/images/cardlist/BP05/PL!SP-bp5-005-R2.png
PL!SP-bp5-005	P	P	BP05	PL!SP-bp5-005-P.png	https://llofficial-cardgame.com/wordpress/wp-content/images/cardlist/BP05/PL!SP-bp5-005-P.png
PL!SP-bp5-005	AR	AR	BP05	PL!SP-bp5-005-AR.png	https://llofficial-cardgame.com/wordpress/wp-content/images/cardlist/BP05/PL!SP-bp5-005-AR.png
PL!SP-bp5-005	SEC	SEC	BP05	PL!SP-bp5-005-SEC.png	https://llofficial-cardgame.com/wordpress/wp-content/images/cardlist/BP05/PL!SP-bp5-005-SEC.png
PL!SP-bp5-006	R	R	BP05	PL!SP-bp5-006-R.png	https://llofficial-cardgame.com/wordpress/wp-content/images/cardlist/BP05/PL!SP-bp5-006-R.png
PL!SP-bp5-006	P	P	BP05	PL!SP-bp5-006-P.png	https://llofficial-cardgame.com/wordpress/wp-content/images/cardlist/BP05/PL!SP-bp5-006-P.png
PL!SP-bp5-006	AR	AR	BP05	PL!SP-bp5-006-AR.png	https://llofficial-cardgame.com/wordpress/wp-content/images/cardlist/BP05/PL!SP-bp5-006-AR.png
PL!SP-bp5-007	R	R	BP05	PL!SP-bp5-007-R.png	https://llofficial-cardgame.com/wordpress/wp-content/images/cardlist/BP05/PL!SP-bp5-007-R.png
PL!SP-bp5-007	P	P	BP05	PL!SP-bp5-007-P.png	https://llofficial-cardgame.com/wordpress/wp-content/images/cardlist/BP05/PL!SP-bp5-007-P.png
PL!SP-bp5-007	AR	AR	BP05	PL!SP-bp5-007-AR.png	https://llofficial-cardgame.com/wordpress/wp-content/images/cardlist/BP05/PL!SP-bp5-007-AR.png
PL!SP-bp5-008	R	R	BP05	PL!SP-bp5-008-R.png	https://llofficial-cardgame.com/wordpress/wp-content/images/cardlist/BP05/PL!SP-bp5-008-R.png
PL!SP-bp5-008	P	P	BP05	PL!SP-bp5-008-P.png	https://llofficial-cardgame.com/wordpress/wp-content/images/cardlist/BP05/PL!SP-bp5-008-P.png
PL!SP-bp5-008	AR	AR	BP05	PL!SP-bp5-008-AR.png	https://llofficial-cardgame.com/wordpress/wp-content/images/cardlist/BP05/PL!SP-bp5-008-AR.png
PL!SP-bp5-009	R	R	BP05	PL!SP-bp5-009-R.png	https://llofficial-cardgame.com/wordpress/wp-content/images/cardlist/BP05/PL!SP-bp5-009-R.png
PL!SP-bp5-009	P	P	BP05	PL!SP-bp5-009-P.png	https://llofficial-cardgame.com/wordpress/wp-content/images/cardlist/BP05/PL!SP-bp5-009-P.png
PL!SP-bp5-009	AR	AR	BP05	PL!SP-bp5-009-AR.png	https://llofficial-cardgame.com/wordpress/wp-content/images/cardlist/BP05/PL!SP-bp5-009-AR.png
PL!SP-bp5-010	R	R	BP05	PL!SP-bp5-010-R.png	https://llofficial-cardgame.com/wordpress/wp-content/images/cardlist/BP05/PL!SP-bp5-010-R.png
PL!SP-bp5-010	P	P	BP05	PL!SP-bp5-010-P.png	https://llofficial-cardgame.com/wordpress/wp-content/images/cardlist/BP05/PL!SP-bp5-010-P.png
PL!SP-bp5-010	AR	AR	BP05	PL!SP-bp5-010-AR.png	https://llofficial-cardgame.com/wordpress/wp-content/images/cardlist/BP05/PL!SP-bp5-010-AR.png
PL!SP-bp5-011	R	R	BP05	PL!SP-bp5-011-R.png	https://llofficial-cardgame.com/wordpress/wp-content/images/cardlist/BP05/PL!SP-bp5-011-R.png
PL!SP-bp5-011	P	P	BP05	PL!SP-bp5-011-P.png	https://llofficial-cardgame.com/wordpress/wp-content/images/cardlist/BP05/PL!SP-bp5-011-P.png
PL!SP-bp5-011	AR	AR	BP05	PL!SP-bp5-011-AR.png	https://llofficial-cardgame.com/wordpress/wp-content/images/cardlist/BP05/PL!SP-bp5-011-AR.png
PL!SP-bp5-012	N	N	BP05	PL!SP-bp5-012-N.png	https://llofficial-cardgame.com/wordpress/wp-content/images/cardlist/BP05/PL!SP-bp5-012-N.png
PL!SP-bp5-013	N	N	BP05	PL!SP-bp5-013-N.png	https://llofficial-cardgame.com/wordpress/wp-content/images/cardlist/BP05/PL!SP-bp5-013-N.png
PL!SP-bp5-014	N	N	BP05	PL!SP-bp5-014-N.png	https://llofficial-cardgame.com/wordpress/wp-content/images/cardlist/BP05/PL!SP-bp5-014-N.png
PL!SP-bp5-015	N	N	BP05	PL!SP-bp5-015-N.png	https://llofficial-cardgame.com/wordpress/wp-content/images/cardlist/BP05/PL!SP-bp5-015-N.png
PL!SP-bp5-016	N	N	BP05	PL!SP-bp5-016-N.png	https://llofficial-cardgame.com/wordpress/wp-content/images/cardlist/BP05/PL!SP-bp5-016-N.png
PL!SP-bp5-017	N	N	BP05	PL!SP-bp5-017-N.png	https://llofficial-cardgame.com/wordpress/wp-content/images/cardlist/BP05/PL!SP-bp5-017-N.png
PL!SP-bp5-018	N	N	BP05	PL!SP-bp5-018-N.png	https://llofficial-cardgame.com/wordpress/wp-content/images/cardlist/BP05/PL!SP-bp5-018-N.png
PL!SP-bp5-019	N	N	BP05	PL!SP-bp5-019-N.png	https://llofficial-cardgame.com/wordpress/wp-content/images/cardlist/BP05/PL!SP-bp5-019-N.png
PL!SP-bp5-020	N	N	BP05	PL!SP-bp5-020-N.png	https://llofficial-cardgame.com/wordpress/wp-content/images/cardlist/BP05/PL!SP-bp5-020-N.png
PL!SP-bp5-021	N	N	BP05	PL!SP-bp5-021-N.png	https://llofficial-cardgame.com/wordpress/wp-content/images/cardlist/BP05/PL!SP-bp5-021-N.png
PL!SP-bp5-022	N	N	BP05	PL!SP-bp5-022-N.png	https://llofficial-cardgame.com/wordpress/wp-content/images/cardlist/BP05/PL!SP-bp5-022-N.png
PL!SP-bp5-023	L	L	BP05	PL!SP-bp5-023-L.png	https://llofficial-cardgame.com/wordpress/wp-content/images/cardlist/BP05/PL!SP-bp5-023-L.png
PL!SP-bp5-024	L	L	BP05	PL!SP-bp5-024-L.png	https://llofficial-cardgame.com/wordpress/wp-content/images/cardlist/BP05/PL!SP-bp5-024-L.png
PL!SP-bp5-025	L	L	BP05	PL!SP-bp5-025-L.png	https://llofficial-cardgame.com/wordpress/wp-content/images/cardlist/BP05/PL!SP-bp5-025-L.png
PL!SP-bp5-026	L	L	BP05	PL!SP-bp5-026-L.png	https://llofficial-cardgame.com/wordpress/wp-content/images/cardlist/BP05/PL!SP-bp5-026-L.png
PL!SP-bp5-027	L	L	BP05	PL!SP-bp5-027-L.png	https://llofficial-cardgame.com/wordpress/wp-content/images/cardlist/BP05/PL!SP-bp5-027-L.png
PL!SP-bp5-111	R	R	BP05	PL!SP-bp5-111-R.png	https://llofficial-cardgame.com/wordpress/wp-content/images/cardlist/BP05/PL!SP-bp5-111-R.png
PL!SP-bp5-111	P2	P＋	BP05	PL!SP-bp5-111-P2.png	https://llofficial-cardgame.com/wordpress/wp-content/images/cardlist/BP05/PL!SP-bp5-111-P2.png
PL!SP-bp5-222	R	R	BP05	PL!SP-bp5-222-R.png	https://llofficial-cardgame.com/wordpress/wp-content/images/cardlist/BP05/PL!SP-bp5-222-R.png
PL!SP-bp5-222	P2	P＋	BP05	PL!SP-bp5-222-P2.png	https://llofficial-cardgame.com/wordpress/wp-content/images/cardlist/BP05/PL!SP-bp5-222-P2.png
PL!SP-pb1-001	R	R	PBSP	PL!SP-pb1-001-R.png	https://llofficial-cardgame.com/wordpress/wp-content/images/cardlist/PBSP/PL!SP-pb1-001-R.png
PL!SP-pb1-001	P2	P＋	PBSP	PL!SP-pb1-001-P2.png	https://llofficial-cardgame.com/wordpress/wp-content/images/cardlist/PBSP/PL!SP-pb1-001-P2.png
PL!SP-pb1-001	PR	PR	PR	PL!SP-pb1-001-PR.png	https://llofficial-cardgame.com/wordpress/wp-content/images/cardlist/PR/PL!SP-pb1-001-PR.png
PL!SP-pb1-002	R	R	PBSP	PL!SP-pb1-002-R.png	https://llofficial-cardgame.com/wordpress/wp-content/images/cardlist/PBSP/PL!SP-pb1-002-R.png
PL!SP-pb1-002	P2	P＋	PBSP	PL!SP-pb1-002-P2.png	https://llofficial-cardgame.com/wordpress/wp-content/images/cardlist/PBSP/PL!SP-pb1-002-P2.png
PL!SP-pb1-003	R	R	PBSP	PL!SP-pb1-003-R.png	https://llofficial-cardgame.com/wordpress/wp-content/images/cardlist/PBSP/PL!SP-pb1-003-R.png
PL!SP-pb1-003	P2	P＋	PBSP	PL!SP-pb1-003-P2.png	https://llofficial-cardgame.com/wordpress/wp-content/images/cardlist/PBSP/PL!SP-pb1-003-P2.png
PL!SP-pb1-004	R	R	PBSP	PL!SP-pb1-004-R.png	https://llofficial-cardgame.com/wordpress/wp-content/images/cardlist/PBSP/PL!SP-pb1-004-R.png
PL!SP-pb1-004	P2	P＋	PBSP	PL!SP-pb1-004-P2.png	https://llofficial-cardgame.com/wordpress/wp-content/images/cardlist/PBSP/PL!SP-pb1-004-P2.png
PL!SP-pb1-005	R	R	PBSP	PL!SP-pb1-005-R.png	https://llofficial-cardgame.com/wordpress/wp-content/images/cardlist/PBSP/PL!SP-pb1-005-R.png
PL!SP-pb1-005	P2	P＋	PBSP	PL!SP-pb1-005-P2.png	https://llofficial-cardgame.com/wordpress/wp-content/images/cardlist/PBSP/PL!SP-pb1-005-P2.png
PL!SP-pb1-006	R	R	PBSP	PL!SP-pb1-006-R.png	https://llofficial-cardgame.com/wordpress/wp-content/images/cardlist/PBSP/PL!SP-pb1-006-R.png
PL!SP-pb1-006	P2	P＋	PBSP	PL!SP-pb1-006-P2.png	https://llofficial-cardgame.com/wordpress/wp-content/images/cardlist/PBSP/PL!SP-pb1-006-P2.png
PL!SP-pb1-007	R	R	PBSP	PL!SP-pb1-007-R.png	https://llofficial-cardgame.com/wordpress/wp-content/images/cardlist/PBSP/PL!SP-pb1-007-R.png
PL!SP-pb1-007	P2	P＋	PBSP	PL!SP-pb1-007-P2.png	https://llofficial-cardgame.com/wordpress/wp-content/images/cardlist/PBSP/PL!SP-pb1-007-P2.png
PL!SP-pb1-008	R	R	PBSP	PL!SP-pb1-008-R.png	https://llofficial-cardgame.com/wordpress/wp-content/images/cardlist/PBSP/PL!SP-pb1-008-R.png
PL!SP-pb1-008	P2	P＋	PBSP	PL!SP-pb1-008-P2.png	https://llofficial-cardgame.com/wordpress/wp-content/images/cardlist/PBSP/PL!SP-pb1-008-P2.png
PL!SP-pb1-009	R	R	PBSP	PL!SP-pb1-009-R.png	https://llofficial-cardgame.com/wordpress/wp-content/images/cardlist/PBSP/PL!SP-pb1-009-R.png
PL!SP-pb1-009	P2	P＋	PBSP	PL!SP-pb1-009-P2.png	https://llofficial-cardgame.com/wordpress/wp-content/images/cardlist/PBSP/PL!SP-pb1-009-P2.png
PL!SP-pb1-010	R	R	PBSP	PL!SP-pb1-010-R.png	https://llofficial-cardgame.com/wordpress/wp-content/images/cardlist/PBSP/PL!SP-pb1-010-R.png
PL!SP-pb1-010	P2	P＋	PBSP	PL!SP-pb1-010-P2.png	https://llofficial-cardgame.com/wordpress/wp-content/images/cardlist/PBSP/PL!SP-pb1-010-P2.png
PL!SP-pb1-011	R	R	PBSP	PL!SP-pb1-011-R.png	https://llofficial-cardgame.com/wordpress/wp-content/images/cardlist/PBSP/PL!SP-pb1-011-R.png
PL!SP-pb1-011	P2	P＋	PBSP	PL!SP-pb1-011-P2.png	https://llofficial-cardgame.com/wordpress/wp-content/images/cardlist/PBSP/PL!SP-pb1-011-P2.png
PL!SP-pb1-012	N	N	PBSP	PL!SP-pb1-012-N.png	https://llofficial-cardgame.com/wordpress/wp-content/images/cardlist/PBSP/PL!SP-pb1-012-N.png
PL!SP-pb1-012	PR	PR	PR	PL!SP-pb1-012-PR.png	https://llofficial-cardgame.com/wordpress/wp-content/images/cardlist/PR/PL!SP-pb1-012-PR.png
PL!SP-pb1-013	N	N	PBSP	PL!SP-pb1-013-N.png	https://llofficial-cardgame.com/wordpress/wp-content/images/cardlist/PBSP/PL!SP-pb1-013-N.png
PL!SP-pb1-013	PR	PR	PR	PL!SP-pb1-013-PR.png	https://llofficial-cardgame.com/wordpress/wp-content/images/cardlist/PR/PL!SP-pb1-013-PR.png
PL!SP-pb1-014	N	N	PBSP	PL!SP-pb1-014-N.png	https://llofficial-cardgame.com/wordpress/wp-content/images/cardlist/PBSP/PL!SP-pb1-014-N.png
PL!SP-pb1-014	PR	PR	PR	PL!SP-pb1-014-PR.png	https://llofficial-cardgame.com/wordpress/wp-content/images/cardlist/PR/PL!SP-pb1-014-PR.png
PL!SP-pb1-015	N	N	PBSP	PL!SP-pb1-015-N.png	https://llofficial-cardgame.com/wordpress/wp-content/images/cardlist/PBSP/PL!SP-pb1-015-N.png
PL!SP-pb1-016	N	N	PBSP	PL!SP-pb1-016-N.png	https://llofficial-cardgame.com/wordpress/wp-content/images/cardlist/PBSP/PL!SP-pb1-016-N.png
PL!SP-pb1-017	N	N	PBSP	PL!SP-pb1-017-N.png	https://llofficial-cardgame.com/wordpress/wp-content/images/cardlist/PBSP/PL!SP-pb1-017-N.png
PL!SP-pb1-018	N	N	PBSP	PL!SP-pb1-018-N.png	https://llofficial-cardgame.com/wordpress/wp-content/images/cardlist/PBSP/PL!SP-pb1-018-N.png
PL!SP-pb1-019	N	N	PBSP	PL!SP-pb1-019-N.png	https://llofficial-cardgame.com/wordpress/wp-content/images/cardlist/PBSP/PL!SP-pb1-019-N.png
PL!SP-pb1-020	N	N	PBSP	PL!SP-pb1-020-N.png	https://llofficial-cardgame.com/wordpress/wp-content/images/cardlist/PBSP/PL!SP-pb1-020-N.png
PL!SP-pb1-021	N	N	PBSP	PL!SP-pb1-021-N.png	https://llofficial-cardgame.com/wordpress/wp-content/images/cardlist/PBSP/PL!SP-pb1-021-N.png
PL!SP-pb1-022	N	N	PBSP	PL!SP-pb1-022-N.png	https://llofficial-cardgame.com/wordpress/wp-content/images/cardlist/PBSP/PL!SP-pb1-022-N.png
PL!SP-pb1-023	L	L	PBSP	PL!SP-pb1-023-L.png	https://llofficial-cardgame.com/wordpress/wp-content/images/cardlist/PBSP/PL!SP-pb1-023-L.png
PL!SP-pb1-023	SRL	SRL	PBSP02	PL!SP-pb1-023-SRL.png	https://llofficial-cardgame.com/wordpress/wp-content/images/cardlist/PBSP02/PL!SP-pb1-023-SRL.png
PL!SP-pb1-024	L	L	PBSP	PL!SP-pb1-024-L.png	https://llofficial-cardgame.com/wordpress/wp-content/images/cardlist/PBSP/PL!SP-pb1-024-L.png
PL!SP-pb1-024	SRL	SRL	PBSP02	PL!SP-pb1-024-SRL.png	https://llofficial-cardgame.com/wordpress/wp-content/images/cardlist/PBSP02/PL!SP-pb1-024-SRL.png
PL!SP-pb1-025	L	L	PBSP	PL!SP-pb1-025-L.png	https://llofficial-cardgame.com/wordpress/wp-content/images/cardlist/PBSP/PL!SP-pb1-025-L.png
PL!SP-pb1-025	SRL	SRL	PBSP02	PL!SP-pb1-025-SRL.png	https://llofficial-cardgame.com/wordpress/wp-content/images/cardlist/PBSP02/PL!SP-pb1-025-SRL.png
PL!SP-pb1-026	L	L	PBSP	PL!SP-pb1-026-L.png	https://llofficial-cardgame.com/wordpress/wp-content/images/cardlist/PBSP/PL!SP-pb1-026-L.png
PL!SP-pb1-026	L2	L＋	PBSP	PL!SP-pb1-026-L2.png	https://llofficial-cardgame.com/wordpress/wp-content/images/cardlist/PBSP/PL!SP-pb1-026-L2.png
PL!SP-pb1-026	SRL	SRL	PBSP02	PL!SP-pb1-026-SRL.png	https://llofficial-cardgame.com/wordpress/wp-content/images/cardlist/PBSP02/PL!SP-pb1-026-SRL.png
PL!SP-pb2-000	R	R	PBSP02	PL!SP-pb2-000-R.png	https://llofficial-cardgame.com/wordpress/wp-content/images/cardlist/PBSP02/PL!SP-pb2-000-R.png
PL!SP-pb2-000	DUO	DUO	PBSP02	PL!SP-pb2-000-DUO.png	https://llofficial-cardgame.com/wordpress/wp-content/images/cardlist/PBSP02/PL!SP-pb2-000-DUO.png
PL!SP-pb2-001	R	R	PBSP02	PL!SP-pb2-001-R.png	https://llofficial-cardgame.com/wordpress/wp-content/images/cardlist/PBSP02/PL!SP-pb2-001-R.png
PL!SP-pb2-001	PP	PP	PBSP02	PL!SP-pb2-001-PP.png	https://llofficial-cardgame.com/wordpress/wp-content/images/cardlist/PBSP02/PL!SP-pb2-001-PP.png
PL!SP-pb2-002	R	R	PBSP02	PL!SP-pb2-002-R.png	https://llofficial-cardgame.com/wordpress/wp-content/images/cardlist/PBSP02/PL!SP-pb2-002-R.png
PL!SP-pb2-002	PP	PP	PBSP02	PL!SP-pb2-002-PP.png	https://llofficial-cardgame.com/wordpress/wp-content/images/cardlist/PBSP02/PL!SP-pb2-002-PP.png
PL!SP-pb2-003	R	R	PBSP02	PL!SP-pb2-003-R.png	https://llofficial-cardgame.com/wordpress/wp-content/images/cardlist/PBSP02/PL!SP-pb2-003-R.png
PL!SP-pb2-003	PP	PP	PBSP02	PL!SP-pb2-003-PP.png	https://llofficial-cardgame.com/wordpress/wp-content/images/cardlist/PBSP02/PL!SP-pb2-003-PP.png
PL!SP-pb2-004	R	R	PBSP02	PL!SP-pb2-004-R.png	https://llofficial-cardgame.com/wordpress/wp-content/images/cardlist/PBSP02/PL!SP-pb2-004-R.png
PL!SP-pb2-004	PP	PP	PBSP02	PL!SP-pb2-004-PP.png	https://llofficial-cardgame.com/wordpress/wp-content/images/cardlist/PBSP02/PL!SP-pb2-004-PP.png
PL!SP-pb2-005	R	R	PBSP02	PL!SP-pb2-005-R.png	https://llofficial-cardgame.com/wordpress/wp-content/images/cardlist/PBSP02/PL!SP-pb2-005-R.png
PL!SP-pb2-005	PP	PP	PBSP02	PL!SP-pb2-005-PP.png	https://llofficial-cardgame.com/wordpress/wp-content/images/cardlist/PBSP02/PL!SP-pb2-005-PP.png
PL!SP-pb2-006	R	R	PBSP02	PL!SP-pb2-006-R.png	https://llofficial-cardgame.com/wordpress/wp-content/images/cardlist/PBSP02/PL!SP-pb2-006-R.png
PL!SP-pb2-006	PP	PP	PBSP02	PL!SP-pb2-006-PP.png	https://llofficial-cardgame.com/wordpress/wp-content/images/cardlist/PBSP02/PL!SP-pb2-006-PP.png
PL!SP-pb2-007	R	R	PBSP02	PL!SP-pb2-007-R.png	https://llofficial-cardgame.com/wordpress/wp-content/images/cardlist/PBSP02/PL!SP-pb2-007-R.png
PL!SP-pb2-007	PP	PP	PBSP02	PL!SP-pb2-007-PP.png	https://llofficial-cardgame.com/wordpress/wp-content/images/cardlist/PBSP02/PL!SP-pb2-007-PP.png
PL!SP-pb2-008	R	R	PBSP02	PL!SP-pb2-008-R.png	https://llofficial-cardgame.com/wordpress/wp-content/images/cardlist/PBSP02/PL!SP-pb2-008-R.png
PL!SP-pb2-008	PP	PP	PBSP02	PL!SP-pb2-008-PP.png	https://llofficial-cardgame.com/wordpress/wp-content/images/cardlist/PBSP02/PL!SP-pb2-008-PP.png
PL!SP-pb2-009	R	R	PBSP02	PL!SP-pb2-009-R.png	https://llofficial-cardgame.com/wordpress/wp-content/images/cardlist/PBSP02/PL!SP-pb2-009-R.png
PL!SP-pb2-009	PP	PP	PBSP02	PL!SP-pb2-009-PP.png	https://llofficial-cardgame.com/wordpress/wp-content/images/cardlist/PBSP02/PL!SP-pb2-009-PP.png
PL!SP-pb2-010	R	R	PBSP02	PL!SP-pb2-010-R.png	https://llofficial-cardgame.com/wordpress/wp-content/images/cardlist/PBSP02/PL!SP-pb2-010-R.png
PL!SP-pb2-010	PP	PP	PBSP02	PL!SP-pb2-010-PP.png	https://llofficial-cardgame.com/wordpress/wp-content/images/cardlist/PBSP02/PL!SP-pb2-010-PP.png
PL!SP-pb2-011	R	R	PBSP02	PL!SP-pb2-011-R.png	https://llofficial-cardgame.com/wordpress/wp-content/images/cardlist/PBSP02/PL!SP-pb2-011-R.png
PL!SP-pb2-011	PP	PP	PBSP02	PL!SP-pb2-011-PP.png	https://llofficial-cardgame.com/wordpress/wp-content/images/cardlist/PBSP02/PL!SP-pb2-011-PP.png
PL!SP-pb2-012	R	R	PBSP02	PL!SP-pb2-012-R.png	https://llofficial-cardgame.com/wordpress/wp-content/images/cardlist/PBSP02/PL!SP-pb2-012-R.png
PL!SP-pb2-012	P2	P＋	PBSP02	PL!SP-pb2-012-P2.png	https://llofficial-cardgame.com/wordpress/wp-content/images/cardlist/PBSP02/PL!SP-pb2-012-P2.png
PL!SP-pb2-013	R	R	PBSP02	PL!SP-pb2-013-R.png	https://llofficial-cardgame.com/wordpress/wp-content/images/cardlist/PBSP02/PL!SP-pb2-013-R.png
PL!SP-pb2-013	P2	P＋	PBSP02	PL!SP-pb2-013-P2.png	https://llofficial-cardgame.com/wordpress/wp-content/images/cardlist/PBSP02/PL!SP-pb2-013-P2.png
PL!SP-pb2-014	R	R	PBSP02	PL!SP-pb2-014-R.png	https://llofficial-cardgame.com/wordpress/wp-content/images/cardlist/PBSP02/PL!SP-pb2-014-R.png
PL!SP-pb2-014	P2	P＋	PBSP02	PL!SP-pb2-014-P2.png	https://llofficial-cardgame.com/wordpress/wp-content/images/cardlist/PBSP02/PL!SP-pb2-014-P2.png
PL!SP-pb2-015	R	R	PBSP02	PL!SP-pb2-015-R.png	https://llofficial-cardgame.com/wordpress/wp-content/images/cardlist/PBSP02/PL!SP-pb2-015-R.png
PL!SP-pb2-015	P2	P＋	PBSP02	PL!SP-pb2-015-P2.png	https://llofficial-cardgame.com/wordpress/wp-content/images/cardlist/PBSP02/PL!SP-pb2-015-P2.png
PL!SP-pb2-016	R	R	PBSP02	PL!SP-pb2-016-R.png	https://llofficial-cardgame.com/wordpress/wp-content/images/cardlist/PBSP02/PL!SP-pb2-016-R.png
PL!SP-pb2-016	P2	P＋	PBSP02	PL!SP-pb2-016-P2.png	https://llofficial-cardgame.com/wordpress/wp-content/images/cardlist/PBSP02/PL!SP-pb2-016-P2.png
PL!SP-pb2-017	R	R	PBSP02	PL!SP-pb2-017-R.png	https://llofficial-cardgame.com/wordpress/wp-content/images/cardlist/PBSP02/PL!SP-pb2-017-R.png
PL!SP-pb2-017	P2	P＋	PBSP02	PL!SP-pb2-017-P2.png	https://llofficial-cardgame.com/wordpress/wp-content/images/cardlist/PBSP02/PL!SP-pb2-017-P2.png
PL!SP-pb2-018	R	R	PBSP02	PL!SP-pb2-018-R.png	https://llofficial-cardgame.com/wordpress/wp-content/images/cardlist/PBSP02/PL!SP-pb2-018-R.png
PL!SP-pb2-018	P2	P＋	PBSP02	PL!SP-pb2-018-P2.png	https://llofficial-cardgame.com/wordpress/wp-content/images/cardlist/PBSP02/PL!SP-pb2-018-P2.png
PL!SP-pb2-019	R	R	PBSP02	PL!SP-pb2-019-R.png	https://llofficial-cardgame.com/wordpress/wp-content/images/cardlist/PBSP02/PL!SP-pb2-019-R.png
PL!SP-pb2-019	P2	P＋	PBSP02	PL!SP-pb2-019-P2.png	https://llofficial-cardgame.com/wordpress/wp-content/images/cardlist/PBSP02/PL!SP-pb2-019-P2.png
PL!SP-pb2-020	R	R	PBSP02	PL!SP-pb2-020-R.png	https://llofficial-cardgame.com/wordpress/wp-content/images/cardlist/PBSP02/PL!SP-pb2-020-R.png
PL!SP-pb2-020	P2	P＋	PBSP02	PL!SP-pb2-020-P2.png	https://llofficial-cardgame.com/wordpress/wp-content/images/cardlist/PBSP02/PL!SP-pb2-020-P2.png
PL!SP-pb2-021	R	R	PBSP02	PL!SP-pb2-021-R.png	https://llofficial-cardgame.com/wordpress/wp-content/images/cardlist/PBSP02/PL!SP-pb2-021-R.png
PL!SP-pb2-021	P2	P＋	PBSP02	PL!SP-pb2-021-P2.png	https://llofficial-cardgame.com/wordpress/wp-content/images/cardlist/PBSP02/PL!SP-pb2-021-P2.png
PL!SP-pb2-022	R	R	PBSP02	PL!SP-pb2-022-R.png	https://llofficial-cardgame.com/wordpress/wp-content/images/cardlist/PBSP02/PL!SP-pb2-022-R.png
PL!SP-pb2-022	P2	P＋	PBSP02	PL!SP-pb2-022-P2.png	https://llofficial-cardgame.com/wordpress/wp-content/images/cardlist/PBSP02/PL!SP-pb2-022-P2.png
PL!SP-pb2-023	N	N	PBSP02	PL!SP-pb2-023-N.png	https://llofficial-cardgame.com/wordpress/wp-content/images/cardlist/PBSP02/PL!SP-pb2-023-N.png
PL!SP-pb2-024	N	N	PBSP02	PL!SP-pb2-024-N.png	https://llofficial-cardgame.com/wordpress/wp-content/images/cardlist/PBSP02/PL!SP-pb2-024-N.png
PL!SP-pb2-025	N	N	PBSP02	PL!SP-pb2-025-N.png	https://llofficial-cardgame.com/wordpress/wp-content/images/cardlist/PBSP02/PL!SP-pb2-025-N.png
PL!SP-pb2-026	N	N	PBSP02	PL!SP-pb2-026-N.png	https://llofficial-cardgame.com/wordpress/wp-content/images/cardlist/PBSP02/PL!SP-pb2-026-N.png
PL!SP-pb2-027	N	N	PBSP02	PL!SP-pb2-027-N.png	https://llofficial-cardgame.com/wordpress/wp-content/images/cardlist/PBSP02/PL!SP-pb2-027-N.png
PL!SP-pb2-028	N	N	PBSP02	PL!SP-pb2-028-N.png	https://llofficial-cardgame.com/wordpress/wp-content/images/cardlist/PBSP02/PL!SP-pb2-028-N.png
PL!SP-pb2-029	N	N	PBSP02	PL!SP-pb2-029-N.png	https://llofficial-cardgame.com/wordpress/wp-content/images/cardlist/PBSP02/PL!SP-pb2-029-N.png
PL!SP-pb2-030	N	N	PBSP02	PL!SP-pb2-030-N.png	https://llofficial-cardgame.com/wordpress/wp-content/images/cardlist/PBSP02/PL!SP-pb2-030-N.png
PL!SP-pb2-031	N	N	PBSP02	PL!SP-pb2-031-N.png	https://llofficial-cardgame.com/wordpress/wp-content/images/cardlist/PBSP02/PL!SP-pb2-031-N.png
PL!SP-pb2-032	N	N	PBSP02	PL!SP-pb2-032-N.png	https://llofficial-cardgame.com/wordpress/wp-content/images/cardlist/PBSP02/PL!SP-pb2-032-N.png
PL!SP-pb2-033	N	N	PBSP02	PL!SP-pb2-033-N.png	https://llofficial-cardgame.com/wordpress/wp-content/images/cardlist/PBSP02/PL!SP-pb2-033-N.png
PL!SP-pb2-034	N	N	PBSP02	PL!SP-pb2-034-N.png	https://llofficial-cardgame.com/wordpress/wp-content/images/cardlist/PBSP02/PL!SP-pb2-034-N.png
PL!SP-pb2-035	N	N	PBSP02	PL!SP-pb2-035-N.png	https://llofficial-cardgame.com/wordpress/wp-content/images/cardlist/PBSP02/PL!SP-pb2-035-N.png
PL!SP-pb2-036	N	N	PBSP02	PL!SP-pb2-036-N.png	https://llofficial-cardgame.com/wordpress/wp-content/images/cardlist/PBSP02/PL!SP-pb2-036-N.png
PL!SP-pb2-037	N	N	PBSP02	PL!SP-pb2-037-N.png	https://llofficial-cardgame.com/wordpress/wp-content/images/cardlist/PBSP02/PL!SP-pb2-037-N.png
PL!SP-pb2-038	N	N	PBSP02	PL!SP-pb2-038-N.png	https://llofficial-cardgame.com/wordpress/wp-content/images/cardlist/PBSP02/PL!SP-pb2-038-N.png
PL!SP-pb2-039	N	N	PBSP02	PL!SP-pb2-039-N.png	https://llofficial-cardgame.com/wordpress/wp-content/images/cardlist/PBSP02/PL!SP-pb2-039-N.png
PL!SP-pb2-040	N	N	PBSP02	PL!SP-pb2-040-N.png	https://llofficial-cardgame.com/wordpress/wp-content/images/cardlist/PBSP02/PL!SP-pb2-040-N.png
PL!SP-pb2-041	N	N	PBSP02	PL!SP-pb2-041-N.png	https://llofficial-cardgame.com/wordpress/wp-content/images/cardlist/PBSP02/PL!SP-pb2-041-N.png
PL!SP-pb2-042	N	N	PBSP02	PL!SP-pb2-042-N.png	https://llofficial-cardgame.com/wordpress/wp-content/images/cardlist/PBSP02/PL!SP-pb2-042-N.png
PL!SP-pb2-043	N	N	PBSP02	PL!SP-pb2-043-N.png	https://llofficial-cardgame.com/wordpress/wp-content/images/cardlist/PBSP02/PL!SP-pb2-043-N.png
PL!SP-pb2-044	N	N	PBSP02	PL!SP-pb2-044-N.png	https://llofficial-cardgame.com/wordpress/wp-content/images/cardlist/PBSP02/PL!SP-pb2-044-N.png
PL!SP-pb2-045	L	L	PBSP02	PL!SP-pb2-045-L.png	https://llofficial-cardgame.com/wordpress/wp-content/images/cardlist/PBSP02/PL!SP-pb2-045-L.png
PL!SP-pb2-046	L	L	PBSP02	PL!SP-pb2-046-L.png	https://llofficial-cardgame.com/wordpress/wp-content/images/cardlist/PBSP02/PL!SP-pb2-046-L.png
PL!SP-pb2-047	L	L	PBSP02	PL!SP-pb2-047-L.png	https://llofficial-cardgame.com/wordpress/wp-content/images/cardlist/PBSP02/PL!SP-pb2-047-L.png
PL!SP-pb2-048	L	L	PBSP02	PL!SP-pb2-048-L.png	https://llofficial-cardgame.com/wordpress/wp-content/images/cardlist/PBSP02/PL!SP-pb2-048-L.png
PL!SP-pb2-049	L	L	PBSP02	PL!SP-pb2-049-L.png	https://llofficial-cardgame.com/wordpress/wp-content/images/cardlist/PBSP02/PL!SP-pb2-049-L.png
PL!SP-pb2-050	L	L	PBSP02	PL!SP-pb2-050-L.png	https://llofficial-cardgame.com/wordpress/wp-content/images/cardlist/PBSP02/PL!SP-pb2-050-L.png
PL!SP-sd1-001	SD	SD	SPSD01	PL!SP-sd1-001-SD.png	https://llofficial-cardgame.com/wordpress/wp-content/images/cardlist/SPSD01/PL!SP-sd1-001-SD.png
PL!SP-sd1-002	SD	SD	SPSD01	PL!SP-sd1-002-SD.png	https://llofficial-cardgame.com/wordpress/wp-content/images/cardlist/SPSD01/PL!SP-sd1-002-SD.png
PL!SP-sd1-003	SD	SD	SPSD01	PL!SP-sd1-003-SD.png	https://llofficial-cardgame.com/wordpress/wp-content/images/cardlist/SPSD01/PL!SP-sd1-003-SD.png
PL!SP-sd1-004	SD	SD	SPSD01	PL!SP-sd1-004-SD.png	https://llofficial-cardgame.com/wordpress/wp-content/images/cardlist/SPSD01/PL!SP-sd1-004-SD.png
PL!SP-sd1-005	SD	SD	SPSD01	PL!SP-sd1-005-SD.png	https://llofficial-cardgame.com/wordpress/wp-content/images/cardlist/SPSD01/PL!SP-sd1-005-SD.png
PL!SP-sd1-006	SD	SD	SPSD01	PL!SP-sd1-006-SD.png	https://llofficial-cardgame.com/wordpress/wp-content/images/cardlist/SPSD01/PL!SP-sd1-006-SD.png
PL!SP-sd1-007	SD	SD	SPSD01	PL!SP-sd1-007-SD.png	https://llofficial-cardgame.com/wordpress/wp-content/images/cardlist/SPSD01/PL!SP-sd1-007-SD.png
PL!SP-sd1-008	SD	SD	SPSD01	PL!SP-sd1-008-SD.png	https://llofficial-cardgame.com/wordpress/wp-content/images/cardlist/SPSD01/PL!SP-sd1-008-SD.png
PL!SP-sd1-009	SD	SD	SPSD01	PL!SP-sd1-009-SD.png	https://llofficial-cardgame.com/wordpress/wp-content/images/cardlist/SPSD01/PL!SP-sd1-009-SD.png
PL!SP-sd1-010	SD	SD	SPSD01	PL!SP-sd1-010-SD.png	https://llofficial-cardgame.com/wordpress/wp-content/images/cardlist/SPSD01/PL!SP-sd1-010-SD.png
PL!SP-sd1-011	SD	SD	SPSD01	PL!SP-sd1-011-SD.png	https://llofficial-cardgame.com/wordpress/wp-content/images/cardlist/SPSD01/PL!SP-sd1-011-SD.png
PL!SP-sd1-012	SD	SD	SPSD01	PL!SP-sd1-012-SD.png	https://llofficial-cardgame.com/wordpress/wp-content/images/cardlist/SPSD01/PL!SP-sd1-012-SD.png
PL!SP-sd1-013	SD	SD	SPSD01	PL!SP-sd1-013-SD.png	https://llofficial-cardgame.com/wordpress/wp-content/images/cardlist/SPSD01/PL!SP-sd1-013-SD.png
PL!SP-sd1-014	SD	SD	SPSD01	PL!SP-sd1-014-SD.png	https://llofficial-cardgame.com/wordpress/wp-content/images/cardlist/SPSD01/PL!SP-sd1-014-SD.png
PL!SP-sd1-015	SD	SD	SPSD01	PL!SP-sd1-015-SD.png	https://llofficial-cardgame.com/wordpress/wp-content/images/cardlist/SPSD01/PL!SP-sd1-015-SD.png
PL!SP-sd1-016	SD	SD	SPSD01	PL!SP-sd1-016-SD.png	https://llofficial-cardgame.com/wordpress/wp-content/images/cardlist/SPSD01/PL!SP-sd1-016-SD.png
PL!SP-sd1-017	SD	SD	SPSD01	PL!SP-sd1-017-SD.png	https://llofficial-cardgame.com/wordpress/wp-content/images/cardlist/SPSD01/PL!SP-sd1-017-SD.png
PL!SP-sd1-018	SD	SD	SPSD01	PL!SP-sd1-018-SD.png	https://llofficial-cardgame.com/wordpress/wp-content/images/cardlist/SPSD01/PL!SP-sd1-018-SD.png
PL!SP-sd1-019	SD	SD	SPSD01	PL!SP-sd1-019-SD.png	https://llofficial-cardgame.com/wordpress/wp-content/images/cardlist/SPSD01/PL!SP-sd1-019-SD.png
PL!SP-sd1-019	RM	RM	BP05	PL!SP-sd1-019-RM.png	https://llofficial-cardgame.com/wordpress/wp-content/images/cardlist/BP05/PL!SP-sd1-019-RM.png
PL!SP-sd1-020	SD	SD	SPSD01	PL!SP-sd1-020-SD.png	https://llofficial-cardgame.com/wordpress/wp-content/images/cardlist/SPSD01/PL!SP-sd1-020-SD.png
PL!SP-sd1-020	RM	RM	BP05	PL!SP-sd1-020-RM.png	https://llofficial-cardgame.com/wordpress/wp-content/images/cardlist/BP05/PL!SP-sd1-020-RM.png
PL!SP-sd1-021	SD	SD	SPSD01	PL!SP-sd1-021-SD.png	https://llofficial-cardgame.com/wordpress/wp-content/images/cardlist/SPSD01/PL!SP-sd1-021-SD.png
PL!SP-sd1-022	SD	SD	SPSD01	PL!SP-sd1-022-SD.png	https://llofficial-cardgame.com/wordpress/wp-content/images/cardlist/SPSD01/PL!SP-sd1-022-SD.png
PL!SP-sd1-023	SD	SD	SPSD01	PL!SP-sd1-023-SD.png	https://llofficial-cardgame.com/wordpress/wp-content/images/cardlist/SPSD01/PL!SP-sd1-023-SD.png
PL!SP-sd1-023	SRL	SRL	PBSP02	PL!SP-sd1-023-SRL.png	https://llofficial-cardgame.com/wordpress/wp-content/images/cardlist/PBSP02/PL!SP-sd1-023-SRL.png
PL!SP-sd1-024	SD	SD	SPSD01	PL!SP-sd1-024-SD.png	https://llofficial-cardgame.com/wordpress/wp-content/images/cardlist/SPSD01/PL!SP-sd1-024-SD.png
PL!SP-sd1-024	SRL	SRL	PBSP02	PL!SP-sd1-024-SRL.png	https://llofficial-cardgame.com/wordpress/wp-content/images/cardlist/PBSP02/PL!SP-sd1-024-SRL.png
PL!SP-sd1-025	SD	SD	SPSD01	PL!SP-sd1-025-SD.png	https://llofficial-cardgame.com/wordpress/wp-content/images/cardlist/SPSD01/PL!SP-sd1-025-SD.png
PL!SP-sd1-025	SRL	SRL	PBSP02	PL!SP-sd1-025-SRL.png	https://llofficial-cardgame.com/wordpress/wp-content/images/cardlist/PBSP02/PL!SP-sd1-025-SRL.png
PL!SP-sd1-026	SD	SD	SPSD01	PL!SP-sd1-026-SD.png	https://llofficial-cardgame.com/wordpress/wp-content/images/cardlist/SPSD01/PL!SP-sd1-026-SD.png
PL!SP-sd1-026	SRL	SRL	PBSP02	PL!SP-sd1-026-SRL.png	https://llofficial-cardgame.com/wordpress/wp-content/images/cardlist/PBSP02/PL!SP-sd1-026-SRL.png
PL!SP-sd2-001			SPSD02	PL!SP-sd2-001-SD2.png	https://llofficial-cardgame.com/wordpress/wp-content/images/cardlist/SPSD02/PL!SP-sd2-001-SD2.png
PL!SP-sd2-002	P	P	SPSD02	PL!SP-sd2-002-P.png	https://llofficial-cardgame.com/wordpress/wp-content/images/cardlist/SPSD02/PL!SP-sd2-002-P.png
PL!SP-sd2-002			SPSD02	PL!SP-sd2-002-SD2.png	https://llofficial-cardgame.com/wordpress/wp-content/images/cardlist/SPSD02/PL!SP-sd2-002-SD2.png
PL!SP-sd2-003			SPSD02	PL!SP-sd2-003-SD2.png	https://llofficial-cardgame.com/wordpress/wp-content/images/cardlist/SPSD02/PL!SP-sd2-003-SD2.png
PL!SP-sd2-004			SPSD02	PL!SP-sd2-004-SD2.png	https://llofficial-cardgame.com/wordpress/wp-content/images/cardlist/SPSD02/PL!SP-sd2-004-SD2.png
PL!SP-sd2-005			SPSD02	PL!SP-sd2-005-SD2.png	https://llofficial-cardgame.com/wordpress/wp-content/images/cardlist/SPSD02/PL!SP-sd2-005-SD2.png
PL!SP-sd2-006			SPSD02	PL!SP-sd2-006-SD2.png	https://llofficial-cardgame.com/wordpress/wp-content/images/cardlist/SPSD02/PL!SP-sd2-006-SD2.png
PL!SP-sd2-007			SPSD02	PL!SP-sd2-007-SD2.png	https://llofficial-cardgame.com/wordpress/wp-content/images/cardlist/SPSD02/PL!SP-sd2-007-SD2.png
PL!SP-sd2-008			SPSD02	PL!SP-sd2-008-SD2.png	https://llofficial-cardgame.com/wordpress/wp-content/images/cardlist/SPSD02/PL!SP-sd2-008-SD2.png
PL!SP-sd2-009			SPSD02	PL!SP-sd2-009-SD2.png	https://llofficial-cardgame.com/wordpress/wp-content/images/cardlist/SPSD02/PL!SP-sd2-009-SD2.png
PL!SP-sd2-010			SPSD02	PL!SP-sd2-010-SD2.png	https://llofficial-cardgame.com/wordpress/wp-content/images/cardlist/SPSD02/PL!SP-sd2-010-SD2.png
PL!SP-sd2-011			SPSD02	PL!SP-sd2-011-SD2.png	https://llofficial-cardgame.com/wordpress/wp-content/images/cardlist/SPSD02/PL!SP-sd2-011-SD2.png
PL!SP-sd2-012			SPSD02	PL!SP-sd2-012-SD2.png	https://llofficial-cardgame.com/wordpress/wp-content/images/cardlist/SPSD02/PL!SP-sd2-012-SD2.png
PL!SP-sd2-013			SPSD02	PL!SP-sd2-013-SD2.png	https://llofficial-cardgame.com/wordpress/wp-content/images/cardlist/SPSD02/PL!SP-sd2-013-SD2.png
PL!SP-sd2-014			SPSD02	PL!SP-sd2-014-SD2.png	https://llofficial-cardgame.com/wordpress/wp-content/images/cardlist/SPSD02/PL!SP-sd2-014-SD2.png
PL!SP-sd2-015			SPSD02	PL!SP-sd2-015-SD2.png	https://llofficial-cardgame.com/wordpress/wp-content/images/cardlist/SPSD02/PL!SP-sd2-015-SD2.png
PL!SP-sd2-016			SPSD02	PL!SP-sd2-016-SD2.png	https://llofficial-cardgame.com/wordpress/wp-content/images/cardlist/SPSD02/PL!SP-sd2-016-SD2.png
PL!SP-sd2-017			SPSD02	PL!SP-sd2-017-SD2.png	https://llofficial-cardgame.com/wordpress/wp-content/images/cardlist/SPSD02/PL!SP-sd2-017-SD2.png
PL!SP-sd2-018			SPSD02	PL!SP-sd2-018-SD2.png	https://llofficial-cardgame.com/wordpress/wp-content/images/cardlist/SPSD02/PL!SP-sd2-018-SD2.png
PL!SP-sd2-019			SPSD02	PL!SP-sd2-019-SD2.png	https://llofficial-cardgame.com/wordpress/wp-content/images/cardlist/SPSD02/PL!SP-sd2-019-SD2.png
PL!SP-sd2-020			SPSD02	PL!SP-sd2-020-SD2.png	https://llofficial-cardgame.com/wordpress/wp-content/images/cardlist/SPSD02/PL!SP-sd2-020-SD2.png
PL!SP-sd2-021			SPSD02	PL!SP-sd2-021-SD2.png	https://llofficial-cardgame.com/wordpress/wp-content/images/cardlist/SPSD02/PL!SP-sd2-021-SD2.png
PL!SP-sd2-022			SPSD02	PL!SP-sd2-022-SD2.png	https://llofficial-cardgame.com/wordpress/wp-content/images/cardlist/SPSD02/PL!SP-sd2-022-SD2.png
PL!SP-sd2-023	P	P	SPSD02	PL!SP-sd2-023-P.png	https://llofficial-cardgame.com/wordpress/wp-content/images/cardlist/SPSD02/PL!SP-sd2-023-P.png
PL!SP-sd2-023			SPSD02	PL!SP-sd2-023-SD2.png	https://llofficial-cardgame.com/wordpress/wp-content/images/cardlist/SPSD02/PL!SP-sd2-023-SD2.png
PL!SP-sd2-024	P	P	SPSD02	PL!SP-sd2-024-P.png	https://llofficial-cardgame.com/wordpress/wp-content/images/cardlist/SPSD02/PL!SP-sd2-024-P.png
PL!SP-sd2-024			SPSD02	PL!SP-sd2-024-SD2.png	https://llofficial-cardgame.com/wordpress/wp-content/images/cardlist/SPSD02/PL!SP-sd2-024-SD2.png
PL!SP-sd2-025	P	P	SPSD02	PL!SP-sd2-025-P.png	https://llofficial-cardgame.com/wordpress/wp-content/images/cardlist/SPSD02/PL!SP-sd2-025-P.png
PL!SP-sd2-025			SPSD02	PL!SP-sd2-025-SD2.png	https://llofficial-cardgame.com/wordpress/wp-content/images/cardlist/SPSD02/PL!SP-sd2-025-SD2.png
